date,AM,AbnormalAccruals,Accruals,AdExp,AnnouncementReturn,AssetGrowth,BM,BMdec,BPEBM,Beta,BetaFP,BetaLiquidityPS,BetaTailRisk,BidAskSpread,BookLeverage,BrandInvest,CBOperProf,CF,Cash,CashProd,ChAssetTurnover,ChEQ,ChInv,ChInvIA,ChNNCOA,ChNWC,ChTax,CompEquIss,CompositeDebtIssuance,CoskewACX,Coskewness,DelCOA,DelCOL,DelEqu,DelFINL,DelLTI,DelNetFin,DolVol,EBM,EP,EarnSupBig,EarningsConsistency,EarningsSurprise,EntMult,EquityDuration,FirmAge,FirmAgeMom,Frontier,GP,GrAdExp,GrLTNOA,GrSaleToGrInv,GrSaleToGrOverhead,Herf,HerfAsset,HerfBE,High52,IdioVol3F,IdioVolAHT,Illiquidity,IndMom,IndRetBig,IntMom,IntanBM,IntanCFP,IntanEP,IntanSP,InvGrowth,InvestPPEInv,Investment,LRreversal,Leverage,MRreversal,MaxRet,MeanRankRevGrowth,Mom12m,Mom12mOffSeason,Mom6m,Mom6mJunk,MomOffSeason,MomOffSeason06YrPlus,MomOffSeason11YrPlus,MomOffSeason16YrPlus,MomSeason,MomSeason06YrPlus,MomSeason11YrPlus,MomSeason16YrPlus,MomSeasonShort,NOA,NetDebtFinance,NetDebtPrice,NetEquityFinance,NetPayoutYield,NumEarnIncrease,OPLeverage,OperProf,OperProfRD,OrderBacklog,OrderBacklogChg,OrgCap,PS,PayoutYield,PctAcc,Price,PriceDelayRsq,PriceDelaySlope,PriceDelayTstat,RD,RDAbility,RDS,RealizedVol,ResidualMomentum,ReturnSkew,ReturnSkew3F,RevenueSurprise,RoE,SP,STreversal,ShareIss1Y,ShareIss5Y,ShortInterest,Size,Tax,TotalAccruals,TrendFactor,VarCF,VolMkt,VolSD,VolumeTrend,XFIN,cfp,dNoa,grcapx,grcapx3y,hire,realestate,roaq,std_turn,tang,zerotrade12M,zerotrade1M,zerotrade6M
2002-05-31,1.2527645019965516,0.7847560053038591,0.6692989156108913,1.3246065425923246,0.8323706614681463,1.2631699980611595,0.95619437505111,0.6914849740721172,0.984487062584816,1.1143819660990038,1.3639093533239117,1.0444836748090878,0.8574841971575993,1.0,1.0958946675610375,1.1789382406481317,1.4469020012142533,0.798620769803975,0.8780302327459777,0.8931276077990651,1.1280648513802318,1.0105801831439591,0.6325610831219552,1.2965336035595472,1.0119556700720571,0.7695827772351755,1.018649517580596,0.9022309237383338,0.9413390683698737,1.0692153551045305,0.7032817095814787,0.8380566953958616,0.8394251274874054,0.898755710222614,0.9993080593435413,1.218708152177995,0.965737763969709,1.2525525655739034,0.9650561622487449,1.1438130458127314,0.9780290858312275,0.9634634152058131,0.9242843678430822,1.3202085676443844,1.3526842285063325,1.0,0.9556175624245042,0.8368437072890816,1.415376414634669,0.8280286220367382,0.6928155128247857,1.4054831592482873,0.9996773021099623,0.6656716292376776,0.9992363580766167,0.9095720533617606,1.1923499870996583,1.0200131350204695,0.9883494282581562,1.1637348994545387,1.049401046530667,0.6879270072496202,0.9765312866538733,0.781152382830652,1.0969000653398648,1.1888291729300053,0.7969453686910468,0.7866487315476146,1.1565798429181293,1.199583895192101,1.0119187314330915,1.0572000421703245,0.7417288434385871,0.9266316540156435,1.2612139212264735,1.009169951515352,1.0,1.2615022060188126,1.0433738123872223,1.3983721759589915,1.1487784957553506,0.5864115169313038,0.6682392775955288,0.656668786098147,0.7138817342263304,0.7815204460705042,1.0832872609919773,0.6331972383041483,0.9300187935206528,1.150869341835833,0.9077067645727482,1.0046976136350774,1.0152575962874604,1.0047900730243933,1.111599517478225,1.0736101092776564,1.0459077564256651,1.0,1.2813866986320752,1.3282671245377378,1.254681840810402,1.3268323317437958,0.9260167878429849,0.9660524343743072,0.6527202360974702,0.7427516502514341,0.7230764505067981,0.5655535992331573,1.0938113404200438,1.2899542615494408,1.1610453280809279,1.137912266572381,0.853098150633158,0.9349755045044891,0.824508007759533,0.9214334783610514,1.3979656854605031,0.7600741073224522,1.447677792125562,1.0233882136531658,1.2001246074814191,0.7844610589437085,0.980836716446654,0.7131757780435464,0.7607751898971442,0.8944592008957167,1.012339106703475,1.1635111681124795,1.065695282835521,0.840706712061372,1.0013728142096618,0.9368108789309009,1.247408554562705,1.1931486670554565,1.1914338303896075,0.5356309658479541,1.203602409220604,1.133017227101724,1.0557465512728252,1.0721437431778358,1.0870226191314696,1.170897280820412
2002-06-28,1.174769828491548,0.799281535618205,0.668530425349608,1.2119395121115133,0.713544369406507,1.2309907067709207,0.8496332054721036,0.592625077079493,0.9739443357723572,1.1114813483156558,1.3666253109224589,1.028938491973937,0.8102289482913652,1.0,1.05116483857192,1.1839864782558367,1.4522360404520214,0.7947553439908452,0.8520407939410433,0.820632409536492,0.9916508865640931,0.9338333824691796,0.6284329996190101,1.3078511360609864,0.9963319033671068,0.7579208638259992,1.007125733613717,0.911437773897066,0.8836681366650292,1.0704321628033675,0.7050728298163742,0.8330853124546367,0.8339475380083305,0.7187661785282944,0.9981564094924592,1.1825512611832365,0.9596090074978374,1.226823109226842,0.9522320230294539,1.0415725715189983,0.9756985667283486,0.9620464052951335,0.9136117992614075,1.2203301559541577,1.324839005994662,1.0,0.8223585720115603,0.8190880115656837,1.3532534731571009,0.8465048128169007,0.6884336035104288,1.3551891027108613,0.9987333194009979,0.6120642229445976,0.9378781814932463,0.9123617724155572,1.2297977181270046,0.9781458029728153,0.9886845777282195,1.2218173233581973,1.0463051618631831,0.6545093772394075,0.8886827597370381,0.7305697012741244,0.8463818100434514,1.1889138877037237,0.7925322832849575,0.7716771725599763,1.1469890276754917,1.2016931316793125,0.9968859742062675,0.9827712684828297,0.7011207655400205,0.8955931082936353,1.293791059104346,1.008235308700485,1.0,1.156837140248931,1.006225009319013,1.400435022514495,1.1731070342982242,0.5707473423055466,0.9004721058279352,0.62478510674479,0.6481391840906598,0.7970158901448843,1.030512506252704,0.6298838066265717,0.809936245792901,1.1309179811872474,0.9247670398483278,0.9873726000538994,0.9398338922521695,1.0398793580184926,1.002251184575237,1.075604732585872,1.0471341180630156,1.0,1.286240235941137,1.3061140512837022,1.2546932379201092,1.326905156013554,0.9287264080142748,0.9578824090049767,0.6327420715359191,0.6901030577287404,0.6601965380471682,0.44121869738369446,1.217102676516167,1.177389971530826,1.119398661992712,1.14428361333851,0.8180516029350043,0.9468085221778955,0.8662400693622011,0.8907850117840814,1.3109879931506907,0.7818671810046911,1.4438317156849119,1.0384038707274652,1.2052335170967985,0.7610750079208101,0.9744438526058756,0.7154183517561866,0.7593774738520381,0.8647963080190143,1.013927080200372,1.1915429139639149,1.0384952199812134,0.824311652884542,0.9957390363301575,0.8704784075402199,1.2493125320217109,1.1931490312891935,1.148274468783785,0.5214585640560172,1.2029631206541396,1.1389514415641948,1.0567384187048268,1.081935945646199,1.0818505110771057,1.2712814068640197
2002-07-31,1.1693805058062046,0.5947164922795494,0.6678927838812957,1.2147536832177772,0.8019811704241622,1.2085269678334996,0.9262385704819209,0.5987863413193034,0.9556070149066141,1.105761496417486,1.3651176778979006,0.7745795759723952,0.792507380631577,1.0,1.019187018351157,1.1707436675206764,1.401125387045889,0.7904295430129076,0.8533846113904784,0.8007229725295109,0.9282938747466344,0.8925757856426082,0.6714771869163074,1.2847979449200446,1.0005859634903003,0.7416197537899443,1.062112238030298,0.9091186577334348,0.8675749306326427,1.0695304501390999,0.700116262335905,0.8329892517111498,0.8343746934829332,0.6815026819910743,0.9979736659907059,1.060250866616919,0.9682866151915879,1.2277801288482768,0.963478179572641,1.0221995329598896,0.9742275803612922,0.9619071501234467,0.9073390395449936,1.1787671545954934,1.3246988385584701,1.0,0.819420580235817,0.8312816116750601,1.3128337656599613,0.8496278869273575,0.6872032923578909,1.3542530372226658,0.998689698566811,0.6050857900751649,0.9340309465886594,0.9130285551498726,1.2032924339672249,0.957432268032991,0.9867323900972194,1.2411543976830277,1.0478395786600447,0.6591562948241669,0.9264694924582831,0.6214370210540461,0.7522006486829477,1.196025461097355,0.7413299509004462,0.7728623298913182,1.2079561016866764,1.1984863901754903,0.9686600500892454,0.9715574545044243,0.7415523845555215,0.8886678305859803,1.1109258176761239,1.008016570930321,1.0,1.1499175569490099,1.0028579725751172,1.3709319804789664,1.1292724958921156,0.571487181352671,0.9824726318868412,0.7711892895564926,0.6461594114147051,0.8059430882219797,1.0112205858017782,0.6291439956261757,0.7927059450871221,1.1337161126960553,0.8160782505718048,0.980865274751968,0.9115619650538442,1.0450954711140708,0.8464240145152686,1.076590220710983,1.0493252354280251,1.0,1.2859764802687685,1.2783880313607068,1.2546728942580145,1.3269068077197441,0.9628126125822971,0.9626250513967542,0.6388702088358174,0.6844055263303088,0.6536972142102346,0.44832739495818685,1.1538728259220004,1.147259288824901,1.1099925627790863,1.1320413322912593,0.8295371952115388,1.1005777659406908,0.8923986282638722,0.9551738527619571,1.279819038267213,0.7882602184591726,1.4469891446557086,1.0559440335420782,1.2325504662824665,0.7651622106924204,0.9516710949938951,0.7146178676907052,0.7599706898753658,0.8588247723102034,1.0100236326704242,1.243722591071094,1.0079816370019028,0.8085479848709352,0.9864085125954891,0.8468258570650131,1.2405833388562573,1.1931451747863002,1.0740568360202485,0.5152440965683356,1.2016791301081624,1.206902695425093,1.0540596437677934,1.0835609036700915,1.167636214377267,1.3086598359648591
2002-08-30,1.1650469035959508,0.6055091285657733,0.6679085507107103,1.1848646580563325,0.7822129691945925,1.1551207702311381,0.962710272791168,0.5580389569363821,0.97731141425447,1.095195475689842,1.3613681698882347,0.7509049538853929,0.8235373564565772,1.0,1.0132544392463545,1.1691386931169518,1.3914831412778927,0.7902971276385956,0.851317260582392,0.8019712775334342,0.9205672740687074,0.8250771331662835,0.5552225301914563,1.2142427478828965,0.9959784249500949,0.7341729335320886,0.9863009678192414,0.9094973045666688,0.894331413583471,1.0634098731716926,0.7286588497724347,0.8331006291162307,0.8339372627375581,0.6313608455426728,0.9968257534752373,0.9929897201547518,0.9747090243364784,1.0245656142830522,0.9887943082158537,1.0231590257665628,0.9700782323852044,0.9622925005925673,0.8970579222248012,1.153419381757267,1.2889894471570271,1.0,0.8141111062414479,0.8804003068176003,1.2784425636086034,0.8552011382244079,0.6863934164307155,1.3676129837419413,0.9986605333799623,0.6053062954248447,0.9236156247005645,0.9118457708840453,1.122967573171318,0.9157078514633494,0.9800743258691864,1.2029652276230993,1.0457964838591478,0.6528719528118453,0.8851716298491209,0.7400113890968696,0.7215173739149938,1.2007851433792984,0.7561419969221838,0.7725068066348397,1.1397807198820287,1.198123501580493,0.9476981715734231,0.9605979033291819,0.7333141772446311,0.8754197978408932,1.056256481977981,1.0075306042233583,1.0,1.1382963005986784,0.9946372746938341,1.3806393602708247,1.0952373381972222,0.5648909198449832,0.6973976621231552,0.7762701899802077,0.6456963763492652,0.7893334740991589,0.9578756433974894,0.6330516028934776,0.8084254763581679,1.060107706230765,1.014703135422493,0.9606438635009862,0.8868180520361388,1.0458308012907434,0.7520240199325221,1.0777929475894428,1.042992994517281,1.0,1.2840650727579352,1.2172442638286618,1.2545959182986461,1.3269005974786212,0.9429301121942608,0.970627631009753,0.634127177511471,0.6894922636400264,0.6595490658145803,0.4527384229951219,1.0533559836144035,0.8346048720315429,1.0608678417389588,1.1494534972022261,0.8066529841674694,1.0207943985825538,0.8669598341787843,0.9215425467326637,1.2235359806786712,0.8061262305811333,1.4118632036815089,1.03664257159748,1.2617201489824952,0.7469774386856953,0.9412891366470457,0.7080237637719774,0.7604505973528853,0.8414995342055096,0.9974562948683997,1.2009106209964293,0.9829908787902751,0.7933387420525359,0.9858416777539433,0.8632608924495239,1.2341423740793118,1.1931416625351203,1.0251695637972147,0.5141369821990902,1.197873051644431,1.1963483556751549,1.0464109804821402,1.077575441786452,1.086042562935418,1.1917353398833108
2002-09-30,1.1040606747087027,0.7308684182828618,0.6674337306479705,1.1837004877556219,0.8155413466176903,1.114829831684973,1.1588613300147048,0.5986986292547889,0.9614013178269398,1.081274452111566,1.3469521818747707,0.7908466990729308,0.832530450007849,1.0,0.9719040332984925,1.0777027893228905,1.341635797623118,0.7963874139961433,0.8532007378106488,0.7903819560049308,0.8730056848264987,0.7305094070949298,0.4652987914714709,1.0839416760909897,0.9946949868102419,0.730013938472067,0.9142727383595688,0.9073961603005838,0.8844174211650684,1.0236644919030131,0.751660440345912,0.8321630071881306,0.8335420258547561,0.6007990007007276,0.9979686153968018,0.8893365088777794,0.9708442528938339,1.2259360511328263,0.9842288878858558,1.0151588776189733,0.9685987663109841,0.9620461796746528,0.8669433749643771,1.1441700295085457,1.2927046836494287,1.0,0.8137778466138854,0.9287184500509165,1.2270112648696063,0.8567349897042776,0.6862533204029739,1.3505779882217388,0.9987476036075886,0.6263520743882409,0.8994625139062574,0.9094894312122461,1.1138261770803741,0.8996079324849588,0.9760182063524158,1.2428494789692281,1.0457830749102595,0.6425257801123292,0.8490732286605869,0.7727359009767598,0.7396220913936806,1.1865948445957075,0.8907065887796614,0.7622812207437669,1.1290903380612003,1.2011259603867646,0.9332098284741509,0.8902129876456367,0.7493939859079428,0.8744925094067034,1.0354322163766434,1.0072311933527223,1.0,1.1479933457115525,0.9951512953529708,1.3825743653299245,1.0936089903294748,0.5588935617453825,0.6896803093051904,0.8042154764631843,0.642429898763567,0.7501201766456278,0.740674800853147,0.6231327801152902,0.732252797877947,1.0529591570926542,1.0049048330454737,0.9366261378424448,0.8735489291549546,0.9805673908674477,0.7902692541122681,1.078587951433611,1.0373179872187153,1.0,1.2750324229757437,1.2256215406240052,1.2545321838035477,1.3268359301804957,0.997373493133493,1.0001512007605111,0.6390744968176624,0.6878786422550016,0.6554740237928054,0.46933456987314204,1.1249457609010696,0.7674733011929731,1.0565378581027731,1.1523145527969476,0.793556588042371,0.9971750358346865,0.8445442382045878,0.8630674177371578,1.2612209513657513,0.8140248516679484,1.4180611435956092,1.0342177848340286,1.214187292224369,0.7804730223366566,0.9440293520705969,0.7191097245908933,0.7604534157017186,0.8992051682060166,0.9825502162977474,1.219948614053522,1.0401787352703065,0.7794329049544169,0.9917643608184618,0.8275275525835283,1.2026957565981546,1.193051956995903,0.9875810391022757,0.5122838038850426,1.1931087142374779,1.1503311864663524,1.035695517195441,1.0754595842739458,0.8784022287906907,1.160157366049381
2002-10-31,1.1208706128641754,0.6047510383756188,0.6686226519765375,1.1776450552763285,0.7361730877306587,1.167540191239387,1.1389850174736458,0.6206800702458246,0.9718168544238016,1.08761964692346,1.350314478235017,0.7924773332523589,0.8755139741558723,1.0,1.0026086060736148,1.1224831722224689,1.380101296177504,0.7924589521774056,0.8547135482031759,0.796993386296692,0.859732086467279,0.7949501346106624,0.5377924403770648,1.1734465714532503,1.0088949478774596,0.7269442524987813,0.9855288333319248,0.9117736809896542,0.8498101132706123,1.042486260382826,0.8177845341236164,0.8353623379010939,0.8342942274027878,0.6605227394744604,0.9972999778363347,0.8903928102918651,0.9609212857831153,1.1741295774008444,0.9927800078043778,0.993420027031782,0.9728833813991167,0.9642696450584786,0.884889857958449,1.1581142450671873,1.3154624812535327,1.0,0.8138355784592083,0.9405618223104039,1.2586688973060336,0.8503538940892073,0.6858347157646367,1.363823846771356,0.9988937858110516,0.6049391610856747,0.8853769717089554,0.9104920611218903,1.1399470770723232,0.9076452095613529,0.9779503152981047,1.2269796459806517,1.0435889937534484,0.6517259414399917,0.839968774061945,0.8462853579851962,0.7462544186157021,1.1771474544633722,0.8079981183502083,0.7742840831580923,1.1497720366085609,1.2026133705467827,1.0129019122795893,0.9289318021300861,0.8005679252516034,0.8763488708915455,1.0070656801774371,1.0074331391690292,1.0,1.1417438578048722,0.9981384274410358,1.376555318628292,1.0872004356417055,0.5561819361948392,0.60206936003915,1.000376356292576,0.642628041694796,0.7382915814625622,0.7211763834694356,0.6233007129510887,0.896665953253286,1.047256064978927,1.0608893146005998,0.9474677121176829,0.8758386369616463,0.9608767198484232,0.7725398462820499,1.0784440050902684,1.0305804154312868,1.0,1.27516170272505,1.2074332926103077,1.2546299996169312,1.3268001947972667,1.0634165674127194,1.034052603299471,0.6773878095672726,0.9721351204892977,0.9501792385896637,0.6161000805722346,1.2641630755286624,0.8425226316256068,1.0644595210524797,1.0261420473832703,0.7689526900476686,0.9881613814505575,0.8083127384648054,0.8491807128302197,1.281849159407557,0.8038772615762292,1.4133893823287451,1.023252155428314,1.200498996517609,0.6961478938975802,0.9636939735713735,0.697712363507048,0.7606752662214222,0.9214871003155869,0.9861167480102175,1.179485177879287,1.021931651613699,0.7857609563324923,0.9954505990924106,0.8749575312073854,1.2229609031669275,1.1931111296055235,1.049325557487186,0.5205327209528823,1.1956502865736856,1.137106574002787,1.0351790742402212,1.0769525151323138,0.931851500544925,1.1832948610963152
2002-11-29,1.115548077622555,0.6045928997749463,0.6693141610549307,1.1109878873271097,0.7738733691643932,1.2306039773890092,1.177330735590872,0.6678922696883691,0.9814864499658652,1.067723997568291,1.3307846704164619,0.8126679677260059,0.8839960267761934,1.0,0.9689588126251778,1.113481115957405,1.2829732501335975,0.787887906105779,0.8519221017472154,0.8207158313860128,0.8771413077776391,0.9369850801565693,0.9508146875909332,1.1862232384494833,1.0029690645356202,0.7133720348061372,1.0093505477929607,0.9132711434401121,0.8192943014692043,1.0539930974265819,0.8085861505121337,0.8327496624363155,0.8336177470304722,0.9938936121171023,0.9965484934646205,0.955066817739959,0.9463067347442073,1.1685957424394693,0.9889666887635762,0.9531695528882718,0.9775276962505103,0.9651819744526771,0.9014719377546728,1.086765996369384,1.2408890451146906,1.0,0.8196644110828641,0.9346686180816877,1.170848319463879,0.8528442040153246,0.6853785799577035,1.4192753202858261,0.9989174443071615,0.586091575602286,0.8176724197958439,0.9182947971049411,1.1070164786228007,0.8468730155560995,0.9731247177461249,1.2250791681603512,1.0376310274177776,0.6725960170877554,0.8069960029054382,1.0288727642871396,1.0365451687213507,1.168397498920176,0.8045880279913644,0.8283289581664522,1.2012515709397384,1.2038125134630682,1.0978485957828887,0.92523569791087,0.8654608417267271,0.8763600207088434,0.9829602015220423,1.007600136626539,1.0,1.1465807201693465,1.019144649864323,1.4013936897798873,1.0932462478276914,0.5723875690883862,0.6057277411733157,0.8724443792739264,0.63925029358474,0.7242436073997849,0.6575803475485694,0.622991511650119,0.8980519504956125,1.004181656327546,1.1354057144056742,0.9301671718105574,0.8604462610375672,0.9972765947885734,0.7543545422609271,1.0670516984909957,1.0178860706375614,1.0,1.2797357449680813,1.2075389762703788,1.2543043824772366,1.3262381696603334,1.0402160810402996,1.2180019424801467,0.6600378874580293,0.99406027049036,0.981429818989046,0.7821798235641145,1.2325909018201981,0.7329261707836624,1.02737719523539,1.000257250387856,0.7444147710465387,0.8828453837784033,0.8237014447991389,0.6721540393632495,1.288430608585971,0.793203090947534,1.3659787862833932,1.0163228326742644,1.114288145940232,0.7612188563106048,0.9246675644688458,0.7374699762286525,0.7603584103597743,1.0382488675381591,0.9730681274345615,1.1937164138624101,0.9967933368354379,0.7700317953218065,0.9970673124714491,0.950191781857471,1.2093636832366226,1.1930637006247182,1.0445914246801926,0.5134542137228799,1.1956073962314424,1.1250430929344446,1.025095109256189,1.0683436968644406,0.815640806074247,1.1506198426051861
2002-12-31,1.0849339893122136,0.5486123619309755,0.6673939156899436,1.0994786979863895,0.7683679114886103,1.1274441760751568,1.114038600454389,0.6600733671688623,0.9806297578954827,1.081985755045173,1.3537436619774115,0.7375421339393302,0.8812401100913926,1.0,0.966558176841492,1.0688708156487308,1.2875282318221377,0.7963874077803065,0.8504706728624215,0.7903614268080591,0.8997254052944308,0.8201132394394266,0.8831129120960022,1.1684442637806434,1.0121379508353738,0.7095061875659867,0.9625353255623507,0.9129614150120534,0.7573467499011435,1.0684983501466367,0.7926307376522943,0.8309387217792764,0.8330560396737233,0.8670184200417866,0.9964191604453132,0.8532403498576092,0.940824988374093,1.2261538396718041,0.9637843728545211,0.9581173760118727,0.9699619183376693,0.9618423068244328,0.898868098405397,1.0982026416503095,1.3073545116603058,1.0,0.8322639770090429,0.876308729020396,1.1954377784967223,0.8556119781721113,0.6852797117609599,1.4012032487281425,0.9989898580808273,0.5957475183088214,0.8485866899846165,0.9114873101948175,1.1385059301801268,0.8635734605034902,0.9783269761385984,1.2584756977565366,1.0422473743723415,0.641315053873966,0.8036302875260362,1.0008210221852933,0.9133822978369243,1.186086897020793,0.7971414027281274,0.7796413455692575,1.1169197122739531,1.204080325511638,1.0496994636686847,0.8893787526714856,0.8425575823605129,0.8934730055285702,1.032936701313948,1.007728052267167,1.0,1.147480262521085,1.0336988453928109,1.3994897178852626,1.0794958960629755,0.5695982798235794,0.6053960328501815,0.8453366665838491,0.6395196804701426,0.7174544602985985,0.6234676186189156,0.6176244712520994,0.7828054277234732,1.009539208570849,1.1577006288583978,0.9351169097434775,0.8642801545697603,0.9742034550089304,0.7278499978205044,1.0755501404999377,1.0228918911659317,1.0,1.2699858183299404,1.259764740992829,1.254512745935652,1.3263170175819068,1.0483712641988665,1.1155276832708552,0.628958633051601,0.9740954717876916,0.9512831495573413,0.7305330864144193,1.1343289630323383,0.656706430987654,1.059061285087317,1.047794147662127,0.7264727173172432,0.8553363413223697,0.7850384485059988,0.7642720614208223,1.2755012933146732,0.8223421795659525,1.3421510343551146,1.0172779678585833,1.1716955707416667,0.7202283671653007,0.9228535091742448,0.7157674583244682,0.7607813131713326,1.0037524726588072,0.9743790610653106,1.2331272926865167,1.0091953631097539,0.7713206048715128,1.0069836980670948,0.8769823213574451,1.218508676836279,1.1930830381405946,1.0077554889239384,0.4892254533646908,1.1974364455513924,1.1954869792589575,1.0305784993088931,1.0749728247893187,0.8746511781119193,1.2204976343338438
2003-01-31,1.0652304377937416,0.5570602356352901,0.6661544558212165,1.0865469826539165,0.7588124286907709,1.0630729122011613,1.0696898902811918,0.6822618158414779,0.9764511501870493,1.0684909440544355,1.3206018597547793,0.7081643270277205,0.7483429998116449,1.0,0.9432058625336082,1.0642374014845974,1.171479191912283,0.7891855682886227,0.8511772890893353,0.769865749449349,0.8894698621431344,0.743496975474355,0.9507118520458443,1.0954506344509145,0.9904885706223201,0.7036270419157382,0.8987240851878407,0.9127278089755713,0.755806531661032,1.0654717053592873,0.7288744733628378,0.8307230974104528,0.8328104991740592,0.9402521521412516,0.9959807530574017,0.8210837198888346,0.9386431550795536,1.2518883703313914,0.9605101437199969,0.9245049649722552,0.9647359034285827,0.961763434040632,0.8831353544923866,1.040368247801279,1.2362379464810356,1.0,0.8134580922639502,0.8582028183948008,1.1201016225103715,0.8585942851669703,0.6848656280111293,1.4099868887990077,0.9993091459442502,0.5918602539130342,0.8263589541188039,0.9160307572602833,0.9761542614536808,0.8023507068200659,0.9711037822181167,1.2600205819505592,1.0234342101971272,0.6334253982450222,0.7667962889370338,0.5560682962527349,0.7790058830856247,1.199253205895696,0.9377763187819488,0.7867181163281451,1.096160913132643,1.202475788489063,1.0693126634177506,0.871180027996352,0.8660106892481848,0.8772307906426507,0.93519240435333,1.0037885524073553,1.0,1.0847307905694525,0.9743367917392108,1.405141015553451,1.0301874954928456,0.5691941157829916,0.671755168335836,0.6159986855900172,0.6382363969669478,0.6956104932907601,0.6078489991527669,0.6189475354999094,0.6847484842150269,1.0167873814912216,1.1536841147211665,0.9150000248542972,0.8551035311769686,0.9514900098359151,0.7238265416813392,1.045667640775787,1.00967762767874,1.0,1.2665160539808336,1.2244711501326448,1.2526467413159863,1.3242499894501085,1.0211804562190034,0.738129666744959,0.630073490835546,0.978635924564547,0.9562804272007687,0.8283947597102188,1.124180159966257,0.6452256221251496,1.0168692152409842,0.7518093349167859,0.7166874216880343,0.7596900873535039,0.785745288504707,0.6898984532718835,1.2663792771271956,0.795602881568864,1.056706288428333,1.0063211876608427,1.0749859671563402,0.6708627829582128,0.9151518930303313,0.7074100304413795,0.7590923162714089,1.0275835543511131,0.9702047190034105,1.1979900895875637,0.985963523860138,0.7682025335560811,1.0034444549794297,0.8147125036303404,1.1847599307300216,1.1925898355439117,0.9453101427367625,0.47075182889317757,1.196212394557111,1.0803273752244589,1.0221476464753114,1.0655962456221988,0.8198908487581182,1.2162870122424614
2003-02-28,0.9650623338091857,0.5525410190862421,0.6655785815239172,1.0086329715948896,0.6861508247486434,1.0227794854504464,0.9773395025373747,0.552816623149573,0.9732213721579099,1.0376872188446573,1.1639115902646242,0.695745426687981,0.7927956650575851,1.0,0.9045019543889785,1.0555964674491554,1.148718842899829,0.7889139543732802,0.8495560421403341,0.7073179390385516,0.8280800692517539,0.6701510763039458,0.932083769601351,1.027017293096007,0.9824056726735364,0.6979791716494468,0.8391032096364646,0.9143827554679367,0.658039339835033,1.0375975133592708,0.7170286398748307,0.8298397386133288,0.8324786717394697,0.825892426749218,0.9962716605541886,0.7676827269414822,0.9409337947098597,1.158427336899741,0.9641402713009402,0.8790838544964895,0.9628063007588628,0.9617389991074718,0.8739170098101947,0.8832064496246728,1.1361734574372517,1.0,0.81018026735789,0.8211474786922147,1.1020079566186258,0.8607822592891727,0.6849600746414063,1.3502083219752095,0.9998973386724844,0.5826961932114141,0.7191893838983866,0.9304523269896647,0.9040551268214772,0.7637873170291627,0.9623730594232524,1.2049502925214088,0.9718460357833879,0.6145629514342681,0.7523807246329779,0.5690309005564044,0.6884890341774463,1.213618434321242,0.910057014553867,0.7744268669620741,1.0649765436452872,1.1985844584493013,1.0517087985208435,0.7717893339087228,0.8655361473607048,0.8601870941634746,0.9036571544795048,1.0025344606487836,1.0,1.0445874781600526,0.9661538623989846,1.291150137873761,0.945078793393395,0.565240692755579,0.5812358601863296,0.6754444745388448,0.6382591136714771,0.6801328038855874,0.6257614394850367,0.6048279232955548,0.6694508200693537,0.982336742572999,1.1537611842217603,0.8866479169918244,0.8474878410189302,0.9357040076421096,0.7259523577235645,1.0023600959523393,1.0110491686265433,1.0,1.222050445410719,1.2212291471816314,1.2479437804163855,1.2827283102834253,0.9613906313063213,0.7592938798394417,0.6252877475395822,0.9876137384812073,0.9691975555586153,0.8395967600329334,1.0406508389234843,0.6003013189663494,0.9701065273170314,0.7446747614471222,0.7012295993805413,0.7686681045232835,0.8584230354321736,0.5815527980837796,1.161171640608623,0.7933565278975075,0.9007654407794398,1.004674413611528,1.0351114046741845,0.6561006174416486,0.9166262620708813,0.7013751533820749,0.7601144394642052,1.011586902461114,0.9565882376688664,1.1618948939757798,0.9525798177731613,0.762913000535142,1.0097832420433097,0.8170972882892457,1.1343073447071599,1.1913055828341141,0.8551782904920616,0.4811915528916155,1.1907293638610748,1.0757401121166652,1.0147231419644527,1.0305658539043507,0.7798638969558285,1.1439713202153603
2003-03-31,0.9272850188593316,0.5350955659936724,0.6655018265337299,0.9850977789868325,0.7039257785394479,1.000378124574568,0.8780376783014863,0.5199192924830842,0.9720425240831069,1.0415483214218944,1.1507272146503396,0.6827149794299833,0.7488559142049774,1.0,0.8973102731428985,1.066901516156167,1.1789117931906548,0.7877404632677474,0.84926633611141,0.6785174051588458,0.8426198672368673,0.6784413310601389,0.8651862007318806,1.0405439283421156,0.9811475498212154,0.6974629718118157,0.8591075354189961,0.9142189354972166,0.6566748660339758,1.046468552971192,0.6864866004830102,0.8295264091670318,0.8324953181373866,0.8752279967437561,0.9956479252818194,0.7659947238078212,0.939080940375272,1.068735236310676,0.951724689921396,0.8366853865775303,0.9617091475658552,0.9617335236695179,0.8510469868175587,0.8360928211076675,1.1195646076748293,1.0,0.807314093541546,0.7743936144272683,1.1054115101764639,0.8606832161929596,0.6850264673945945,1.3701549558589081,1.0000847321496522,0.5777584406109204,0.6895829357998124,0.9315504638475993,0.8978066101042478,0.7622723956486963,0.9629750702910328,1.1888434793972436,0.9566469831486966,0.6160516070498763,0.7561391158408378,0.5192717805634239,0.667128463960227,1.212078434659817,0.9465000269006201,0.7802997426705229,1.0416386089514742,1.201157765329,1.0468451695489667,0.7239567400862361,0.8517662016785176,0.8611034338858747,0.9106870630658095,1.0026029331614346,1.0,1.0394339189071977,0.9661500758911745,1.2308046059241695,0.941339804527031,0.5571005442167795,0.5524764838039649,0.679197133171836,0.6381584623582985,0.68463524978327,0.6496437398691818,0.6063281159832441,0.6866658101115966,0.9481606325386827,1.0817041164867784,0.9060499351637268,0.8493658012358456,0.9258608446454986,0.7654377326055207,1.0080093729491477,1.014601406729925,1.0,1.202101191905185,1.2375514136647134,1.2476493757093476,1.2750025171301793,0.9468405930277056,0.738940895405376,0.6214212175490599,0.9836152210159603,0.9627496432358108,0.8145969132561686,0.9845576531835887,0.6007838478707479,0.9525366659286425,0.7406627228564959,0.7011299178177356,0.775478922082161,0.9130489458030617,0.6003117178960535,1.1024694988768715,0.7834347739006559,0.8756783609515748,1.0025848781506623,1.0834060591104109,0.6385511398996055,0.9173001483914028,0.7189948161340752,0.7589043586687214,0.9532902449777594,0.9570479986938205,1.2060327658668855,0.9353038727171993,0.7635660266263256,1.010914694676552,0.808912030398883,1.1294413490977886,1.1912737172330612,0.8396561544807835,0.47923089975611166,1.1901601969631581,1.1236200354057133,1.0114953903138348,1.0414203337975139,0.8018168425725692,1.1539754491601668
2003-04-30,0.8973692252420625,0.5414826846054828,0.6654882948153158,0.8628818605778003,0.6154945804479885,0.959250596404383,0.923361315273929,0.5237328729278148,0.9794539853915369,1.0177995871880614,1.074699455920654,0.6830356852472866,0.8310890253329133,1.0,0.8870821908175945,1.0626056069966585,1.1481538493954362,0.7881681657122586,0.8493378917229752,0.7141176393081887,0.8256820381954559,0.6554326008468048,0.8861867400071475,1.00404244925356,0.9892103743761351,0.6982871986077706,0.8302848290818877,0.9151264238578243,0.6772689074298327,1.0278626873415202,0.707734434580613,0.8300980952712593,0.8325444736144727,0.8646379218671996,0.9955667770120397,0.7427854789273028,0.9378364968844541,0.8536721101796249,0.9431995839882318,0.8838455040727917,0.9633069758223285,0.961810747890875,0.8250593220285967,0.7160063391075395,1.0424317927345788,1.0,0.8047656246043605,0.8728485924209362,1.0782933802585983,0.8603913499067669,0.6849838687618104,1.3458671554814066,0.9999870333522213,0.5754533765501364,0.6668269453707425,0.9340027538825382,0.8709800987181793,0.7306409071593607,0.9605995050757896,1.1360730168762032,0.9319344548793597,0.6231087466200398,0.7291454377285432,0.6549208652075811,0.7199640495795747,1.1766309872802512,1.0305835126360174,0.7833199883471094,0.9088105958397621,1.1966247174889428,1.0560918904858627,0.6830028995816113,0.8476963595924834,0.8507655287166345,0.8601532262705783,1.0003696367115347,1.0,1.0018980997407383,0.9628038627279288,1.1302048501470146,0.8271038684324145,0.562502625331474,0.5447411401187601,0.6366962535204429,0.6379775740630669,0.6865953046383786,0.628933866818927,0.6101592363756346,0.7165494300363046,0.9423528721107627,1.0829372827242412,0.865399766124429,0.846823571400096,0.9000065434435603,0.7518028816935811,0.9992147655440742,1.0135795218194936,1.0,1.1819458098749613,1.1788819293709318,1.2238114420752624,1.2500749531449298,0.8952534488283527,0.7834414103874785,0.6294475469894447,0.9986977230800822,0.986673468234238,0.8717767673465082,1.012386367292771,0.6083039453444852,0.9153824827135496,0.7361226088390591,0.7020978613668419,0.722020388370832,0.9339525897413008,0.5778363420334347,1.1081228899494002,0.7812117016881058,0.793729317998219,0.991454654317385,1.2112080056109102,0.6082134307477809,0.9185901282077292,0.8002253473877821,0.7601059385913582,0.9650819199008593,0.9541863923225521,1.143355576678017,0.9138998584159594,0.7836457456097806,1.0009593520272717,0.8389984653022294,1.0522196116751896,1.176983292131938,0.8035759887476049,0.4681033435006413,1.185474004657622,1.067170644598703,0.9875327264254135,0.9988596223014539,0.7632249873071708,1.0616940483172768
2003-05-30,0.8944166020609411,0.5398245906986469,0.6661257637764091,0.9317446803266463,0.6065617079111538,1.0011331083307413,1.00092000564838,0.5321921307194428,0.9820074008900905,0.9948914407710002,1.0530637739974666,0.6773830420681517,0.8373715892068783,1.0,0.8798763251893287,1.0105769514194327,1.1243261200081347,0.7871693551281143,0.8507606504128364,0.7867731315283555,0.8609221644492698,0.6649207811314282,0.9526452623968804,0.9875751023205882,0.9904781082211127,0.6983214875658287,0.8261057425985852,0.9144719189399363,0.6865629769804962,1.0574577588015517,0.6887290649616575,0.8301264669564323,0.8324977247653187,0.9447822230697365,0.9955897319134569,0.7467383438400799,0.9377141169751156,1.075126443264023,0.943322090173791,0.9077651787040618,0.9610566633068157,0.9618641137318531,0.8249842871618036,0.7249194062209433,1.0017486542053116,1.0,0.8045484208798312,0.92250247626744,1.0612235377139108,0.859499652238796,0.6851727969295147,1.3886749925725945,1.0001556580210227,0.57678361542011,0.6533493374628427,0.9331058440083121,0.8478119911536115,0.7058939121959436,0.9578762713957729,1.1531206553586075,0.9344213527959924,0.6287013168688045,0.7088257274332292,0.7176218650104007,0.7471601338190035,1.2034975211312924,1.1452058827093874,0.7807094570293929,0.9525040623868856,1.193007552403947,1.0765432640972334,0.6625284491664487,0.8615037899517572,0.8404165244353484,0.8430545380504079,0.9990729763187175,1.0,1.003830668053034,0.9628312983957901,1.0666005695690781,0.837022104592747,0.5602449403824776,0.5745309261244872,0.6180962701289903,0.6379061012700571,0.6888710487838652,0.6318356086175743,0.6071884061073611,0.7331835109417639,0.931327136075625,1.048231567593821,0.8169043614899605,0.8440861546931571,0.9024970772500153,0.7546689332711113,0.9819579971058897,1.0131271495982048,1.0,1.2389347820204437,1.1809332898342522,1.1819121076066295,1.1764552226802616,0.8764307378235591,0.9747901345678466,0.6310048143942277,0.994893482723207,0.9796628778163383,0.945618451634041,1.0094794651046732,0.6024292419126063,0.8922516557659596,0.7343755620912408,0.7019016752693001,0.7677683010671462,0.9619636003961911,0.565730755281885,1.0921780166834134,0.7812570892594523,0.7829204478858937,0.9886782538467382,1.13783655369711,0.8307508164288259,0.9126799784334677,0.9095683077480906,0.7612841762000917,1.071741351042011,0.9534987014956234,1.1183660555848978,0.9123643733114858,0.8026619311069703,1.0005847585152516,0.884099113053506,1.0395088798043413,1.1716683728645383,0.8278729414585619,0.4630953415199943,1.1765344223503285,1.0370395307889966,0.9749927627259272,0.9781902141999754,0.7435778632306578,1.053497558544093
2003-06-30,0.8643579237816661,0.5439248318630363,0.6662373055488765,0.923406415200324,0.6185606664924101,0.9733288203386623,1.029185396342543,0.5211430926724843,0.9712847558577437,0.9803229192617393,1.0280870631992527,0.677666319748739,0.8611155187016826,1.0,0.8756855743936732,0.9467763201138573,1.078687424824536,0.7862815967172021,0.8530837303634792,0.7793731737495524,0.8361627175825039,0.6439101205934714,0.9355612704912122,0.9873263776463642,0.9817229365296367,0.6988096644182011,0.8242247724352219,0.9152872330868074,0.6839251337277559,1.061434041184494,0.6905930492551217,0.8296580282965613,0.832440386612917,0.9496607152086289,0.9949540276902994,0.7787854780681513,0.9340973108861148,1.2168751843001986,0.938217203868432,0.796519424243814,0.9613214494969168,0.9620145181089653,0.855478294469624,0.7131283864659053,0.9662346952074403,1.0,0.8036283383967873,0.9386252638759927,1.0389875643762232,0.8618294248533301,0.685621285619925,1.3398159500326234,1.001405243929304,0.5849846208328603,0.6154365113688482,0.9306407386432921,0.8437047770579953,0.6882634998875587,0.9561638155744474,1.1305763966784546,0.9143769237657405,0.6392462082683621,0.696254320878556,0.8638049951598755,0.8049154871274066,1.201399403416909,1.1407610189974766,0.7917102548392451,0.910061448868461,1.184925561607841,1.0930771431538475,0.6380297903569335,0.8595859081382143,0.8301743398792977,0.796596773894284,0.9977632388109423,1.0,0.9364192721197213,0.9600724580783209,1.0305439242555634,0.8789250561975344,0.5596292649771627,0.507715670907686,0.7152158416880543,0.6375424782468748,0.6851408514748183,0.6430134675237558,0.6055206945864557,0.6754115797661377,0.918034139070316,0.9601114550426753,0.7620846607318099,0.8412787928247749,0.8983530060116657,0.7677000509190872,0.9598471626207774,1.0105969785520035,1.0,1.2174726329291001,1.1779435654537922,1.0940179791874667,1.1935393096978026,0.8784114124710202,1.0716459660490694,0.633997128841751,0.9798868893589797,0.9581545973509656,0.9388068098676757,1.0278705637602366,0.5992107555825485,0.8683684843622221,0.7320936234141315,0.7019788563883709,0.7729279059692478,0.9288223572975688,0.5624509401022052,1.1129563065468215,0.7740245652746915,0.7793666353399288,0.9672964522017646,1.0771069984475938,0.9896394213338666,0.912032091417563,0.850430277638103,0.7607448909912943,1.0720696539145176,0.9530206432009627,1.0997867682710705,0.9121351487696442,0.8216572849068837,1.0057547941750713,0.8772481003670649,1.024884526849363,1.1655668377426927,0.8182384331618959,0.4618075249589597,1.1651629419270897,1.00594607096366,0.9791618744883489,0.9422299852500636,0.7382680053215003,1.021497595601235
2003-07-31,0.8791813850572204,0.5436970057635524,0.667062578785917,0.9553006610319029,0.6042093150406449,0.9769568143425204,1.1265836234023667,0.5642266646621528,0.9983159990841167,0.9606772372345445,1.0096477842837663,0.7169470531929104,0.9270822814687492,1.0,0.8746156184420495,0.8681259769797628,1.039006238765408,0.7862409469188986,0.854505855298158,0.8053413401627767,0.8548045579350473,0.6335502010199896,1.0093781493094407,0.9763178781747688,0.9753522041774862,0.6981821497726551,0.8216250963867611,0.9151392351218154,0.696399714574298,1.0560674492040034,0.7242660357926738,0.8300727454963628,0.8325038776049261,0.9323468187298407,0.995087525341673,0.7940653562315777,0.9329302894778774,1.3167459209588859,0.9594329318435828,0.8294263443192538,0.9609806081052882,0.9620334978679788,0.8494123601366437,0.7466415025174987,0.9100212095419189,1.0,0.8046718524647705,0.953052160338294,1.0098628152341207,0.8619754463114377,0.6860370290112308,1.410603884193828,1.0012608443579412,0.5950915150188048,0.6321334984022677,0.9288583155545849,0.8398276883147104,0.6759941505262711,0.9552019970918042,1.1489808605165253,0.940675279251368,0.6360990379829392,0.6878694063497015,0.9524871932976218,0.874579012290502,1.2112223145447427,1.1709769065962883,0.8123856241979747,0.8101216650302407,1.183140530437828,1.1032127885152647,0.6343716202614855,0.8372297704963971,0.814547914101682,0.8233179328752058,0.9978986385288389,1.0,0.9541096749684554,0.9606467133812545,1.0588947318864734,0.900323190779719,0.5636058748744117,0.5001906083913101,0.5997799591028797,0.6375648706001402,0.6809472941808925,0.6612641408781437,0.6058700831092182,0.6781912061477582,0.9113374421576594,0.920644856034285,0.7018274533183545,0.8383821601148586,0.8944760793345513,0.764549809862471,0.9292354608487763,0.9904773309738983,1.0,1.2193920738049715,1.2037049509200517,1.0914650126073397,1.147342626321199,0.8767135327264541,1.1305811038268234,0.6341664273633565,0.9817207414376944,0.9613614541538408,0.9393202809248316,1.0133876880417128,0.5978736638339552,0.8456714703573209,0.732182276951414,0.7023168637007975,0.6946320125931454,0.9619142639487536,0.5362870196693648,1.1644665976558832,0.7730498349517193,0.7726818466844811,0.9538176310630667,1.0172179456207167,1.06600888321453,0.9154861313848985,0.8759166169863566,0.7591722684551031,1.1060888997030327,0.952750537973454,1.0214065898458684,0.9153822899167395,0.8416927507391443,1.0100222213085808,0.8801948279409321,0.9905964081845382,1.124222845664125,0.8260470677816336,0.464436759807596,1.1334184036317803,0.9706324827145034,0.9697176777905604,0.9306972976742176,0.7318826251199049,0.985918872526658
2003-08-29,0.8599515167177582,0.5501476863403518,0.668496892309422,1.0006904174550864,0.6057181371561524,0.9798835608086306,1.1724968353642018,0.6180443961453099,0.983257625770724,0.9395069230515434,0.9820809375085499,0.7321024789489303,0.9384119774160665,1.0,0.871674809172124,0.825833437803976,0.9905779429718468,0.7862881240106844,0.8550285772487953,0.8036015390002315,0.8530468202865927,0.6323251494780772,1.0794215331923442,0.9829245051242461,0.9963915819619157,0.6981847355092785,0.8202430860761275,0.9151993963593648,0.6630739828446088,1.0609121673531334,0.7027486213157861,0.8297561023127249,0.8324979467536006,0.980349595609547,0.9955997598052061,0.7821987268755357,0.9330922434459858,1.3393709397153042,0.9424288587413652,0.8756835664509693,0.961647822381589,0.9620087426362041,0.8488906693536696,0.7316284108645095,0.9416320551887959,1.0,0.8029361490931544,0.960511045603769,1.0033289172791224,0.8520010596933614,0.6861251172854014,1.403835518439957,1.0007655842157517,0.59374700387624,0.6284066673572124,0.930704636347677,0.8429940126540987,0.6750597505306222,0.9552435794282097,1.1758862452486303,0.9684173297900517,0.6416835727767503,0.6847726977558306,1.0103241750877079,0.8333450263323376,1.1977284534101476,1.1743258402219006,0.8041936262594701,0.8261102576413174,1.1752299641501718,1.1466216685183717,0.6110713305979398,0.8544345719004531,0.8134830500621982,0.7790965491042803,0.9969298129111509,1.0,0.9397208999015195,0.9599942843424811,1.0997148322198684,0.9048308216860718,0.5580789132012943,0.524100826979778,0.5866848972009361,0.6376283371917415,0.6821932374749546,0.6752637535725083,0.6053329388585384,0.6207606453007692,0.9003994694783455,0.8133727371691074,0.6802820647869408,0.8391142463864548,0.8912128619041503,0.8382644999571007,0.9170482018189026,0.9911878140673683,1.0,1.261190793128474,1.2061073218755813,0.9963508054470055,1.1738052106613872,0.9248491959075338,1.1727772917475199,0.6293837631860085,0.9701535111084502,0.947467664212741,0.9455444840978061,1.0621361324662106,0.5919719732721666,0.8411412173984155,0.7318498887074385,0.7031752733651838,0.7496979998224289,0.9628490817621298,0.5342327790965489,1.1835383781112767,0.7723724188675569,0.7702520414794496,0.9517175857842507,0.8469214389512092,1.0867005348873442,0.9170940424361523,0.840182287920246,0.759082154067257,1.1402342136977968,0.9525513200476976,1.0622350523624917,0.9161002698484242,0.8526120806049637,1.0069554427625218,0.8849610031953579,0.9798611678216552,1.0983637502718393,0.8046170597659787,0.46496547866480975,1.1040606660998298,0.9610481385537284,0.9594576104572262,0.9280146894334141,0.7302641963345903,0.9753448586935334
2003-09-30,0.9485240215084789,0.5311478274288093,0.6668231711274479,1.016373115060211,0.6013778668691274,1.0057963550323095,1.1115120921023893,0.6857342428527168,1.002892622361637,0.9038610892300263,0.9203424367468692,0.6881636186949718,0.9407978867368437,1.0,0.8741125563637236,0.7983331552832984,0.8841301598266393,0.7860627102776603,0.8567541007376286,0.8269388525327208,0.8205488809448791,0.6251141579058445,1.058621222923784,0.9551940719358322,0.9747561262441969,0.6974167632672588,0.8207386301719566,0.9160304117384761,0.6766983269248421,1.0617533597302573,0.686212220042373,0.8328169159606853,0.8328531957825178,1.0369223381999308,0.9946539511783731,0.8019961938804319,0.9320353588800383,1.3485345640475752,0.9642591696860794,0.9609721645676564,0.9616670458184218,0.962518923918013,0.8847759146391503,0.799744108002344,0.9187584558411085,1.0,0.80271333831837,0.9558238645080361,0.9509178440533677,0.8399065969937604,0.6859151500604959,1.3943052215422291,1.0007650882872285,0.5966265509737669,0.6093189692528935,0.9278655522204569,0.8219129531437224,0.6615376525464728,0.9563229356798679,1.1955315690850699,0.9880267637229538,0.6393883264951262,0.6771435836639155,1.057302739432311,0.9309701515023586,1.1943364069041442,1.1277514743580437,0.7883300763317097,0.9981522315732004,1.1139952094843386,1.2036750250840111,0.6497212461655484,0.8896559802407922,0.8012199818497124,0.7300138382352201,0.9955738086684249,1.0,0.9040148705944747,0.9592849940577242,1.0866648602297415,0.9046499180011193,0.5985562147865036,0.5273917681764222,0.6020975544861635,0.6376992070729952,0.6783184300256195,0.5879262810636502,0.5998368380530384,0.7730265692468447,0.8874124171342719,0.8253911389697872,0.6685017908298765,0.8371983901681913,0.8932632151060089,0.7603875578875533,0.9005363273342207,0.9838620777468801,1.0,1.2783152976892782,1.1882226946933134,0.9358781505219187,1.2193976919007106,0.8834122219700477,1.274051445803313,0.6261629734872045,1.0001392791131232,0.9876672014818322,1.005556740026734,0.988037603876116,0.5928423969016898,0.8070171061947136,0.7316102049403799,0.7041254277655398,0.7962388431352395,0.899130348033346,0.5338743172745168,1.203863899476962,0.7791630863780824,0.7693672988296487,0.9412269779646852,0.9272589180074261,1.128983269802567,0.9111200527885835,0.8731314008969946,0.7607571381703774,1.173657119656237,0.9524256241529762,0.8954958961662525,0.9114042490910137,0.8730974365058447,1.0063555254148684,0.8739769403755375,0.9456748046734075,0.9445066693141031,0.8447238673635025,0.46083672839947476,1.0201210096861066,0.9082068589846504,0.9564109873291747,0.928031795623059,0.7291930171021199,0.9698098354199793
2003-10-31,0.9332829813095214,0.526396826018704,0.6667532629902888,1.0306835029578363,0.6219451757005889,0.9702285146080631,1.1758629243309038,0.7875612864139987,1.0286177395543157,0.8885094353943531,0.938823120192499,0.6877440497958405,0.917687086394807,1.0,0.8719833668990788,0.6915537690212498,0.8456563395125245,0.7866645464372122,0.8515800897683582,0.8132026945151232,0.8492147009211489,0.6185412820243934,1.1072327183045105,0.9164145862797365,1.0116160290391438,0.6992815662740952,0.8201318554654523,0.9160866557001079,0.6848400499003031,1.0600365005842125,0.6879280530494344,0.8326921363131548,0.832666316958451,0.9647419657645788,0.9961120239109409,0.7706494930922296,0.9310765122348323,1.3625872234815244,0.9626764832164204,1.0205527179037377,0.9589697060246095,0.9619126351243439,0.9204642443450888,0.7766339550644233,1.0093874749787581,1.0,0.8029436230050984,0.9083430582938066,0.930804678412586,0.8386155337270832,0.6860132868681286,1.413133641436954,1.000743604155791,0.5992268102409736,0.6101090248257784,0.9237626633201295,0.8309671256325809,0.666140206985159,0.9564605832525241,1.3152191887081979,1.0301227557535533,0.6293456379466948,0.6743483564431653,1.064650220151243,0.9401393238344016,1.1971028673383688,1.185256421977157,0.8087628492228093,0.9806494213324464,1.150737018208002,1.1195056091183595,0.6528733045845905,0.860435677906507,0.8026885810100363,0.7361918408086314,0.9971903097138141,1.0,1.0085185328877009,0.9621783461705987,1.03184858425651,0.968477982107799,0.5862604507466788,0.5025972511225888,0.5076764135297964,0.6383388419213494,0.6781308642377105,0.5920603570052189,0.5993229162461261,0.6857619321356374,0.919144732417434,0.837102807127867,0.6409587051595189,0.8362841244955489,0.8991774984721945,0.7577849158255152,0.8970114097959695,0.9816300459547002,1.0,1.2662330194624234,1.2029451385488377,0.9218527121834594,1.2540386304277527,0.954329505816982,1.1493241807184051,0.6162185195525467,0.8854235523027927,0.8650193683413467,0.9960105825948147,0.9466964441893384,0.5942557699851783,0.8173486638869514,0.7321214368809108,0.7037111200095392,0.7665769186523839,0.9415819282302624,0.529118138203035,1.2149617872542322,0.7691194855173401,0.7691515763437855,0.954311011622065,0.9488187667405392,1.1639955006788807,0.8926163444329963,0.7947283632915438,0.7602520239954003,1.1744313500267147,0.9523530732247121,0.995441829922385,0.9134945186303276,0.9004070245212042,1.0018843205129935,0.8731991415403082,0.9335545818486526,0.8854871308893483,0.7960915654401198,0.46759057654431,0.9368209663131827,0.9137396035397004,0.9524653793747181,0.926970960390566,0.7285456091492482,0.9716138520961313
2003-11-28,0.927619342900173,0.5264130769087587,0.6660909454031761,1.0201503650849326,0.6273921196450774,0.9466548733055332,1.1238381037047611,0.7780171493840413,1.0183192749863026,0.9192122489386685,0.9590835106780264,0.6783087502238493,0.8181642814901271,1.0,0.8741278531103851,0.690703462309102,0.8622442324569328,0.7868451378014949,0.8494992229127964,0.8030328015239432,0.860944003691489,0.6093291677342441,1.055381526654822,0.9174361769452702,1.0106598410843461,0.6989419955385081,0.8203155697545134,0.9161481134273906,0.7331959273454121,1.056407153510082,0.6716723271870533,0.834165494191525,0.8327147230578121,0.7908561614085202,0.9988252898972914,0.7768160902316766,0.9305093116726273,1.3545797200834873,0.9633885885417971,1.0397458542941127,0.9538133423616012,0.9617657196854125,0.9090130519210053,0.8008038884280786,1.0551524409525397,1.0,0.8046797942509235,0.8991332078511082,0.9651281931941239,0.8389464712343954,0.6850932744386761,1.3242419167756905,1.0010163734322137,0.5945308076558318,0.6116539566898997,0.9240472188714239,0.8561956151500126,0.6864288295966094,0.9554698791441185,1.3149735221036307,1.0416400209517764,0.6165184457444203,0.6717308059075948,0.9548975496073392,0.7265731666381832,1.1900583327464407,1.2062980607629905,0.7865156092351768,0.8745283547109394,1.1593489623810602,1.0407245132458367,0.654266101380933,0.8035507681053086,0.8161429965750755,0.7686803143763068,0.9976227308617295,1.0,1.0823267920795214,0.9638559395583797,0.9643652114981156,0.9768621570764713,0.5694020314483017,0.4891965447428436,0.4713517244510014,0.6378686419405781,0.6790161342343215,0.6480903665152853,0.596694358149559,0.6811876508629502,1.0304896837082154,0.7825201004840724,0.6579293381405142,0.8373787289022913,0.9109411755690553,0.7544913705426334,0.9241024997388274,0.9860429877414812,1.0,1.2037093561494892,1.2118854646566664,0.9825899726746048,1.232538901565838,0.9316855274399927,0.9508101258467895,0.6123930872363442,0.7590480543361073,0.7363302936511421,0.9350170102776304,0.9815611079375427,0.590748551346122,0.8509968831400223,0.7336659407457714,0.7067268986661828,0.7798691889232128,0.9536254198922992,0.5345405158462302,1.2080342176180499,0.7748562851486586,0.7697356585236601,0.9767878642458926,0.9983503025942475,1.1612553818201745,0.8958605566434701,0.7372748387955285,0.7600308678577803,1.122560671359461,0.9523849767715483,1.083467731614537,0.9170920013294327,0.8855800222974892,1.0030582189647963,0.8269593192921711,0.936047331594821,0.9012976365705223,0.769346119461755,0.4644695325902424,0.9915610176915056,0.9283699504550773,0.9586825329613431,0.9292239679177997,0.7293489943922112,0.9815900397511514
2003-12-31,0.9443549819020759,0.5282633884265433,0.6663956703211051,1.0489400865081246,0.631320857237045,0.9738530430488503,1.1186952732904667,0.8009551450442158,1.0218101320700859,0.9091179695062682,0.9141105889212174,0.6803067406942005,0.8450002663977094,1.0,0.874533100191559,0.7029756205761832,0.8368818553495354,0.7864952886863174,0.850318816759308,0.8400667002558024,0.8375055165411165,0.6162582380040026,1.069911272502067,0.9162728456991236,1.0109821800512462,0.6986363469342309,0.820579784414476,0.9161616933119051,0.751035072990135,1.045984594582334,0.6758903636716722,0.834445626861858,0.832721577981652,0.8665810096254116,0.9982964621446383,0.7943123347878299,0.9302894697061904,1.347156510378108,0.9659046626400204,0.9915502202885933,0.9552379032464554,0.9622507170272359,0.895073544084922,0.8006682258047719,0.9943234528784477,1.0,0.8043867889965699,0.9178021774403271,0.9237774039265003,0.8360309174279339,0.6851900234416111,1.3543189054594176,1.0009705329949101,0.5908613290984648,0.5992638627168672,0.9262777722788722,0.8428430450631457,0.6852134116643358,0.9556291215617604,1.312205937760723,1.034485783264256,0.6249733932468728,0.6707939603446935,1.0014887123186258,0.7509423090662392,1.19420510409911,1.2057472315188744,0.8001681819539024,0.9341963889625988,1.1045474898417407,1.0618142544859015,0.6537757480818935,0.8369896543943852,0.8106906628431363,0.7574888161982818,0.9966229443972792,1.0,1.057642722251151,0.9636752441511074,0.9676728509539728,0.9395383815777593,0.597699363225096,0.478724209134997,0.4690426198899157,0.6387744077773927,0.6810315997246817,0.6177439472364988,0.596966293457492,0.7172138027038525,1.001630282738039,0.7317052433879955,0.6550017338980652,0.836944638968893,0.90218901296505,0.7541313525614586,0.9210776521623155,0.9789951430954997,1.0,1.2468798527243747,1.1892564470427076,0.944245172493651,1.1802126470573702,1.0108755262340652,1.010878760337269,0.6141262371952432,0.8832457262969349,0.8620086302828739,0.9631835297361242,0.953350730082099,0.592425943539812,0.8452767559533391,0.7320513245600058,0.7176945910089108,1.0233439732771668,0.9704648050362241,0.5299550243024082,1.2196751332521552,0.7706558256439151,0.7692515364560522,0.9701650856218837,0.9340505603433892,1.1656919979482938,0.9055064523606317,0.7839142150672512,0.7598104785881661,1.132166697606674,0.9523554465878376,0.9853086106437743,0.9127311654559823,0.8889868256162416,0.9925887791306884,0.8839261352161446,0.9297667467137626,0.8803173964406386,0.7795700206718308,0.4658879818832202,0.9224635038382786,0.8857320617532032,0.9606246894971893,0.9284106705334159,0.7294941816621432,0.9756947729519645
2004-01-30,0.9594984377902397,0.5520215604276535,0.666391680005405,1.0301583484785433,0.6375323992868992,0.9934283361919628,1.1482424508931128,0.8119364055848746,1.0186535312226428,0.8985419346901933,0.9012110084034307,0.682606297855462,0.8408959870666594,1.0,0.8735808614118095,0.6726436760694113,0.8153900621333922,0.7871690990825461,0.8523443598011073,0.844746475743808,0.8443748149608135,0.6194909340242524,1.0952265899076037,0.933849214218503,1.017163602867597,0.6985848414422322,0.8201989499962907,0.91614885808753,0.7341448463365283,1.0485011477902093,0.6890991073835689,0.9543176987180968,0.8332621601432503,0.8548828560827972,0.9986986481589994,0.7900778575671726,0.9305674737529116,1.3600953541176766,0.9688341003911642,1.0144690549741788,0.956228742234554,0.9630948256563788,0.9347934718489208,0.8336581078654111,0.950455383309106,1.0,0.8063215008212545,0.9492004896632767,0.8919979701925346,0.822154192607538,0.6853732880292208,1.315855789011608,1.0004571975675205,0.588279688565629,0.5992846811716189,0.9262800078023962,0.8443521447234006,0.6863992406571143,0.9557794702222564,1.2849620541292834,1.043263147167597,0.623344458576779,0.6713531425529125,1.026933427887287,0.7502961024966694,1.1920066151410995,1.2028545698898094,0.822176392291301,1.1426495124981801,1.1285697617160688,1.0762071127295718,0.6693530498374402,0.8516113095952856,0.8112996714503458,0.7536430085228223,0.9976265423135052,1.0,1.0676508531923892,0.9670097039315407,1.0363328673057532,1.027776320876347,0.6076956413788366,0.47868246094091793,0.48588859182772515,0.6394198860847018,0.6811930488396627,0.6514332602365682,0.5969430353514971,0.7251865942172788,1.0151375692946343,0.8753268615267151,0.6488545539241641,0.8342973392113285,0.8999682534937496,0.7609049818772375,0.9075482036760125,0.9708431686345034,1.0,1.2577432885497364,1.1961694994734247,0.9625844237636066,1.2220191435578371,1.0102010361837526,1.0705717388906586,0.6160529741118526,0.8838627139418989,0.8588676340015741,0.9459315719802094,0.9467012229371186,0.5904596973354259,0.8459355863487626,0.7318667969408669,0.7191470787772356,0.9753239295590772,0.9800117078313538,0.5276248445573914,1.2231305628156073,0.7698359022687679,0.7700281134170884,0.9737972578564058,1.0766295797389565,1.2102310550309252,0.9008668782996861,0.7726709327958465,0.7625819917590715,1.2221771847571952,0.9523557026199274,1.0433187687903762,0.9157510089485142,0.8928426498026425,0.9929775917139684,0.8969635433643428,0.927192530620859,0.8715410597534423,1.0569707411563258,0.46538270214057786,0.9175169897778281,0.8773818394086775,0.9603002539712339,0.9248767934408954,0.7302774792890001,0.9648809810503736
2004-02-27,0.9744183670623482,0.5489397645653253,0.6665555055684826,1.0566733576749603,0.6328274567349235,0.9737627670701928,1.1594125913199247,0.821471406238751,1.0532406824497536,0.889179346481928,0.8771874611943171,0.6934955550657715,0.7592957662088904,1.0,0.8758656902749355,0.652675478788463,0.8059973119447598,0.7869786576141956,0.851817282464921,0.9170088616093786,0.8436336705068647,0.6162937004585747,1.1025846864475721,0.9209309806915656,1.0437655475246863,0.6991046729346788,0.8197417159260375,0.915999890076689,0.7471047708372944,1.057475821942925,0.676823296057717,0.9501668325229484,0.8339227981541365,0.7911278469335248,0.9973849668959752,0.764524461521016,0.9301646360918974,1.363590189203328,0.9876630191740933,0.9983481211610602,0.9570717212214385,0.9631271003715991,0.9506837053950503,0.8367089706597277,0.9682651854131812,1.0,0.8223729847269952,0.9225221392133274,0.8796801652616085,0.8190772026579576,0.6850954800615907,1.2174844563903147,1.0012233361634195,0.5791196353674775,0.5930536734815623,0.9239250493702138,0.838018712938955,0.6785099613962202,0.9571688781169282,1.2861303670708453,1.0482158915814568,0.623936177005995,0.6712607647730968,0.9743695539659633,0.7827802323739185,1.1941969166280981,1.2008710968288774,0.8869017706302619,1.1308856630724506,1.1325548844784397,1.0734654249348712,0.6968138506300425,0.8381496498011738,0.8051915040167488,0.7169590890791752,0.9969720359704847,1.0,1.0636059841856103,0.9734320963300279,1.0229034275105384,1.0241386742553178,0.5950432792194396,0.4840712674461576,0.4968734050700164,0.6438468242805775,0.6871418914887185,0.6597665737568775,0.5972997362316327,0.8455033792002479,1.0213023424505263,0.8470376505628844,0.6329523056362849,0.8324002760616933,0.8934267245505866,0.8009051365587575,0.8886544152072553,0.9682738663612167,1.0,1.265588034492196,1.2045751312327582,0.932683775988517,1.2403508470242055,0.9302838169619293,1.0209900298043053,0.6143455516784196,0.8776171641306739,0.8464070288852097,0.9628086502486606,0.9464522695795056,0.5925431114067812,0.8392449610475855,0.7326581274662665,0.732735237564835,1.0572208041576012,0.9994921973804912,0.5267196415987287,1.2245500565262646,0.766091742176098,0.7709152162470799,0.9531861912509775,1.0826087347110231,1.2369391727610568,0.8812662277574944,0.7833789243448919,0.7618922714194891,1.2217023363707586,0.9522926659051835,1.0738861341492822,0.9134714403114659,0.9207303031421052,0.9889790338453229,0.8827125507879892,0.9192498089239738,0.835236031232053,1.03655578661919,0.4668749935366774,0.8422061264658665,0.8577592332493372,0.9604225253116713,0.921540828315081,0.7288104188913977,0.9469428101465259
2004-03-31,0.9814030336673845,0.5397274462692416,0.6671852149021336,1.0809395932783188,0.6292907641019934,0.9764629956689229,1.1702082417537956,0.9020079288696137,1.0616151311965143,0.8932431558259413,0.8957803605719139,0.6825862598367629,0.7797052903445708,1.0,0.8788514157958652,0.6097814338953544,0.80749004902207,0.7880264951924547,0.8509893768615076,0.9397958021511958,0.8262447722573186,0.6146397499697357,1.1119825822404312,0.9182872214398823,1.0426792095536814,0.7031101931794957,0.8202551903980191,0.9156913392609525,0.7474940587740456,1.0554460195670703,0.6866133191174177,0.9426490126419983,0.8338106664687196,0.7754196260551123,0.9970905293681311,0.7663948160732609,0.9300505335533383,1.3748878137880223,0.9850470488879464,0.9969641684504801,0.9581346808119416,0.9635628054982107,0.9610347642662238,0.8601500027095644,0.9717167420340423,1.0,0.8209717659490452,0.9329213090919073,0.8913562917104125,0.8141717020362667,0.6850453039326014,1.1750521760620152,1.0010885444396915,0.5797496734740151,0.6119827909131794,0.9172982194085677,0.83956229820881,0.6778685794322377,0.9563995719907926,1.3181326193394574,1.0497932272928363,0.6362091845131241,0.6711570800487587,1.0153114728518757,0.8048495545244342,1.1945091958000629,1.2029900150558595,0.8828544103363647,1.1378387642293335,1.1148350526077235,1.058337298617388,0.7067710454297833,0.8442363737724905,0.8056617470617254,0.7018152848264574,0.9969103139390607,1.0,1.074924703623456,0.9717074231995552,1.018316003571638,1.0291620593018227,0.5932554459823649,0.4977450473376175,0.5106070907892288,0.6446161639530573,0.6903831468537659,0.6496177370325273,0.5975469406631844,0.8306127268037377,1.041777500452764,0.793332738651986,0.6239186669046128,0.8325944976550478,0.9017883732079146,0.7779290836156638,0.9035705732814419,0.9661020593967353,1.0,1.2690068616165613,1.2130776761114137,0.9320831560804811,1.220650789874251,0.962509115119104,1.0390148710249776,0.6134874966256163,0.8464561339325932,0.8115334826905928,0.9848847574277556,0.9302720736726133,0.5922737682101875,0.8393625102958588,0.7330216256725997,0.7293228704558157,1.0537943789268571,0.9795227405495224,0.5253462062372771,1.2264167664299699,0.7631866070942419,0.7706457974603773,0.9438219391724361,1.0916344886871567,1.2592854241113818,0.8835148959381954,0.763607641531308,0.7613361301848599,1.2209505076692582,0.9522959219196191,1.067574295099409,0.9125286230973113,0.928127637839023,0.9908306344041169,0.8855375089066174,0.9169837771753948,0.8276968499397519,1.0274075312765973,0.46904237237486945,0.8213239462531964,0.8450897681358241,0.9663480438673855,0.9218718306528303,0.7286984436029117,0.9486303961830024
2004-04-30,0.9237446149798653,0.5355293783283197,0.6677193340205185,1.0411801188659373,0.6030764903856521,0.9709970975466868,0.9952988258095774,0.7761530935404353,1.0292491140306537,0.9282042214576821,0.9360183312959598,0.6731943580494197,0.706898153094995,1.0,0.8752320379399497,0.6796061358661283,0.8439654056885343,0.7869822789325768,0.8513931248391869,0.9013021745264149,0.8789808087794417,0.9995356889363097,1.0991116937129122,0.8657977370554799,1.044178149118113,0.7028286041129596,0.8201698007140988,0.9155627127745165,0.8529018058968435,1.0613526713446375,0.6753111948607914,0.9143763144573924,0.8342858366541833,0.8772970862993744,0.9977419775178837,0.7467572321256695,0.9300253594088745,1.3714236244654003,0.9714087980190562,0.9474345876966299,0.9574166411819477,0.9622013261074865,0.9377947209243436,0.7725364952236891,0.997251578705697,1.0,0.8432573682519073,0.8449341657303222,0.9323588126229498,0.8198569535065285,0.6849136255679116,1.1455719055408788,1.0012934330737204,0.5759552472083649,0.6054653037754794,0.918648212029269,0.8515059685752249,0.6949100539435082,0.9558944351583378,1.2778544863705081,1.039948796011728,0.6305414577120834,0.6712357693050094,0.9028300202392058,0.7943062544599016,1.179041047085051,1.2053408879923746,0.8795044127951771,1.1443639156656447,1.0947985325868048,1.0303834188183107,0.6538173873641642,0.8250789401797639,0.8179913454608188,0.7150806237434861,0.996254930177949,1.0,1.0564763450038819,0.9704223653503662,0.9807583020512435,1.03062102711373,0.6110662634736914,0.4913357256167403,0.45180382803356245,0.6444998052872577,0.6903878987600043,0.6970093692801494,0.5974175219913509,0.7864164885296742,1.0617415077181929,0.7765442204986992,0.6425117511722249,0.8396490499731999,0.8947269731515057,0.9839190838914523,0.9896832655111371,0.9809410404543143,1.0,1.269653039177435,1.2115348142502431,0.9051405862268668,1.2302230593843364,0.9485204875643325,0.9515149483821471,0.6186499991636539,0.9884018968057396,0.9560957414599237,0.9502823345716889,0.9137919718740506,0.5965060309997701,0.8704252565415872,0.73181029216397,0.775072686342781,1.1401588768022661,0.9599657650500484,0.5446472825109263,1.1872693066597941,0.7582945143008855,0.7712841477316855,0.9705021538712845,0.9141842521607935,1.2405104982897233,0.8757626518284141,0.7426711319937205,0.7597080577041317,1.1988857443472853,0.9522903195865654,1.035947884296919,0.9095328050352864,0.9167713127084451,0.9899442419149083,0.8508361045127908,0.9084011941239445,0.814762157912719,1.0017792187148888,0.4679596435107859,0.8652129648371993,0.8558058907147991,0.9774371880784598,0.9238852057244639,0.7301755292825294,0.9597611366866766
2004-05-28,0.9445187760215178,0.5265926170773467,0.6665682707162957,0.9882089759417917,0.6101618960067807,0.9337715896846439,1.0267415432603286,0.9112968669727285,1.024815187782743,0.9415737532451973,0.9269184747600523,0.6759238185882228,0.7087204360439766,1.0,0.8751100056877497,0.6995636664498407,0.8377432654264217,0.7874067150269339,0.8506542669880394,0.8179033686178518,0.8505964494996081,0.9678203895448403,1.0913915783612862,0.8814777754888041,1.0364375381438433,0.6992199435751529,0.8208431468494876,0.9159978024605387,0.8239059279649955,1.034746185461382,0.6958815815897669,0.9084664302277804,0.8347277023553695,0.8160894553009784,0.9972164664051457,0.7628151162583162,0.9299992867943545,1.3563378809253899,0.969401406944775,0.9275567570482055,0.9588367136988676,0.962121532287899,0.9235422748105684,0.8454684230136749,0.9769141024307901,1.0,0.9023288467567294,0.8044096067146476,0.976453069485601,0.8318745224820578,0.6850048945504472,1.0823820393395882,1.002343413199558,0.5846265751870527,0.5930463789794866,0.9136829278297354,0.854658389157175,0.7003051424632656,0.9557029032314536,1.2594209161947751,1.0548664032202413,0.6193535342297909,0.6728953116615404,0.9711234933416383,0.8180093104157893,1.1672517880991853,1.203813485924118,0.9276739377603215,1.117549199014133,1.1169871637190036,1.038508936882016,0.6696727845689305,0.8346618143513358,0.819202140269075,0.7881443325206646,0.997561133909615,1.0,1.0555255908271624,0.9681533853815699,1.101506918558264,1.071438567267965,0.6487046612010771,0.49673596314133595,0.4642042336235236,0.6433990056091075,0.6899833705133037,0.6323201871147175,0.5969036376084521,0.7376181356601672,1.0596542194505045,0.9687429969886856,0.6456838118282744,0.8404524045183299,0.8960336438865276,0.8648492623583969,0.9813678549300161,0.9818432273302238,1.0,1.243578928556178,1.278465643399997,0.9007762921999193,1.2084089208091044,0.9509641619725554,0.7955160089751969,0.6172618355736691,0.9657314781726671,0.921906928976016,0.9218066884179683,0.8906099019412386,0.5842278857286496,0.8709383563239931,0.7318175436597651,0.7665335887216982,1.104647280753,0.9396865112171109,0.5473724109275313,1.1982554521471402,0.7636700554396885,0.7715413826261561,0.9778461837331319,0.8932507012358363,1.1895614741555036,0.8898886724606974,0.7092397524898981,0.7596336778590893,1.1860552395122232,0.9522908475103592,1.048889654346416,0.9094096048296101,0.9170541700164371,0.9902603980704587,0.7865067103856619,0.9119373197726206,0.8219532070859201,0.9622837398785179,0.46927038406645627,0.9192666489013518,0.8668442713295275,0.9744392618356393,0.9237245804930929,0.7302996376041044,0.9595034929657448
2004-06-30,0.9569849996604596,0.5239666947333301,0.6662808165231349,1.0129142090667371,0.6452845086173411,0.9468999133748897,0.9949414042540571,0.9406987610391627,1.0186151636852705,0.9353299395911151,0.9130002830535727,0.6844505116179915,0.6991459000614373,1.0,0.874484404016163,0.7453965864809511,0.8232767064290613,0.7869770781186582,0.8516365555717582,0.8329950296508923,0.8690921014583883,0.9925996566929807,1.0990478930452638,0.8969985151260906,1.0544427218762933,0.6991827287417751,0.8211811519574873,0.9159907991838064,0.7950789897659976,1.023478609477201,0.7038833576244112,0.9129623760027769,0.8359458066892859,0.8373468272957078,0.996949530690093,0.7390942305814217,0.9300405588054902,1.3326724660856915,0.9635231514269569,0.9616821871172249,0.9623999865448029,0.962640299863604,0.8900853317430133,0.8530530758325094,0.9575589596066353,1.0,0.8706135984809981,0.8478637520595509,0.9764029499332302,0.8272720414308461,0.6849183824129434,1.0939595306812333,1.0024100561818035,0.5836427701173088,0.5878827507978812,0.9141973824780353,0.849226117242955,0.7038842037655262,0.9558024087510852,1.2475741814151888,1.0556990935784236,0.6145678781210785,0.6714399152586437,0.9048451309265868,0.7879671610009552,1.1769657522818882,1.2063720835258789,0.9128247277076773,1.1164958531734706,1.1009966374390001,1.0486236182281636,0.666166334071721,0.8480144613155312,0.8226722098716477,0.7771965972221226,0.9969382525257487,1.0,1.0699444867995953,0.9666606564395771,1.1143202599287703,1.0859548993446155,0.6907427781701478,0.49492347683465854,0.42971158043534086,0.6429031658086193,0.6822751431728422,0.5981098788232495,0.5967401941166594,0.7067349492581518,1.032709909896367,0.9398589366664583,0.6389446070176952,0.8387189868836795,0.8926668621659418,0.854875881600876,0.9789238781714187,0.978887786508182,1.0,1.2458729707293847,1.2748856617562214,0.8916034717601378,1.2045681260254377,0.9399583245081484,0.741290086069452,0.6181760267809524,0.9833025644842682,0.9456374592904693,0.9456512179463299,0.8797804797486126,0.586402139263843,0.8733915005540058,0.7316550780293662,0.7602651273418337,1.0816667450255006,0.9698852929432823,0.5473763879179898,1.2017678867271593,0.7635653869478194,0.7714081224401699,0.9901205626786389,0.8117593206761058,1.1436071038860391,0.8917824095020203,0.7081106176812431,0.760393056270287,1.2014290845813904,0.9522760729043372,1.0556952265653154,0.9091793739298897,0.9209057900762844,0.9898131849172402,0.7894515401650507,0.9093555863549103,0.8152175600262183,0.9770069669603952,0.4771670047747708,0.8699474718017733,0.8710553011023044,0.9710234908026799,0.9196313354744772,0.7296397623674973,0.9388901762817495
2004-07-30,1.0022272700215742,0.5243871870831767,0.6656561646726546,1.015217739487312,0.6761814151370298,0.9523256913219411,0.8539342956454518,1.0838858864453504,0.9883116373619708,0.9659394984884409,0.9852852982189566,0.6945753924804237,0.6447406884481135,1.0,0.8923660202619342,0.9377931876411362,0.8136615536373721,0.7880642512507587,0.8500849428020043,0.8744556699141454,0.8731681101577609,0.995700982372225,1.0772021277407755,0.9318888209886542,1.0561621220651518,0.6992124520727032,0.820895529060839,0.9160154925323194,0.8049959441259229,1.0361452903554729,0.6781695698345438,0.8961652444286009,0.8351968651461958,0.8295322283072953,0.9965100735835963,0.740097237256472,0.9300217752529863,1.3009431332260033,0.9250672684521808,1.0580413901154282,0.9641669471440184,0.9625875681475621,0.8919656528303946,1.079496034832216,1.0208778006132038,1.0,0.8841877979238522,0.8125995866828483,0.950979789647702,0.8346155883863464,0.6848913252124518,0.9607536552242566,1.0022482039343434,0.5802654074760769,0.5885780937592118,0.908429168516265,0.8553909503324441,0.7264902057880405,0.9579165193881453,1.2329383225441166,1.0489328706654677,0.6206185367679641,0.670622655537688,0.830031624567044,0.8686267606175055,1.176223939712448,1.204385663565537,0.8891783227535729,1.0801139560835038,1.090812790649153,1.0396145719888314,0.8009196352738415,0.875168323731666,0.8348657692824527,0.7280656104541186,0.996342680784128,1.0,1.0864057775012457,0.9679003677369132,1.236812108692223,1.0814846148246176,0.7041257749269869,0.48874475943201556,0.42917940525730225,0.6407967890923709,0.6927765098578929,0.6457008137246175,0.5967489772963265,0.6790601137356014,1.025037678382269,0.9426997869525247,0.6964060140081987,0.8412295568650886,0.8891261026488986,0.81607871990626,1.0388690496788011,0.9720336789890198,1.0,1.2503282566008525,1.2370299712922388,0.8961142838938043,1.298994470643501,0.9174447841545772,0.6824734533149844,0.6168289363263345,0.9741525121980281,0.9322717019344653,0.9389589234476012,0.9138691202950562,0.5870641271780193,0.8941658105776382,0.7317414325656977,0.7474853952725089,1.0686313617881464,0.9635346312448312,0.5663965146016343,1.1950406708868138,0.7626488475843788,0.7717719247846204,0.9950130844541407,0.9723665089286835,1.098583145519478,0.8914980679763851,0.7014591547271404,0.7658035436642606,1.1713476561904144,0.9523880978230284,1.064164325308727,0.9092022376774543,0.8912370801597165,0.9981508463568034,0.7881349561875409,0.9092534218080562,0.8155212515186672,0.9500766836153555,0.4800339469434487,1.0104673206021977,0.8805082551881193,0.9980368063405901,0.919985558076584,0.7308166965417879,0.9473568839743298
2004-08-31,1.0427171907356654,0.5248971662538411,0.6654437043761967,1.0040021574678824,0.759351617437396,0.9123806807604774,0.8205182400169008,0.9965980645868134,1.0012017371610642,0.9874249115738035,1.0161909139063308,0.7387519854456978,0.6237418313527481,1.0,0.9422576003304781,1.0188729920674382,0.8223642885051887,0.7896320367806361,0.8496967496836132,0.8791855066221828,0.8437438477244408,0.9592021741610376,0.9934801431166269,0.918972207094596,1.043980416898605,0.6984287821150333,0.8225337497548366,0.9161397997008389,0.8929327611117488,1.0445236114941896,0.6755480806142218,0.8995857169068253,0.838559397493888,0.7411148306899187,0.995619216853432,0.7362801622975053,0.9299580284053537,1.2554783864730852,0.9343716134239921,1.0472820730954324,0.9635527457192818,0.9618344325812623,0.8923805799305516,1.102049059343509,1.0220491667508538,1.0,0.9250121552178839,0.7905525098248402,0.9491474031204783,0.8490881912564004,0.6849090511784661,0.9964547379700446,1.0022082459315775,0.5832247091529326,0.5841727847649105,0.8978913706572437,0.8538842766224893,0.7406817271418779,0.9606021821553762,1.2147875442136102,1.0425038726599158,0.6200807441794626,0.6706324149510406,0.7237029680212892,0.853623548668493,1.174900958708397,1.2024571396049597,0.8685734974821716,1.0500792665089083,1.060304474454097,1.0231738079992176,0.9026201727360129,0.8794993781159037,0.8426652978077365,0.7264503273409775,0.996466143641469,1.0,1.0922600610291473,0.9664461091978906,1.2694206996817914,1.0703988201869528,0.7333660638993145,0.4743307577404694,0.44067039624865423,0.6401247304812054,0.6946136711395019,0.6364258526155945,0.5967157215358535,0.7623767542151032,1.0089471656031617,0.8219936738869207,0.7231220600378256,0.8442566768330687,0.8877212219035315,0.7578003554887642,1.0607287291331065,0.9768615772071793,1.0,1.2249612266397116,1.236247836708666,0.9126408988872998,1.3154362298394255,0.8756078707743651,0.6529184387668588,0.6187998665326374,1.0008502402067414,0.9713885876968108,0.9136383733246839,0.9319291736278988,0.5873890441653616,0.9067664104755018,0.731803663493875,0.7603408406369204,1.0676268405200773,0.9669971003671797,0.6439559380534743,1.1828362252054516,0.7628289970782065,0.7716285033962376,0.9986247528557486,0.9700843068444653,1.0655336671515512,0.8819169462876653,0.7031337521725254,0.7769920844790241,1.1395762502936138,0.9524719221137422,1.0284962434761524,0.9093855699224519,0.8848990412698076,0.9939359152846509,0.7528300530807485,0.9108263391149841,0.8197056646321846,0.9057588252486815,0.47327890448702137,1.0136050740382712,0.8889693122095742,1.0194604148294895,0.9202310595188019,0.7314881766337158,0.9516129906574782
2004-09-30,1.0210208019116813,0.5259232096907263,0.6658124895364759,0.9802851898633488,0.8663085733974195,0.9142116991871727,0.7774266961687977,0.9722827412493038,0.98950761583209,0.9748015462517496,0.9786974683827854,0.7250748164074688,0.6415882453277313,1.0,0.908865738006609,0.9973718603807536,0.8083050667982589,0.7893392257109839,0.8499948180956984,0.8634676448640081,0.9090923344995002,0.9742633617119469,1.0223796748977374,0.924027276451544,1.0610688556752987,0.6987198885934264,0.8221914321323464,0.9158193498538308,0.8831982188541599,1.039043960013026,0.6888735527684667,0.8713837791162434,0.8350985069472452,0.7177840520531693,0.9954145286113087,0.7223679268410269,0.9299146089065154,1.1979424659708129,0.9281783127842529,1.0254203811857188,0.9665277881519699,0.9618178822811156,0.8787999187123954,1.0748038066106864,1.0332035932935604,1.0,0.9392214631417418,0.7739146536242272,0.938106136519,0.8553874506775245,0.6849050273531418,1.057996822213173,1.0010806126684118,0.589374481445949,0.5890976887743872,0.8980833194606354,0.8472858648492162,0.724291849834879,0.9594037304858037,1.2538333588553794,1.0454509418340152,0.6264644919747571,0.6719204330335173,0.7162126310983974,0.7662263619464305,1.177092106289333,1.1776950446928702,0.8649042961318132,0.9814220916437374,1.0156826350394368,1.0050621315679675,0.8711927167203124,0.8485583981250954,0.8308000981365269,0.732955384372832,0.998211817853422,1.0,1.088057927847692,0.9671022224125989,1.2143315657832532,1.0906002475857794,0.6750987631730774,0.4970177477897134,0.43020222435837785,0.6413809825908255,0.6943612607647682,0.6676658889621021,0.5972280291016652,0.6687004743586754,0.9952204814944545,0.7882604406229152,0.6769768446014639,0.8427371520004292,0.8910728934991253,0.8318449011570253,1.0501040441690177,0.9752673241914877,1.0,1.220828736445971,1.2130344045517318,0.9050477548487763,1.3044281193087852,0.8886964231325912,0.6188879139822241,0.616189294345522,1.0166018926887932,0.9955958952635597,0.8586081319956652,0.9050865315418114,0.5868325912547392,0.8885877102478478,0.7336006230536598,0.7637410650673695,1.0342764656706587,1.0156863526150586,0.6165642179098254,1.1727210901552638,0.7603032977306798,0.7717826075628225,0.9919701079735603,0.8076287714552776,1.0398516123513117,0.8788682496852829,0.6971429324454501,0.7683362814014811,1.1232976860812751,0.9524198309700828,0.9670383783653628,0.9112160030068711,0.897490695002443,0.9927252026824678,0.7558173090391631,0.9107662922921582,0.8185849903823481,0.8581347577850204,0.49190183759689665,0.9689052674689522,0.8584008678307871,1.0113482637214253,0.9192618204066166,0.7297346503860433,0.9426749081536852
2004-10-29,1.0138226722063577,0.5310119202549031,0.6658449471746257,0.9594643667415758,0.7445282003428542,0.9137512897990503,0.7653179973657149,0.9501087189136121,0.9789894365263637,0.9756769707753383,0.9644660285210724,0.7073954145124791,0.6085094781633484,1.0,0.9100684113298144,1.0020285068922128,0.7854280738889444,0.7864184061804261,0.8500799781743162,0.9114064091878503,0.9073522135285484,1.035094033150112,0.9739097373311706,0.8922959019661165,1.0557147626561683,0.6973345195863017,0.823905569084614,0.9158597901872179,0.9096083901107361,1.0228258448904934,0.6697706617966628,0.860747428896262,0.8361392140027784,0.7020090695768463,0.9949860343457211,0.7127133944094874,0.9299488118411441,1.051749158627918,0.923784882757536,1.0076460363267337,0.9668334810923821,0.9618804541559247,0.8540095167111514,1.0707184542713124,0.9662960871046304,1.0,0.888933844930579,0.7256880582827585,0.9287848119184738,0.8577055298222043,0.685171551965013,1.0603023298209926,1.0012964918251523,0.5943970655392865,0.6193428377454295,0.8962588629069768,0.8721440030775779,0.7330977463830097,0.9605028176432835,1.1465819088658282,1.0338252551783826,0.6336974848038719,0.6711653783270413,0.7750071894944858,0.8340832296225572,1.1714731445681135,1.1535036536795387,0.8499544656066347,0.9190548043796993,0.9468576098271138,0.9858085162033079,0.8396168053964417,0.8498668938134246,0.8319559324885157,0.7597459113621983,0.9963658932472557,1.0,1.0749095020387271,0.9640098923091026,1.2475548332305866,1.0606165889655914,0.7053451309419869,0.4932182700881651,0.38668932504151277,0.6449624798040049,0.6989424059409308,0.7413491067814755,0.59945735228356,0.5895311663102516,0.9710626313757601,0.748285474627411,0.6688873846447178,0.8436693945177974,0.8916770658835365,0.8195314117181869,1.0544005148517084,0.9793204565447576,1.0,1.2279727319777562,1.1903096557808217,0.9115557486555892,1.2811185202653612,0.8765882704385694,0.5854412672423428,0.6140036411139191,0.9890815064070949,0.9561109387798208,0.7671783910636553,0.9002331091849789,0.5888030769032295,0.8961773556780456,0.7322095329348202,0.7636553927311726,1.1102051326671305,1.0090237438614533,0.6023731467779695,1.1259478237017713,0.7556669512474897,0.7850073869322342,0.9754534993814032,0.8635087008434443,0.9758987748976926,0.8269891101879162,0.6963813976648323,0.7711396549556077,1.0971868765341088,0.9524610777757964,0.8977188086657857,0.9096108037724866,0.8857153862932817,1.0011478297336414,0.7669526562445306,0.9115809954570129,0.816646635861795,0.8422190098127983,0.47019052630083646,0.9461428650897813,0.8750733938115546,1.0158197266033882,0.9210337683610796,0.7338907400080308,0.9497788449370087
2004-11-30,1.022860117451338,0.5309868352630844,0.6657980096650018,0.9645412690066651,0.7587106519329067,0.9066211746708781,0.7656455376443169,0.9205311464815499,0.9683238817767771,0.9531423433484437,0.905763885628209,0.7499622751853902,0.5984160225590696,1.0,0.9220270062723375,1.008667131802121,0.7807344937006024,0.7869259273780788,0.8509011568109016,0.9559463388693402,0.9088983494347866,1.040891659373008,0.9710007111799488,0.867957800816427,1.125411906155351,0.6979541214251871,0.8227114786708076,0.9138810839959213,0.9163019897813502,1.0008555545966773,0.6685916409720447,0.8807634941669371,0.8359289750258414,0.6127474120658123,0.9954006957121727,0.6969795452255325,0.929955750028451,0.8714794022051757,0.9176515692071977,0.9805476709453372,0.966528518727166,0.9620559782791703,0.8450094002924151,1.0611405753774983,0.8931211844148168,1.0,0.8200064465526394,0.6499267046284773,0.903562845802201,0.8607243586386721,0.6850625909598642,1.0364817327764906,1.000526431058385,0.600311478431,0.6264096912054933,0.8941528795643211,0.8490321298771001,0.6872458741762331,0.9582515393546805,1.170606186290257,1.025318435998797,0.6215157732343946,0.6756634652119113,0.5434297790550706,0.6555749267956432,1.175704546761383,0.8647991495976135,0.8366306366855133,0.8686175467522111,0.8729477103985781,0.9391786513384813,0.856267187268518,0.8013492874471284,0.8157983290211351,0.7401648109095305,0.9978078951912388,1.0,0.9849760394496822,0.9595859435197636,1.190885286130104,1.0919338316523162,0.6832042078973122,0.5099679255466023,0.38754682902911297,0.6487121222581289,0.7039897106378117,0.8308848644017908,0.6041846371046526,0.680233275614248,0.9268423223422834,0.7070720002105179,0.6512988243546696,0.8425956436702042,0.8812586675201545,0.8352043049377142,1.0330819777957112,0.9763800637812534,1.0,1.0692303396569087,1.168280392096689,0.8875170478894303,1.3064299934758514,0.8873164859585922,0.5451018553588561,0.6142403577697988,1.012656432672496,0.9891364388533767,0.6397044589719267,0.8612447561778954,0.5895203383595204,0.8551935933810365,0.7322227522319509,0.7401337366426863,1.0421526234118674,0.9932062325180886,0.5769029663044556,1.087591047061606,0.7528340949592067,0.7905816712334288,0.9332754721885219,0.7063976592988501,0.9730867941847413,0.7610716130658751,0.7070964827656355,0.7692856358174407,1.0669869355871984,0.9523933352131311,0.7813308342612749,0.9122426695195839,0.8867581538991008,0.9995396356055383,0.7516237148569999,0.9079051295556969,0.8128428336094224,0.8141361830067019,0.4727522903868354,0.8523172863532202,0.8527797335090406,1.005774635405889,0.9195603278655439,0.7311405798109122,0.9371580934530089
2004-12-31,1.0307618581480746,0.5318076515626338,0.6656454668364197,0.971821765607255,0.7608955501664499,0.8877722361558298,0.7645918376329235,0.8567397613002452,0.9850952608327288,0.9374959310392779,0.8583960876095831,0.7370583833367208,0.5943609728737538,1.0,0.9125887374202227,1.0015049761657682,0.7838924310189371,0.7862746169066526,0.8528905111264795,0.9033354068143723,0.900592102421199,1.02444256509405,0.9528532211485776,0.8529560568267365,1.1166338965516647,0.6985237749966549,0.8227037725378853,0.9107797937497999,0.898674408976783,0.9882415849455686,0.6670302105541459,0.8840427700719079,0.8357662563067461,0.6136099731002227,0.9954811371532241,0.6998617261824596,0.9299813950967216,0.9109403585679705,0.9227267632082247,1.0271560506310669,0.967945974872696,0.9617961722304601,0.8492655570945609,1.0515379259496682,0.7299528123936874,1.0,0.8263513241737261,0.6159738368747742,0.9161507435109344,0.8601213489564563,0.6849366054655346,0.9902367062187919,1.0008259891412365,0.6005742891455871,0.6258094117904441,0.8928604543801086,0.8433445608357166,0.6784219416195622,0.9582624409399365,1.1634286518777255,1.0362319365406587,0.6265417356483716,0.6762406214380173,0.5392355779770102,0.6457200426434908,1.1704417087873995,0.8297587420073581,0.8438649593541165,0.8482152675867649,0.8387263626769119,0.9439614705484888,0.8594232387661739,0.7821028414445363,0.8078014844516455,0.6679898552117525,0.9978945089759123,1.0,0.9796817159142566,0.9606909993877455,1.1197445608439143,1.0751131992893828,0.6355599919836712,0.5334251722572012,0.38891369971868295,0.6456864349402989,0.7197232912872378,0.8872842097473312,0.6020682340653973,0.7342105427718338,0.9315444612629128,0.8189152624298889,0.6526807925974373,0.8433960694149746,0.8802330823898532,0.946511703011878,1.0121226822014864,0.9731362871876219,1.0,1.0796841325335207,1.192926050797985,0.8808132082198673,1.294378720893484,0.8660145163754973,0.5459486579985444,0.6128356501321999,0.979460920068778,0.9443041825229802,0.6135470512408188,0.8569536674359701,0.5895320093260171,0.8382010473772442,0.7318893203971346,0.7221913487301939,0.8859886041847005,0.9892659970476396,0.5756445342522146,1.0708923883963506,0.7519756506528708,0.8240522284865356,0.9309404411030229,0.6758407038090251,1.0368604808182607,0.7266459802136171,0.7157258230792121,0.7733175431009696,1.0836637837671714,0.9523468128142802,0.8425134738805723,0.9111989605794639,0.8843304521673834,1.001578198495711,0.7253615752492133,0.9056928198743586,0.812079235602536,0.8644569074942958,0.46653152583986524,0.8300210729377047,0.8536164697463693,0.9910788333130263,0.9190290514494355,0.7295481358879072,0.9269682901795703
2005-01-31,1.0420816164477484,0.5242079282959253,0.6659950397041563,1.0132523126819357,0.8491511482735156,0.9171650515574472,0.7638924241304915,0.8640323367104084,0.9835229558725916,0.9976045393971795,0.9283094359957956,1.0194127989712696,0.5919005367108312,1.0,0.9669734226710728,0.9828810475574187,0.7899982705103755,0.7861896778165575,0.8520075610626963,0.9323361502429804,0.8894029302192938,1.0110499410220264,0.7676195122005329,0.9188011892295598,1.1081972350441525,0.7014736654216767,0.8208829523652366,0.9091025978424104,0.9100484475507851,0.9931901531917681,0.6612417513124922,0.8497039182857868,0.834471605597076,0.6000709778479141,0.9954179042740673,0.6964910426861314,0.9299269272465336,0.8050054670500162,0.9225260872900122,1.0349883506993254,0.9672055241789966,0.9617122164015656,0.8432550781610433,1.1315618042078048,0.7756071677634501,1.0,1.0420610558781267,0.5941655743495997,0.9418145282922157,0.8648123381066778,0.6849136502431556,0.992858598680491,0.9997885907405828,0.6086810637986735,0.63448231463093,0.8882055826418559,0.8753294427159389,0.7045813430848951,0.9664838749351647,1.1840035403419695,1.0565491052953604,0.6424023177776239,0.6760901285419336,0.5178434718094169,0.6447891798967448,1.1682281895519062,0.6985443166248428,0.8100107832273991,0.6619890250984461,0.8387463243122318,0.9213361710784369,0.9576037826333436,0.7456809786188966,0.8173519693582164,0.6909830956225311,0.999233327844703,1.0,1.0773176096566879,0.9698576657192005,1.0042908757401916,1.090620201849132,0.6677430974725576,0.4988080200923284,0.3818549596493832,0.6416613600045287,0.7188360628369959,0.8853036177494602,0.5996209605948053,0.7335351044349699,0.9267638214090695,0.6778323690515707,0.7726466254638304,0.8485374536574057,0.8826563983492364,1.0942471035865842,1.054838606117639,0.9881181465316283,1.0,1.2015959390359516,1.2316239531605155,0.8833448194294261,1.2910636548968482,0.8616371795207335,0.5330143785051054,0.6122719694106193,0.9746391387845064,0.9390967605024724,0.5198498783689063,0.9002150421969506,0.5871565435425438,0.8623072685288269,0.7470993325377004,0.7163337520399422,0.9553813100690538,0.9632108759918955,0.6770567379542112,1.113218702059888,0.7282039588972196,0.9431576797417429,0.9525802360285102,0.7546095541010777,0.9460386009841613,0.772321836824474,0.7217145778210909,0.7762030237992671,0.968436894960213,0.9524863742867621,0.8757430073524909,0.9105973069216879,0.8281942430765667,1.0049910772621995,0.7229134775199361,0.9081960127250263,0.8135481144936166,0.7992997547391398,0.4599972791308934,0.970341059925056,0.8999599849013682,1.0010230945125294,0.9190321828568939,0.7298920360272037,0.9250102524138607
2005-02-28,1.0412131959501356,0.5238910058172477,0.6673793910833665,0.9709512239131755,0.924417384138407,0.926173446086859,0.7632528801029714,0.9076210526606607,0.9745378040645342,1.0006789732142456,0.9269207201611634,1.1029160709399246,0.5922501874612737,1.0,0.9416949908432425,0.9615876355082754,0.7947234898619475,0.7861100940237176,0.8539988487946382,0.9370498473862668,0.8716098347758933,1.0070661704980444,0.8359928248305557,0.9396355150389997,1.1137045314154406,0.6981190543885316,0.8332227105415339,0.9075200341975269,0.8933173091421882,1.0420618797399122,0.6626551701968992,0.8514600236064773,0.8339649789176645,0.5984167866068653,0.9955538011080982,0.6957946018048168,0.9299291993734309,0.7650705860730285,0.919896092074529,1.0371443638779156,0.9725563099498252,0.9616992838040893,0.8775321496731135,1.1457399278790108,0.8248243171168936,1.0,1.0100187978979664,0.591999577580806,0.959523147646522,0.8655131233666495,0.684975993457003,1.0409488683631807,0.9996255277308226,0.5959911250612353,0.619092799625097,0.8939798395925374,0.8763664176143326,0.7065826917493414,0.9699167299243261,1.2004906730731582,1.0687011998906093,0.6795870763394178,0.678238483559608,0.5177802884529086,0.6430572750717849,1.1713096670697094,0.6987080131181808,0.823960565478743,0.6951791570636815,0.8209133239047285,0.9220647942290103,0.9301422397878214,0.7756228177062017,0.8149891825816626,0.6767598217532149,0.9995640434228172,1.0,1.0904526858302002,0.9704896769774376,0.9673024296115998,1.0907142780539156,0.8142769139496502,0.5130810305274172,0.4451257333788037,0.6429879451239252,0.7350259733021267,0.8619591629761953,0.6009612867316261,0.7117032472102298,0.9251966807601374,0.7424651560010512,0.7876583028311233,0.8535658789960205,0.8913492470336034,1.112076853708155,1.0659902621803243,0.9836745947271508,1.0,1.2419664762758276,1.2202509522318998,0.8857169641132265,1.3146998292526846,0.8726182987195004,0.5289559970715871,0.6122506578245092,0.9726183531448408,0.9360817616491487,0.5205772548275731,0.8870778454452409,0.5952848224559073,0.8572583115407773,0.7727914215935491,0.7138574581166854,0.9834174050829454,0.9298022612658086,0.7605654478704407,1.1296823611458837,0.7278784741846944,0.911125378395406,0.960188174954042,0.7251995838718636,0.9536665992424004,0.8102829082311018,0.7201648928162001,0.7778060548016398,0.9694271550427562,0.9525408032695629,0.8447857983029119,0.9086832768122697,0.8198511622215694,1.0046025481999703,0.7222758515095866,0.9086337804389819,0.8138898450878227,0.8282043377728396,0.47001302417384583,1.037689872047559,0.9019109847746548,0.9923687770842171,0.9190046942545934,0.7297708348619705,0.9178288651411001
2005-03-31,1.1180041247142716,0.5254267296135813,0.6674329362772218,1.0276933988013826,0.8663120997847008,0.9038602043820205,0.7620688163641602,0.9163031702950911,0.9645774972041006,0.9950380191604059,0.9057915278406488,1.028480483412425,0.5876200934153732,1.0,1.0628359563810776,1.042015505175302,0.7949052623469129,0.7863815381301333,0.8472363334579829,0.8368943293665722,0.8509654736038412,0.9848085759393317,0.8238070663033673,0.9781316253117386,1.199047136415877,0.6976353511145685,0.8239159213112113,0.9133843447353712,0.9218123710945111,1.0244590090087171,0.6601792955163154,0.8837412889294056,0.834627263442834,0.5937489695637701,0.9991448602961897,0.7302320647315667,0.9301118430600479,0.6901425435059043,0.9219351094529349,1.093330429040759,0.9743967170388915,0.9616977584787503,0.8554182612883549,1.247008824858638,0.9476645866782564,1.0,0.949599885889663,0.588504611442041,1.018599505594782,0.8648613478633895,0.6848705957117295,1.0703867442955959,0.9999508844150983,0.5528588500807632,0.4901489371076171,0.9438730082516178,0.9639389430211254,0.7587293486165819,1.00325749563958,1.171375217931661,1.0652567763212775,0.6353003224638164,0.6781241870102847,0.5141627155048512,0.6695605386283352,1.1760900275370574,0.7370546939917311,0.8557167829477765,0.6915814011705443,0.8232611895714942,0.9233968135365148,1.1053276080873966,0.769960308776692,0.8384367373085397,0.7154485646007473,0.9987588741965876,1.0,1.0800008755140853,0.9681579556956723,1.0820976039036534,1.088025896610235,0.7754190996727401,0.4872881429934346,0.4862759825401367,0.6403886417260024,0.7081640497431319,0.8761265700702261,0.6051831931769882,0.8462297603824949,1.000182895673322,0.9944469171751475,0.888287271284027,0.8660062404444651,0.884702550740761,1.0141396017905335,1.0830921476935573,0.9935139371039834,1.0,1.262418438132878,1.1949866986722055,0.8932369560635006,1.3166142373152074,0.8818986482163887,0.5243816230526972,0.6137041456545287,0.9796529192185769,0.9483613814364334,0.3680843776323798,0.8793391444739441,0.5975114553623928,0.9145525947963686,0.7661806425025235,0.7100457767453593,0.8601301301350074,1.0198086155248627,0.7903786499772889,1.1999809455714645,0.7291425120344622,0.995827311002388,0.9982687307311819,0.712448169191311,0.8300025125004425,0.8867905355072649,0.7207358935432221,0.7749607397720588,0.8997753328216411,0.9524500467756761,0.8928165584184903,0.9089511152437548,0.757461290082052,0.999079006709688,0.7366307174973177,0.9214292546317113,0.8201575575443015,0.8711981851420829,0.4661286347919297,1.1842920645696617,0.9129188710451218,1.0389771268443573,0.922477803996028,0.7445824557501102,0.9357667370381203
2005-04-29,1.1302879368763212,0.5320769399310399,0.6672339734305321,0.9812428014599398,0.8730201860701317,0.912361401882729,0.7626728255880537,0.9688601962377802,0.9760562232867729,0.989126607484224,0.8937629283040782,0.9984659396880385,0.5842703556630404,1.0,1.124216983039496,1.0228965501934626,0.7847573295795031,0.7862438897029119,0.8469929274009839,0.8522854104321826,0.8388442206185908,0.9823838446849924,0.8500390781247861,0.9895801101565033,1.2203697577967256,0.7023323058080897,0.8319702458109404,0.9138967964514225,0.8928557028652618,1.0183554147128189,0.6701050527775139,0.9082992591767096,0.8401127004968018,0.5927951497237294,1.0000494428066742,0.7254236079174186,0.930348780337248,0.6718672205309422,0.9273224192616155,1.0937991229827293,0.9769150347280311,0.961708137929338,0.8796811023849787,1.2658343569732093,0.8594103057687077,1.0,0.9343591557965407,0.5609354932328032,1.0121377542649475,0.8640693655584033,0.6849033424198248,1.0546142810269494,1.0003725494457005,0.5532797282830433,0.4906168592483313,0.9439743646508261,0.9540946464472274,0.7643798029598493,1.0155315738512392,1.1881480120764707,1.0721352259597772,0.6384927906541717,0.6916536442446697,0.498794239144982,0.660369296154278,1.1762949560963645,0.7868925737870524,0.8829750901509864,0.7108860658072869,0.8267387251219727,0.9392693357300004,1.1205083425429667,0.7445572549759818,0.8441255852046193,0.656867697367332,0.9996228109887946,1.0,1.088451368948752,0.9708235891579347,1.1169096176085358,1.0865686251920095,0.7012746570684201,0.49809856235029837,0.48226044346037544,0.640443180923886,0.7035767220720388,0.818590049785082,0.6321264888367566,0.840575484843991,0.9577311152076721,0.983069953203622,0.9327103213750176,0.8697079938812877,0.8835781625631747,0.8556665817518528,1.082346021777022,0.9974571243267153,1.0,1.261970285006901,1.1758066917712455,0.9003106598258301,1.3109119686315098,0.8755767671002841,0.5253404069883859,0.6123821041781577,0.8255984168293743,0.7821483055419581,0.34295279356773356,0.9103974316051016,0.6103495032945041,0.9083863529855637,0.7696109507948106,0.7034013065770189,0.7549044159582879,1.0217892896610434,0.7649737185558081,1.1850026365619328,0.7293702051813762,0.9098268717033448,0.9861156383475779,0.6756643378717844,0.7984201900362881,0.8991816965034573,0.7196133343403308,0.7743988293113866,0.9427954356974505,0.9524499518267455,0.9301484424906339,0.9080283116403712,0.7527682826282415,1.004956338354056,0.7227153446703848,0.9258045681149124,0.8511436986269929,0.9229990054347387,0.48338218437047287,1.1864595975312486,0.9321425045230979,1.0518645903072341,0.9237272076801671,0.737654105420396,0.9353521571435527
2005-05-31,1.137459905500764,0.5319184517643876,0.6679697065723569,1.0077719264406075,0.9604858295817887,0.9251079250086274,0.7633867382853738,0.9678609962749536,0.9731233541772503,0.9737725659311948,0.8883434409919344,1.0939827593976401,0.606118726546131,1.0,1.116136306151215,1.0050474553948137,0.7861857152572301,0.7860413083514884,0.8471796733688923,0.8198007541600851,0.8698165070410426,1.0005838347475982,0.8461783280510579,0.9771653869183696,1.2242473254539419,0.7009884384771697,0.8262268979723215,0.9120156835528689,0.9214264373509069,1.0178915526496677,0.6690832130715215,0.9104595199599617,0.8387912574451846,0.5931996985528559,1.0006727746486197,0.7276187740525557,0.9308253845606791,0.6924454813608661,0.9232271485883793,1.1324931841409216,0.9749139550873032,0.9617221858782996,0.881902235258988,1.2875856181558976,0.8551102105023421,1.0,0.9224518755264907,0.5593784376384867,0.9847357076437316,0.8614880373594492,0.6848704802728176,1.0767460759830871,0.9995541837422038,0.5550507768086355,0.503557371421985,0.9417954436276822,0.9386647145880505,0.7472546606728381,1.0077848259376843,1.2185430234421277,1.07015117651401,0.6430420054851493,0.6782397170123382,0.5052187149927392,0.6527259268511565,1.1673301129048963,0.7360287659205811,0.8811249308968017,0.7186953203319435,0.8349134789394721,0.922516136860972,1.1340340675595715,0.7390461176009104,0.8424478369846964,0.6625695180888587,0.9987011679574377,1.0,1.0960235028358898,0.9768765332783652,1.050471866910058,1.0851323459483826,0.7041477718548259,0.49109403721913125,0.4914862625397284,0.6463585420525471,0.7016387840458307,0.8402693012202411,0.6237187754709845,0.8582481655240617,0.9606714209975212,0.8396715948356377,0.90858687690429,0.8655840190038169,0.8871120912958328,1.1149460848004038,1.0822434906714058,0.986858024560431,1.0,1.242834345565436,1.172076951489234,0.8987357516580983,1.3077315818191777,0.8876651654971575,0.5227949347395655,0.612455112776594,0.8765626405602694,0.8327330868148582,0.32537547532775957,0.8857985029734128,0.6201422697917247,0.903266177373028,0.7680926090909013,0.7043151292725837,0.73258329099566,1.0288990131914466,0.7532124486008217,1.1921951133519257,0.7338840381259977,0.9010443545842245,0.9716241167215672,0.6386659660257481,0.8968769963280054,0.8875764784722671,0.7329038467838638,0.7937747818590444,0.9486524906759732,0.9524813040224416,0.9532644120277076,0.9078699696219358,0.7567638121977445,1.009214115578411,0.7113681145282105,0.9225481896725614,0.8304840514662433,0.8933384627268112,0.47038795672206346,1.1861089505059084,0.9030166067276214,1.046517921522455,0.9232918611686299,0.7390718996011323,0.9369535382447289
2005-06-30,1.179505702481765,0.5272926941383701,0.6673319219316322,1.0397471080719551,0.9562178613773606,0.9161586278484345,0.7631722120322755,1.0397933397281038,0.984087815147375,0.9729981997987721,0.9189066401146748,1.156273961749601,0.5967982049525973,1.0,1.1268253076576635,1.0111006470668567,0.785152002854447,0.7860586743476147,0.8469607935539609,0.806141353393139,0.872686909571355,1.020092215952539,0.789475361188408,1.009366073668524,1.229310070329884,0.6994573240721108,0.8230321735411442,0.9121644246772996,0.916575734463773,1.0408986797942084,0.666874486552312,0.901390267488688,0.8375494845457672,0.5927511051849911,1.0000118180320035,0.7467911407955459,0.9305838413459595,0.7082928454324291,0.9249478397888701,1.1179447023998061,0.9746697456574656,0.961703156719319,0.8789844716885918,1.39653461601395,0.8980334708405708,1.0,0.9470129143882638,0.5689662860819954,1.0003128097112413,0.8608012946901623,0.6848477049250369,1.0797498199467026,0.9998807578123619,0.5570402654641056,0.5065082866738525,0.9423711637235382,0.9429684549837083,0.7515073106455823,1.0130136919810833,1.2168952384490317,1.0757168427625028,0.6661961220163904,0.6786612081704082,0.4997803406118134,0.6428374124837772,1.1392767685317309,0.7208981394338929,0.8659526565822167,0.6984404060291558,0.8374577050528988,0.9222908177683962,1.1742137901403544,0.745545257483702,0.8444118104980984,0.6260971313310806,0.9989962607253566,1.0,1.0939281211077072,0.9749526136297594,1.011388675367834,1.097311398381747,0.6948913145818126,0.5095486483315419,0.5321897511625917,0.6434594342139897,0.7089832788499684,0.8617376987343598,0.6253233742805482,0.9326234322285424,0.969624332753218,0.9926930332386855,0.9201699499334127,0.863440693234259,0.8855724453659676,1.0358932171275874,1.081403306478845,0.9894071795792138,1.0,1.248961299576626,1.1652315769632289,0.9023935061741616,1.3171947865826228,0.8756778524822165,0.5230056186434939,0.6120599835125479,0.8878277192173044,0.8471347619921484,0.317650863064711,0.9172314069480336,0.632760989134548,0.9120515367767648,0.7599154072092102,0.7030388360270743,0.7725337285706229,1.034084862160431,0.7424835726365495,1.203487848245486,0.7311584679085318,0.9066808314018803,0.9581468432230257,0.6893652522225024,0.8425599071463661,0.8869874069852236,0.7329072526264242,0.7862393905206578,0.9123247278869244,0.9526574979278875,0.9510830134602763,0.9083481615280206,0.7562719114806283,1.0048909854853791,0.7206192565579412,0.9285359351724318,0.8349551854005419,0.8915984200853304,0.4594419611258891,1.1870927918738592,0.9126620650834059,1.0404967070369455,0.9221813148122759,0.7399774551597397,0.9320354042485274
2005-07-29,1.1724949158461537,0.5275755267128138,0.6676152411993884,1.02982999203473,0.9117276496432848,0.9747903818519587,0.7650849414464365,0.9466283717200166,0.9903042175031104,0.9523714207756887,0.869250452999408,1.0769033174880096,0.6283929743378089,1.0,1.1035370833618614,0.9180111442633906,0.7956595729721739,0.7859102169329415,0.8469851154157619,0.7774693157199233,0.9070283321512598,1.0449445028511088,0.742929435006384,1.0028991132985792,1.2730380150105767,0.7015184405045207,0.8328765118639754,0.9127690105192166,0.8949710437415406,1.0517390461061427,0.6721693560821571,0.8909488892438348,0.8356035732589058,0.5949206896762529,1.002412356893142,0.7411532550818746,0.9313541656526741,0.6690735455973027,0.9247404981101238,1.0841917904970133,0.9720977422229337,0.9617224440547395,0.8828764213081541,1.3325506240656295,0.8417471480458851,1.0,0.9894890227522966,0.5729917375305913,1.0140857296926582,0.8522047504608525,0.6848469403852468,1.056263373909871,0.999642487779425,0.557510375575468,0.533053758404787,0.9409345298975316,0.956428410306634,0.7356216901451412,0.9996932377412252,1.2192328902905367,1.0871282123764519,0.6520087819531835,0.6902189942688494,0.5021876501096181,0.6374353598683429,1.0984743200503964,0.7343861078067899,0.8697200195777485,0.7059841117909134,0.8463130754373749,0.924665415702354,1.1480275788357317,0.7140587311507953,0.8402952440524747,0.6584614823889283,1.0007757072600043,1.0,1.1113047442551625,0.9757174131125449,0.9333067893565373,1.0956640694935427,0.7565495864452567,0.5693839540371887,0.49996997151768097,0.6421951115894683,0.6955988278204879,0.7420976568659234,0.6337526080355846,0.9341348624726007,0.9801523205956874,1.0250729680803663,0.872500470908028,0.8564169674587024,0.8937232401553395,1.1904006862186705,1.0786716412267698,0.9902237062729454,1.0,1.253437561950932,1.1877008907275104,0.9037251272349895,1.2951402118021877,0.9484812854909594,0.5266262810844016,0.6121888703711356,0.9396787653045218,0.9036332261681155,0.33562051293288797,0.8866851375892615,0.6428606262837376,0.9030324630354162,0.7594154742243979,0.7065100074847397,0.7950740900476381,1.014761178479599,0.6461366153054615,1.208751137396151,0.7326758197283334,0.9488314836907827,0.9466290420477668,0.6183328392025211,0.8960241528208913,0.8919854043533948,0.7334181994901956,0.7834999809413774,0.9757717425002265,0.9524452534529534,0.902503792307528,0.9099528108570593,0.7630462223397853,0.9960167395561539,0.7358165024063731,0.9269510341097716,0.8311276625869072,0.8927991344135674,0.4560719838271047,1.1793456286108688,0.872448272554529,1.024323341634634,0.9207461312894923,0.7337871488285685,0.9204370903914911
2005-08-31,1.1541674585301207,0.5205843853779486,0.6697169335172617,1.0662583280649955,0.8624037941608212,0.9972856637342261,0.7652174285070967,0.9853483964237042,0.9796377267999169,0.9395932746746066,0.8561485524697988,0.9652429052629627,0.6336381515183394,1.0,1.0570954945012783,0.8241945524813907,0.794489532871229,0.7858488184782859,0.8470377045911872,0.77465046906396,0.887450914324673,1.0562988388044512,0.8346716652399974,1.0034420499744414,1.2707504616459449,0.704633484094181,0.8585436342834368,0.9115723273280563,0.860988814863229,1.051552365611048,0.6816935913681281,0.8880472936111261,0.8346362122033636,0.600693183466143,1.0055622309265746,0.7595463544918795,0.9314774593885417,0.6829662100503624,0.9178275000776502,1.0836689350987625,0.9704942783470908,0.9617682943641169,0.876899060110788,1.3102648174190217,0.8777679385765395,1.0,1.123194683714158,0.5690029328234857,1.0103809800969865,0.8567737616506597,0.685029179949627,1.0694017396882565,0.9997520407781754,0.5568138274098933,0.5376107418554197,0.9427424831466898,0.9583380684722158,0.7324852639822947,0.9964060852717187,1.2840048329169393,1.09923647211405,0.6586614786870455,0.6976585687781023,0.49738951867618186,0.6335293592871367,1.0529404219201812,0.7418868637726134,0.8880246307731103,0.7539470803339444,0.892583148305071,0.9265849448791588,1.1195289249288576,0.7045444951353699,0.8357373038422268,0.72919526537952,1.001499865846243,1.0,1.1148215247501723,0.9906630213206304,0.9619169816486445,1.094463483680068,0.8086112955522339,0.7867878895172078,0.5754387944596404,0.6401339684625125,0.6956104802076087,0.8188256223219743,0.631432390411403,0.8864120177671679,1.0060252118120605,0.9854554203617667,0.8509544968323559,0.8526270500679456,0.8922844104956755,1.230229505918628,1.0744092588019487,0.9846736825648726,1.0,1.2714736912771942,1.1856952080199377,0.9050490895960501,1.2984085076974807,0.9217709847886967,0.5299310075613178,0.6120311211315166,0.9671750130291672,0.9332513765599433,0.3535932293198738,0.8377745155618731,0.652742362328146,0.8977414617005055,0.7700748926685321,0.7055154981052423,0.7926639212292566,1.0079246359045435,0.5980517073643028,1.2068671479790356,0.730681635896884,0.9109297349677494,0.9382851000927854,0.7690186073097345,0.9196016292944902,0.907763944036097,0.7279305533922804,0.7702317054746375,1.0145022924950173,0.9525293787039546,0.9325229675569828,0.9116490322595725,0.7626373379496477,0.9976588382826128,0.7494757959440532,0.9262225865833903,0.8270350725487154,0.9005181935444719,0.48534533725424545,1.1769293520600832,0.8770652885032931,1.0126710820569245,0.921762176844121,0.7427755317463836,0.9239899155950132
2005-09-30,1.161791281210919,0.5230434050229579,0.6687773109029387,1.064684211629966,0.9594676645440467,1.0061601806036162,0.7667542933110845,0.9802172961146431,0.9898159065603613,0.9521564353545386,0.8984251513243438,1.0967197056522442,0.6206522706515981,1.0,1.0476615506584426,0.857724940210687,0.8073862056523131,0.7858990985010474,0.8471308018180213,0.7762001828327383,0.8490928765028778,1.0495941645231572,0.7676136705352972,1.033385038790452,1.2459162232795908,0.7036740055849677,0.8713779852382062,0.9124205092619986,0.8337753675093272,1.0667956010019466,0.6821640809900387,0.8907831218497193,0.8353367380658312,0.5985102770469601,1.0054461645304873,0.759150911546725,0.9321725355692537,0.6517897090746905,0.9181675896507808,1.0932736151566098,0.9683970979246558,0.9617534039535267,0.8601429561835802,1.3641569581554895,0.9124347728277366,1.0,1.1380547621002575,0.5653841125219944,1.0029378806977176,0.8580700673983572,0.685296502201601,1.0425294234234588,0.9998825843496806,0.5561169628964557,0.5312821204234903,0.9425131301017216,0.9485530967581896,0.7466919981066968,1.0001019138813483,1.2972787825203629,1.1035173600994272,0.7161120103180776,0.6995125981718177,0.4937532788784421,0.6417064810031161,1.0919244803624981,0.7423542244891683,0.8732801473423726,0.6824682694964355,0.892682451916287,0.9342005795150548,1.1231418418567325,0.7200838811823063,0.8362111494648186,0.7091093281674856,1.001335859829995,1.0,1.1204895225561566,0.9875042397665243,0.9861759096131937,1.0824558743677646,0.8416920946210706,0.7029594853223703,0.5750581405041642,0.6596112538413121,0.7018257914511492,0.9191463838273864,0.6472791262050699,0.9407026430649781,1.0244581110510829,0.964520658638895,0.87327435392677,0.8551868120602908,0.8886875254509012,1.1595647628923789,1.0799286153041476,0.9904236033187398,1.0,1.270828224293795,1.191627971112625,0.9021715467730977,1.3086329232183338,0.8986002891311337,0.53066485359814,0.6122891899907889,0.9771228667473324,0.9444611171517561,0.3654062199400039,0.9127781066582558,0.6504017537918243,0.9066968019375423,0.7834262571197048,0.7098626915254327,0.8818945623115497,0.9482284089157474,0.693333283706206,1.210020642366175,0.7295328080033969,0.8933261901703912,0.9373060949838833,0.814920826993754,0.8540338056293656,0.9156036890570957,0.7220552068690949,0.8029429891179545,0.9983361037130423,0.9527465223910692,0.9020261046761203,0.9209820364117126,0.7579584150052643,1.0016816738376975,0.7400767415826515,0.9241067326147084,0.828994712478449,0.9077713467863763,0.4671806243953667,1.1798210045014381,0.8830658574820089,1.0168482777300958,0.9227714030870221,0.7525319235295114,0.9327989803703275
2005-10-31,1.1995926755414927,0.5265227587957073,0.6678952606106601,1.0695940425465067,0.9553614306025845,0.9822336866889199,0.7650295348458203,0.9053446181329414,0.9879728729519246,0.9637127208643366,0.9556825384129459,1.1107104940558632,0.6141144895448739,1.0,1.0996161093127985,0.8380711626814095,0.8064839678236567,0.7859070617720619,0.8481676581434828,0.7689482109539162,0.8288972380557118,1.0149635889431918,0.7297137975934517,1.0389359348188407,1.2216598193091939,0.7502181979171667,0.8725851756618337,0.9116421612084199,0.8600470527916582,1.0748655629956874,0.6727986624787204,0.9048273920571002,0.8383603143475162,0.5940706521856456,1.006127283446303,0.7614522305326996,0.9335372119407345,0.6495368111150372,0.9154478032958957,1.069622368972973,0.9682626968741914,0.9617242437492548,0.8741835372440505,1.3757732432957606,0.9269430936536627,1.0,1.1269326328941713,0.56548951843552,1.0443212070105723,0.8615796969882513,0.6851423244302164,1.0091420784074945,0.9998916369648128,0.5572595554166977,0.5234700476386696,0.9428199040204417,0.9305265987072705,0.7593609434771366,1.0089677010392535,1.2617542196833953,1.0989012248371588,0.6992819029327106,0.7098001847688252,0.48959811832307865,0.6351816252261129,1.0474078632468888,0.7180512607744998,0.828694194473007,0.7598417077020314,0.8905220081166999,0.9215494312182926,1.15026854330765,0.7285214670096004,0.8391786325072423,0.7783048924272243,1.0016391879915136,1.0,1.1211134617018614,0.9850427021451384,0.9968379318193775,1.086731017845844,0.8334068708691282,0.64427787474131,0.5869490555213748,0.653574226881604,0.6950651784364741,0.9146146831275547,0.6390232534180401,1.0077084453184215,1.061776865388834,1.0301411318726756,0.9189401300910272,0.8560058674336155,0.8881730323443792,1.143195438770635,1.0820373099420335,0.9886300627673098,1.0,1.276103003555928,1.194025592587604,0.8999168689881619,1.3162515592527424,0.8875526453862399,0.5273658097786232,0.6124619544089611,0.9380831415570039,0.8997536326628255,0.36097664034807553,0.9359911163790453,0.6559293826026016,0.9098662116313824,0.7897538041321538,0.7198326710164686,0.9192748958358394,0.9514095304019233,0.7937545562000619,1.2106698958854998,0.7311661740943678,0.8073619395761342,0.9533367119914419,0.8093774825905757,0.822389919328803,0.9177380535230875,0.7222601654622238,0.7990481761653929,0.9430438728145687,0.9527603030154302,0.9810543426973977,0.914643188407281,0.7612290388114022,0.9963890168051205,0.7190149253242382,0.9368944204336965,0.8692776936366441,0.8966854248129205,0.4610777355532596,1.1846027512180046,0.913398601883665,1.0265122406373184,0.9307172679183046,0.7478770374668455,0.9433056982250904
2005-11-30,1.1917220123955745,0.5327580789236162,0.6675141017489679,1.0124008349306808,0.9896107137250976,0.9426442454245131,0.7629876560171261,0.868151486136046,0.9929650446360638,0.9703131288668092,0.9657118307570262,1.1224254022291433,0.6304831273199833,1.0,1.080497216507725,0.8890665744417029,0.8179546349248414,0.7859007180363897,0.8507405014144487,0.7601582677141991,0.8097701542422449,0.9506576971423266,0.6513799244265044,1.0428797459034629,1.1621403372399761,0.7479760575050263,0.8819920132760627,0.9125564692835406,0.7870219294989389,1.0750841912998208,0.6823849609692023,0.8911785089538609,0.8398647425274194,0.5934659445246,1.002730427673845,0.7790015705489682,0.9368060903056128,0.6410572717794639,0.9229878174047419,1.0398042375028311,0.9674153422727415,0.9617584825154074,0.8801429081704979,1.3484430465054689,0.9346747446389192,1.0,1.1219397125429165,0.5558871446170837,1.0464410299423155,0.8638500925642827,0.6853874473734508,0.9788837260584116,0.9997298376749073,0.5564080466981494,0.5319485861970357,0.9417419866383134,0.9183412085551399,0.7713280124514663,1.0139409029506337,1.21980309895299,1.0963137566777492,0.6973766215738713,0.719257817794408,0.4851849986089759,0.6397857173789172,1.1023216677455083,0.6985086702576695,0.8232749354604352,0.6822809349305943,0.8918968098770468,0.9235193327134725,1.1312582556888928,0.7461178175940699,0.8433818393506938,0.7864087244760097,1.0015349611409488,1.0,1.119892831407624,0.9796724858520478,1.007896590057054,1.0665645372994303,0.8633422409828406,0.738204664036572,0.5893749108383387,0.6606888408346063,0.6957197298362117,0.7640250690814883,0.6407360258937349,0.9571251647325856,1.0384767258939567,1.113113217452816,0.9354478796194076,0.8608503178322016,0.8853518279426793,1.1009515608204772,1.082491351132933,1.0011071844158657,1.0,1.2696427147621137,1.1925951718588927,0.904850123273387,1.3083919271049922,0.8901567973578848,0.526355498774737,0.6125464388861979,0.9005922796543204,0.8594784927650683,0.34911232977951623,0.9368972692445334,0.6467876659297492,0.9262258128585432,0.782338946810577,0.7222011176756108,0.8482409564142479,0.9267844500835706,0.8228519738651819,1.2025036873686081,0.7306128102894931,0.8055162454415824,0.9499865659415908,0.8156621337826931,0.7271964513840782,0.9163027909069792,0.7197997617243826,0.8002045745355956,0.923290067326747,0.9528394134143336,0.9697931831716907,0.9195524729205101,0.7594900064309789,0.9975668067145022,0.7076908123517895,0.9342902552821617,0.8839274526508807,0.8890955173886681,0.470959271558109,1.1864854013569617,0.9291471076136798,1.0323893412374021,0.93258707980585,0.7532795468821937,0.945999456160291
2005-12-30,1.1760274972987945,0.5327887157605511,0.6702254152967524,0.9586527996600948,0.981627009823889,0.9358470453854485,0.7629749101811619,0.914500939164882,0.9946242966027277,1.0145385936632507,0.9640922800282534,1.2292088600131093,0.6125653431323249,1.0,1.067853141508223,0.9102179996948432,0.7989847749222942,0.7858582149613024,0.854166463061546,0.8321043198369864,0.8061483920999077,0.9022309693233413,0.7186246535652645,1.106412926006606,1.1228145856757383,0.8301746202608125,0.9622100282132264,0.9120993909756172,0.7527900961681239,1.0770008409804195,0.6749396832554055,0.8901145388168288,0.8429412192641855,0.5947130284397818,0.9994170331971957,0.7897885164955379,0.9338905245530031,0.6267149881837432,0.915754056102271,0.9044573478514935,0.9698013524426126,0.9618180918749824,0.8953087928245597,1.3185613751477299,0.8991757316085894,1.0,1.1706432383986933,0.5477336346107342,0.9974847330361922,0.8576375679159671,0.6869702188333959,0.92649891842309,0.9995455378065058,0.561828162086249,0.5955113776672823,0.9207785345575068,0.9129089064145008,0.753739311715075,1.0090135797046886,1.185960002921548,1.0979285735769222,0.6636006472913982,1.0816196099165982,0.4932143849944022,0.6382021938420186,1.0564186595746397,0.6894168837990534,0.7962448843908705,0.7796182098518734,0.8875893940691245,0.9330468483008897,1.1301487254174054,0.745248684956775,0.8407279269046928,0.7162525886443109,1.0045340722500447,1.0,1.1299571342308328,0.9989934104040021,1.0509160722824409,1.0718065160084713,0.883340270056553,0.8435365519819481,0.678764569652041,0.6565371343379941,0.6817897469189432,0.7132558946683376,0.7455911171534293,0.8613158825266365,0.9499902946860191,0.9832627179044628,0.8999346353766736,0.8566201786050203,0.8856213716607572,0.9039792542751188,1.0816083801816951,0.9827075586862044,1.0,1.2029218888592286,1.1864839902161948,0.9165169713686471,1.3044786918115192,0.8947461281304312,0.5255461770512986,0.6126633006837547,0.90662850295953,0.8657703488048154,0.3864253559333837,0.9702547168233939,0.6512713365475826,0.911027882572252,0.7965580852716917,0.7296731688271845,0.7068329399666875,0.8875642339885538,0.8532892909139125,1.1860927443900262,0.7460125005280944,0.7733806347290286,0.9024126012412292,0.83573516874339,0.7051124353549605,0.8562148351611152,0.7136640027566068,0.779555394493828,0.9609519281628932,0.9547929529877185,0.8694235263341055,0.9292190243909988,0.7664382661171966,0.995656599780618,0.7012298101452382,0.9322098059881182,0.8594476452294808,0.8413984642900483,0.4740743135385519,1.1802635373826191,0.9138938599892804,1.0284545518558292,0.9250983530690876,0.739005369018475,0.932462296395215
2006-01-31,1.1673876432043349,0.524064878334926,0.6695860069551585,0.9213655967449669,0.9903248911293683,1.07262516658534,0.7668952489505109,1.0482741449572712,1.02482644592362,0.9924931434254821,0.9367494175267688,1.1961250137177435,0.640624889672859,1.0,1.0023457500092974,0.9155363800319972,0.8265658031290246,0.7858289369973012,0.8601596675849039,0.8595682218223449,0.8347069161600345,0.9190978657094011,0.6114638986669249,1.2223740064163506,1.2131232435868604,0.795182802316967,0.9191073050216361,0.9078578076522676,0.7711102792760383,1.0780808415936276,0.7107106517597976,0.8373362943296965,0.8470488013586424,0.5958980575027317,0.9992200076581773,0.807173222753745,0.9372493081724631,0.6239812369377391,0.9107977371031588,0.7971464011461842,0.9947379902998997,0.9622565298262227,1.042347240177525,1.3140309041165334,0.9202602217153116,1.0,1.1848575266101917,0.57519279675129,0.9862158209866149,0.853248677242284,0.6882781232512603,0.9268628402122409,0.9998356403379599,0.5897263144746376,0.8963691185801028,0.9597873178588562,0.9000239112735083,0.7361810603533302,0.9925224145040134,1.2243646076196995,1.1446823138631765,0.6811743773774706,1.1177502285147372,0.49606299221064054,0.6343208342371105,1.0474224593426746,0.6568842730701705,0.7806502845354957,0.5801913164511673,0.9061745818649695,0.9092823991735415,1.0943713561577733,0.7618261381620366,0.8308334770698105,0.7135245272398303,1.0047500781366878,1.0,1.1470761807414147,1.037605535708657,1.0214291661276549,1.0881070265997137,0.9235228934065669,1.0527749384835878,0.7948075691141936,0.6912344003239712,0.6892345178647286,0.7352349068890419,0.7658212403238769,0.750498826171513,0.9732394276043422,1.0010855640853908,0.8202838896759768,0.8503122019050705,0.9195739157675084,0.9434445076307092,1.0701646231777229,0.979354812137454,1.0,1.2809013707118058,1.2134949337220486,0.9020329291284177,1.3249352892931165,1.0433528496477777,0.554205900108716,0.6124915219405807,0.8780576204913777,0.8373896833112148,0.46730079193008855,0.928370453341369,0.6802247069867807,0.8995287339783058,0.8346614738866645,0.7161126560053342,0.6599294459987775,0.8139616323130858,0.7513189930938287,1.1855410982640602,0.744161955401719,0.7688037161697668,0.9092785174845299,0.7494939740945344,0.8208856493912725,0.928495749231276,0.7145150301028793,0.842311944693329,0.9280160117082765,0.9545869654599605,0.7733239194697887,0.9415626313128884,0.7710588693449015,0.9892367182893502,0.7024404860840912,0.9273781319473542,0.8428014574943834,0.7286341579272999,0.5016661430382079,1.1692099424906113,0.8834049374664132,1.0202970533639057,0.9355226953223684,0.7482911239387411,0.9421013549303165
2006-02-28,1.1808599035814833,0.5208451763581159,0.6696408856237864,0.912757798561955,0.9060103903268732,1.031740172488795,0.7703593140792135,0.9813628129770896,1.0276721017555956,0.9748214732519088,0.8924913338313019,1.1692073671811871,0.6628103363920689,1.0,1.0467073542725214,0.956013391529463,0.8117148465907302,0.7858149922838933,0.8559342791216711,0.8535501696222572,0.8053495016014395,0.8404369103679435,0.5725220444359714,1.1623309903490795,1.1269091375988713,0.8380501623594062,0.8276449765084011,0.90899013191449,0.8061938788283001,1.0770986794781796,0.7370461148723205,0.8349137238099745,0.8734875274527385,0.5997407001847886,0.9967160642151753,0.7896637100440715,0.9358621057954872,0.6873142449996501,0.9136925802048559,0.8927464703053011,0.9736525915343471,0.973844433788934,1.0118551352845448,1.3065394732691333,0.8496202842527176,1.0,1.1781535368427773,0.6293521430024644,0.931995098027667,0.8235812179481584,0.6892972557303801,0.7618162709068683,1.0004408615002958,0.6361422194259394,1.0425705502954508,1.0736960792004897,0.900419828296741,0.7165592539419842,0.9775749410536002,1.2115388072337638,1.1018945131549556,0.6337682861055567,0.7866306824363523,0.88457542646453,0.8840038805051329,1.1758930886346548,0.6532103266784481,0.7839976736548591,0.5872365351394382,0.9507306240040073,0.9346379762520043,1.1183562109221585,0.796794803484983,0.8268607447077366,0.7537433918440181,1.0037966359834563,1.0,1.1310332372294836,1.010634899485475,1.045177137277778,1.0557749554401852,0.8903321954121979,1.0445359473284652,0.8575431694193935,0.9038337627191294,0.7002310949272814,0.8731061954333779,0.6889230558806884,0.6981390800711429,0.975785873794264,1.0343250581357646,0.718481190802788,0.8481298308614091,0.8988188672772606,0.9551393236803843,1.0462310943184532,0.9696017155145858,1.0,1.2693369767719846,1.1913972251321763,0.8916061735755826,1.319384662128269,0.9651782427644985,0.673275233882803,0.6126141191225722,0.8762235851833089,0.834007497683741,0.4863318155889117,1.0145321007575034,0.6648619595076455,0.887828874138939,0.7437586919162993,0.708510680569091,0.6598841634714989,0.7327243653289617,0.7125653387294635,1.2074946276174745,0.8283756975674748,0.7684981525288979,0.8754409449965238,0.9186125444754446,0.930989764067486,0.9468613282109805,0.7133772686810477,0.8110569904040792,0.9890557151667309,0.9588393887039078,0.6910888587531849,0.9440760420678416,0.7689810212479469,0.9852213319780201,0.6943855246278477,0.990394700378788,0.9721276078041787,0.7194042149253987,0.5347993103829176,1.1648797078335438,0.8441585777855587,1.0313045545936568,0.9787460801241019,0.8007355379648153,0.9803977825634217
2006-03-31,1.124737422507101,0.5240604719201589,0.6758068484496937,0.710403029907466,0.9276374646258992,1.018238768739297,0.764075146186322,0.8879388319540668,1.06227865135467,0.9449369420950228,0.7860535452141872,1.2639847700666575,0.7119581495051396,1.0,0.9546077904472062,0.9553668316370484,0.811931768740263,0.7857853332306888,0.9193070082364884,1.0591099999644817,0.9169776835493016,0.7733511298514738,0.5644759206019138,1.1544564622391178,1.2217926284497125,0.8792060645714234,0.8562543768957588,0.8992201551474877,0.7402088564994072,1.0761336548077505,0.7941674327440134,0.8301257797645671,0.8975265818590089,0.5995157319325188,0.9956337892976233,0.7271882468019326,0.9364099002448901,0.6405299168694831,0.9250534621502565,0.7299847560238243,0.9813859263944003,0.9739472917241352,1.064287716533816,1.2229848819925266,0.7370335994128302,1.0,1.1658125293807635,0.5624469596314954,0.9332175733489505,0.8386324269303402,0.6874741987957724,0.6511394938288404,0.9995749507458902,0.725197842068589,1.3065540480440032,1.1429500461488904,0.8586940727495864,0.6867990107938267,0.9615250523305174,1.1682774441994155,1.1017058829878905,0.7037921749099652,0.8768612679203837,0.6389523672048819,0.671301770783868,1.0414667139714033,0.6696060483624631,0.7669053027945404,0.59231639240138,0.9384267887376029,0.8872642340835569,1.0568319191706674,0.7512307211595453,0.8093852130937014,0.7921933739827163,1.0029303025353344,1.0,1.1184945247180549,1.002992048462364,0.876635521681423,1.0238134105974332,0.9317072434810784,1.1163520903571937,0.8809058598328875,0.8124147964045532,0.8050479496716308,0.9572424207776217,0.809031631253571,0.6477217906423505,0.9362177373995803,0.9453269004545309,0.6457709751152307,0.8406501878779613,0.9204871496362956,1.0076378454778383,0.973365437890443,0.9650208194291849,1.0,1.2020883222854446,1.2114727078630685,0.8900574795975528,1.2982423271341563,0.9127421486062656,0.7626354029891556,0.6126781081453411,0.8113661741622425,0.7670638934667211,0.5049598310061822,1.077446185787391,0.672648583359579,0.8497486699154873,0.7409268481551053,0.7843037112143177,0.7324144442711016,0.7978298784457012,0.7214916495130969,1.1718017985025182,0.7429973997853265,0.7720109004745166,0.871528346752904,0.7459330325119713,0.9686869793365472,0.9242963742584925,0.7145749600273609,0.8248970402499176,1.0366039344366973,0.9638184641422105,0.7077712480250944,0.9487374470231422,0.8069169410093022,0.9928534859300766,0.6921373598624568,0.9461116338899334,0.8765787312999715,0.7082321967234009,0.544241630489559,1.139313062449019,0.8298264827951416,1.0129782191296786,0.9274876203723158,0.7407264249442306,0.9253494301811473
2006-04-28,1.1541644615090014,0.5225153948637395,0.6761889795165086,0.8470281344937894,0.8363426386790497,1.0475640038257508,0.7637207892784634,1.079627099827113,1.0363067830524555,0.913229137596882,0.7529805404122054,1.3153499366001102,0.748926611128861,1.0,0.935457551721357,0.9334717518666502,0.8070847264530905,0.7857810226621604,0.9783707253210127,0.938663033045408,1.2585620640177757,0.778452185775306,0.5086044897879576,1.1104094270086675,1.2944733069567094,0.858279126185604,0.8518018455092737,0.8953975313860695,0.6917583046314566,1.0769620386360936,0.7825917195847154,0.8293532449694231,0.9493664131256847,0.6409514076804947,0.9943529259412808,0.731422633019865,0.9374024866224429,0.6368064028813836,0.9140112142943921,0.6970680343246991,0.9891841517349846,0.9652973721837131,1.0497062451520858,1.2223191077451123,0.8565865063277449,1.0,1.095953653337304,0.5629434123200296,0.9457324477645052,0.8286929322912806,0.6879570422762007,0.8195840494077369,1.0001722533946977,0.732100095133086,1.3697855651149515,1.1528457643975085,0.8555847547823217,0.6911991343384306,0.9581906839732971,1.1717987329479704,1.1015345335175697,0.6964936143687455,0.80892841864762,0.56026590886525,0.6536524476892247,1.0782431223551152,0.6657138289218656,0.7617011572172803,0.5875744322087312,0.9717127726290625,0.8401418467523818,1.063019354311413,0.7418754121401849,0.8060433075436282,0.7735386095542331,1.0013273646232597,1.0,1.1122503374031463,0.9920575605181225,0.7875009098978883,1.0233372771373066,0.99366175641018,1.1536113239790622,0.9516486105151115,0.8679505302014314,0.8952782770031653,1.0141945008577216,0.7656268697332671,0.6521400592471627,0.913795144836249,0.914528295755347,0.6283699760149917,0.8338027738745729,0.9269261644786485,0.9358793602521847,0.9239577882475407,0.9603130892665954,1.0,1.2599728922172164,1.2200803269305451,0.8881633062337212,1.3087847609676169,0.9013962691949091,0.7853746616863424,0.6117166826109492,0.8187103039587689,0.7904528699844784,0.5104808983324478,0.9212493666666922,0.6618246121947591,0.8377663758897617,0.7552445782725196,0.7700715069652513,0.6829893145987505,0.7888532190164188,0.6301095292533914,1.1583060408997483,0.7809516622979038,0.7743596702233198,0.8711117636773518,0.8486124666687048,1.009029183506419,0.9251158827798394,0.7123949084843089,0.8736849366966544,0.9931841919110306,0.9637044612572219,0.672496985751641,0.9496911677901939,0.8295903786643227,0.9951267656928348,0.6933232495227903,0.9717081491126434,0.9859055956473748,0.719713183004848,0.521794380586317,1.1532197840204073,0.8127004337245836,0.991070005421224,0.9228030616669488,0.732114243935114,0.8916863501738628
2006-05-31,1.1473862327053692,0.521068956584527,0.6754224159328748,0.9485971168781419,0.8055482041739068,1.0296844766107986,0.7619598875465214,1.1246532273484844,1.0284992833992082,0.947496908594633,0.8205819056669491,1.3181235930041588,0.6665583423594846,1.0,1.0184054998002496,0.9655520562755365,0.7931718025284137,0.785800433126004,0.954046386011132,1.1292254400750632,1.2287880671165043,0.7224824720185139,0.45487805558686445,1.1029904393038379,1.2894569850001334,0.9281967327880382,0.9001849703433196,0.8970792637852432,0.7378427101915068,1.076468615401215,0.7759824009239393,0.8292821233457012,0.9822285674996322,0.6705845252377843,0.9935294179227395,0.7064145932091594,0.9364397965202906,0.6329232659031283,0.9094628797204107,0.5505800483378935,0.9934549059081496,0.9625809396035284,1.0785983623106816,1.2534906418174807,0.8957966289168957,1.0,0.9236343796686497,0.5660270955712181,0.9324536973438966,0.8270873212468783,0.6904206882684518,0.9426666770400247,0.9996685585384989,0.7339098354753446,1.3848595205990049,1.124329626864028,0.8573701222892186,0.7270979629239636,0.963180871831765,1.1638404223644934,1.083496815572223,0.6905608383042277,0.8187891388002423,0.5771382429655754,0.8000301313885704,1.1469698396077055,0.6775687992449366,0.7596532606548086,0.5902872160775707,0.9706864713676064,0.7895630748408768,1.1233153110990004,0.6875056955646388,0.8328789177049951,0.7475528243455181,1.0005849232769073,1.0,1.0985134475530898,0.9909325617118568,0.8843391646635139,0.9018094264358718,1.006235324305254,1.163599095523855,1.0014318672626625,0.9405675535238751,0.910451743361854,1.0211549553630517,0.7666645235400544,0.5889636987494714,0.9068000173385292,0.8586036832488048,0.6934882315113939,0.838857865543091,0.9172277104294548,0.9080413865828652,0.9683281119392462,0.9601496837488654,1.0,1.222265621131655,1.1908838728397748,0.8908752983889306,1.3206839059444735,0.9230067447999828,0.7141005487353576,0.611739485090897,0.7682933795589177,0.7418699776745985,0.4789218090205014,0.96684990283486,0.6654682906463265,0.8778159450034803,0.7461209744869202,0.758173368632926,0.6630098382942953,0.7985277921602416,0.6833738061468717,1.1925831939148452,0.8144815194157262,0.7759029604363636,0.8721679358834241,1.196625695031851,0.8856170632328877,0.9266410043501085,0.7086160929982346,0.8216492769174756,0.94260417578851,0.970029234028231,0.7345898028485603,0.9498501254891072,0.8035093248989872,0.9905814433518012,0.6903865957148654,0.9652197405489796,0.9526646799951735,0.7252469777908028,0.5537674823470036,1.1673021815516857,0.8241178313467803,1.0037462500602836,0.9340448381748153,0.7372367782893461,0.9204256367731917
2006-06-30,1.1289164555697015,0.5204898881068469,0.6772079968185838,0.8638428455460538,0.7552934778621322,1.0406430581144985,0.7613361810029329,1.0908290067224036,1.0097756758463368,0.9639652629390391,0.8153612744699146,1.3068867118247773,0.6627008304785345,1.0,1.0134084071150786,1.0091380748260435,0.8107255759712912,0.7858546433388176,0.9791233603592213,1.1144249242062054,1.1421343964312183,0.7057331065833812,0.46510634542924956,1.0826172256617395,1.2452573894530763,0.9523188335915928,0.9714771197772789,0.8992273939917128,0.8362065741051805,1.075842324663592,0.7618960664728509,0.8292258829390339,0.97658862802992,0.6646970420724208,0.9935766768050527,0.7252717257746792,0.9348867315475008,0.6240982362370923,0.9079611536568952,0.5801293060315538,1.0014873984930388,0.962085880694584,1.1042763843973997,1.1987974156705086,0.9326870595048429,1.0,0.8626108246631209,0.556787785648066,0.9390580101414777,0.8213770971871179,0.692059029489678,0.9564830376210816,0.9995938831526658,0.7184231958370814,1.318507756009777,1.0974013054110376,0.8471098150594614,0.7560480560529264,0.96886710912573,1.1251051288830136,1.0726682858662995,0.699163832967066,0.8803023162649168,0.5809466685014193,0.910035041102978,1.166151638435979,0.6745469133591853,0.7603458381687269,0.5874855950114652,0.9715496845426591,0.757585488220936,1.0903908097812347,0.6403232946184847,0.8424677449262863,0.7748592349677785,1.0001020064162685,1.0,1.0719339668263437,0.973791604133005,0.9349454401413559,0.7901470634870573,1.0080305710516335,1.1444055010795402,0.9927190188986043,0.9570978806440321,0.9098938860473264,1.0342448934997723,0.7457068952659776,0.5614632544477529,0.8937390955325969,0.7247121825704057,0.7146182501653318,0.8446913555585505,0.9284494380278313,1.0083789155191474,0.9914937395004493,0.9610931368681922,1.0,1.2284091940561863,1.1686507964372843,0.9080327843561983,1.3139321076621941,0.9728957318444059,0.6702334285452246,0.6124504187409996,0.7281372174070423,0.7012257837201543,0.46239004439306053,0.9837894440331076,0.6638954182439825,0.8843560419271893,0.7427322335547882,0.7580796853667761,0.6624472107225903,0.8427075212447138,0.7522364139966377,1.1660985782459197,0.7790237060625487,0.7752985582411804,0.8728734361222492,1.2356972725732205,0.9549995425991199,0.9265369116655131,0.707358724724489,0.8211954049636698,0.9036264784680541,0.967151310641634,0.7380767666032639,0.9498992262034077,0.8002828087613363,0.9888181940333588,0.6891650496444943,0.9609102929003064,0.9175817895005547,0.7315543949147965,0.5846832783017482,1.1807277736986748,0.8297473843680963,1.0219918607608556,0.9330390524148806,0.7352593958504108,0.9247905685253197
2006-07-31,1.2789054155181114,0.5196493053643205,0.6757402878410641,0.91952557415143,0.7990651995945182,1.0196178087987813,0.76094489814324,1.178601558876276,1.0025315603234504,1.0132311850583198,0.8985267796542593,1.2960664689759536,0.663336947451859,1.0,1.1175068477857515,1.0286132512996582,0.8591498090363098,0.7859011462054344,0.917715829880894,1.329685584304349,1.1817852974583087,0.7019607881221743,0.4899108972618572,1.0397209751595826,1.2082695318634107,1.0273149087208298,0.9051261739717971,0.8999454239679958,0.871598168189083,1.0748734237170208,0.8028273293824438,0.8297162446478926,1.0448754586723747,0.6845052723924896,0.9937142294493263,0.7195157658823925,0.9334216823540145,0.6250058700344836,0.9081821720266162,0.6575084476210104,1.0370947879173118,0.961897849108354,1.136060647677373,1.2878381309418594,1.0233442469111718,1.0,0.9207063653864996,0.5598574852650501,0.9426676985661748,0.8153032508237973,0.6936541317969255,1.0094012174984264,0.9996742908680072,0.7050016577432093,1.2575481833971385,1.0686802405314058,0.8967517823337441,0.7814190964343659,0.9857925491111537,1.1341911799201327,1.0680425680729588,0.7805158747848124,0.7978514596669577,0.5680340585539249,0.8986384206215622,1.197708141728985,0.6733836269350109,0.7600090268955623,0.5899137312982743,0.9886496093182572,0.7646709594645323,1.288527188157695,0.6270262588303745,0.8574834842199951,0.7670249374471998,1.0007760369261378,1.0,1.0810312884307138,0.9895788493071899,0.9928705099571983,0.7753868201184957,1.030207324075359,1.1193614725275314,1.013731415057567,0.9062682280235459,0.9812814006827715,1.3559292317111076,0.7310319768641051,0.6442851603265312,0.8983585574309666,0.6658295076226899,0.8236176389322876,0.851193248413104,1.012590485100615,0.8761626502905214,1.0099850839173368,0.9630223318939921,1.0,1.260232085612537,1.1361429138185257,0.9056176930527348,1.3242487131995393,0.8821147160972311,0.6355377850001449,0.6131420327570645,0.6874078761605797,0.6544203142736431,0.45753801757606394,0.9914237784427061,0.6658149512942195,0.9252751199254077,0.7399881801833562,0.7360480904871682,0.6610549871999594,0.8614379308451896,0.9097636805050666,1.2160235642269641,0.7777428576527835,0.7764203969714376,0.873698346925934,1.2679607067927714,0.8877122522385932,0.9283012448889428,0.7059056931710378,0.8260111632486826,0.8491942683667433,0.9747407224400675,0.7356249406529898,0.9498083111111225,0.7776803987308051,0.9913842619388692,0.6877977452583832,1.0886251578327266,1.0539204856812423,0.7288873912626742,0.6126658090742205,1.1886137588047971,0.862683614202506,1.042241129494967,0.9723423648077634,0.7580201028742959,0.9907858041356724
2006-08-31,1.3084227873416716,0.5221742104316429,0.6754919612899142,0.8577166276343119,0.7277470929289893,1.0490938633026103,0.7607467144342457,1.1891089956300993,0.9995626026450424,1.0099508562553012,0.8889243487147328,1.2308961544689008,0.7006150128974986,1.0,1.1231852731675187,1.0153138891986258,0.8473500215994192,0.7859193789228363,0.9135829212151407,1.4640418194799902,1.238876390797944,0.8061597897533582,0.5024797664456826,0.9943970799086822,1.162038391021363,1.0333843275788508,0.8534058337685637,0.9015984679508489,0.835189662303433,1.0706883980575121,0.7985774216209498,0.829940954185754,1.0275116375883757,0.8095397293144857,0.9921221427515007,0.697148477171234,0.9351851626912371,0.6153386976238193,0.9074670862542429,0.6807607486040609,1.0440260014170166,0.9618088022244131,1.1843961539448304,1.2988709732541994,1.0130083154591298,1.0,0.8555438748933241,0.5725942530779566,0.9267638876336438,0.7947570623369244,0.7316542629972813,1.0067228103213637,0.9993640911217543,0.7166000859529709,1.220003576798271,1.06454581614323,0.898187917622301,0.7695670953622767,0.9888296433464908,1.1294121431180997,1.0583630678741325,0.8382418011711261,0.7025384959235532,0.5268151172554061,1.1150686570639996,1.196833832761344,0.73156089676668,0.7590962789297664,0.5938565241003196,0.9749716467576567,0.7748442161241791,1.3049690923967565,0.6427021968777763,0.8587583471775313,0.8939422862891515,0.9998868339012118,1.0,1.0557478147403985,0.988884956809841,0.9889325209015388,0.6681244464995566,1.035392841453953,1.0035449611100695,0.9807288966683392,0.8694560932619118,1.0445239920003828,1.3842020999572209,0.6996996440961735,0.6824144970484411,0.8851721399322434,0.6356775455556802,0.8763257133701621,0.8578413367229047,1.0240063580765923,0.7299618078943735,1.0034907014156995,0.960900305408799,1.0,1.2748477238907343,1.0420096889784387,0.8971055614423162,1.3247668311510754,0.9273915812263498,0.6329203758820268,0.6140944216511337,0.657894996873889,0.6225291651849332,0.49593753259005413,0.9622208094713762,0.6625271830775249,0.9151853773493666,0.7358737398849893,0.7298666527475342,0.7163932613649294,0.887171445738746,0.9132116193426786,1.2197839371453294,0.8025180057796936,0.7753966682427,0.8995200509615956,1.2785385597612335,0.8437512532588745,0.8739262862140093,0.7215601625881902,0.8030778397063377,0.8211991672654723,0.9770970175808141,0.8011148170848865,0.949359125235491,0.7758927925032149,0.9884640296233768,0.687191869211295,1.0891728502490614,1.0403624501719184,0.7576879847032365,0.6867938457294587,1.188109229208572,0.8656528622329724,1.0401444597456722,1.0562159317362452,0.9050119700075216,1.0890853690211568
2006-09-29,1.3135151036300585,0.522588009991491,0.6725123617878337,1.0189236245933835,0.6589714199009293,0.9593150915359617,0.7606467754662489,1.1387366906917837,1.0121810238113516,1.0031235877893814,0.8200776335384012,1.0786122774156277,0.7355673213351958,1.0,1.1343338280734945,1.0217286601766233,0.8384233031211733,0.7858911349497134,0.9338571785818774,1.4741953452465624,1.1960495888697087,0.7336958065027093,0.4690641090093062,0.9657592661056481,1.156800368656337,1.0268350773875017,0.8295386127715204,0.9040014211078083,0.8129692416399146,1.0552535036369852,0.7974247796807363,0.8308506511938049,1.0997934812819181,0.7700539623561995,0.9920177363043068,0.690035865216339,0.9410632764284058,0.6116843106646415,0.9115784679723359,0.5618579096083318,1.0272214375002617,0.9626010310962446,1.1430455320936457,1.2263115918512195,0.9313143351953628,1.0,0.8147848129031633,0.5974999479156375,1.074619058325962,0.8004456306525622,0.7182742627086235,1.0015012497517048,0.9990138283429152,0.7135993188152582,1.2069885401403526,1.0471756912203396,0.9042574632045166,0.768899874602789,0.9902155937723786,1.0318524061836856,1.0510063600998456,0.789452176739078,0.6829507017828291,0.6501446364968414,0.9434470718479879,1.2227949673079335,0.7439243196934773,0.7589370573219165,0.5879225297398137,1.0208464152961942,0.7673485629901055,1.322836407924553,0.6315749143298706,0.8567791238388078,0.9454389634222389,0.9976865732549262,1.0,0.9291619773331251,0.9770973848540664,1.0517178558373395,0.5695994213079527,1.006628049591685,0.9133229180942495,0.9868826807917064,0.8426008338707937,1.025713822462777,1.3000980190833813,0.6707757586216696,0.7628275512227115,0.8760762697922162,0.7093357668122916,0.8787108862130999,0.8684990594638927,0.9991987688080055,0.723173295895876,0.9980912761151828,0.9588258360856385,1.0,1.276718561336163,1.001124065450651,0.8963609327192729,1.3255154169955468,0.9195068678203453,0.6177169902327477,0.6165838098719134,0.6511451974340401,0.6149543720242205,0.4849079386691464,0.8710464221948273,0.6974283278741581,0.90929455776113,0.7352616264544336,0.7117474258716879,0.6622695221366144,0.9222194495281464,0.8412047718155791,1.2103227042742826,0.8768151465959166,0.7763485557555346,0.892713133328738,1.2834597437883246,0.803086697835535,0.8740191950206134,0.7417452637853369,0.7793986996847321,0.7928388785116101,0.9726424990479535,0.7175684322910988,0.9464060264147516,0.7764943970267737,0.9991527307200556,0.6881021163445372,1.1236076204083865,1.09051258875464,0.8155340657301462,0.7764142923886427,1.1908808632765855,0.8635444217377168,1.0450916482325532,1.058380641629372,0.8880597496901619,1.1026735694060266
2006-10-31,1.2907786261508538,0.5412343676383018,0.6714466903495624,1.0898847272140206,0.6544632115857663,0.9900636524721205,0.7689041025481201,1.2453482294890232,1.0055293021454104,0.9909778020110711,0.7575260188230246,1.297924576410802,0.7448573615633167,1.0,1.1110457700174197,0.9953454978472536,0.8511578120503868,0.786040184700889,0.9783486353478869,1.4863979547436108,1.1215643834747393,0.6773489093836192,0.42603816736707445,0.9963568315721946,1.1893731805700674,0.9426649849978531,0.8286469284896608,0.8935491828561563,0.7384658140822367,1.0608470729792414,0.7773406790465094,0.8298530501156429,1.031952726868501,0.7821266382857616,0.99201143943432,0.6946470912257505,0.9376345393026169,0.612233874523632,0.9122561156061759,0.8056849259705879,1.0180774506222574,0.965080349086344,1.0929400899006385,1.2656515382902123,0.9143534249602119,1.0,0.8144948034537457,0.6666557155437898,0.9990755341913078,0.7954855473974118,0.7243699422715459,1.02403920632336,0.9989993742817305,0.7132405806847198,1.1762841530245292,1.0479810323417496,0.8718882441100825,0.7346224873349358,0.9758190053119093,1.1140589004388197,1.0618647550127402,0.7794939599644256,0.6811422692803744,0.7061909543002177,0.9651434193736534,1.2180632870025458,0.7338310468747056,0.7582724571302071,0.5817236146221041,1.0056539311643706,0.7541156799190097,1.2613778656345125,0.7103052955723734,0.8481270136563999,0.903528116022771,0.9974035541551786,1.0,0.9413504762005169,0.9756762991073595,1.0130712294863542,0.6442685608785228,1.0443311650374343,1.0594366183949968,0.9932574558791424,0.8160373424101597,0.9800296022649223,1.1603152869844533,0.6345514473143421,0.6059772613293952,0.8737291953415272,0.6652703976550177,0.7754667125000663,0.8605619349848376,1.0146783220761846,0.7314948053824621,0.9464124932259879,0.95830940629548,1.0,1.258376217841354,1.0098726970493772,0.8910669122462223,1.3263760604816723,1.0442266341071946,0.6587978185861874,0.6184599040471779,0.6486108897548397,0.6119919575884444,0.5608099060560306,0.938441149437645,0.6808123683710542,0.877441100960202,0.7415870789081451,0.7100158606023819,0.6512776740851689,0.782514801912441,0.7409023343423127,1.2337562331171477,0.9545832011734099,0.7764233000558194,0.8997669564711845,1.276016592365921,0.8271052956214768,0.8927516660659177,0.735458148994997,0.7880166266091901,0.8665788185382118,0.9710580835465784,0.8261849366204476,0.947617877896966,0.783527888218793,1.0034433207251328,0.6872518553217849,1.0669549263240787,0.973053062288606,0.8364836622905436,0.7456907926930034,1.1834998569072102,0.8190963857635696,1.0345761291346562,1.0049711380905675,0.7830054865858749,1.0204255922202397
2006-11-30,1.2774802860259546,0.5905163866611904,0.673129214841961,1.0852449419354064,0.6903191609946698,0.970233720924989,0.7623334806074797,1.2774480686348442,0.9989161425886061,0.9738893542921152,0.7424059324721063,1.3213241306045862,0.732928743927457,1.0,1.1119870372547083,1.0144993775855409,0.8367648274619609,0.786389594147958,0.953010526545711,1.470784892153811,1.1314453015641308,0.6547467042131576,0.418151314829875,1.0016821253847228,1.1823041676306918,0.9579068539885037,0.8291800957838149,0.8915994410876801,0.7617712768239645,1.049377120423965,0.7921450150274492,0.8298692634728623,0.9802760091099043,0.7037989043221593,0.9920087987424455,0.6970834951275029,0.9381357456797996,0.6172552625074641,0.9096323924903913,0.912847124283215,1.02736056772726,0.9623884955711902,1.0464790359261786,1.2960523126955825,1.0062062727027268,1.0,0.811650496535346,0.7862626051812862,0.9576107772142551,0.7976489800539281,0.7131463228078347,1.0277679002065192,0.9990212194995407,0.7516076230141815,1.1718920759649487,1.039580796224978,0.8388365200038093,0.7230110173344604,0.9693449273534379,1.1422790511697656,1.068060221501197,0.776650586413608,0.6729324883118464,0.6264620204110322,0.8965959459019159,1.2351279171949476,0.7353057327676474,0.7579938163241833,0.5842256582997652,0.9882859394664272,0.699464004266399,1.2839407787741117,0.6546087196416601,0.8438826046984459,0.9168027520915158,0.9953259268427255,1.0,0.9055560875189088,0.976566848644926,1.0395387548109267,0.5515512962868037,1.0427770414464133,1.094534437902232,0.9757977515771667,0.8222354694727939,0.9167716721862348,1.0821490479711335,0.6183457239603574,0.6080045639723193,0.8647865256557795,0.6071690470026103,0.7627983163278415,0.8548292999140804,1.0112325470911894,0.7418580636289768,0.956226180962498,0.9594984922100899,1.0,1.2677277185817255,1.028077445691732,0.8981967841436973,1.3259933479686432,1.037376195072886,0.7089497213196896,0.6185105893218573,0.6513130016804852,0.6145915141906726,0.594135148380053,0.8188565175125042,0.6759262175439842,0.8590283982493041,0.745532221540857,0.7162663654594073,0.7650237767507295,0.7689483050772459,0.7427195652571084,1.2347016025233266,1.1085273202171633,0.7764953010106425,0.96075597036343,1.2848771719283412,0.8396014251442759,0.9233954334983779,0.7364409104995114,0.7912317988616143,0.8910217514013007,0.9693956668586113,0.7589085772950912,0.9442408056170991,0.7868187960946211,0.9964726734340986,0.6867133654353095,1.042371581376227,0.9037306305873789,0.8839510102039098,0.7339534091723654,1.1771177362827607,0.8138043919251577,1.0332392633381426,0.9807797340124824,0.7632531386380359,0.9964260379329489
2006-12-29,1.3947875287320053,0.5650374612032877,0.6721085040232972,1.1438197605909792,0.6984038574970302,1.0420375986294141,0.7637678885814757,1.2805114748948472,1.0142181561051848,0.9832326596694503,0.7103737906982442,1.2924913108423581,0.7514567848605633,1.0,1.12918350671646,1.0142790120131477,0.8387386058941493,0.7870571651033069,0.8996007558546399,1.4810419182282977,0.9815543522459773,0.7165877557939668,0.4137317147512086,0.9469583478941576,1.0966991018317476,0.9621713546497341,0.8235556351717359,0.8972133992815816,0.8198603678027865,1.0425792999959793,0.8083062863702541,0.8318106250088017,1.0517887812520579,0.794931354283912,0.9922231083939167,0.7053539020191426,0.9449802213674956,0.6131366389396236,0.9223762546053298,0.9531491878020109,1.0025448121729528,0.9637403539422357,1.0115624918205024,1.2994241654181145,0.985744434810125,1.0,0.8138487798201341,0.9166418444501858,1.0024543993159056,0.8163749157171479,0.718440321067054,1.0201019441287986,0.9994946057750463,0.8129643746212825,1.1398790822399776,1.0254338874511175,0.8701803876824719,0.7608438745544425,0.9765455904222976,1.137113635103145,1.0611419241950482,0.7327426015831708,0.6707813874124178,0.7805129945394179,1.1738201389569296,1.176231163951687,0.8807710126536267,0.7579772459972541,0.5909528446262294,0.9966822888792776,0.7354358381029272,1.3359064075248075,0.6426464357737273,0.8481335514024312,1.0253536521018296,0.994630749982142,1.0,0.9764733478808019,0.9960810705133013,1.0691571902560564,0.5117446031641861,1.0281527911716077,0.9463425464451168,1.0245763406885449,0.9953195707922793,1.070033419229844,1.2260308378972269,0.6042014549531359,0.7678806018213371,0.9119656619790895,0.5947979579757401,0.817288459670785,0.8694686039181743,1.001250411711572,0.7483858326440007,0.9486723745858348,0.9591817872518726,1.0,1.2829409009017612,0.954815164710514,0.8947766815574819,1.3264596117188154,0.9820941382162216,0.7330052293525045,0.6206724790252798,0.6572068810448946,0.6203206443214171,0.6478425513589376,0.8761315848185368,0.6928664036235854,0.8842542885344669,0.7610246501775683,0.7349941902086468,0.7257862642755126,0.9346471245197311,0.7670008363688989,1.260961174706533,1.2407430604204281,0.7742184952369244,0.9908790681147447,1.2866120030851622,0.7856157207709911,0.9577317953571055,0.8468470114692912,0.8334894637386894,0.8611336187599469,0.976416439045415,0.7492078939497075,0.9335598597313165,0.7908318857464491,1.0036450670686023,0.6877258750177075,1.069594045511642,1.037378427938211,0.8698105615579478,0.7891179363313936,1.1602747472902142,0.8109332317365124,1.0299771066561323,1.0387183824011936,0.9246225446936011,1.056304797779864
2007-01-31,1.4181557409348118,0.6100147107200307,0.6744473894948716,1.1971705580629695,0.6573548366460682,0.9465287743135067,0.7624367865131005,1.1920727910028452,1.0049788007520366,1.000413792909898,0.6884097068990933,1.1603364440729749,0.7571655761024947,1.0,1.135965015396018,1.1395425945420052,0.8244711943941911,0.7883789298322398,0.8702199735137346,1.4821526240451428,0.909401959566875,0.7822171953658325,0.4163918238137131,0.8372593570919328,1.03293453045875,1.0347423271540992,0.8215842970185911,0.9033816428641407,0.8998789043909939,0.9949240691565602,0.752836921167624,0.8328695636285258,1.044932571595798,0.8490110374620702,0.99221129192776,0.700514733568017,0.93956857462192,0.610915718623134,0.9366523848796826,0.8848053230973534,0.980792984325824,0.9633001741448097,0.9408891830595825,1.238178446918398,0.8963093273899386,1.0,0.8086020936470872,0.8940787079169057,1.0492385542205025,0.7989385712577531,0.727658932182935,1.0110502837299549,0.9999681532226169,0.7434680300403432,0.9277507576625077,0.8960056040341311,0.8812430139993591,0.7975481033163716,0.9930425768964146,1.0797866793872206,1.0294574968703465,0.671037642807392,0.6711156008455559,0.9101308800118111,1.2347330884321743,1.166402069169405,0.9680454976042322,0.7579744625756313,0.5931685330523588,0.9889732492072228,0.7699772750198673,1.3252220677589563,0.619337541100107,0.8656918862818908,1.0516460008230284,0.9945495902585785,1.0,0.9161615864970166,0.986727390386023,1.1496178515090483,0.4866280890902268,1.0230639722832702,0.8266965011678424,0.9994818781794284,0.9008749037183407,1.1447387624900502,1.1876060904118337,0.6027443803175541,0.8870327844975527,0.9240774697406883,0.6075216452619527,0.9142819087396479,0.8989067915751534,0.92733867662286,0.7493839784862548,0.9542324937190718,0.9603667774871535,1.0,1.2786569179790905,0.807215584263166,0.8976954681628843,1.3254278967844169,0.8999745724495931,0.6862684794491988,0.6240310891792678,0.6681138212594908,0.6315249487534945,0.5836848315991174,0.940625731636071,0.6779551370393736,0.9255885378304488,0.7377587364100329,0.7373372242379975,0.6956715999868619,1.0499747896713802,0.7523912755653446,1.2825554355155233,1.4069276500013632,0.7760942792591369,1.007745180513013,1.2874962005523531,0.7521284978602627,0.9439127044510204,0.8823204112909144,0.7966924673973284,0.8198985493604765,0.978942960865979,0.7428845714808113,0.9221949392680096,0.7916322650741233,1.0174461928700207,0.6870374587050865,1.0676269416127087,1.1023229204707512,0.896854317461421,0.8197805058415182,1.1588369785149892,0.8120075231365281,1.042988605763196,1.075214496411434,1.1707782052249112,1.1506324912356056
2007-02-28,1.4078875048561033,0.6107760172732029,0.6745204502108317,1.170264819366556,0.6740742008224765,0.9523090105250217,0.7646923876264942,1.251327696641018,1.0094550443679204,0.9952941804520397,0.7116160691288426,1.2891187913684221,0.7694311320357841,1.0,1.1262343166118653,1.1388812240411834,0.7892126235858437,0.78694546757807,0.8787724185777939,1.4882921246341771,0.9074145996590883,0.728853677728257,0.416271828272163,0.8587835821675068,1.0536927883774554,0.9568340676371566,0.8200031253973432,0.8944282145142827,0.8745259475828542,1.016629913074522,0.8149479498791447,0.8344158900176966,0.9930328612298666,0.7230212332642718,0.9929033416445784,0.6962369608274762,0.9402277914512607,0.6163672392138406,0.9660280772509974,0.8926799972514199,1.0015605366063933,0.9620158070955395,0.9659363875879242,1.2169648631006278,0.9855252428458822,1.0,0.8145107922819935,0.9044994902905086,1.0120377421610578,0.81171990351028,0.7690936529295511,1.035336433471711,0.9996623718704694,0.7553920347756707,0.9604472187888865,0.9100591576494204,0.8696572955318647,0.7783584507104149,0.9881332013397678,1.075265075641121,1.023120397581014,0.740001693556698,0.6729806535281793,0.9871258060595952,1.0348654758081368,1.181341165272511,0.9687012146989898,0.7579743744381972,0.590287670299838,0.9737573930708425,0.7252433895043956,1.290346959837653,0.6083983268938189,0.8629058268227041,1.0171374606230927,0.9942176013682866,1.0,0.9001866391660471,0.9807576146733904,1.0692254908324688,0.5168042905589665,1.0378078897465353,0.9664638653747251,0.9789200804241395,0.8370756319589694,1.0954799691680326,1.0603304258345356,0.6057908493112913,0.7866415123692514,1.0152823888534868,0.6112665801588006,0.8991757615398747,0.8705138094135063,0.9314318906443425,0.804698336818772,0.926018899056418,0.9610735672450059,1.0,1.2783075665797463,0.8496102914644348,0.8918370904006264,1.3250659036438555,0.9973887570571752,0.6946976841117626,0.6240596169007997,0.6869029759764564,0.6519094088689374,0.6225518615443886,0.9724708924752948,0.6655531017928843,0.9038292301191532,0.7362362890669618,0.7341692947430403,0.6837232159908516,1.0228309025479265,0.7208628845313803,1.2867061739081982,1.3236540322960557,0.7768673646058075,0.9800625688327328,1.2861489635671721,0.7872367558085178,0.95159770405085,0.8251947568841665,0.8069031907681526,0.845755295353617,0.9719784334936454,0.7718529504657825,0.930993830386667,0.7895767290549354,1.0076592115487193,0.6864569385982735,1.0041538583494019,0.9818816726552073,0.8830755191487862,0.7916928579927529,1.1601497805410133,0.809409110660248,1.0288149499609838,1.0441896724915454,1.0128240309048409,1.0575096595456612
2007-03-30,1.4234445132828941,0.647623095689999,0.6761526448911162,1.1608231165556435,0.717362816279772,0.9444915120783755,0.7665573024460078,1.2564478141092925,1.0205758057957552,0.9947495085217416,0.6816588596874911,1.299017438427285,0.7460085553453613,1.0,1.132155369705624,1.0779354473883067,0.8216984040421497,0.7919209410262679,0.9084020928768948,1.4878166248165008,0.8554463185205277,0.6886390335870913,0.4119777159072915,0.8479623134380652,1.0151870188751975,0.9875316794395225,0.8234882073457728,0.8937157853291382,0.8658057663540797,1.003823394619782,0.843799656247274,0.8427497846010624,0.9757549299887588,0.6613718911595319,0.9927036176906051,0.699181755852361,0.9441526877312869,0.6101001147762412,0.99892854770183,0.8935135056228427,0.9889914040939569,0.9618932792762092,0.9793916616991521,1.216571656646002,1.0159041836512406,1.0,0.8322861119499887,0.9752871991044926,0.9979532908491534,0.8442467569087273,0.7748341022227819,0.9936620689129706,0.9996763157929317,0.7774403549890186,0.9176213478429804,0.8925621043734874,0.8581191443426153,0.7833375421648867,0.9914182161789105,1.081672814264046,1.004906968187974,0.7626007793772492,0.6769586433441153,1.0473013955594341,1.0401292880078448,1.180756296020887,0.930521490056412,0.7579672820618915,0.5809076079416797,0.9775801950807109,0.738471362890933,1.2922194028004848,0.5986875727333888,0.8603614893938293,0.9418649892132758,0.9960105662767261,1.0,0.8844245191356646,0.9787522739605338,1.1078380546000108,0.4891035465680639,1.0067789188795375,0.7638547031411658,0.9882543826993075,0.8703740661415587,1.1669708412026332,1.0913245455556166,0.6006538490224225,0.94451646314886,0.990069996905601,0.660074069297445,0.8923598370829283,0.8749671750118685,0.9142667966118355,0.7625702277867243,0.9421143406263177,0.9606004759338054,1.0,1.2807170481342876,0.7604860743705953,0.9005113577807302,1.3258867006374946,0.9613912013827074,0.6587781768289265,0.6352273506079636,0.6850309320944585,0.6497718082709609,0.6237462126862735,0.8867873645886459,0.6744617522771167,0.9097098141558199,0.7381782245371491,0.7216476808355377,0.698407065867718,1.0534063456204605,0.8594210314773241,1.257035208920568,1.2723251284448054,0.7767655631249655,0.9935591016696975,1.2883007712802632,0.7161880937371088,0.9925042076515439,0.8530271919461628,0.7956296462518896,0.7871919840202434,0.979958127453034,0.7435304996775081,0.936755826916222,0.7973293647920816,1.01754259661014,0.6867159278287112,1.002769215541819,0.9689229141728928,0.9122127868898297,0.8658816925343,1.1471866856858017,0.8084301020479854,1.0264962769595014,1.0693695128381078,1.1413880665376317,1.1234038585146378
2007-04-30,1.3815988887528916,0.6740450655689136,0.6824336630076339,1.1386889592628926,0.6881558018885221,0.9372104036740779,0.7631083986810048,1.146878085976191,1.0448520528087177,0.9953977485571529,0.6558458724701837,1.2683653460122775,0.7241458416973381,1.0,1.1251889761748382,1.0605330691577035,0.852950868342111,0.7936050986983371,0.937238186439763,1.4889837468359657,0.7694211571657905,0.7062056217130026,0.4207360205383466,0.9002126730814953,0.9811660824445623,1.0857866376480276,0.8219962720060415,0.8921453169251155,0.8661257750865702,0.9956181710877889,0.8698277889756939,0.8390167275541399,0.9047710767618662,0.6235986715871737,0.9932445088631816,0.7648682316893296,0.939496857025342,0.610294277819821,1.0039833932989444,0.9305564218285208,0.9764885357856908,0.962102235810037,0.9837923245608979,1.2011674103242393,0.9904301599499522,1.0,0.8591626259464613,0.9623847322008101,0.9785183502517717,0.8232210346978811,0.7568342257076828,0.8893548621702309,0.9999861563316044,0.7974282456005475,0.9179737974747387,0.8920599520083802,0.8391041039650639,0.7710225619416304,0.9871731682245236,1.0580289815216697,0.9815866039037884,0.74737186159579,0.6747691889188449,1.0445736286480942,1.064629388317094,1.184455067745941,0.9033928112271356,0.757973396188325,0.5823112987347066,0.9719450945454552,0.7316304838651582,1.2696826713139968,0.5987435090392442,0.8573064494515099,0.9536804719584879,0.9953576721059721,1.0,0.8992389096582082,0.9744863521249647,1.1802919354062176,0.491949081324222,0.9763297670814662,0.7000500508185132,0.9569415507357791,0.8793967708915118,1.1824089990108988,1.013577100323782,0.6015480023046091,0.9390040884087137,1.0055856340373241,0.6788943196551622,0.8821926020670791,0.8777502684454828,0.9245920076013345,0.8014689302025728,0.9507089668946062,0.9598551233999236,1.0,1.272828227132372,0.7613281759609357,0.9062654074462866,1.326287105632965,1.0126709187891654,0.6657669547002719,0.6441730193709938,0.67678223954968,0.6417270323753255,0.6650835409674172,0.9186306388132536,0.6727771936392324,0.9030712080164517,0.7347673916789176,0.7206902912424735,0.7130594414190343,1.0544276925566614,0.8481438433803822,1.2469043430211342,1.2239724268575847,0.7737991083102228,1.0003993053011855,1.2875730891473762,0.6634218714747984,0.9856934438606275,0.855353185775482,0.7887816644509671,0.7824734619929119,0.9776825573841087,0.7765487736187922,0.9272917298528432,0.796962156480591,1.0203747275840265,0.6880633477040348,0.9774332689012832,0.9137344384071073,0.928061877308149,0.9153306557508061,1.1087916297627651,0.8063877874737153,1.0217669918141041,1.075696642883103,1.1937766699700598,1.1669645781699103
2007-05-31,1.3339891373806274,0.6882721914597234,0.6846433047210004,1.0438824800023658,0.6030325368100269,0.8678979254658419,0.7611339827318931,1.0476035837491595,1.0657995075862154,0.9649980013865499,0.6246901307726541,1.2287526659657324,0.7560420061631562,1.0,1.0973828787614435,1.0577721438453704,0.8706485147274754,0.7920114661632924,1.0621310067216898,1.4820185072755037,0.7857738843868995,0.652192241676636,0.4216864171860395,0.9121569331294892,1.0106427938267406,1.0111545036769927,0.8256116240759301,0.8968402259279823,0.7614627015336722,0.976488899196146,0.9060503964207318,0.84967641078955,0.891494597367976,0.5948430284900821,0.9946031800599048,0.6946291338086376,0.9489874460909967,0.6076765132734789,0.9966074956521975,1.0209079601795181,0.9706919705309616,0.9618564270142871,0.9377876724902928,1.1348990834087407,0.9322370196194231,1.0,0.9571385810643874,0.9339885402466428,0.9329615901120714,0.811471042442699,0.7575610661901098,0.6374676576674856,0.9994295531739218,0.7754178295833056,0.8621470945457584,0.880713750133214,0.809647212577632,0.7335278378018011,0.9811485998580469,1.032206925760785,0.9678598556972968,0.7980226134127456,0.6722325940114293,1.0864799236344402,0.9210085533323166,1.2338171079269786,0.9589837255334017,0.7579734506456878,0.5731656896824336,0.9669384960647853,0.7261719600341852,1.1805548943184814,0.6116649355073651,0.8381825057684498,0.8858650655061249,0.9949260475330244,1.0,0.9907036365463953,1.0001054979339314,1.0179955587290193,0.4968573712877312,1.0241056884980195,0.8719285237031452,0.9671094485403657,0.8749438110753165,1.2348574278753288,0.9629701801144691,0.6296244760019958,1.0237397380137938,1.0921033302758685,0.9219951659068535,0.8057723071599203,0.8676122084659501,0.913422078067988,0.7388948782991316,0.943382804653343,0.9594289594762391,1.0,1.267899337925985,0.6756520440103387,0.8820998242331702,1.3252437615389303,0.9599455260991706,0.672575242678155,0.7083495415551749,0.6974130071822873,0.6618540169366018,0.7355095953534131,1.0027653337513782,0.701708664888403,0.8555074828480048,0.7324990716719563,0.7138697334986319,0.7548180089873677,1.0631991243829155,0.8310053968081259,1.2075344520198086,1.3141753016595497,0.7776056046484107,0.9397616917205407,1.2879395544248955,0.605348509925731,1.0092408159681676,0.9415224793441741,0.806133560362663,0.8260019206686204,0.9661895188870644,0.5507679592077129,0.9479591446067211,0.8189584546604343,1.0125403009457357,0.6894503129337015,0.9545793557063769,0.8558575842933366,0.9424583282996388,0.9795951884785299,1.082587473253333,0.8011307585766967,0.9971496511623055,1.0518618344944035,1.0593434732751588,1.057477412555061
2007-06-29,1.3410452837507019,0.7344364440701285,0.7123345129803672,1.058703391912472,0.6003677307506741,0.8544565246439899,0.7609820803818681,1.1375713131711227,1.0808422268618616,0.9443478133405175,0.6227881178233936,1.208761080377677,0.7983845234971898,1.0,1.0803993125401472,1.0264914683942516,0.8372409911651306,0.78852347072853,1.0819530787973222,1.4821130174730344,0.8010546400753834,0.673789836572644,0.41469761196497046,0.9328465039294157,1.0116126933467255,1.0210335284368268,0.8301919196592793,0.8960921253342969,0.6905322784777104,0.9734912134488717,0.9016468131848743,0.8491555244275588,0.8888273288371382,0.5957842203807602,0.99573990350699,0.6960772509175673,0.9584056631540658,0.6080057207317997,1.0146656331970552,0.9762548944912784,0.9691046960195246,0.9630973989431745,0.9284584318418152,1.0682662158955163,0.8185259255902909,1.0,0.9806230160701801,1.0199646860160256,0.9291838638622365,0.804689424477643,0.7937231898545516,0.568105578079419,0.9992248101964393,0.7385084393634109,0.8826455199755034,0.8844150389518979,0.8107174751718341,0.7131215798632805,0.9719423080053813,1.0601504075796409,0.9573768776779293,0.8051304631736228,0.6707991249992247,1.070613849112287,0.8261450896896828,1.2402572395988611,1.0059218401119807,0.7579708204311646,0.5732570196742599,0.9439499908639583,0.7449544487622879,1.1675480111081558,0.6244570568485899,0.8304838130461507,0.8794148715654787,0.9930411595341423,1.0,0.9790245155614131,1.0069133864282307,0.9787035547074734,0.5121587545284166,1.028783344588555,0.9070434830497114,0.9588295104658616,0.856069754500965,1.277934859726979,0.9664106496293448,0.6213405016031632,1.0565941883132883,1.0985776193814147,0.8978457803189033,0.7816364732304014,0.8573146795635311,0.9021675191676264,0.7494916212594971,0.932023060056492,0.9604967764556702,1.0,1.2706438228126675,0.6610496414969269,0.8818321854639146,1.325284545287685,0.9573594054500619,0.7258703987113609,0.6810785525106149,0.6846444650396588,0.6488300395539244,0.841453842356666,1.0580152069214384,0.6944218635540244,0.84093691334021,0.7323513567652931,0.7177355784508612,0.7337608216933833,1.0508518189348686,0.7830713136565127,1.2023214025402682,1.3234279599329382,0.7777904272422311,0.9652245899681628,1.288179755653894,0.6209951401520373,1.144617643949548,0.9455237762198836,0.801007125425213,0.8539378205282827,0.9665403241174874,0.5679537554959393,0.9469838214170061,0.8166567536832947,1.009185887577491,0.6935696868845774,0.9435375228255898,0.8557336062814764,0.9518313003063534,0.91074785733468,1.0724591459935022,0.8013654027014749,0.9820406068760159,1.0573679189833853,1.0792761076912956,1.073045744675926
2007-07-31,1.2965043183695293,0.8217937153045661,0.7309343801438228,1.019849096166551,0.7499979384999159,0.7989000078030589,0.7619431610674141,1.05639393284681,1.0822769482423489,0.9027043924071344,0.6196568231032733,1.220621379441439,0.9444083124908821,1.0,0.9608254790463949,0.9707914752087426,0.7801516723960735,0.7929373289730527,1.1297459737220075,1.4432701724162984,0.7308076104834723,0.6450309945650243,0.41301059466740775,0.9355107913853332,1.0060944146592703,0.9900231849570224,0.8286336857511662,0.8996114206219028,0.6555597943838523,0.9753446129614807,0.8783203479094664,0.8367288949014047,0.8743103659526192,0.597522883303699,0.9960610923784773,0.8650474530878577,0.9502658233192095,0.6083056189874491,1.0008405434175267,0.8311715550448977,0.9616538795647074,0.962659312574373,0.9715218022259288,1.0191528458844283,0.6929816679786066,1.0,0.8579306361081764,1.0465446223033312,0.9103606011758439,0.794239386221429,0.9857446879388638,0.5286820164580461,1.0001224241480542,0.727391509587406,0.813749101964721,0.8725644170367532,0.8062803368931526,0.6948334919978114,0.961720257672893,0.9881690768021224,1.0026741183563652,0.7482128500582095,0.6750646175453716,1.1673932565333618,0.8690902098180717,1.2344807236861328,1.0643946118349317,0.7579645233475991,0.57308494545499,0.9018504534101099,0.7674203662569601,1.0753472105717556,0.6467266006958463,0.8181651384053131,0.8180094460007614,0.9928312579879377,1.0,1.0536540053000034,0.9868343613800346,0.8784273123712872,0.5147448595737111,0.9983162285138504,1.0198523283034693,1.0096313893853899,0.8365246132450657,1.1951520179492015,0.8407399448688304,0.613235727952218,0.8949197623084074,1.0716991051104432,0.8585979911535452,0.7083600542471351,0.8491215830659837,0.8876394304993608,0.9762158272081622,0.9716583206157172,0.9602403215733173,1.0,1.2614091855460665,0.6568587589263488,0.8950253148166373,1.32141433050093,0.9963753855840328,0.814812155827937,0.7002111559523336,0.7066744883988276,0.6716247348776954,0.8506967256353377,1.1275242316379714,0.7002266039378449,0.7941700754835528,0.7319037019273305,0.7180125790665495,0.6595105337149338,1.0629803234638584,0.8033562215711387,1.1946785261982058,1.2223965993596806,0.7778426183288147,0.9139826683763697,1.2853250719672324,0.6688600425550884,1.3418370711750058,0.902359965105765,0.7801750672686016,0.90020578414335,0.9635977963639324,0.6119590407301347,0.9484084857685913,0.8662835365407525,1.0227444283879983,0.6998000394212935,0.9174139146007261,0.8237678382461057,0.9454813242600724,0.9207250497856946,0.9923411703336242,0.8009035796855021,0.973430814010753,0.9983650489530228,0.9393339806939472,1.0023235120050311
2007-08-31,1.3192784966386406,0.7262762626263116,0.6898206021926517,1.0298735338526843,0.8301121932792546,0.7172791237621365,0.7641708475435341,1.0690543888568071,1.0693327178114507,0.9285653110402317,0.6194491254744947,1.2364849874891781,0.8763699901385142,1.0,0.9917518610812907,0.9369051974810921,0.7864048165933222,0.7918053763367853,1.1315443381570358,1.450332905075034,0.7591452456187915,0.6139201799180287,0.41425057710489044,0.9354829070923608,0.9993901319672017,0.9436682608409471,0.828809250188478,0.9022130052983683,0.6694515085699613,0.9738034924969976,0.9038617264463435,0.8396942149932156,0.8789969889701239,0.5908231129157908,0.996443605885389,0.7508553514235446,0.9567083172866282,0.6086383060314888,1.002571754994641,0.9905015309112625,0.9689080395092822,0.9863865540844615,0.9517202378473107,1.0732308782986912,0.7678319603259461,1.0,0.832086118538,1.072841728662126,0.9155627479755682,0.7920196672275226,0.9270542317992764,0.558401481504254,1.0005722332072153,0.8628243823623385,0.8889150021219946,0.8813418265787293,0.7852518719418625,0.7184763051748804,0.9662776962005661,0.8050379047067265,0.9658013412779708,0.7284302267227776,0.6819545804652728,1.1966511344972703,0.7638857501549899,1.215288600936581,1.0102538097904232,0.7579635083662493,0.5749564236493967,0.9368205965460111,0.7961223414509542,1.110632686142397,0.63586375780875,0.8168642423781649,0.796358331361011,0.9933557222588292,1.0,0.9250402486219412,0.9761757119131556,0.8614353460394653,0.5060087022620554,0.985894840435782,1.0197931641234586,0.9965584418513092,0.8526677969358032,1.189725162058226,0.9732190466386582,0.6371030198303789,0.924014162813301,1.1053063070633011,0.8451761299115377,0.6903022713169807,0.8449810980855145,0.8898405802821759,0.8487804041957434,0.9400196386674913,0.9597761479853535,1.0,1.262888764763209,0.6997596669308475,0.8877529511773589,1.3179031577881697,0.902957876016804,0.7723974814293209,0.8835286121928362,0.7212580914770781,0.6873003763828778,0.8647168349443445,1.1313957326908053,0.7187367429367627,0.8229687159551207,0.7315727553602256,0.8381641811329072,0.7316560586641163,1.0963051823764804,0.7692806384598571,1.2237358838530201,1.2509456923043718,0.7783591196883336,0.9299435837840685,1.2788886628203646,0.6427217434810175,1.271713975169263,0.8525340726240481,0.8060959136695064,0.8950090658324212,0.9620486286729675,0.6293938015203071,0.9494229168724918,0.8684612616988532,1.0190569739857513,0.6943556443192245,0.930512612562206,0.8401908858455327,0.9374129497525402,0.8323344620130159,0.9155050386152219,0.8018971405251386,0.9791347119725916,0.971692024710723,0.8339402070735774,0.9751227438996148
2007-09-28,1.28085403838704,0.6571894870343373,0.6970949284267043,0.8613720526104912,0.9388071883932021,0.7122526517318595,0.7671223629316519,1.1395052542768969,1.0494055937038171,0.9264169631591019,0.6195586699290194,1.3191499495306216,0.8823824139644078,1.0,0.9233691996951607,0.9678568344466466,0.7686946009142654,0.7898609639631133,1.1322306700054185,1.39179932104173,0.7599400060271386,0.6070329422736163,0.4102106690775946,0.9722762843804111,1.0195441007055168,0.9780707587825476,0.8851338943816547,0.9896800490576604,0.709231792915032,0.982973941389633,0.9375094857116388,0.8346951655735424,0.886670826368767,0.5901352656171526,0.9966061541637145,0.7109614791339676,0.9446469138307605,0.6095220266313098,0.9885575027092216,1.003522233848938,0.9858898567584361,0.9664437382802311,1.002800721971039,1.060217668796994,0.8696427023215518,1.0,1.051901858646044,1.0742952950968,0.7913697622147945,0.7950459550190043,0.935623554487657,0.533564447669609,1.0008387728445924,0.8768963284928403,0.8889420322838644,0.8869606892867428,0.7887478888721364,0.7068582199230562,0.9595214605456122,0.7648357548876253,1.0446841047675146,0.7096390154071266,0.6955750956471562,1.1780718958853384,0.7479747152845977,1.178426129777846,1.019413795095298,0.7579631517189154,0.5752669046639589,0.8910542544214249,0.7814480476305443,1.0785222290112648,0.6251803542487863,0.8205210989231413,0.7218290699137063,0.9967587934435996,1.0,1.07268327779409,1.0278042470895103,0.7730220354864569,0.6408376532439002,1.0879711874258498,1.1284918936002377,1.0880732426742452,0.8254444925713813,1.161266052276868,1.0423593980157655,0.6302056099748199,0.8505734964949915,1.124359735351625,0.8563134328079309,0.6623030125809711,0.8401592632283635,0.8948278143961901,0.8813995302669893,0.9367646785915454,0.9593435973256612,1.0,1.2101833290844894,0.6377358746347364,0.8779765276593536,1.3060425649346814,0.9166525449267089,0.78474138999678,0.8570587547522789,0.7163937293819946,0.6893719196260517,1.0379694487529012,1.3000925387610136,0.76213251358542,0.8094728832183341,0.7318226249431192,0.7787505317163177,0.7479693477600208,1.0569914431215877,0.7960146073539173,1.238853939648748,1.2213288504398718,0.7786114657273013,0.8916399582895971,1.2805807013214903,0.6477707325825887,1.4510215220848774,0.8099554406081063,0.8370236383635967,0.9315674007935204,0.9622049289800363,0.5973469655034169,0.9499327221764695,0.8916509253306596,1.0068145473338352,0.6943934871746374,0.9184893573388245,0.829257302859286,0.9303552671802927,0.7666066808499934,0.8913715984411281,0.8019743127535985,0.9728730480900554,0.9383047754355013,0.7737445337780255,0.9162297842598082
2007-10-31,1.3322701757978272,0.6313326334875373,0.8959304031651059,0.8070781997558801,1.001043048138071,0.7667574556139026,0.762146618420979,1.0384187487970167,1.0222250173352048,0.9146833213011762,0.6212088519361106,1.3248722671596835,0.8387812689351414,1.0,0.9151944597989851,0.9623327058819817,0.7912225067131209,0.7919747679302754,1.1349443799784436,1.3843142723944453,0.7851876499923858,0.6147403059549115,0.4445214349049166,0.9383045830869449,1.0027296105488364,0.880965039957503,0.977318945171542,0.9979883465849911,0.6916369018099625,0.9902200760125028,0.9989339159566422,0.8331279835586372,0.9032284004306744,0.6036268757678231,0.9991241256786763,0.7530648163720411,0.9625913478053917,0.6127857693926885,0.9857425838896653,0.8826934488575517,0.9748676360282619,0.9633459114198181,0.9719945222144671,1.0515967508617732,0.875748893853147,1.0,0.981503751556787,1.077513956897861,0.8057698229592051,0.8045857962077902,1.0177635528302806,0.6793783529950224,1.0007711659371497,0.9367615505199511,0.9002330393588475,0.8886537905777446,0.7804821089665752,0.7088548873889176,0.9609861903436087,0.9725924275614777,1.0421533091816921,0.7842177561318823,0.7303014109369423,1.1802977522125615,0.795394966018432,1.2032106523687578,1.114537495104987,0.7579669830500646,0.5797162633295382,0.8830535419789638,0.7883528542628067,1.1001641832871636,0.6275870496647737,0.8303291626417841,0.7869973603142175,1.000123602865,1.0,1.0671114153319465,0.9912849482981047,0.816422685934968,0.5279863762288991,1.011740099322207,1.1285540172936361,1.0328883880374538,0.83047405706815,1.1366832795556805,1.1397000282363607,0.7041493345637314,0.942253925352796,1.1357424726549605,0.9445896478750357,0.6682412620716112,0.841799032073249,0.8919152143868141,1.1312941595286636,0.9504662380952626,0.9593480638953703,1.0,1.2753942134686556,0.6554939645642035,0.8876989351915143,1.2794309007514364,0.9156985242315695,0.8091155170936678,0.8662642798477652,0.820612808291934,0.7964255590575574,0.9358854089430005,1.0166983981541153,0.7188155930660404,0.8217745802331078,0.731345453507257,0.7641874065252195,1.0263157159223517,1.1028037551280685,0.8686894548271124,1.277402715264612,1.0980942755486296,0.7779212903553097,0.9198907713123035,1.2853337708901522,0.6696807230566374,1.4577655784291197,0.8071438011682389,0.8894418372617772,0.8989650771234821,0.9624809899827304,0.8799539445719103,0.9497444806483365,0.8219230538784423,1.0068989559145105,0.7000173450218385,0.9301198927109215,0.8494341935068999,0.8852698872605428,0.8861082198055532,0.9125357930104288,0.8016339806362879,0.9756592582439649,0.9470496683145292,0.8000630473720229,0.9573039162345781
2007-11-30,1.295168211733115,0.5694146574359276,0.9524458238127146,0.9897481976325729,0.9767109457807256,0.8089697874058221,0.762411258478416,1.0357099212472436,1.0299297108390388,0.9881656968254816,0.6335396541691833,1.301863980818052,0.7573023087872014,1.0,0.9213172707361907,0.9586975745589319,0.8585247861561612,0.7915543839055033,1.124832668427276,1.3310215390040798,0.8240356404587454,0.6182142621913165,0.6468280430697493,0.8920703430236165,0.9870761520351587,0.8732101174969815,0.9221008174366074,0.9492279141544364,0.6781668402205681,1.0119476751228236,1.0173130675373059,0.8371130958178237,0.9233203842481192,0.598728388804942,1.004121400832455,0.7337772144160553,0.9716729283119276,0.6108304220311571,0.9909103539553441,0.8014827190020182,0.9702241608896934,0.9631745933166931,0.989578226168442,1.0426206162567973,0.9146699531066429,1.0,1.044953077918908,1.0954001783994904,0.9399737615547972,0.809561959879712,1.1893441631352784,0.741628796265758,1.0013320792125406,0.8963911830787747,0.866364223329942,0.8790475582868315,0.781000497502929,0.7884897096155387,0.9657347431383623,0.8326716195642632,1.0235096522069984,0.7244488391366275,0.7300925071304676,1.1488182851576447,0.8372262661206815,1.2193785516116562,1.1139405230195638,0.7579769756894612,0.5818538201961142,0.9020512255196522,0.8157302965125921,1.0532702316438423,0.67791754950303,0.871491815506053,0.8377866713842497,1.0015759205871861,1.0,1.1347068428279377,1.0273496045136483,0.8648861432989161,0.5129645482673174,0.9999295505330201,1.0651462651101367,1.0297903418795515,0.8812089379085682,1.1782710433115426,1.1600299728204204,0.6761736833315877,1.0236409166478988,1.2363781160108194,0.8955042355482135,0.7230970177752591,0.8501203426670152,0.8929470483933553,1.2519258464490013,0.9835178261775769,0.956368277488542,1.0,1.2763012015402377,0.6758759936187337,0.8834610280139208,1.2834425262834586,0.8964862293299538,0.7886436227141821,0.8705879625627144,0.9208526001301521,0.8948673444331161,0.9543587675190193,1.1477450324292762,0.695587075796446,0.9097665366604755,0.7320312614984534,0.7613228572564668,0.9599960011639295,1.135272309308754,1.0011323282284776,1.271774141443605,1.0732623609964178,0.7768530731085853,0.9390069769702507,1.2890197758826396,0.6252520195709002,1.5743173628592466,0.9152880406630262,0.9276082425906211,0.8702673332425692,0.9650299739825765,1.0037251676627683,0.9493522808865087,0.8083234567297872,1.0103478328722317,0.7075837970549921,0.9327355527977961,0.8633544521812982,0.7544265854433158,0.8804127767450253,1.0299606734972906,0.8382808379921692,1.020824014073024,0.9740373125401277,0.8310367929994741,0.9988943791630903
2007-12-31,1.1783091748675263,0.6655296849458499,1.111030350645541,0.8472044473313923,1.068626368519862,0.7757696079431221,0.7621855755990916,0.9685632448233881,0.9524083430202481,0.9844837849534936,0.6351234511996136,1.3336527957872457,0.7409581219403951,1.0,0.8841445269354405,0.9572925187485712,0.9870079414848443,0.8192404557075439,1.1350485533788355,1.1768532711395052,0.8232542611102315,0.6111850354161907,0.8433494733590082,0.9360955291134195,0.9706612267395595,0.8608617840263546,1.0209466247337244,1.0291972472680713,0.7213494505555814,1.0407044337045737,1.0423258647579714,0.8342418720129787,0.9433833533204505,0.601697832773463,1.0044317482300875,0.7146462324209083,0.9756491085379123,0.6083265742408303,0.9433061594282819,0.9827713326634834,0.9685735334928769,0.9619881187847187,0.9634630354731132,1.0511700652479203,1.0400332235606835,1.0,1.0647159800779868,1.0434326955484567,0.9240287427546061,0.7937037670067102,1.2231529166709934,0.7545847238209283,1.0014993767732296,0.8754562211284556,0.8688764569635874,0.8815648742876179,0.7822513783748357,0.7753185383702271,0.959945764494629,0.8703518689307811,1.0850317343425424,0.7348879514099267,0.7728524639002018,1.0778171773467642,0.7263478330579003,1.1878415479367506,1.002118523137805,0.758004781685091,0.5780339577500067,0.8639471796816283,0.7964992252347758,0.8598093241909645,0.7132934940597986,0.8701169647763511,0.7408978857929333,1.0047368478398304,1.0,1.1751791978742294,1.0262822958412912,0.8028404147500612,0.5072654478819183,1.017316331250066,1.0987202524102353,1.0137006471363006,0.8770394566014416,1.117980668352119,1.1489215376002382,0.6788573015937692,0.9290774927445267,1.2144262908165449,0.8264061046664237,0.7150819370993352,0.8472666877789999,0.8898910556277022,1.280059406411487,1.035131345461419,0.9543648246077515,1.0,1.2730088681310192,0.677341573078774,0.8801488486831726,1.2187918836574891,0.9717097429678573,0.7077942279084382,0.8871506563478647,0.9454571759020948,0.9182982804518993,0.8554422803911008,1.0499762876412277,0.7319543661056521,0.9045067516329919,0.8265756205213188,0.7346573818773899,0.9461222699489431,1.1476417505833905,1.0336768578690914,1.2208839578103738,0.9016622213043864,0.776548022723385,0.9255230869659549,1.2889674803370659,0.582640129151951,1.584872059876512,0.944944910867912,0.9834554655150355,0.8601313400823807,0.9624894106101998,1.0450262657168423,0.9497830652280287,0.8061618264616963,1.0147695130918142,0.6952996751098566,0.919038664930081,0.8274075981803948,0.7555880653547637,0.8604210279600468,1.124668978590862,0.8628135491611472,1.019721812352114,0.9410468294507464,0.7523195358942198,0.9578405810834398
2008-01-31,1.3513237486159348,0.6869253676000229,1.0693834343444855,1.0226932943820082,1.0743275414012357,0.705392357196433,0.7612894343944088,0.9553154112498748,0.9464120115284859,1.0023614962963123,0.7900977792777277,1.331965969752901,0.6828406428420728,1.0,0.9418454891538024,0.8994836130951854,0.9291396864190856,0.798457418278395,1.1108250052857485,1.382577467625484,0.8587302467975628,0.6177275493329208,1.0242591002264483,1.0529161241517453,0.9640321874495179,0.831029278674982,1.0325680143188225,0.9833137776167393,0.6646476500428757,1.033508624431128,1.0852782127090865,0.8725631391347899,0.9127654870308927,0.602666978024314,1.00610273871685,0.7156980234878761,0.9858594006261121,0.6129568150787226,0.9530429435599415,1.0101644154890728,0.9594411849033477,0.9709128990841894,0.9070873352754653,1.2181572660283233,1.0533083777319419,1.0,0.9780635625792647,1.1553868696127165,0.9149585560105725,0.8635908559625365,1.2107840784205237,1.0333704600756013,1.0014109801284832,0.8512719717688811,0.6380850194437451,0.889830538683623,0.7808249169654919,0.7524933011748964,0.9812050677466452,0.7523755275864137,1.05275385816222,0.716854210587389,0.7757069959027881,1.2316174389052272,1.1884044372429892,1.207250749140879,1.1525347640313426,0.7580333829524972,0.5851317908116607,0.8677943642505874,0.8968636784256522,1.0907142516278694,0.6897410015251739,0.8609110237460231,0.6856184032249201,1.0050273492175712,1.0,1.1369506151599444,1.0091103430885437,0.8138271996700851,0.49498737203728893,0.9718456446875486,1.0708979784750485,0.9814187244535842,0.8470162075844007,1.1007166528903196,1.2418994937836167,0.6643811208919044,0.936803149108337,1.2300582870106556,0.8023886782508258,0.6729937332879738,0.8436328578406627,0.8797224141455899,1.2777220325698493,1.0221404647133205,0.9542983208973723,1.0,1.285227507550557,0.6111002262456453,0.8755074141606627,1.0402152628062036,0.9264590796687013,0.6737103633792818,0.874453095038711,0.9313717850235503,0.9014298501294746,0.8176191808240676,0.9986418698404215,0.7982374885019115,0.9017308860995202,0.7496539803548379,0.7410508609726019,0.9486143021161563,1.1246140323440281,1.0334232379240795,1.257702212028897,1.219759922444699,0.7769231022009109,0.9342901798877097,1.2888636522102304,0.5396630624336292,1.581460050727538,0.9467157037566568,0.9248138908187021,0.7871424892167402,0.9656554743400598,1.0628142766953463,0.9498183880229744,0.8075508976644505,1.0036216326844427,0.6972590978327194,0.9841493901446996,1.164746962484869,0.7349349307997377,0.886446149621769,1.0911599202658089,0.8675016735026663,1.0182138919197792,0.9239202688169388,0.7314195007507452,0.8946884298124037
2008-02-29,1.2697942024828754,0.7077355158477558,1.160018627727831,0.9161584781508809,1.0903310645743056,0.766061681757858,0.7623050108924386,1.1200731556730423,0.9718424398176808,0.9970222155386634,0.7177897107248865,1.3340165794286025,0.673599661314424,1.0,0.902771985443729,0.9064892527412909,1.0208313373314646,0.8045114597699587,1.127483044365826,1.1280502782509796,0.853645715663892,0.6370725715547844,0.9704691732650796,1.0852585009018934,0.9477152273946976,0.8278593536725222,0.9582465488692052,1.0743805439980687,0.7084154530131432,1.0371528463061666,1.125770537181162,0.8626133064362049,0.9649805994745254,0.6079488893086333,1.0024783644237008,0.7505985913540926,0.9914979701154836,0.6100977073536635,0.9634104853570484,0.9708229495189805,0.9546936972325613,1.0285266619689644,0.9456600833164472,1.1968928826832659,1.0577198692188785,1.0,1.0022807073688498,1.1612096020216138,0.9227990483708565,0.9993489969258915,1.2121687015613285,1.0722760665159612,1.001305534355733,0.8319542861246422,0.59932886844884,0.897303074853021,0.7916825904060762,0.8568801841873793,0.9711810271050174,0.9382821257844262,1.0979257861557252,0.6686630851261592,0.8015423825662185,1.1764171892287094,0.8863842788032866,1.2193151273731369,1.1224494123236226,0.7580607990030468,0.576580430830262,0.8478865778412765,0.8670286460292207,1.0074209080096868,0.6369555763561516,0.8990805090704163,0.8760301044760066,1.0087043982453678,1.0,1.245794767098674,1.0775939440585625,0.7830437011233415,0.4928664248141227,1.0016275872121196,1.252868959764615,0.9740954959155497,1.1443631394341152,1.1312690182229868,1.3223178253235193,0.7131377084471731,1.020723142631074,1.1952561422883905,0.8200442227020545,0.6992634228587519,0.8453466350564356,0.883940933836569,1.280969657061798,1.0763640561731915,0.9541525326035554,1.0,1.2781260354135628,0.5893334391073268,0.8714416194022119,1.2158748581661754,1.0082500060513764,0.6492157162436383,0.898170869666935,0.9219442859654219,0.8881627303793729,0.8087223399352668,1.0289844138259383,0.7273613208779659,1.077483182958875,1.1715435753036854,0.7319055481652528,1.1210362717259117,1.1229578046641928,1.0510573782682107,1.1918066166223844,1.258945864580613,0.7758176549434038,0.9374470847717493,1.2891581817959863,0.5295075064363121,1.587247132775188,1.0224205707380112,1.0094049915532597,0.8368684403871646,0.9656658058950055,1.1165520452088225,0.94996214080744,0.8091369451832569,1.0200137981760642,0.6963577498601354,0.9457499397602361,1.0088938640987015,0.734306782905809,0.8692595251712147,1.1411070373277166,0.861538557320349,1.0265729143495648,0.9199709526194862,0.7393981885835215,0.8701066774499018
2008-03-31,1.1885094931408624,0.8162982764173619,1.1104637493308658,0.9268548376274144,1.0536050741888061,0.7961930302927175,0.7640238782965731,1.1001469850032781,0.9497721799091563,1.013162655865763,0.7732331031602091,1.3336416692323498,0.6902934521520664,1.0,0.888632507390549,0.8830835465307045,1.0249274923233558,0.79193988133332,1.1239427727755915,0.9635142224087778,0.8371296085015925,0.6579111057270391,0.9937840787119859,1.0573784724219195,0.9134726217241479,0.8097258383876421,0.9371730068659757,1.1098702722176668,0.6626732625690763,1.0219544347128018,1.0732567765160257,0.8441963968397777,1.043583886721772,0.6039484884324919,0.998451145049645,0.8427829229788446,0.9764142001014295,0.6097579825251119,0.9465202365071864,0.87650665123679,0.9522819718948282,1.0362647476632618,0.9445235568400062,1.1598784690922577,1.0626950564379385,1.0,1.0471974988853328,1.1728713646164726,1.0223062116370027,0.9012244097409317,1.2268963694340833,1.0548691243050865,1.0022510205316826,0.8112556621403416,0.5924732760603293,0.9032149797374945,0.8628819828418187,0.8776311045353928,0.9663137016564396,1.043282487449353,1.1062341884647542,0.6315911520208852,0.8028338745749192,1.1494821731636558,0.7073525055385205,1.2357796869469828,1.078231473304519,0.7581107177256713,0.5725768725461082,0.853957142735971,0.8830722799293396,0.8835825439259528,0.62781446306631,0.9109398353788748,0.5924284576126099,1.0093151241169809,1.0,1.2891126321179938,1.0811622882250258,0.8002683748364909,0.49535801444979366,1.10902744010037,1.3170176808178036,1.0007024315441317,1.0682595349226194,1.1421452355303474,1.3302508048238033,0.7631724368140332,0.6655959064182173,1.1361966602494624,0.7725660103691505,0.7470949774626787,0.8436083812338214,0.8971204935850955,1.2818934827997648,1.0859488920995215,0.9543817984959988,1.0,1.278487554439033,0.5673760488506798,0.8723893931242037,1.1819225349890008,1.0441123642927277,0.6162256445950167,0.91352345200538,1.1015558222811468,1.1469758143972484,0.7514704454123773,0.9577561936046391,0.6550503874247646,1.0938444129341753,1.202520291539858,0.7848961509957081,1.156609560007714,1.1304026087346855,1.0470708008878318,0.9741706525399321,1.2591298003081806,0.7716722098577959,0.9071622395987096,1.2891565647452878,0.5159858279317548,1.5819953665729396,1.0537306981822578,1.1188681957052267,0.7988295976884712,0.9632367252218859,1.1133855738047846,0.9500360044434277,0.817091415087537,1.0171355427272457,0.6943501171460209,0.965334664977018,0.949506551685986,0.749213844103562,0.8736984073393781,1.1448128262735848,0.8890883702128507,1.0350409407911108,0.9199739177165481,0.7652035282454556,0.9245110132863408
2008-04-30,1.1359318523350108,0.7983129739743962,1.0080748450183297,0.9030743755750698,1.0959472023510646,0.7375327122289149,0.7679641143813346,1.044593312780142,0.9101159386474301,0.9991352025916767,0.7848587096852504,1.3373264072956264,0.7461849371895196,1.0,0.8811630296511558,0.8739730137472511,1.2627336746232993,0.803470447543153,1.132155339545137,0.9734459048897188,0.7585329464060835,0.6400918679677174,0.864865336549252,1.0046177365674496,0.8696323861084957,0.79080759128703,1.1086690880146088,1.1307103960765812,0.6476866967555794,1.0305676756531157,1.1967093624164697,0.8470552317487882,1.0010374210943316,0.5958536217709467,0.9967550525603032,0.7113262179131119,0.9841333344894444,0.6102798861082093,0.9363497817305776,0.8794898842803656,0.9609775698220623,1.032718804298903,0.913473295934381,1.1093604817955007,1.1122192078215614,1.0,1.1637727882315732,1.19291781565388,1.0490414933546839,0.8532496171370528,1.2279569473112657,1.04327994984063,1.0025160772168935,0.8868782058675277,0.7754666664133671,0.879911606475314,0.9088533223121477,0.870022006685313,0.9624641659065951,1.0479129495146478,1.0956853099748727,0.6241827330066498,0.8052154203533298,1.1566204447029393,0.7353740663833312,1.2210941602014451,1.126664253942724,0.7581357602799967,0.5723035486413992,0.8384209059760935,0.8867697970095683,0.7913695318502884,0.6220830244418978,0.91361759432965,0.5780496872789116,1.0094209797182534,1.0,1.268514372446747,1.081672336777316,0.7420543227389784,0.49724616895463014,1.070353835235553,1.278907542183232,0.983784413842976,0.9515006597792772,1.1152417816538371,1.3984257335548715,0.776639862788689,0.6356748462344131,1.0807177679109001,0.7344785655081707,0.705146699989677,0.841365899409803,0.8894354142807682,1.2813956317986657,1.084485417893331,0.9547367764408689,1.0,1.273110090639669,0.5607668694248964,0.8752920358610354,1.0670858903939466,0.9780412381179608,0.593307164098035,1.059791861345548,1.0424798788482506,1.049704776009582,0.8008681779725642,1.0678110043341604,0.6821640520141613,1.0837918339321793,1.2248299549212642,0.7660743119363582,1.140446822110905,1.116953958260017,1.0544397678375867,0.8279868596656174,1.1978246400621113,0.7724042495508726,0.9050223237574007,1.289120628471116,0.5129136603221595,1.5780679465235399,0.9684604739319983,1.097003770567473,0.9173147848699188,0.9618509345682773,1.1139390259706807,0.9500232831980934,0.8116870752836549,1.021302025218252,0.6894346001972249,0.9452979482999201,0.8540266435097806,0.7916298452384365,0.8261022261522498,1.1647668102941464,0.9112979676084484,1.0316315484599656,0.9193440782465764,0.7495333893276471,0.8991400221064558
2008-05-30,1.0725064627670982,0.9732855045221208,1.082040457828195,0.8207590300559378,1.107035352436239,0.6635121227617913,0.7694363183679646,1.0114236245138915,0.9034910979613893,1.002211077990175,0.937412632013132,1.337590996475874,0.7333826881287566,1.0,0.873039111562769,0.9128120945100909,1.225644833939472,0.799794219854956,1.116215959554497,0.9642370864675838,0.7764113747653276,0.645219361396887,1.0761045795406348,0.9886016305360841,0.8547846371571309,0.79463635735976,1.0257608799324578,1.1021325701832962,0.6610782974813009,1.0754337860760939,1.0694673726838066,0.839704870746871,1.197162860976444,0.5984710364151689,0.9957202181888731,0.8165735903062294,0.9672607219124042,0.6236352181655787,0.9368112169303056,0.6627220706151482,0.9655202387866176,1.0376620197178539,1.2272916630891937,1.0471377560768533,1.0185851547560056,1.0,0.9985380982994638,1.1562724034181373,1.030025770001738,0.8609365833333958,1.2310214766181689,0.9763313708085549,1.0023140004739965,0.8663819167067708,0.8068191831535001,0.8814212310916016,0.9155109928321198,0.8871012423504995,0.960876951925537,1.1068664075520491,1.122658350493318,0.664027027114224,0.8049137672516822,1.120350376834754,0.6507857713906522,1.2266438260483175,1.1026849907571574,0.7580083260674935,0.5719533294432945,0.8407004860118955,0.9263680287985648,0.6395340305447996,0.5866557954537835,0.9580362451180373,0.5911482200568723,1.0094858963251414,1.0,1.2856781524901897,1.0786399418655215,0.7615722496041604,0.48532066407389207,1.0555023853869603,1.2691971652515996,0.9493458576708167,0.9208067276974063,1.150723293609409,1.2260775131981663,0.8139912352200709,0.5648179763236367,1.0460710252605887,0.6435907863644674,0.7098980284882865,0.8391051665688628,0.8989684571162229,1.2823098704183955,1.0826723108952898,0.9561770396825053,1.0,1.269791405841587,0.6134695750265755,0.8731285912060407,1.2243013675410543,1.146228275948535,0.7004929880655921,0.9343086174969115,1.0426990775059146,1.0433060556296012,0.6425169421923107,1.0221762264462861,0.6580203228420453,1.11846499565387,1.2500183557658073,0.7759661772756088,1.1228734502428794,1.1670014926225305,1.040196929300622,0.6122785921778993,1.1549929691161478,0.7745661475119673,0.9267060107664399,1.2891469541668663,0.5498910960380454,1.5646713200118536,1.0475984214347138,1.173028562144499,0.8794660083666264,0.9610142819458907,1.2033082957342056,0.9500077778389358,0.8070443007057014,1.009891120592491,0.6882416436373215,0.9487429430645063,0.8515619758571059,0.7827743866367064,0.8408159571572666,1.1234546895885344,0.9644938713454942,1.0354295976864052,0.9202154078534864,0.7931321967082704,0.9382257648225898
2008-06-30,1.046102408569398,0.8870610742138484,1.0743740751338018,0.7385296788656588,1.2679949709747005,0.6642420775875035,0.7700140067560006,0.9667284092659806,0.8860731356473881,1.0234807902381515,1.0894742643499398,1.3377824469687134,0.685149481527063,1.0,0.8718625466936034,1.0107738681228637,1.370598078107574,0.8157464344674025,1.0838576080394287,0.9600770664705295,0.7645967024247042,0.6392846705996742,1.0756017615093758,0.9904656391996037,0.8391275869811036,0.7959767754729186,1.0697773934432597,1.173480496107627,0.6561120816992129,1.0782064342021476,1.0829547795009022,0.8409277197649574,1.2318305415882902,0.602839411153471,0.9944785434545277,0.7724790990984927,0.9592251398484214,0.6214832509955036,0.9287140493641876,0.5389268921860685,0.9780696514348329,1.0344837573562584,1.3629352860353092,1.1552240119949921,1.0430176776512476,1.0,1.1726420553941588,1.1355610696968625,1.0008382899278891,1.0947205632712247,1.2307968176573163,0.9249810751709524,1.0022786622421327,0.8493294840437424,0.9260496938819187,0.8997915304797289,1.180125764209835,0.8909153738235915,0.9600011995479771,1.0901336511850666,1.179992116364287,0.8252433092925385,0.811643773312331,1.1310162288504177,0.6426064296332289,1.2204970285876342,1.0375684511742154,0.7580072286954251,0.5720103682662191,0.8382060999113234,0.916168298512961,0.579154442360337,0.5718560392264302,0.9533269154630312,0.570798210077974,1.0104359581580449,1.0,1.3215110403213308,1.0841947577239182,0.7376557916902253,0.4794283115989235,1.1826167338699054,1.3008663623098686,1.086429463222395,0.8965647458063124,1.1382194913748076,1.2691431884575546,0.8746708800729832,0.5417596111508199,1.00710626519237,0.6222075323167975,0.7192603345895195,0.8373571769966232,0.9460908555174149,1.2823288028205255,1.0890343809251606,0.9748921711087654,1.0,1.2466570381962199,0.754225107975592,0.8679606214023557,1.2468651042080512,1.1468836831391471,0.6556839415760338,0.9378721766315169,1.0605636337122575,1.0728660311696299,0.5240851109800584,0.9983339000798507,0.6518559801920489,1.1424076860882337,1.257994146016512,0.8749834525503768,1.1445072064270172,1.2634498627723179,1.051367057226733,0.49854203789815843,1.0760661913306881,0.7741581370040611,0.9184547593671252,1.2891285959277148,0.6412644539349456,1.538937068835413,1.160608409906284,1.2559927385841076,0.8475474957839833,0.9604000088600857,1.1708431526206051,0.9500416473275668,0.8020508208128534,1.00853066503743,0.688043964032535,0.9476891322935267,0.839647283832091,0.778789199339453,0.9137463708195862,1.137646835495175,1.1978914798012006,1.0332767153546218,0.9199990245486503,0.805063170077674,0.9348380796230468
2008-07-31,1.108275704715908,0.8836052097293736,1.1167388368057323,1.0830168262866349,1.1478338012293356,0.6108331077845619,0.7854947383899711,0.9594208004478947,0.9379355975543838,1.048012799879584,1.0736292851296683,1.3377094421228182,0.5934768220909044,1.0,0.9128245992562457,1.0063076614689426,1.3476572475940634,0.9636673060796408,1.1050357598779323,1.2574690384176717,0.7945518467289023,0.7613612678053794,1.1681222615862326,0.9997828539728536,0.8656360275868248,0.784609265847738,0.9615501373220784,1.1706663624253701,0.8278571483041517,1.078088902093639,1.3033243352429476,0.8622534467480734,1.2447403929379655,0.6667530015257004,0.9941183267818994,0.7208188552768804,0.9787858569099523,0.6182909363576043,0.9547998058387278,0.5494189440030572,0.9743963888475177,1.0382203797055185,1.334809728930393,1.2553623916307777,1.0296746976971693,1.0,1.1760015277638178,1.2118823539038561,0.9839998549813355,1.3824813310343493,1.2281895733524832,0.7633566981633539,1.0023391146042473,0.9259609442798697,0.9561918070970538,0.8990867052678755,1.009613986779234,0.8895607352247691,0.9578597054401099,1.1086698227369591,1.1710059152568564,0.7751366571829277,0.810429419980138,1.2562452343561932,0.7489844521543796,1.1589401897835099,1.1806552085714515,0.7580066446507335,0.6333234487301629,1.055849047121817,1.0101140796819332,0.6855237188071263,0.6679602945858876,0.9788071919476111,0.5862400686721629,1.0097201372151927,1.0,1.3111507908217512,1.0837977640998462,0.9750911916476299,0.48160348804757347,1.274865575844934,1.2449383225777089,1.0884325466942062,1.4024499749741577,1.1404413864228389,1.0849759290393641,0.8940395700134488,0.694352480128247,1.0387866161964145,0.6061729048766429,0.759640919569003,0.8550284985888414,0.9021828125466084,1.2822880536232,1.0861930708657666,0.9748186478291686,1.0,1.2697411886928214,0.9949329016244823,0.8697721744660715,1.3263011310541895,1.1464896155004087,0.6771576830774624,0.959179079821979,1.0459493147235985,1.047324543879835,0.6226495610100822,1.012841193724373,0.674837163101532,1.1307993120440463,1.257846289367933,0.896758331620612,1.168421346849711,1.2559671033498296,1.0400357484078946,0.6025652146801824,1.355282138358101,0.7689310766701667,0.9499791543422683,1.2890382063427155,0.6328527654111551,1.4354875261880955,1.115561469767154,1.2502275778149152,0.8415927751419758,0.9597063944641541,1.112207390147236,0.9500578623135757,0.8012994767688131,1.0090165270918214,0.6893611484480598,1.0201871101712432,1.116915390407522,0.746010158678042,0.8851878653483085,1.1521151308887363,1.1696900397239391,1.021677223794449,0.9285981259565224,1.011079335600013,1.0177272384455516
2008-08-29,1.1399781090907983,1.0279075317598645,1.0872270210801496,1.2410114975314508,1.0422196275186,0.713926609264677,0.8991030267037858,0.9064533728915635,0.9910657638012786,1.0460484068776847,1.0688782784129802,1.3376597919224344,0.6010603869753466,1.0,0.923585303591109,1.0068091380268276,1.3556753838176065,1.0047809983666027,1.118341613646598,1.3969945316034507,0.9125701818495423,0.9722780780974474,1.1887725021693063,1.0230036280199721,0.9038992480782236,0.7736485197951855,0.8716148235485695,1.1483672658300355,0.840899566313216,1.077481499393934,1.3702611792115564,0.8768228331850773,1.2462192148855031,0.7571342362074082,0.9945613918841286,0.700845990895135,0.9811357559074813,0.6595945993204504,0.9884693067128956,0.6097189180297689,0.9582172185396501,1.0365116325565873,1.285122157129843,1.3783292407970396,0.9612162120153438,1.0,1.1431119655792634,1.2863538553862952,1.077486043475323,1.3796741186119965,1.2195332840786222,0.6431733851811162,1.0022951800444713,0.9270246508943016,0.9189022416398896,0.874697828122753,0.8990942425493872,0.8804418712984273,0.956353746419137,1.1469896966256952,1.1631838483000407,0.7745535744843922,0.8060060579887268,1.2944566309207013,0.9116995297018062,1.1611601721442386,1.1714082645563695,0.7582908084756793,0.8021581209091933,1.0785192429289,1.1130358892442722,0.7454553722223154,0.7473502105235177,0.9983823886836252,0.589451496100143,1.0076235624796885,1.0,1.257558451744417,1.08251549730192,1.0135795007740755,0.48885391161220815,1.1433256977248873,1.2276476369200642,1.0584874396892479,1.4607688937909447,1.1982789955442736,1.001297730033606,0.8284484154228955,0.8099063681027585,1.0491352667767642,0.6782600556154917,0.7988842438386168,0.8804589567623146,0.8903126669570295,1.282288980810858,1.079881517159298,0.9733787248131961,1.0,1.2505913985588712,1.1136181970312418,0.869846340535864,1.3263716135406398,1.1460573498276858,0.725589204015099,0.9661904260647564,1.11839950612346,1.1491237459183545,0.6814791636998025,0.9763271416055336,0.7253751119492062,1.1209358105517118,1.2574636896625249,0.8244697179071001,1.136767295329509,1.2081055748541565,1.044821105290278,1.0195133995212835,1.398852166463819,0.8203767440400148,0.9663387052566611,1.2873685198149845,0.6652282976504287,1.42297980408169,0.9847190850534381,1.244981409955724,0.7893111849506396,0.9591283996483674,1.0613161131257804,0.9500477150970291,0.8080575900055934,1.0095021219250049,0.6974589882722344,1.073760752436323,1.1657611532791678,0.75222408220382,0.8409061118648339,1.0112807674692055,1.1296343439147403,1.0205088601713546,0.9240730407431658,0.9463323327447093,0.9937102073585703
2008-09-30,1.1944815187009359,1.10169205810422,1.0721359722614423,1.4459234849726113,1.1070410120672456,0.9556143974650876,0.9178364796133617,0.8192747581453742,1.1237335573259464,1.1279963833638016,1.1189109653297924,1.336948663392885,0.5951519424816957,1.0,1.0045966375340676,0.9543413815450233,1.3928826784058135,1.0574869259572734,1.0465914392704252,1.4736187411834443,1.150056807608658,1.2290097475708668,1.3196641397797504,1.0111928641888033,0.8917353637316443,0.8479768425791797,0.8510234399489932,1.0449642899909006,0.9523488902717325,1.076249387337978,1.410362373756105,0.8873300161769173,1.2140885760098055,1.0165862910889731,0.9958229823466686,0.728471381632438,0.9843968689001582,0.7543474029210365,1.0625384845152015,0.8044408718804654,0.9453032648096663,1.038226820618581,1.2811398065901465,1.5694880530027615,1.0939028714543657,1.0,0.9258379891450678,1.292499397976933,1.3050126536435713,1.3949188070980711,1.2197444488124969,0.5964357188093308,1.002162361493898,0.9907180238706577,0.9081153252666191,0.8740591340285409,0.8656079679936532,1.2156828000575601,0.9868674909609808,1.1820339081180917,1.1151295748380803,0.85669798025151,0.8046266508279534,1.2832821484093202,0.9876623335610949,1.1562315097400793,1.1530569063210052,0.7613156630913407,1.0784708133591394,1.1329342625495589,1.3169124007128121,0.9202825722852598,1.336077488924826,1.2559085544710897,0.7943979987274278,1.0048915766550526,1.0,1.1489940347334937,1.072549046142215,1.2547500762531285,0.48204668361529834,1.1050561588456893,1.1938659537277911,0.9673142254430109,1.4588260456432582,1.2454336227172749,0.960712260110117,0.8456174917407402,0.8340663509159276,1.0884730385790644,0.690513169539084,0.9770345788433805,1.2510473919786937,0.8839582063072774,1.2822879353249905,1.0767730101553292,1.0091525060203337,1.0,1.2735347675579727,1.2683725560406416,1.2243212485306585,1.3269243117474638,1.1452515087366186,0.7233476235376897,0.9762097041738862,1.2726642758217008,1.3306401490921818,0.4760894809717725,0.8885939513134329,1.3962605220903097,1.439053105081495,1.2577683679637608,0.8714135544405077,1.2064422113279332,1.2620592001766169,1.240871711489958,1.235484671478454,1.3583107988471177,1.4012784506124363,1.0220843889039724,1.2849342450255876,0.6310379055355827,1.344224975874096,0.959414205464956,1.2516739878532168,0.7267792486560252,1.076774142028504,1.3372110682330682,0.9500354956349616,1.1116167399883397,1.0097273500439627,0.7334619147939496,1.2229509951217168,1.1891299679912684,0.8746990914526657,0.9097654153389297,1.003228982105339,1.1310438666909284,1.04045530605886,1.083382569674766,1.2753364070567819,1.401407080213417
2008-10-31,1.22291735530335,1.109288399649634,0.7179566595796215,1.4522952717001467,1.2595781912679973,1.1210181687512726,0.8462841143904658,0.6881098522269256,1.1254479190565323,1.1603551458526624,1.3257248686469068,1.3249026795273626,0.5831411229183517,1.0,1.0917871607651153,0.7262766174336108,1.497329127863253,1.2078278660204855,0.8928211316730694,1.4770513652582713,1.4473204137420213,1.3301516979766905,1.322444078452602,1.021679905533969,0.8842200651025193,0.7038662369008359,0.8545419035608167,0.9063355809002126,1.0778231687182367,1.0464368674997755,1.4138489975189366,0.8858855979859992,0.9977712081206611,1.0340669659638573,0.9975349374231239,0.7609249498832169,0.9997071765895814,0.7831135082501446,1.1058494844267885,1.1869696653184303,0.9480171425894266,1.0384997494312505,1.29158261410684,1.6155105002860917,1.2579090960082029,1.0,0.8140158788086072,1.1029275263067821,1.5083755514298502,1.3979589249570483,1.2185843508718945,0.860904465956557,1.0014236699102614,1.1453960268962027,0.8806171091106025,0.8776056399786935,0.8875103529721596,1.4363920065890288,1.0480030588939169,1.1578158969338679,1.0105239012736817,0.971583155066808,0.8213103966474818,1.2032247199472843,0.9063411205054632,1.1557120392528573,1.1606056362891486,0.8526045121992079,1.243020932630161,1.186753756863342,1.3790789295684105,1.0007393230900397,1.5680025351012241,1.3407981326893048,1.1186599633877345,1.0006142451400983,1.0,1.05293526971486,1.0485215161896957,1.398528567220927,0.7698601675474042,1.0052719477806185,1.201317736644986,0.8128796344472237,1.4981733495484626,1.3721676182264853,0.6432529169183943,0.6280614307123351,0.849335496335175,1.0526481882604242,0.6406668827078965,1.2058635819754988,1.3618341347484582,0.8718361375996169,1.282197502216547,1.08487476865705,1.064639083090646,1.0,1.234725015701789,1.390234027364441,1.252359998599744,1.3269248587258065,1.1290472948961068,0.5317186863402705,0.9525967219779514,1.295866805120176,1.3509955000113667,0.31476201661333536,0.9187190708005344,1.4236933114636043,1.4398714215219588,1.2581175847961918,0.9636107553302027,1.2065672187400598,1.300864499416718,1.4157476051958264,1.2403809228255938,1.256004605621157,1.462687144951249,1.1094801214529757,1.256354380343618,0.5432256652980194,1.512866920222066,0.904473737240473,1.2463727110829623,0.5734831321856333,1.0845849914625636,1.3442346056458867,0.9494727512643819,1.24592211045814,1.0110808724591032,0.851165560329106,1.2533125633880542,1.1924965761612651,0.9479533898186325,1.1003426261654912,1.1852111328926516,1.2385332192665393,1.051837350849859,1.0848984504752308,1.2776420111314677,1.4276518656272372
2008-11-28,1.1586062891086786,1.1346386436764753,0.6975640989086023,1.3987617270261907,1.326754850357658,1.1483340386655396,0.789284526883282,0.6446420837768694,1.1255192973949535,1.1614069965294764,1.3728863472352772,1.3198110242568633,0.5844128259179522,1.0,1.048882109209457,0.7215194963963322,1.5026172061823444,1.2115719686615105,0.8957976819360802,1.491535411159966,1.4355580501930598,1.3295141556561807,1.322150743370703,1.0555203828891557,0.8789164945333933,0.7124222010233539,0.8619143443272114,0.9142477304185409,1.169825182432616,1.0118199167212936,1.3502261344906716,0.8719767602929914,0.9898528983265454,1.0301960014937956,0.9972478133410947,0.716628611647149,1.0022996925575356,0.7203562840387707,1.108670732093037,1.2601109074131052,0.9526398817660391,1.038469431524621,1.2410391069743167,1.6082409993066429,1.2548963288381927,1.0,0.8171890254541659,0.9134192643744893,1.5114264608640653,1.3972929605469118,1.212762874835736,0.9682213165715959,1.0012632262580952,1.237972167782378,0.9180783162435152,0.877333183610046,1.1497016379113432,1.477165579079418,1.0618491552849407,1.2323125700361381,1.0249177156175693,1.157251537125886,0.9073518138814654,1.1503627203975741,0.9566936766779863,1.1568694634056782,1.1785532107146603,0.90227060637992,1.2709646691002525,1.1900715236481343,1.3774600350564334,0.909906383651685,1.570927573269722,1.355405320814742,1.179511997495356,1.000663347680363,1.0,1.024021400709702,1.0379616319881437,1.3906110576246076,1.094744119354299,1.0143696445324892,1.1905419278078997,0.7414659908372849,1.5005456995181072,1.3721678283976937,0.6161782226766694,0.6782721860959744,0.9235060110211162,0.966659704095336,0.638999906477447,1.266879960571018,1.3596995667226572,0.8765953319069377,1.2823072982399686,1.0639972621473308,1.0647804765356073,1.0,1.1893377466924744,1.3905291491927965,1.2494204827775044,1.326924933572276,1.132152165452769,0.5260510999092561,0.8998203002260361,1.2496987810979354,1.29415819313056,0.3038686826021887,0.8900556558140429,1.4309645621754354,1.4398879975574879,1.258128595523722,0.9857286138575315,1.206539181031572,1.3010061543655467,1.4179676772722845,1.1277088738952603,1.1756632550836228,1.4620039956235047,1.1123277451690399,1.1310193716993187,0.5347386434230863,1.5879168107353485,0.883982063785076,1.240455902801634,0.5640687480998556,1.082306648395706,1.3431962888326332,0.9483997945875416,1.2528361854380197,1.0093884368930726,0.9410970292155582,1.2560044427505959,1.1922266417183454,0.9317960557128487,1.2256905881518505,1.2007404468296032,1.238797914708331,1.0484362575282649,1.084905093468706,1.277675884313127,1.427195543273705
2008-12-31,1.0811541496950414,1.166202408187308,0.685501033695336,1.4208985721744378,1.2906834290420188,1.13792965563279,0.8001491532815641,0.8537843879218081,1.1254610677210963,1.1614640290278007,1.3736412691186841,1.2220765681320296,0.6221580963154109,1.0,1.0124294325175258,0.6632701091235368,1.498799961754834,1.2119736715117921,0.8791814057504399,1.4934166538800466,1.4742624570693146,1.307425181010809,1.321518191024243,1.1253156324874785,0.8491471777328303,0.7277535336881602,0.8404051688752332,0.8946794362379762,1.2382949414817173,0.980287610769109,1.3898491620183646,0.8770609634990534,0.9392599026511679,1.0008321478339357,0.9959415924439008,0.7290454664968904,1.006631587981741,0.6491150387078235,1.1007160197504642,1.2908086346043848,0.9505412227234861,1.038713372619577,1.3312099882078012,1.6133532772755292,1.2457056347020752,1.0,0.8186374689124211,0.9283176515465427,1.5121353225728793,1.3968274295197076,1.1987994380470781,1.0675845247144202,1.0019684794195938,1.2082718072711578,0.9012047011108102,0.8762821368844906,1.1960199376831586,1.4806454459237417,1.0634205125570428,1.2332705475536019,0.9603740220790519,1.1528574072836508,0.9521046115046093,1.1752903589713717,1.2776722180278255,1.159536635014782,1.1834264448505514,0.9233565854130972,1.2927823403539984,1.200913500780772,1.380293739683022,0.8624460466185586,1.5713478786358492,1.3568152843190087,1.1891001798355512,0.9994438032740333,1.0,1.039924486525797,1.0290938095460898,1.4056876646571412,1.1388901978738195,0.9340401449140578,1.165975305350583,0.5806828478470613,1.4973390397300634,1.3721683072528088,0.7023501827812296,0.7594749323241099,0.8822330231989768,0.9820840100181042,0.7061874043918839,1.2590417064970465,1.3584235392190134,0.8827641960766287,1.2823150813395268,1.0633915972948145,1.0647649802874357,1.0,1.0054826885987171,1.3999366543811471,1.2543137435928347,1.3269250211939192,1.1300708722664754,0.5219703534522253,0.8918831170813454,1.2077245031399158,1.2456222960551526,0.30094830056699984,0.9382534819068699,1.4317103645721816,1.4398871977984877,1.2577134062856499,1.0153157678999565,1.2065636437878267,1.301002304563252,1.4180547149314933,1.0393483107296417,1.264402224731041,1.4613805253666503,1.1127323851391384,1.0924460253980086,0.5112922230418182,1.5789155792446343,0.8125430979843145,1.1882031212693085,0.5724705555548242,1.0818162523222798,1.3397903555058175,0.9475641661251686,1.249354817408672,1.0089862963731935,0.9563295637038589,1.2557108751856958,1.1922089325240122,0.9639634382880351,1.2232400002844441,1.1998575080328278,1.2388072923099906,1.0532079813005804,1.084911558418118,1.277682426691141,1.4279674357566865
2009-01-30,0.867344901676797,1.1764767759570973,0.7285699017020597,1.2940256557802359,1.3244142063442368,1.1268737131878521,0.8103674493255357,0.7189379222931747,1.125343771662468,1.16047943039156,1.3742388395517966,1.3345382015035006,0.7000807488043753,1.0,0.8979170780985619,0.8273114162810002,1.5053197555402615,1.2119623492246479,1.086971921739617,1.4821299085976656,1.4636522200183073,1.312608099895546,1.3193151159600491,1.0221853924089876,0.8095861829584086,0.7716566377780383,0.8953706669408499,0.9470964403997636,1.3848759351813356,0.9702336486437297,1.40904808919203,0.8456048258085938,1.2172752501074888,1.019173627537592,0.9957078589143025,0.6762208265751679,0.9989148084211851,1.1405419181442191,1.0857364401712692,1.1636620619948148,0.9801402434367904,1.0386260103825167,1.3807441283841708,1.5802822017608376,1.3358994372335893,1.0,0.8212286126881838,0.8874164566852173,1.5043986920122348,1.3961303193354364,1.2151674934639947,1.0690602625480528,1.0017973810738765,1.2702438565983223,0.9731660287055232,0.8864638813195186,1.4011987254502298,1.4858715924497494,1.057998097102757,1.329411920210226,0.9811333429202467,1.217403748267913,1.1883914145710965,0.8825529033437826,0.8503426682712165,1.1720616727701527,1.1894694352741313,0.8980145535985563,1.2564521380959262,1.1965692374230361,1.3564247650084598,0.6243132605767472,1.571875175870669,1.3604680069974497,1.2051438715568545,1.0061189699769877,1.0,1.1231799805782432,1.0502704684055533,1.3606056316235597,1.2256599086573248,0.9433113870309335,1.2413116744042554,0.6990406571240355,1.5021262956192514,1.3721730734079023,0.6878637532052465,0.7602018423026522,0.8305287161986037,0.9308168788558084,0.723078743230562,1.231330922374557,1.352691006553234,0.9559155382847412,1.2823331645634146,1.0625785932461103,1.0647660730886845,1.0,0.9345034672642003,1.3940373133921578,1.2546781540009198,1.3269249250756878,1.1447517921280417,0.5580383091564005,0.8863775270466308,1.215884403543626,1.2735788807146216,0.3540933158432813,1.2582569205868315,1.431501201405435,1.4399094102567378,1.2579925804276564,1.2422461765738992,1.2065666853605164,1.3010021353604508,1.4178609033825622,0.7207144509187204,1.150388130661941,1.4633714829517943,1.1118930208436535,1.1811280599618457,0.6223226023107145,1.5874066582677884,0.8489638544889622,1.2393752470080788,0.568664645786852,1.0718886444888645,1.3410718680661635,0.9428989733028776,1.236277831832237,1.0088687632525724,0.9580640019544839,1.244611625338578,1.1799452878216714,0.8384700168926804,1.125539376611139,1.2033296283472725,1.2389487074293162,1.0461654392088313,1.0849055730038153,1.2776831620631626,1.4297123593324934
2009-02-27,0.9084770659771898,1.163605288824923,0.7141884334849795,1.3381555614165064,1.3352600436529887,1.0662843818518888,0.7971017803903019,0.5955445393825964,1.1252120715024307,1.1619373891143963,1.374204058003805,1.33315004496037,0.824716415486671,1.0,0.911152966309197,0.8345692850513685,1.5057966947412589,1.211987707397744,1.1220298188129953,1.4891118178703509,1.4611087931520934,1.270310980010522,1.3178142126202361,0.9927895689618569,0.8714734588047068,0.7926264026092084,0.9047777342167757,0.9025355050803853,1.3513391648838353,0.9605458960353336,1.3776872249576144,0.8525958454348218,1.2212358162898531,1.0191706797324749,0.9964350486083179,0.6762228412140552,1.0191953676078236,0.7990836706987975,1.0807410272482212,1.1679070535854046,0.9713793681501651,1.0363442128174511,1.3635648077163312,1.5753789715238082,1.3042966829033644,1.0,0.8147697771091771,0.8159135110847746,1.5172785761039518,1.3874093967102226,1.20183899379407,1.0841450641351311,1.001034653504551,1.3069376467880882,0.9912866737631639,0.8985092903822415,1.3288560066670276,1.4705289693989063,1.0630354141897551,1.2737144358180403,0.9112409707783481,1.2908810904409735,1.090528088219299,0.9535297382228438,1.0737704878213297,1.1654300661990609,1.1880115542834122,0.9162181733478361,1.3013707636018217,1.2006976215995127,1.3465290414996045,0.6507253531673143,1.572948346991296,1.3643040566899396,1.292485166737158,1.0060318594252684,1.0,1.0408045470865948,1.0018996912744829,1.382006906542774,1.199287903977277,0.8198915418709195,1.1799833324981603,0.588972635658479,1.4781456719492927,1.3721670103697017,0.6628036832028557,0.7756259817048925,1.041078613559262,0.9575795538917816,0.6935033600785581,1.2174164873573854,1.3523656828824944,0.9169552385694695,1.282330515057227,1.0641640311649767,1.0647767816887108,1.0,1.237295026765378,1.4052408943677537,1.254666181081582,1.3269243172906713,1.1277466946945323,0.5374074815602795,0.9051084974614568,1.1792000644250458,1.2299520014391148,0.3246829534181447,1.2259888758790694,1.4307239423635534,1.4398705165832086,1.2561758007807022,1.183313332641573,1.2065650700913313,1.3010051887181144,1.4179590282362056,0.7082814694205668,0.9090807769322382,1.461907012755785,1.1126897297976426,1.029387572826532,0.5937633602278269,1.5826715610875637,0.9362446272705075,1.1417835577008377,0.5523443627020606,1.0572490191781552,1.332662858532109,1.0323840499413839,1.2337836149471872,1.0107598422576087,0.995743728241641,1.2483575956344506,1.1899472261450703,0.8408275675354727,1.3177734117471598,1.2029525960172551,1.238961886214299,1.0458956610147905,1.084903506796244,1.2776713761161227,1.4233411887839111
2009-03-31,1.1264815987935355,1.1922111638092814,0.7181548000019322,1.3153964271184937,1.324673336264418,1.0616225118827927,0.7904078923550358,0.6064890668581685,1.1254682485935947,1.1604259527102387,1.3735194266243553,1.3293681121232863,0.92105807843738,1.0,0.9701898355254315,0.8589603116037653,1.5061504473721232,1.2119797726508006,1.1286650481385474,1.4910199518818725,1.474461911386545,1.2528532079377597,1.3166021539052954,1.0048639251105413,0.8851812726579126,0.800376588998517,0.8455838908554753,0.8974056989896533,1.3794574394251553,0.971275909059097,1.4171975236568901,0.8622947890959294,1.1974724202853848,1.005039669787376,0.995984776042868,0.6872745739462274,1.0303044433563389,0.8048767963759884,1.09528215297045,1.26064184036868,0.9635665920008591,1.0372122500437078,1.351975562910845,1.5830411096842625,1.304054258858793,1.0,0.8101206795947709,0.8354497353214987,1.5037405209848118,1.390176388677471,1.1762588067974535,1.1082571642061858,1.0009073521426082,1.3186619257225165,0.9976057345382575,0.9095943019361806,1.062602701524257,1.4748253866447771,1.0604467650383074,1.267682678955443,0.9231849943311932,1.2980610368491294,1.0262012035634158,1.1414534893635186,1.2709248763257373,1.1662435625439909,1.1928124600953962,0.9370251462994624,1.3048077857987086,1.1971890454312248,1.3672293019754407,0.8672937016361706,1.57184324784458,1.3663665645055747,1.2645264160304848,1.002817647881077,1.0,0.9422929025965264,0.9904155662867011,1.360293787412496,1.1693396114015915,0.6604863497114695,1.1410347109956922,0.5687371774693266,1.49342626468619,1.3721674796649983,0.8206372173382318,0.7458794046885715,1.1796251762121892,0.9284885838112881,0.6828039051433084,1.179256028117469,1.3431626583616398,0.8891014998847295,1.2823261813749613,1.069576883312411,1.0647643609875936,1.0,1.0785445462013505,1.4093291581119933,1.2545544887529039,1.326924360422489,1.11328735431084,1.09992903366662,0.9932752193766926,1.1387645619887983,1.1637346458786548,0.42203198359439886,1.4714305823721179,1.4290257121547378,1.4397792275007528,1.256368590181971,1.2678196216628064,1.2065670703744724,1.3010006071213975,1.417682795589811,0.6719624279667387,1.2144375542487085,1.4531926681966318,1.1119597694122945,0.9119967282820455,0.6183111467025513,1.5785681811796013,0.9570289073622008,1.079166161914529,0.5550035540200067,1.0525270799466775,1.3349054299971062,0.9899084697333832,1.2185762846571733,1.0114462476283084,1.0390502165893403,1.2396978121916153,1.1888678906641845,0.8287380507823336,1.398179122235565,1.2016523285405492,1.2389269074299807,1.035052874857706,1.0848651779741243,1.2776292137693495,1.3950045866945031
2009-04-30,1.1416913499498502,1.1719318142497044,0.7128985117994324,1.4532571633967295,1.3214218901489012,1.1304503833738662,0.811226929955764,0.575386036647842,1.1255600358228517,1.1628249230168008,1.374426706244498,1.2870884227109194,1.0945980122441439,1.0,1.0668960242765906,0.7784005713838511,1.5045608123557765,1.2119763120467844,1.1171334196922842,1.4938035466629405,1.4784214862662866,1.3211946304918265,1.3202954700639211,1.0219637751900457,0.9444736348092816,0.7926879188141895,0.8305202288873835,0.8976260022656024,1.3973347727139467,0.9731562059308917,1.4257703627257075,0.8571168227884528,1.18458603652322,1.002599993703077,0.9972621704629792,0.6852764879401558,1.016477164691072,1.2923897850447004,1.1094785311327455,1.2928971997776868,0.9602829740045168,1.037895414597752,1.3659956804418634,1.5899963222660736,1.2338367873131193,1.0,0.804764368988387,1.0010515666652653,1.487342385631572,1.3945569315720514,1.1738566909552373,1.1228682183206615,1.0000924087684857,1.2391400397445467,0.941711929880395,0.8809447997349915,0.9808047530921041,1.4808524228092135,1.0614751981504487,1.3341914556426595,0.9015768088459574,1.3390583752905325,1.0691126808928861,1.233754573541813,1.3620087189664858,1.1618185279164335,1.1885153269658364,0.9531170500339493,1.2868929485050686,1.1966363806685405,1.3723981483635102,0.8964291916545121,1.5715759224592927,1.3686400050277636,1.2580401317389984,1.0029128782264238,1.0,0.9729351510153207,1.0148779643910089,1.409455037763259,1.1150092146995814,0.9808617345460947,1.1430088700071421,0.610270813260718,1.5043958113317775,1.3721420453295585,0.7830380196724303,0.7338616048737239,1.030944898313333,0.9878294889603634,0.7607231711457083,1.2190243759987014,1.3507223395017511,0.8959775839239111,1.2823332436125199,1.0646436475769534,1.0647844876421042,1.0,1.2091417283755839,1.4063408875513408,1.2546698418357818,1.3269239334337442,1.1328093036519276,1.3654850084966528,0.9905229638751651,1.2211222111401243,1.2802370904934492,0.692328914514075,1.206456842813846,1.4275461970322998,1.439938303226762,1.2526483208896904,1.3393249572112964,1.2065606123367987,1.3010060285602196,1.417709021047174,1.273308259321793,1.1073605685730157,1.452336078602381,1.1126456598308958,1.0961569981782484,0.8767254701848047,1.562218740502213,1.016637740295924,1.219521067340934,0.5678612489712026,1.0619887325077826,1.3370195703486865,0.9835696449516313,1.2180688050150208,1.010006790142389,1.0293363384147218,1.2467711553898195,1.1898474652082196,0.8909741664903362,1.2216289786506187,1.2017988179234964,1.2389646680646378,1.049121910980088,1.0848967149273427,1.27767068711608,1.4155827932061535
2009-05-29,1.1784338430995662,1.1697583008274954,0.7083140541743449,1.4488524968657224,1.3317270129695942,1.0023097656842044,0.7696199218727082,0.6949638073983627,1.1255616989504662,1.1630926453663264,1.3744537544730644,1.2847709161501228,1.0793681690378105,1.0,1.1021089174480174,1.0069750982879577,1.5041985561355715,1.21191994526899,1.1114663599941974,1.485391824531491,1.4812469587001464,1.1882362752693967,1.3152194421296255,1.1145735866255124,0.935087541837161,0.7578634363814942,0.8278124189632398,0.8886835658179666,1.4020453224495513,0.9506267925536778,1.4249099949117274,0.858493368054144,1.0569073701672969,0.9716957028212455,0.9970290867283674,0.6909262950250961,1.0260937149666474,1.3161672827205255,1.1073166507621144,1.3998542243375183,0.963996520094809,1.0372093302709402,1.2888567631302954,1.5708479222520113,1.1977296574253162,1.0,0.8304485022206953,0.9305868578384051,1.4920668334610496,1.3931331914098561,1.157779231080626,1.2354348207184591,1.0004823051282115,1.319483848033007,1.0020825343803177,0.89377553739044,0.989201203785138,1.476293519693201,1.0627478793343224,1.3074952789439749,0.8465293581469895,1.1419784271406264,1.0975096032354381,1.2072713945352658,1.362650416871464,1.1678116632540474,1.1549092856170975,0.8991382563241876,1.2608835583639249,1.195028265604921,1.351231404528329,0.97623436547281,1.573113932849464,1.3673516196244333,1.2599183644156162,1.0038095403496832,1.0,1.0555507864630944,1.0427799062943743,1.3542019216529422,1.120010640867663,1.043519887434058,1.2097068760455105,0.7084309366217392,1.5042846613278595,1.372121528623607,0.8713897909738711,0.7649947073784495,1.107316040706683,0.9675029268297013,0.9359706944676176,1.2096615291358606,1.3540125309353555,0.8956397796057187,1.2823305704611092,1.0552682951938934,1.0647873422655756,1.0,1.2629497585055312,1.3948483371042981,1.254638119135257,1.3269188043403648,0.9575623767233216,1.3658211747444908,0.9937068529487004,1.234124931510261,1.291714048042441,0.7205807906155084,1.0506711650774558,1.4255606115579433,1.4398598041731088,1.2406954013810993,1.340310808213936,1.2065628278601688,1.301004213357881,1.41774789813386,0.714585347843824,1.1893313184704688,1.4453121269941425,1.1122913360252449,1.1977214574448352,0.9110652275768057,1.5753509515152566,0.9346654417961074,1.1720895174872974,0.5593014057798482,1.0837678085379443,1.3216888630940857,0.9680616800993416,1.211189168777871,1.0152121657714905,1.0153037969873795,1.2420338326080365,1.1906189429459284,0.8814242765295001,1.4132330916848372,1.2046410526912164,1.2389401079711058,1.0564954488682838,1.0848926381914674,1.2776659938790904,1.4085724418899581
2009-06-30,1.2008842724675026,1.1942534502486826,0.6893281401736029,1.4588660765634924,1.2867373075463944,1.1264333027409499,0.7721777591283139,0.5025299613927104,1.1255625696706595,1.1630194665126499,1.3740420664076796,1.1464433322188168,1.1370028754288972,1.0,1.1178361436241206,0.903754340025575,1.5025945679677855,1.2118811652022776,1.1428614721679082,1.4970730482538037,1.4818180486797017,1.2581157957647808,1.3139868549790457,1.0206939737537868,0.9385536448960617,0.7681502316810027,0.8339433765478338,0.8875635631672324,1.3835335384413356,0.9486024797808288,1.4242636885505662,0.8603647089859143,1.0038416620184383,0.9790909872973667,0.998708081390493,0.6878824796657173,1.052559496439493,1.378369663043912,1.1071080819010257,1.4396642929764207,0.9535185976649528,1.0379322233335584,1.1416861633034718,1.5391893372653502,1.1742683827288987,1.0,0.8072671478335646,0.9218975348432181,1.5082636857695086,1.3881146700939548,1.1314837777420232,1.246821390299686,1.0004144636472299,1.2904165582528588,0.8953277756417019,0.8781684343053452,0.9572131403566804,1.480110805821258,1.0640383122775126,1.2871108490391816,0.8727344277445307,0.9505185644621716,1.1119045395654166,1.2958950410742587,1.381437069377317,1.1582534703186789,1.1439681106276758,0.9766946737680531,1.3317839751875322,1.2029688699144723,1.3521121864180388,1.0026354865641045,1.5737756772130704,1.368791705994906,1.388735966677859,1.0010869022129052,1.0,0.8906927641540997,0.9959369370552904,1.4215101913505355,1.3128588029453243,0.9134100036296297,1.1407495477271454,0.5224048680466431,1.5044066619964505,1.372139632506016,0.8773185329999214,0.6718445938452866,1.2275125182154623,0.9804311484821419,1.031304163419425,1.2410836627429085,1.3623064086219503,0.8916100881057211,1.2823274755406546,1.0642283509386503,1.0647695660536378,1.0,1.252895341787127,1.3927385512999069,1.2546188802054785,1.326919225241737,0.889218497525427,1.4531591687512397,1.2611920102403054,1.247074790627227,1.3065326993825384,0.7999066360513871,1.150824804277663,1.4269451497254093,1.4397848015073,1.1869129218734737,1.3016960498505723,1.2065581176227747,1.3009855178531646,1.4175416650522132,1.0571564632302342,1.4247146152926646,1.4524848370343901,1.1132863596329692,1.083757409836692,0.9342927988775702,1.566557346526439,0.9379324894855934,0.9997919498547335,0.558120845408608,1.084868215185573,1.3324346818394925,1.0578115358482596,1.206637231857441,1.0160739750455587,1.1338310521728918,1.2490439422133917,1.1922112350855665,0.8640446191708457,1.4993342921411144,1.2052553387276423,1.2386877494273025,1.0608386282064661,1.0849087232975427,1.2776673291212237,1.416264164230911
2009-07-31,1.1252969223401876,1.1889128906101027,0.7976138668728101,1.4202277614645837,1.3371512306237014,1.1517870709239508,0.7639686810752819,0.5121164912097529,1.1255495974867857,1.161894104165803,1.373803060032402,1.284158270650188,1.1697767205315506,1.0,1.058486651255162,0.8989153374235929,1.5030951960504377,1.211128714490507,1.1402747123917112,1.49084149390122,1.479780630290989,1.2124849828271203,1.2971766358077008,1.005419130234475,0.9051485846854213,0.7918860635367132,0.8366820726768786,0.8888922686753599,1.2631453319963954,0.9483723405181352,1.4161916200598996,0.845195823673908,0.9865089263626897,0.977538852397108,0.9987571827448208,0.6871760124697234,1.0474831662561568,1.3778126393991479,1.1037974399492214,1.424622653964731,0.9646078551185082,1.0365604433879754,1.2644156711044747,1.472782092096241,1.1604937372212711,1.0,0.8281087068305508,0.9285953055207352,1.5068857112949052,1.3680619533860505,1.1731601312089333,1.3414606286863895,1.0014015378872043,1.2305716235098456,0.9073229160901273,0.8930588936422266,0.9838731317855118,1.473471591712221,1.063665678391565,1.3124123432085921,1.0064757192458436,1.0736897694147771,1.1317064327634405,1.254863075461685,1.3780674969260365,1.1746132365405804,1.1438618767999256,0.9830770699080082,1.3097101459726055,1.1949277888022034,1.2883063395173926,0.946596720733447,1.5727584049283645,1.3671855697366124,1.3809213796946822,1.0036509591654157,1.0,0.9890296451921459,1.0151466918699392,1.3765581606265878,1.235672153252889,1.0522099115344765,1.1520021098348587,0.5431551231812959,1.5032567447433909,1.3721424069549377,0.9456944740978774,0.6888037916016758,1.120538536220036,0.9517617932925005,1.0935965716522618,1.210686890531388,1.3581020633098306,0.8977517632514515,1.2823300223080678,1.0627966522197547,1.0647601322960618,1.0,1.2605799809165976,1.354475554791469,1.254604300422058,1.3268996688114907,1.031551056534361,1.4336353839211688,1.2659588469484369,1.2573679183456807,1.3188279449320075,0.8779897164238859,1.129296667075563,1.420226597268739,1.4397532502878825,1.2440626266051487,1.3351334075058847,1.206555166022446,1.3009925511187648,1.4172384094518757,1.1433886416114107,1.3668571738152662,1.3431256129049034,1.1129554929908294,1.1907583291827535,0.9024140754704029,1.5804313494539217,1.1020229309835616,1.1309054694416056,0.5991658531752787,1.0832391490376831,1.3354948626639882,1.0753992137294792,1.1926780663415928,1.017237089227413,1.1110804357121016,1.2284616517008835,1.1877870493718736,0.8774448133210865,1.5308377132325117,1.2078442259828586,1.2386618886641891,1.0578366472840945,1.0848885166001607,1.2776480961367311,1.3890451313459233
2009-08-31,1.2255132868896657,1.1784280646707739,0.7719647203961753,1.4103054210311456,1.3382181978720527,1.1491184818007303,0.7639233682081422,0.5767642320299012,1.125535182808294,1.1604717943356442,1.3732808554254403,1.2180672292323478,1.1673953981729155,1.0,1.0918280597975605,0.8886246773954682,1.5009085197343666,1.2109393215222817,1.1389389223867217,1.4870598002922053,1.4697400304093082,1.1703172207218686,1.305251486957408,1.007629947329407,0.9312814082982521,0.794750620964992,0.8891632176787961,0.8888504152990326,1.273519602451302,0.948543556916136,1.4066464207136327,0.856140038800995,0.9512809518091375,1.0350914831619507,0.9989099191634522,0.6864845090746947,1.0418916265128035,1.3719751903684312,1.1011982960279936,1.3852933446450355,0.9775560676780978,1.0380588282570211,1.3118364753863703,1.404808300177134,1.1531255821923814,1.0,0.8669462611967937,0.9507833519885464,1.470947870326059,1.3781546421003041,1.1638961547572144,1.3107162749269954,1.001581107932194,1.206997959671317,0.9040744458497695,0.8881562475349568,0.9685132956839251,1.4401318221686457,1.0625318046846715,1.2965292479446227,1.0101354264480455,1.079164190374356,1.1983882021893533,1.2809780085678626,1.3792182697486113,1.1700642388927163,1.141116874721374,0.9639289401779538,1.3116735142731488,1.195983594670245,1.3034934881984248,1.0683038128425923,1.5736271412889005,1.364566131146357,1.385666516613125,1.0032654050596697,1.0,1.0454425594839234,1.0291689693840467,1.397513102735676,1.2335123673018293,1.0565564501456741,1.180221348407241,0.5637498848124469,1.5033195573072966,1.3721000448748568,0.9427936581565536,0.7138130807648335,1.1895455976643154,0.9730212851331591,0.9913897812203776,1.1749185020271917,1.3535101491695811,0.902096937686339,1.282324810941319,1.0629355270385088,1.0647401452648146,1.0,1.2601890755197207,1.3325781711821851,1.2545557388914064,1.326899704681757,1.0789728873219009,1.5405014458294923,1.0633656639772229,1.1751798249007266,1.2235356517422606,0.9210039859096272,1.3008367209445089,1.4270600812531589,1.4394171678504197,1.2496591089095188,1.3328004719507829,1.2065575942556501,1.3009962508717066,1.416349258751554,1.2375546338030026,1.376231969589683,1.1024182737408748,1.111809867489788,1.2216691716544574,1.1681105723760525,1.575192503018438,1.2043339116401184,1.166030115839435,0.773188436197765,1.0799234620463183,1.3300226625587062,1.0622278436938402,1.1765063364036727,1.0172404054837367,1.1207564551128135,1.2232659950685958,1.188577070568041,0.8928625685704871,1.5055172713607896,1.2066901489822062,1.2383133293665383,1.054827465219522,1.0848417830286023,1.2776156673492622,1.3445406738765022
2009-09-30,1.1916860024922358,1.1730983958783012,1.0634851734382895,1.2848106731328446,1.2596470720535833,1.1036361103217347,0.7657382858042402,0.6492203681147048,1.1250413017211758,1.1467364610851192,1.3718904238682417,1.3115176467416443,1.259109886751742,1.0,1.0544435238500365,1.0390482331075204,1.4965315283138556,1.2078029597560844,1.1442035308099088,1.4773651479495153,1.4466861973285208,1.017393825892208,1.2197029399859534,1.0050120562501916,0.9308472384006943,0.932350980759107,0.9342868714902112,0.9032553421779203,1.1703174356318975,0.9526502648381039,1.3456695617417516,0.8500710839316159,1.0939746433389534,0.9376774931006753,0.9990957018721499,0.7148465635350383,1.0433481293133908,1.3633374956846631,1.0815216189128791,1.3645971250293365,0.9751433424624933,1.0359228168128765,1.26080022826089,1.2475979733183344,0.9186932990350033,1.0,0.8732648085575258,1.0228898982679258,1.338426717092462,1.3376611651982446,1.1568995721595177,1.3788868281085858,1.0020495076535554,1.1875314601635196,0.9378101427680867,0.9074989326518574,0.9390475249420253,1.2554164653023931,1.0385589213995752,1.2866972153641134,1.0777322968850787,1.0021178995352058,1.097826569157157,1.3147462159018544,1.3810625675411796,1.1850749954118354,1.1428840618406169,0.9107044379015268,1.259604851413167,1.1791275370536676,1.2007622845111239,1.0004771432197725,1.5703921733936832,1.345932034073753,1.3165511326806294,1.0021067031360071,1.0,1.0206720443643276,1.0318631922620323,1.2896361422593692,1.0902252095392488,1.092859638911673,1.144059441607061,0.6556255632984161,1.5033014072146134,1.3720964785443837,1.003523863873077,0.7672237721766461,1.1629249963118102,0.9527528910442322,1.108027451396598,1.0898813185620437,1.2634125167567252,0.9141326805339842,1.2823275604821913,1.0662604410880108,1.064611775125531,1.0,1.2281526188582415,1.2220130909341411,1.2467706071816052,1.3262031859781178,1.1330192636225167,1.5667439488244712,1.0695181260864879,1.056629159134791,1.0551683310537394,0.9518326581320661,1.3125984295567685,1.3991409314045447,1.4284934699687708,1.2315696235934892,1.2805287889288532,1.205979521305094,1.3009606400239326,1.4066017244536972,1.1306728882649855,1.4419856915230005,0.7960687345422242,1.1055690037479136,1.2254682578165983,1.3063338932906348,1.5633076026565875,1.2592755604427897,1.1023750895472482,1.0466177480125707,1.003667342609861,1.145099092151745,1.064284293151314,1.0208865815032844,1.0167849368763238,1.0820728673583309,1.157630559431519,1.1719443631504511,0.7905152596243249,1.4235071071357102,1.2042279823018656,1.2376533078195464,1.0460508811088916,1.0821305061319062,1.2761808922964626,1.116583834119878
2009-10-30,1.1268277017230228,1.1709237374369088,1.073338034297174,1.3352025429041143,1.180286599772948,1.0584763290080832,0.7739197817886014,0.5966379018589643,1.1249041094761458,1.1310813227589185,1.3657310055169962,1.3261736150435344,1.2950594762489125,1.0,1.0093780532649188,1.1307031275273984,1.4742555105576862,1.2002893326105968,1.1423002794616879,1.481407320341117,1.4369595209847985,0.9748358232237024,1.1813616726056582,1.0434714971847618,0.9208632272342474,0.9738657027114468,0.833254786675814,0.904214993392968,1.2257013835262986,0.9513542782131529,1.4203642263161298,0.8510168589983333,1.1166169030445188,0.8708663528122533,0.9971608564779494,0.762080612853484,1.0183139988541816,1.3590885303689413,1.071740152902648,1.2760386550369573,0.9765726003046679,1.0371690432069456,1.29433224160793,1.2116090186575588,0.9136439615807628,1.0,0.8660444592332682,1.0925437716162036,1.3491436111536814,1.294862714769419,1.1724802300567767,1.3342665493926589,1.0011729475075397,1.1271128636404923,0.9291424183452411,0.90289333236667,0.9471382194063909,1.248469584742717,1.0337027824157718,1.247629991428169,1.0765234359748868,0.9367947917517111,1.071574350989302,1.303040425300631,1.380763191112117,1.2049634962398261,1.1425091264689335,0.9323107655721204,1.2128921937671238,1.1719574891313345,1.1146866692911537,0.9802553501169929,1.553979371330101,1.3351623220657365,1.2736098642387295,0.9996155955744751,1.0,0.9451539212124501,1.0059336799995133,1.1975096479146101,0.9939742715149927,1.0960148245621075,1.146883698496048,0.6715721612327208,1.4990151804839185,1.3651750241866083,1.0011803969053528,0.7835237128322873,1.0703359669686423,0.938513788423351,1.0881088683474682,1.0569886605757726,1.0865210197894462,0.9208724721184356,1.2823264798749667,1.0684326164623554,1.0640497707735117,1.0,1.254197649296589,1.195250223808062,1.245625674608424,1.3258379345684832,1.1392155512814315,1.5690001047504247,1.0942650338036375,1.0504961790343812,1.0423178433487703,1.0076857827944907,1.372076248402772,1.3389073145647492,1.4251130082874683,1.182661826976312,1.3587880412773246,1.206479387477311,1.3005156700971339,1.3999197264405723,1.140217525750086,1.4474865005882938,0.8489680586943938,1.1027578816358372,1.2542836240790163,1.3035126831305686,1.5397241651737037,1.1864522362360408,1.0235269406387326,1.1298611660737086,1.0072212414688897,0.9645844244365257,0.9963551129011605,0.9439098164830847,1.0139491759530517,1.0264255114268994,1.1073574662905756,1.155909592953035,0.7802247945961357,1.4884911082123229,1.2056000646922835,1.2270573983491428,1.059285793004526,1.080774652989331,1.274063340884573,1.110077486226394
2009-11-30,1.1549724492722442,1.162195508217567,1.025285313731383,1.3537465471855286,1.1314799572418381,1.0390329445919986,0.7731256141011252,0.5134006443148371,1.1245032227136065,1.0920388728019028,1.3356818999526054,1.3291109931728233,1.3304317081023869,1.0,1.0380331990534497,1.0924958972811867,1.452233202423669,1.193956955102663,1.1449197557586752,1.4504027589115478,1.4432778863501818,0.9517486332935555,1.1830561139240676,1.007949535774914,0.9230359029879808,0.9362928938976524,0.8275691181621581,0.903508945412468,1.1687263002432868,0.9550447228807403,1.4217011732122669,0.8493307016806069,1.1180640253832037,0.7867879487062834,0.9969516394296497,0.7224763459303103,1.0114367049933184,1.3686078193571996,1.0626151909566661,1.2651799251013827,0.9763593005343272,1.0315200673894644,1.288094099467163,1.2121286710877608,0.8756152011114966,1.0,0.8511207332507622,1.1662284227066106,1.2166842602217551,1.3395974461536921,1.1038488768384775,1.314460053407482,1.0006707857927046,1.05855124009859,0.9022146536859612,0.8893618342494215,0.8842652569706064,1.029735900705057,1.0173113986290248,1.1600027669012687,1.0632796530293225,0.9090143261410817,0.9840187494909085,1.318891010934464,1.3810038302659025,1.1978452998497602,1.1416942061117035,0.9056562835460404,1.2098603208870629,1.1744911745866844,1.123376824892994,1.0238858065504566,1.525852397172263,1.2623716841615762,1.2575172505039942,0.9975717828805265,1.0,0.8803906182278403,0.9929553199678983,1.1880979487760899,1.0002568038602253,1.0991974488981218,1.1211968224512932,0.7616426739884454,1.5016372486531533,1.3678788667683999,1.0149305793208359,0.7557131194645711,1.0258180615017007,0.8999116112231167,1.179712087209845,1.0225637371232328,1.087951812320904,0.9030969721902172,1.28229370168822,1.0733014419904645,1.0622052826168455,1.0,1.2472672430095761,1.2081553873125006,1.2438923399100552,1.3241579835072637,1.1318026467319424,1.5696026854560614,1.2102926189959833,1.0895027040661542,1.0931459738505853,1.0853680647841193,1.199577316012541,1.0649343313688706,1.4082210512290336,1.144955112844359,1.3310186670069002,1.2063200163841654,1.2976326634171855,1.3803215381949874,1.1610407493977135,1.4542717376030454,0.8322624313310796,1.098713843489799,1.1393274647463787,1.3364479900027688,1.1568366093649827,1.2001992827817554,0.9963231030833114,1.1652379966645054,0.9961797968569516,0.8945940731529167,1.0002129587640496,0.8615290104326965,1.0172657359211341,0.9740340074134086,1.0809206325867955,1.1587892017700872,0.7483243006413263,1.494894328061704,1.2024265943297123,1.2041641816448627,1.0451075660450533,1.075629451381024,1.2630253899649841,1.085470666104635
2009-12-31,1.1239001280486727,1.1501606262833381,1.070720081466068,1.3150143180740193,1.0821296066132309,1.0755654296617014,0.7661238224683542,0.4964183829996527,1.1249096103817058,1.1063258815074288,1.3275618199477468,1.3335261450800333,1.3339864294683932,1.0,1.0376406087892178,1.1489646206561859,1.4274318176324345,1.1431766736251379,1.1449090749037825,1.4701886476938524,1.3350431593136125,1.0083477704494128,1.173891919178494,0.9775329957204765,0.9335555292285257,0.9101003816556746,0.8320529082287099,0.9025685568939041,1.0242187124234219,0.9555651360310811,1.4064685860049468,0.8449278376577493,1.1234713274183499,0.8405474378487148,0.9969107168894487,0.7813714558870514,1.0046999100436211,1.3844946474964046,1.0704132160818423,1.1603935404099133,0.9755395345342477,1.0170355758671048,1.2741626974868794,1.1548188184664305,0.7179156849715461,1.0,0.8513995301100332,1.155978460571723,1.2607940089945648,1.3177850526217036,1.1103016290926446,1.2597911799393229,1.0002613974474805,1.2209119409401408,0.9670257358103505,0.9215662980372529,0.878492796361719,1.0662596738781338,1.0182732164930506,1.2345097781324967,1.0476225054104238,0.9267033946596286,1.0403056105847033,1.3056161844591898,1.3733678926512645,1.2083022697978048,1.1435242732382935,0.9024215590108823,1.1455748316520094,1.1316819411894306,1.1052741905944201,0.9852362962331459,1.5263198692947764,1.2571299489544512,1.2625639344056658,0.9977842097922367,1.0,0.7961695845047047,0.9955858908168645,1.1724054703910494,0.9738703155117082,1.105304745684747,1.192640330625818,0.7241160052338523,1.5030068628869375,1.3633349459566586,1.01168148246817,0.7698768618241114,0.9984144817679698,0.8823770729791751,1.1211375176501666,1.0483710735901595,1.101225444306196,0.9066722712990354,1.2822624750936578,1.072513537655482,1.0619378846391452,1.0,1.2787860767186932,1.190114542720932,1.1807622777107636,1.323631183846601,1.117980318936508,1.5701346542391077,1.2796097924672658,1.1466039407669717,1.1738716400604243,1.168002314757497,1.4175860003715912,0.8736636355708338,1.4035268736811704,1.1615168634004225,1.3345359108053603,1.2057544258404613,1.2979211414509715,1.3942252520540117,1.1134222843141897,1.4522810578063652,0.8109390504164599,1.0976787668125998,1.0772157405164242,1.3789007429054956,1.1523693120726302,1.2111276603650418,1.0188481016602586,1.1803126016803436,0.9964731624411005,1.006096694992986,1.0212523791364116,0.8855666606540331,1.0115176326677113,1.0046026704309274,1.0862101449034365,1.1454874498482117,0.768590422363368,1.5456102634564681,1.2020766777253677,1.1947435339856378,1.0406816257262552,1.07802462022845,1.254311270720836,1.0951891373085354
2010-01-29,1.170976539795876,1.1236822113563265,0.7935414394632023,1.3376155814305029,1.0323526484344674,1.0651355999351613,0.7766871648045407,0.5140711736658274,1.125030734565052,1.102963653614953,1.2322703116499243,1.272357386853448,1.2821481218866841,1.0,1.1237113848933626,0.9579494415363183,1.3053645515030001,1.1555411964659057,1.1320248225037859,1.4709815220566915,1.2544514885840092,0.9929586004041245,1.2345192659083086,0.8497605976878865,0.9467485573330009,0.8217747792837731,0.8259282666555863,0.8897245275903995,0.8439214200096898,0.9618254508305044,1.392430874480438,0.8449050480317803,0.9067814107221248,0.8495261119946709,0.9964995994315788,0.6897888103919017,1.0148190275415732,1.3715505700252,1.097694565908479,1.2529046027807502,0.9608433207504723,0.9922823889743326,1.1587472344760157,1.172439262230131,1.040192066477133,1.0,0.9046716764498681,1.1413987153835687,1.3817717172064143,1.2033048294965032,1.0852475135088815,1.1051049240542385,0.99994628499529,1.1484288294327347,0.9165726154301077,0.8913376530765775,0.8397906603983653,1.0206088000170825,1.004732127272164,1.1625874675824988,1.0515213052903611,0.9238903207990286,0.860076515626324,1.321869406098608,1.38035291270078,1.169184516146984,1.140711048917265,0.9583637206553367,1.1910182332861232,1.1529222368863072,1.0761650017177644,1.102083878527058,1.524434626709219,1.2066850785208967,1.2968240180945552,0.9910764083300002,1.0,0.7830415538395378,0.9951606296699327,1.2499013154032788,0.9456566250425242,1.1047683773711547,1.1407446868502695,0.6436466009559492,1.501368973128907,1.3508297985146613,1.001667652247087,0.8059925818542363,1.0709387254592964,0.9210325730577746,1.217489414815168,1.061724270794324,1.1429000670172709,0.8885899721502333,1.2819190240736273,1.0728161727037415,1.0606960628814945,1.0,1.173063155739596,1.1797412560853864,1.0375464610252962,1.3261761393923106,1.022594712225648,1.5686353646252615,1.4314185393593861,1.286438569104608,1.3451085953009878,1.1225292264083864,1.11038823039911,0.9760376148216103,1.3853417810459028,1.120722496713219,1.2537605610326072,1.2047081842770944,1.2978601988373542,1.3995806167557365,1.2035431412441921,1.4275540537509697,0.8047911471330152,1.0983268389522975,1.0004032320746306,1.370004343115189,1.0530154423775113,1.1982869405836873,1.0091851563271974,1.1979082302393258,1.0173675663830775,1.2132537687645397,0.9432319007284794,0.899612052467002,1.01458883141727,1.015850338240674,1.084108592851453,1.095811856337226,0.7838706497116735,1.5594303054741248,1.1996064890052807,1.1278151270179975,1.0521079736566563,1.079475772585828,1.247399897475601,1.083167735680494
2010-02-26,1.2008750097042409,1.1503934725908869,0.7514006791088659,1.32100136885082,1.0084775444457836,1.1025743096506726,0.7830038510458845,0.5188362786404382,1.1251747625469608,1.0763559304106538,1.1609608549231565,1.1418374259008506,1.2680582095995927,1.0,1.132389080731283,0.8422771018716388,1.1562643393645406,1.194885670058728,1.1178779245526547,1.4592750017597693,1.3360097229833796,1.004750040442092,1.2492785357885883,0.8323401545917641,0.9249045041594293,0.792936191528225,0.8280448646128938,0.889483292106839,0.8242791396001619,0.9753570185241774,1.410374472535246,0.8398620317828547,0.8749985803676871,0.890111363870575,0.9961675182000153,0.6900516482354159,0.9994846414968341,1.356836155791178,1.104131277807573,1.2833733175580493,0.9630277009851821,1.0074225031819242,1.1987258420265587,1.2579809949779965,1.0533783429653774,1.0,0.9374212764865502,1.1867072442677133,1.2948204800791863,1.1194230753170593,1.0869674899620028,1.0632044881390543,1.0004171218756792,1.105813192919058,0.9002720891849001,0.886014735966201,0.8266226913863914,0.9534124788395415,0.9927029297096518,1.1953043805220174,1.0446968224493258,0.9128887797638494,0.8042189067540664,1.326647845399574,1.3792050987169011,1.1687689497034535,1.1420607731079562,0.933370310152961,1.10660130341063,1.1488973178584874,1.1353331632843933,1.161707601582476,1.5108114915348412,1.0446990573373145,1.0653593429648518,0.9872916123140582,1.0,0.7950344520027324,0.9810592819780594,1.2807406872796065,0.9321336828192714,1.0958642435818753,0.8130550302297096,0.6425331544873358,1.5017903890402082,1.3600493816261907,1.012063836620108,0.7918237646445654,0.8440502108970098,0.8999031576227503,1.2213321633173524,1.065934509863773,1.1538826602667007,0.8862184845257618,1.2805755480083723,1.0669794153536463,1.0554363877960822,1.0,0.8832338529271727,1.1456965622880995,1.0294791875406395,1.3267736793019531,1.0523081274598474,1.569002694535663,1.467874163046557,1.3015845519475706,1.3605836045381743,1.1689684267004747,1.1234527794843088,1.172694784126453,1.3048447723514944,1.0467087204358558,1.2868798407888034,1.2022935363451093,1.2983670683370585,1.39136316123464,1.239977649446407,1.4330411535641463,0.802194646154764,1.0804647024063136,0.8658121530703675,1.3629857899751117,1.0101024668868774,1.145440963473579,1.0524936420873372,1.208339099160734,1.024746397934162,1.1786961398976492,0.933650282736315,0.8919336242730745,1.0118155107116098,1.0135016600273938,1.0690502262827324,0.9668790077701472,0.8033780792643297,1.5085238159833065,1.193824645718513,1.0522921448921545,1.0497879291247154,1.0802372575438168,1.2353552607284692,1.0936366775293438
2010-03-31,1.173483033033324,1.1235954852147232,0.7729391481811666,1.3335821455712837,1.0387696792582495,1.186440464228595,0.7790460736117948,0.5632568744944564,1.1247928161374097,1.0831952413998966,1.206534662355196,1.1390165633465963,1.2635759284696362,1.0,1.1266656495032483,0.8164497570359568,1.1156122752135635,1.1993556737359763,1.114113536117992,1.4666092557441264,1.3200095029268415,1.023484886171603,1.265995234831961,0.7982213428828927,0.9674019284737285,0.8142202288352888,0.8506994146067662,0.8895724883694913,0.7892124916598302,0.9661853453598267,1.3727176953243172,0.8370433798357924,0.8687674171343531,0.9248581541485522,0.9971810356273895,0.6841480166530023,1.00212786293707,1.3686339092789026,1.1006327095514805,1.255125968558803,0.9767057648781424,1.001990514711868,1.325698612507309,1.2328948807913283,0.9792836613275523,1.0,0.9312990339151974,1.1861191709997532,1.2033108517388267,1.1618281963495383,1.0417376528781352,1.0482926368702308,1.0006342276897189,1.0783604841218988,0.8756436124626037,0.8772098472848797,0.8496265120402322,1.188835309188577,1.0042834653697295,1.3028249596611055,1.0522465331920872,0.9236397893848772,0.8375559242153187,1.3173019196153022,1.3768555433525167,1.1675935545471376,1.140493441839953,0.9445819230085389,1.1258976607562363,1.1509708717263776,1.1328361660376887,1.116882279442078,1.5324408023266178,1.2512193521326438,1.0908088210722955,0.9899654417671887,1.0,0.8246007056047966,0.9878836265318104,1.3136534195906493,0.8998587611579786,1.095033221638849,0.9717940104457473,0.7290409818253784,1.5022906021846993,1.34745812225819,0.9984082764074321,0.8139613917933117,0.8481650971332553,0.9061911922938404,1.221178781635483,1.0839201713412,1.3040319159308025,0.8922521505057727,1.28141837649687,1.068740100896631,1.0542291078303554,1.0,0.9452902978197747,1.129947105409163,1.146006452928361,1.326812987545406,1.0653955294408077,1.5327956462951338,1.440679211677134,1.2386373669919513,1.2818405064595781,1.1072856747006088,0.9955074021782114,1.2033898600370208,1.3525616700699759,1.043978950506915,1.2025749130705954,1.1885548127242105,1.2995176003989395,1.3955576011401833,1.2726386252226876,1.3851084624602907,0.8012848747483358,1.0805005029900272,1.0612330497837492,1.3695360662279246,1.0080391949181737,1.1435814466204912,1.0570132133898542,1.211825034114283,1.0315323949128148,1.1604529137272213,0.9296087702466861,0.891410860150869,1.015695132294295,0.9824825886034662,1.0710869952847304,0.9614062900872418,0.8593026242773195,1.341946478753142,1.1982860244210451,1.0820464500458349,1.0524946970252005,1.0807005277424875,1.2479706948126912,1.116804318565556
2010-04-30,1.1350166094242147,1.1199604940323777,0.907736272456877,1.2176294952887299,1.0923666210836898,1.1723139878620326,0.7730350412115959,0.5569332581517377,1.1206588389898364,1.1393735112583752,1.2747590965855555,1.1460980351251175,1.2116748017835581,1.0,1.0917341737815132,1.0645223370411492,1.1282110669180774,1.1875494369585005,1.0881975048204289,1.4682667723793967,1.407285192833956,0.9674311735530408,1.2510782280573098,0.8073939887250602,0.9551386348229883,0.8334032916164082,0.8980517887687984,0.8899194731000016,0.8170563868624863,0.9562889071526894,1.114878273339597,0.8357445467534274,0.8752842635223762,0.9696228554670716,0.9966509365474264,0.6921901167239631,1.0032019919957689,1.3546207968463984,1.0815054694666995,1.2022038802895494,0.9793849432883098,0.9979271597128068,1.369896689024189,1.220597687236557,0.8035800122810854,1.0,1.0198878081782285,1.077448888355617,1.1963915811713068,1.1379653681895998,1.0754216716331273,1.0480161305635614,1.0007692146089497,1.122869851551516,0.8919363310610304,0.8823920798118832,0.9229071444009836,1.4096319777233817,1.0138768780587903,1.3261364630150383,1.0762240888395813,0.8925162526607824,0.8562662815110944,1.2807708272247518,1.3538444732837065,1.173588350219688,1.1391476102094638,0.938942650705861,1.1033664561170218,1.1648382223819973,1.0848547482852056,1.0584609353608219,1.5592951587719246,1.3319006747714814,1.1477677045755614,0.999229021295615,1.0,1.1037439428640887,1.0438056208998145,1.2524892983200757,0.9681640236692505,1.0672511896891839,1.0819576917634677,0.7979470302279853,1.47373425013929,1.3644345925661678,0.9690481802257819,0.8489729849231833,0.7963833717180593,0.8765400333585172,1.2194610953082754,1.0610286497853054,1.306147292430259,0.9102978756801194,1.2816839618020326,1.07373788425856,1.0589915227057791,1.0,0.8803047460920577,1.1274296330116007,1.085381590234552,1.326829896667358,1.0525563157727877,1.493904165982226,1.271979199526717,1.1408685817992552,1.149498709875687,0.9925635727756427,0.9614528205890687,1.2801478411667238,1.395831558049087,1.1824365086755955,1.0549634497328146,1.197591747406099,1.29919110927926,1.3825009285180787,1.177484093096933,1.3981002852083058,0.8026727323070775,1.0742988107182727,1.137083457030847,1.3656232282612768,1.0547429860690916,1.0836552233246457,0.9588391453711868,1.19605435735034,1.035135040747987,1.1192336972215255,0.9279416175759334,0.9337324887976995,1.0153593882055583,0.9752854697286397,1.0526234092022746,0.9666833193832872,0.8905749880450446,1.4987292153476852,1.201211006971166,1.1826330440246011,1.0471604007980186,1.079162729396218,1.209823876760693,1.1080757325051964
2010-05-28,1.0764958617800624,1.151662035624774,0.8903420379094498,1.1537955362228616,1.1683988468995792,1.2588103567456204,0.7691185834489851,0.5020025584196506,1.1148684181596284,1.1488946546729806,1.3261911266350095,0.8873220843366871,1.2018390405777468,1.0,1.0575200357306673,1.0156887406657082,1.1494968296992552,1.1832520286041828,1.0931674492228942,1.4681336812894452,1.4070626521842848,1.0646519711271922,1.2440512782872966,0.7545293299118758,0.9518040570737212,0.8436989161513374,1.01783104563305,0.8904238884970863,0.8234343293396997,0.9497514578175582,1.038492616103388,0.8321559024211866,0.8628807803282154,0.9958349093378327,0.996552158688777,0.6895902107536319,1.0048394087798047,1.3257896922449002,1.0633443280067247,0.9995683411563968,0.9697144402514489,1.003226387711457,1.342069227242586,1.2415823277042521,0.8340456490552679,1.0,1.0457725892342618,1.0402866025766169,1.2459049965333875,1.185020005908071,1.0412552037722553,1.0045178088234605,1.0010805180254088,1.0428026627870386,0.8206754784621408,0.8756668932766407,0.9736864312322152,1.4416787537681324,1.0276995118397534,1.3015512773263884,1.1102780772548662,0.8680916659700768,0.883987406438103,1.2651931899754132,1.3357478503562819,1.1727831596639589,1.1391216268983695,0.9613651371367167,1.1664443991318254,1.180260052146333,1.065502272594028,0.9414180259220664,1.5560137327227759,1.3431422227883543,1.220772377847416,1.0013608820536213,1.0,1.1449740221501272,1.047493863414777,1.3276030682584479,1.0085730252105223,1.0494663233632937,0.9943129601544973,0.740878843151517,1.3706792058544714,1.3650556461502728,0.9631893326283297,0.7933711227173175,0.6825926080255033,0.8678722629984241,1.2194146969994628,1.1176698261868268,1.3312172853152529,0.9257225237770472,1.281715571260086,1.0661919899391543,1.0587896022001275,1.0,0.7911057442829253,1.1543424380895182,1.1209911311280054,1.326888015839467,0.8970596458379713,1.4323365967189612,1.2154524239784823,1.1117604010114241,1.1148432124256977,0.95507256237395,0.9837080777503283,1.3122934025054087,1.4098287968732897,1.2306874630734044,1.0486293395897321,1.2021905588006578,1.2994256843976413,1.3787048068925396,1.2096127148859035,1.3730870619331692,0.8746660684414381,1.0880362651367537,1.0851636513960587,1.3443657569252316,1.0446906886185618,1.1929501900840316,0.9338771699516835,1.1561391020273726,1.008960649594035,1.2147570624559176,0.9369584564517228,0.9828031633977704,1.0128201006610444,0.9975686020208707,1.0626807127798072,0.883909353348209,0.8783405573557765,1.4891561767664578,1.2046268478149644,1.2126978610607244,1.0519010424399216,1.081784580173303,1.2417329986277528,1.1547568973002105
2010-06-30,1.033496459068973,1.1494822738392947,0.8404117911646849,1.116539265566112,1.186326699612813,1.1894266193118905,0.7694589661105029,0.5168366553722405,1.1132935375184847,1.150746239199944,1.3106628045399484,0.8190049827056073,1.1676920975803489,1.0,1.045113800397485,0.9930030587098718,1.094703237926492,1.1666608196371504,0.9778196096845435,1.360753165841762,1.3799699038154825,1.0388696763352998,1.24739201846943,0.7543064381454402,0.9721952519449992,0.8284590110527505,0.9810208597707796,0.8980702253364035,0.8694871947441447,0.9525486927430636,1.0830046093953556,0.8309444276582107,0.8586450413873162,0.9937717644658889,0.996514940181531,0.6882732584486462,0.9960585616817488,1.10917694211866,1.0586256851191638,0.7083105699565497,0.968127172238466,1.018502089261333,1.1906258386129822,1.2029556000377228,0.87081813840275,1.0,0.8828689531369163,1.0193846001214153,1.2184209994634077,1.0501001978815163,1.0328872450985138,1.0332849698708846,1.001064646405874,1.0788674718658695,0.825499335257631,0.8779456380115797,0.9261971533150533,1.4556476487582102,1.0281609645475767,1.3153771939765015,1.060360353041579,0.796177655277281,0.8247130457056125,1.1882937629359196,1.1032672876666034,1.191302148942218,1.139258757287972,0.9462934822494196,1.0677560724640045,1.1419114544221263,1.0456712483057704,0.9051020569799608,1.5346497628170765,1.3424770145928124,1.1191053329275473,0.9998216222112046,1.0,1.0779388371626664,0.9831447326932274,1.2304652488380041,0.8842346224800905,1.0385672032279754,1.0296055382298503,0.7524801893281956,1.2935090241168787,1.3610865279289683,0.9499032621740665,0.8067591523565314,0.5566003305828608,0.8652876660964318,1.2198436424166264,1.105570685851379,1.2788484061126342,0.9016739018694545,1.2807266932704346,1.0652033692766243,1.0580745614152776,1.0,0.779651116064094,1.1339464871148788,1.090994242311311,1.3268396467992847,0.8662209143151907,1.3550771993191624,1.0231788786899245,1.0832180759789716,1.0735479354391368,0.9244382643393084,0.9965469083958196,1.2371518146322456,1.4109695865085135,1.1033641787375261,0.9936256677623834,1.2044076986331032,1.2981723427045893,1.3762947708466498,1.1648253298010944,1.0626349466035632,0.8895987620551433,1.0721194827632863,1.026628877528014,1.2541338878255286,1.0271256736473244,1.110807010377802,0.8856143777584355,1.136263795163838,1.044938897875335,1.3168577699011563,0.926358349494085,1.0007457044936212,1.0045846061344028,0.8346431390785389,1.0339597314051978,0.8381508821175996,0.8907760644935437,1.3808210158629421,1.20458343455907,1.1944772950376037,1.0482875015909727,1.0836691578360163,1.2714073885161845,1.1910806016075084
2010-07-30,0.9984687085739973,1.1469275597838828,0.7090585988140912,1.0855226077228244,1.0555027956911585,1.2661751034458348,0.7725126320894096,0.5137110931265684,1.1012968196247692,1.1503549617792106,1.3050737574767344,0.7457866649713227,1.1626751467321415,1.0,0.9881805634233994,1.0100121062500316,1.1276264796354245,1.1537839669045131,0.9367135677143954,1.1954082713471246,1.4083740123649606,0.9469429683825055,1.2363003561562016,0.7574871613806426,0.9767407226369214,0.8206471058557898,0.990404587684132,0.9091788256230575,0.8522964507202498,0.9591094709141322,1.0397656275972489,0.8301287673349931,0.8581900886699099,0.8850095740761249,0.998060308631714,0.6895460748895852,0.9912738440653935,1.1326692656653803,1.0243104416006885,0.669161088161345,0.9621798855575181,1.031844390817827,1.1203048870901593,1.1449719700360108,0.8791108754391044,1.0,0.840786666110204,1.0021982887986471,1.2960097697311495,0.8563881487976536,0.9345067917769276,0.9934946637587047,1.0014462998175955,1.0427192987100184,0.8000285085125154,0.9177299934739572,0.9201779052266398,1.444808355236621,1.0314102998854418,1.2909196918166037,1.0081807123464084,0.6942199262725645,0.8618976981294661,1.155139002316425,0.9365795190247497,1.2533408159904162,1.1395326005586575,0.9970770622526991,0.9118216573626617,1.0221945728690949,1.0349342754825903,0.8748137046652557,1.429979309228779,1.3325136220509441,1.1363113296578042,0.9996781586326942,1.0,1.0626763816322087,0.976739326450926,1.1545809112349263,0.9229160183091387,0.931982190161623,1.0759865482173376,0.742296711008283,1.0568911655413358,1.3617340056403788,0.9617126224161525,0.8329640710645945,0.5199103994380955,0.8668760773444538,1.2194432405323792,1.100538697690549,1.1670722477948199,0.9056421536081486,1.2798200573249305,1.069203532146512,1.0606399690210535,1.0,0.7444117541021618,1.0966482193558302,1.0995429579376257,1.3260885989178488,0.8578524395619332,1.3746058640446912,1.0714600263841783,1.158189752881027,1.175824112254623,0.8803234828930637,0.9724577506568536,1.2276418095817534,1.4063804083734621,0.900833352826303,0.989012409613797,1.204572699855052,1.2980768490269294,1.392084356645548,1.0810570651008975,1.0077517259142146,0.8214658627508763,1.0650165551840414,0.9829323236910383,1.273676339492526,1.0173298799719663,0.9938018726800338,0.8434806769473648,1.122118778074108,1.0276425302307832,1.2862280717839496,0.9255470036927307,1.0423810075001156,1.0027848776077406,0.8250098474366865,0.9823870081807643,0.8131077529253032,0.9585153697935046,1.5257058368513627,1.2028291680184446,1.192284803824764,1.0517727233326601,1.0791407805929771,1.242903466171625,1.1371622470543246
2010-08-31,0.9069189996273976,1.1397835428118481,0.7041094651835353,1.0197576623991143,1.0573583717200792,1.1825403189597197,0.7616612824580047,0.496715456846224,1.0910761904778883,1.1564917713981058,1.3344832982147277,0.8485354904211648,1.1574099878808564,1.0,0.9337882702551097,1.1079290250727365,1.1439625970549148,1.2068374945307159,0.9162199163832491,1.1141126825161287,1.402160356582623,0.8425836449210303,1.1994428427718922,0.7319694922570781,0.9686210108086154,0.792854260813513,0.927718174241096,0.9058685482695145,0.8442065232269822,0.962351817878954,1.0328080569290683,0.8295452416490949,0.8671836951277184,0.6784130771293961,0.9976595635247991,0.6853027042972736,0.9904658426125881,1.0635694318972757,0.9966968872227465,0.7162489935442591,0.953480660094152,1.0178579454164993,1.0415451486131717,1.1028141622895493,0.9344689503281518,1.0,0.8196155073624415,0.9644604601235753,1.2179669235043007,0.8865625016321382,0.9553517911909072,1.020577992191978,1.000128024914343,1.0678827430927604,0.8001720513519773,0.9155602263472615,0.9701984182135815,1.4718642447800148,1.056414418888008,1.2874315439879858,1.0138961950446175,0.6604588634096384,0.857000006515635,1.1180486677964918,0.8247779697055954,1.2429043411485794,1.1404067339793729,0.9495146988781339,0.7961239773636799,1.0098962802479865,0.9799877837287804,0.8001664473133387,1.2686324468995276,1.3468147763766147,1.1104169336762726,1.0012464695959251,1.0,1.0766983233196972,0.9751934481825355,1.0353800408897287,0.942954332131578,0.9921143904389647,1.0622241012195537,0.73222834358292,1.0782468875868607,1.355939119579847,0.9542400228551642,0.8397798070026187,0.5018704430805727,0.8662129682145783,1.2203323386295422,1.1227561234487857,1.1046902154803493,0.9098698470482198,1.280897075346174,1.0768701214771172,1.0614147526705773,1.0,0.8287549988045115,1.0947916500368446,1.1038554399348601,1.3261216932671522,0.8563715979943367,1.1583663876665768,0.9769560850271737,1.1564504825003634,1.1724952533998994,0.8601764352058574,0.910975277100296,1.0971540266551152,1.4185641855518214,0.8828782415461353,1.0053713513857483,1.2041159592727075,1.2962432166446685,1.4050374895821909,0.7199351191792994,1.0565170703794922,0.9432945167352191,1.0626437796532018,0.9618003090264924,1.1378925439463412,1.0210778142881447,0.9171823350374035,0.8192645151123303,1.0054658566198489,1.0489853205854072,1.2939482999581753,0.9256866531986738,1.0352655803517392,0.9984708640322414,0.7766502639178501,0.9659311167953228,0.8117280970901825,0.8641364842923228,1.5147100782595597,1.2035661383801437,1.2192318776789306,1.0564126671254053,1.0826448331313592,1.2556475861342489,1.2205418330934938
2010-09-30,0.8802204805124609,1.180363663539821,0.6890482472272071,0.885596909604645,1.0055776283024,1.10371029491832,0.7619133464718061,0.49182027539172835,0.999519391699644,1.1449976377792574,1.3167771466463165,0.7423878009077123,1.1260306989548918,1.0,0.9229557033643948,1.0062934454861534,1.1687366640218966,1.2009802071246714,0.942410806415744,1.0867011942837144,1.4262004563586883,0.7863604282766183,1.1544978281654525,0.7239497825592596,0.9800889577516918,0.6995315149831263,0.8940393747784353,0.9153788392554237,0.7692196356514105,0.9683227621668348,0.998897713956425,0.8295890970120838,0.8419110547459344,0.7321066361656832,0.9980394145476903,0.7055941489397699,1.0000094244848912,0.9659563007889195,0.9673234663464723,0.5937749428272701,0.9620252632865745,1.0328765280981047,1.1006450364846692,0.9846174522662804,0.7676295799952427,1.0,0.8144642141905918,0.9369663011825915,1.1067662670951126,0.8427647412054142,0.9282722071174757,0.993854486139342,1.0004185540047883,1.0128174612017824,0.7978375979455689,0.9187137166330944,0.9540907028782287,1.4303430389952787,1.0429236381818816,1.2612330649215646,0.9285161726754629,0.6663921257993961,0.8639650219492552,1.0597244930372751,0.8125389051825432,1.2412121145072588,1.1404145338488416,0.9758450050226131,0.7886222380029955,1.0123410880511376,0.9533883093543298,0.7782042410424441,0.9998001966572305,1.3211741610084429,1.0904598102587664,1.0023204366860474,1.0,1.069371882491608,0.9720908437999745,1.0070735139162066,0.9141529974352389,0.7101524248692855,1.0329975005437733,0.5950876305255812,1.0219972710806056,1.3426840766928327,0.6140474307910708,0.7880366114909818,0.5174227067477832,0.8703079292056619,1.2212675761442142,1.0693360451739837,0.9392363695265801,0.9054579459821872,1.281380978202835,1.0772517228219811,1.0608798978453216,1.0,0.7743839344986629,1.0662679995954008,0.941744519445919,1.2856386977666574,0.8554137829027971,1.0488776504432156,1.0922721863122582,1.1764089281388765,1.1929789639613704,0.8469979309541288,0.947451371754849,0.7537135432222706,1.2442767339577965,0.8045791972716455,1.0131479790228666,1.1642579519702667,1.2985448016263144,1.3774273977803981,0.8063715300904599,0.9458543617198074,0.8065077141621038,1.0362124812009963,0.8980996194665481,1.0131533618822364,1.0333090534427827,0.9608946260204584,0.8228823240439584,0.8732630113696751,0.9636601154213665,1.1041906102574277,0.9312024257762282,0.9136400070472888,1.0002231200187928,0.7802260094029585,0.9376990985243142,0.8117498231416631,0.9416623491605641,1.4708028111807288,1.2045253706169143,1.21082292751393,1.0493509502600629,0.9606993517550121,0.9703416235620917,0.979299409432291
2010-10-29,0.8950934382006523,1.1868669237307092,0.6849144956444706,0.8127368664339513,1.0181648041429654,1.0777968494744465,0.7612682053695157,0.49259831030178325,0.9986019902601063,1.1128575778301262,1.2136025762360765,0.715454108938063,1.1227167581967192,1.0,0.9245955376827525,0.9851964778110742,1.0064287397474911,1.1697337302447444,1.0148560474670938,1.0661911060474791,1.2626153868897712,0.8437566349807539,1.123071512959286,0.7042902029572988,0.9991257280312168,0.6972844004273957,0.9033967429456086,0.9153431784705027,0.7932376981011117,0.9665512692026664,0.8965735716998284,0.8295183598963249,0.8388509663468533,0.8077393227650964,0.998183642273235,0.7297678627961227,0.9957375260030473,0.9886065684018925,0.9697328829990179,0.6378984312487873,0.9603098221272786,1.0352952349487479,1.116017912512768,0.949536599198022,0.6950913181655676,1.0,0.8134609288560033,0.9074548299313607,1.0069049203392053,0.7999308061836239,0.8424397542394593,0.9293148579949003,1.000493667427135,1.0012015224310722,0.8044961953707799,0.9185647541095414,0.9295595024335744,1.3638258404488333,1.0249610833886327,1.28252275862391,0.92767540305978,0.6315519029665277,0.8283366754015555,1.0345730295455708,0.8047243575062797,1.2432278087991537,1.1401571382841997,0.9409224897723699,0.7337722886710779,1.0100123290413685,0.9830938333176568,0.771566489127918,0.9034069528358007,1.2686057868868086,1.030580760318465,1.0017243363543935,1.0,1.074566322425321,0.971287708354028,1.0235792203100358,0.6490430096638493,0.691693820099258,1.0612183195233986,0.581270389465374,0.9977802257159246,1.0757124579018207,0.6301848389937246,0.7790799454657558,0.5095121680762511,0.8674970559507889,1.2213052936467759,0.9609773023875385,0.8594420099155229,0.9195421181329593,1.2806888543553563,1.006404021966451,1.0416323760833106,1.0,0.7739939531241994,1.0258341556082784,0.9426555699255414,1.3083437718093829,0.8552359205186721,1.0394386463372496,1.1263688950874677,1.2022097095515045,1.2275447586720043,0.7808661512130795,0.9198559580131345,0.821770272825566,1.2004499729418625,0.7703413143714809,0.8729948180099858,1.1331436842569216,1.220162731565743,1.2786217214271434,0.8445222590253572,0.891987319630078,0.7843264965029852,1.0125812001299535,0.8646593200297605,1.0401521185044376,0.9934519398307322,0.993721570546447,0.8374089604979421,0.8456845938680465,0.9619080965844979,1.0662678704419029,0.9383622079775964,0.782950683183506,0.993021965209908,0.7638000823305839,0.9233684832233875,0.8113680458564826,1.0025793399635174,1.352242632677208,1.1922511850459543,1.1073984686373668,1.0315745838482706,0.9347933186093865,0.8141846819052243,0.9551067790394245
2010-11-30,0.8534958567281625,1.1871484599685007,0.6901803357656879,0.818181545722629,0.9509531198686543,1.0668508433403971,0.7612885174822143,0.4868686166285725,0.9943289628653353,1.0975569837662644,1.051175660002059,0.7265945865970745,1.0838854070174264,1.0,0.9270150441725804,0.9985644475964772,0.9589141173663913,1.1335641534865204,0.9078163593826268,1.0473687685758863,1.236744035997476,0.8554975416418751,1.1433570668799535,0.7076030135818185,0.99392711019174,0.6973070442407421,0.9135288380779176,0.9154338040932883,0.7910302665999764,0.9689390216475736,0.8966513984027343,0.8300515660382347,0.8376922766893729,0.9196379826313505,1.002540086007894,0.7470405752307627,1.002306184145433,1.0136684221581884,0.9571758255839342,0.5515842909834302,0.9624483882424546,1.03685547390802,1.1179555997125366,0.9657722393779563,0.6450406181357751,1.0,0.8095095203562762,0.8769689856020297,0.9989270041502094,0.7899191026844,0.7904043280580109,0.9995669681352098,1.000512422595731,1.1224778761534715,0.897558886116537,0.9005043865798742,0.8746576488796616,1.2734970514736652,1.011161816663837,1.3098189335227803,0.9198718674145216,0.6346418773817493,0.8097761647742889,0.9724398519950589,0.7657479217017991,1.2338367156147998,1.140405013180156,0.9777740751282014,0.7735860451512844,1.000387056345163,0.971575548829991,0.7514729492699703,0.8887731381023114,1.2189232576660525,0.9946262688347078,1.0011866743112303,1.0,1.055081042309274,0.969054912267867,1.0167573224981812,0.5633823290158049,0.6771825037146859,1.1026541971291615,0.5418180884669288,0.93931712059326,1.0514551994375594,0.5910531228998444,0.7387487880239348,0.5172400808593847,0.9032993525207725,1.223057412482103,0.9127031525988435,0.8545317546294877,0.92523763449863,1.2775961120229893,0.9505911683085142,1.026823506666199,1.0,0.7945969795127291,1.0632791726860429,0.9458202257560275,1.3098097571580567,0.8553713486061105,0.9929019820896093,1.1291575866631443,1.2347623000897576,1.2722190313254775,0.6619551659757957,0.8906269134010876,0.7124503721546239,1.1772963797885085,0.7755597105109673,0.8318559982755347,1.1443557311480341,1.1370773185410075,1.0952762655805626,0.8056684454990122,0.8606785258420848,0.7795835882818136,1.0161094144371128,0.8898053274916534,0.9915790711420324,0.9319197602128131,1.0073712213217618,0.8347339510395084,0.8249333441487395,0.9612430638730756,1.0993045179765228,0.9335961199770206,0.7797037599102599,0.9923482357448279,0.7602825240665891,0.9225039692825888,0.8114036139277437,0.9927045638814467,1.2645075301337283,1.1839330092352407,1.075545236147802,1.0237722434676646,0.9294241073886146,0.7630061859082644,0.948530793584046
2010-12-31,0.9644487861003562,1.1705923019142244,0.6876876260110041,0.7485012195967756,0.9766130734951971,1.1245489779973474,0.7652671730743852,0.513916051576164,0.9952973384387952,1.1178557206495365,1.0195266665968776,0.6969794126649671,1.0510298967320912,1.0,0.9806056813034083,1.0338812054323676,0.9665635117442671,0.8653250291654876,0.9077567132921577,1.0905639647420389,1.1769601728502401,0.904360432616544,1.1818607895353757,0.6999607963979719,0.9960277378402551,0.697889538236001,0.8731601274052849,0.9155882619619277,0.7181301536371921,0.9692134633022856,0.9143495975464642,0.8323034756618701,0.8369926625756737,0.976012848209556,1.0027461217332718,0.7686319031299023,1.007269496609312,0.7229593772194405,0.9638536867569625,0.5006267736791032,0.9634929634178405,1.0344108638608744,1.0763948057763366,0.9142849106943596,0.6413716674175769,1.0,0.8076899882852399,0.865211503831013,0.990230575512007,0.8280170482638554,0.7728831425144118,0.967182180229253,1.000621095027902,0.9946435066699387,0.8489556560394269,0.9086713487824086,0.8602565206747634,1.2957094577155743,1.0054209386035242,1.262161561482223,0.883142828351253,0.6452201975532248,0.7953931393917212,1.0189788518850402,0.8083158426933964,1.2497931883788485,1.1398054560528803,1.0322149510511716,0.8318673451243601,0.9986711314463651,0.9858170566023079,0.826473746595392,0.904194303704297,1.2232881727147056,0.9974485226169648,0.99904478411792,1.0,1.0261301030701018,0.9671202419934464,1.0069854370719742,0.6207446280112963,0.6669297609027873,1.0499028578501537,0.5913373787555101,0.9244315929045314,1.0533827664528805,0.5749349555376184,0.7187522878453021,0.5497611828011056,0.9276467726858886,1.2202065020331767,0.8910603200804323,0.8528444271628149,0.910269711089656,1.272212813822843,0.9709177425349188,1.0281077248449855,1.0,0.7328583266011164,1.0525655627911017,0.9111592000124238,1.305214125784415,0.8560812306489871,0.9823924593147778,1.1501964398301014,1.2379568675520727,1.2758111729039978,0.6347514092771753,0.839428725220501,0.6810424033735946,1.1844270538989636,0.7498512278088196,0.8706926922892876,1.1365809499677424,1.1382668574585355,1.0147339591939546,0.9369906163368608,0.8452031920547379,0.7717675957707019,1.0128511744772204,0.9987287647068217,0.7821672639112622,0.9369327291550672,1.0553897494096705,0.8333695635267817,0.8148978673860132,0.9604732962427394,1.0520639936050702,0.9256712857651918,0.7752974147459502,1.0001334995945397,0.7706179356856628,0.9300316193797007,0.8125270837867886,0.9802226299036638,1.2972126350930921,1.1821984268223162,1.0535136048362923,1.028740609576416,0.9245280921105229,0.7487111710994556,0.9393622280131176
2011-01-31,0.8043510610346224,1.167629253475446,0.6866807448037864,0.6165901926337924,0.9560020983312411,1.1607977251160504,0.7615707286621674,0.5118219481669806,0.9979856933510985,1.1132025168674078,0.8762622112277695,0.6807146593507991,1.1084369814308876,1.0,0.8962044535501901,1.0112522330296017,0.8846424255618957,0.8698870614436607,0.9079282622795118,1.096741869866661,1.2208690641667976,0.8565493027235396,1.1290458038237958,0.6975627193320706,0.9893841646819914,0.6978956303678323,0.8567220048850055,0.9154847388638934,0.7044129783823675,0.970672663841869,0.9339412091726196,0.8299732938542816,0.8334346508503956,0.9467403302930677,1.0061938295033876,0.806364874974472,0.9988027942804169,0.6230100717578158,0.9376472020052208,0.4997709710345398,0.9593289937985966,1.038002245435055,1.0080462947472053,0.833145883887677,0.5859945900802067,1.0,0.8048653626119924,0.8493484052759332,0.9363950770074239,0.8450350253938685,0.8276951594003553,0.997444148255694,1.0008939226480018,1.0276992115143924,0.8680101076773248,0.9016660920762296,0.8697416741438773,1.2769601253526295,1.0151693171865457,1.2005531244669851,0.86373781983417,0.6532671212471142,0.7932620144396462,0.7753069291358913,0.6726244014331347,1.058357597116001,1.1407695392315578,1.0256287444942103,0.757624075973203,0.9822064229699112,0.9816700320751169,0.7055998969138189,0.9210402566339747,1.2053018949816852,0.9572317840182113,0.9994468097122271,1.0,1.0257088532765353,0.9657096624542997,0.996856012794537,0.6425485149102703,0.6531807509318046,0.8645400676565421,0.5589578925122377,0.9183731817628049,1.0618389378025817,0.6559110047442738,0.6806294187654142,0.5510214935677238,0.9014225507418481,1.2232509265613174,0.9128050391949628,0.8548925390059428,0.8868789080059148,1.2242380080385762,0.9782541164603169,1.0244589529265076,1.0,0.7473016161373225,1.0604945530098064,0.9007875440150865,1.254158525873634,0.855975244685234,0.9311964604262257,0.9768334385756878,1.0281434743494842,0.9934081835111345,0.6524830460524843,0.8007429683615638,0.6961890452597117,1.1714440678630318,0.7489413334581307,0.8747296184366607,1.1391086750508537,1.137582508025906,1.0224692124160046,0.8066296456132002,0.8266922022884778,0.7721612276827192,1.0144162994775103,0.9771438147815082,0.6941690184783279,0.9350589215895709,1.0454295281702632,0.8249161615252241,0.7838785564735038,0.9589507871752333,0.853919549878105,0.9381879916558826,0.7743907895977522,0.9960855336572613,0.7782965103632815,0.916700684762961,0.8109916679829811,0.9608550939643778,1.3043649537348099,1.1671869101757628,0.9977017682448815,1.0040427676459376,0.9230008093670755,0.7473934981238088,0.9375800878887551
2011-02-28,0.6824884673095684,1.164365032716793,0.685590967030071,0.5973180041706456,0.9330147219765982,1.18978550826486,0.7609126252667446,0.49476188877713234,0.995408999316981,1.1160179982608558,0.8402758484154937,0.6791858782925819,1.0718731365328877,1.0,0.8871376260077707,1.0032627359657726,0.7972273195566602,0.8447157742640177,0.881930373102235,1.0900858309221546,1.1591121067933732,0.8031084744903889,1.139690198021361,0.7027252869894631,0.9632889880258036,0.6973576472370555,0.8591941265216236,0.9157561585307727,0.7695262250627796,0.9724298067725132,0.9245294321330858,0.8301816879537739,0.8326080558279433,0.9271781879980784,1.0057621164330663,0.8272626827736373,1.0034359462742624,0.6267055730954497,0.9242247599270281,0.4959722624696158,0.9577060339769456,1.033438754760899,0.9913618749739711,0.6765798128942819,0.5862348939734345,1.0,0.8051651419055322,0.8093376111973509,0.9327813651964352,0.8445693107997563,0.8452848055163573,0.9873402203775679,1.0008332379590625,1.0389272426447755,0.7977632704555222,0.9240923224115059,0.8634762134957612,1.2881381347617393,1.0257358417742468,1.1721674216141231,0.8202862848647231,0.6649993979574652,0.7622477130547788,0.7157198300248246,0.6497465814366599,1.0439285107635896,1.1413417532127987,1.0752540214270787,0.7689350397199772,0.9588417696931115,0.9492034188474373,0.6526695979164827,0.9005213220284514,1.1570513364702617,0.9545950611985009,0.9973809226100513,1.0,0.9859543078166385,0.962613604848433,1.0247746900587984,0.6158371584365059,0.6596957895858149,0.689377852864203,0.5697792166674136,0.9028891808438775,1.0623407121647488,0.6033722512314599,0.6693046125151345,0.5773461622498048,0.9158479102191979,1.227359248287039,0.952448219712863,0.8541771860170245,0.8839282803569398,1.1702618705112349,0.9870743898587667,1.0189398073681484,1.0,0.7230227494178523,0.9869208859810517,0.9074602221407131,1.1259680133965593,0.8555079383892052,0.9185633854480901,0.9371581480148208,1.032647154533157,0.9970783300329048,0.6287043938634381,0.7458437333342641,0.664116991229498,1.135027450021667,0.7460893912203258,0.8905981032529758,1.1586435910166033,1.1360528273753159,1.0092340556596564,0.6497047507286058,0.811140717444001,0.7728945054510238,1.0278410727469631,1.1394619679478082,0.7087382864786461,0.9350724370131711,0.9408277595137704,0.8011795022553896,0.7200387269239807,0.9619277383510567,0.8908688593798713,0.938290189835714,0.7731564735268702,1.0004276745372669,0.767510300955336,0.9208548237563892,0.8116051134503481,1.0040243297525462,1.2779544656472337,1.1642240004610755,0.9832809641162719,1.0091366681494929,0.9527946440429139,0.8639200188466574,0.9677980284855796
2011-03-31,0.5665849029342241,1.151867426735864,0.6853834812267567,0.5920444044000965,0.9371607300881423,1.0988271510828655,0.7607703859610078,0.48742072604810804,0.9914717969075464,1.122357119466049,0.8741755031409209,0.6846343328777122,1.0184781948719088,1.0,0.8785958036833511,1.0570364056600723,0.7964479543872257,0.8688232034227137,0.865901231849161,1.0535799375960762,1.1111348040002316,0.8089149831222218,1.1279405648202334,0.7044601882718662,0.9240267372574789,0.6967522741050591,0.8317679544878672,0.9158098698892636,0.8073825915605778,0.9726860573023517,0.9145105015880057,0.8302172726800893,0.832601328505125,0.9610408990533649,1.004489412878174,0.8168049902787237,0.9977243636384769,0.6227713718081813,0.9218820364168814,0.49084590825997076,0.9443088032233496,1.0352179809552775,0.9215332533309069,0.747403573970972,0.5865823039016628,1.0,0.8054487012740701,0.7973873461459404,0.9212395962793027,0.8182515784570994,0.9095790948354949,0.9788421693653329,1.0007703490607853,1.1181299187105784,0.8331521930643135,0.91580565861545,0.8615781626336193,1.0210698889519636,1.0284365826950617,1.0292790758199775,0.8148959088996632,0.652404213404481,0.7473944305884048,0.6629587901584348,0.6404634483087757,0.9967310228386554,1.1426682267773347,1.069121180664086,0.7477629583674774,0.9494778642503371,0.9119086114154717,0.5999501711132689,0.8678753133610977,0.9616573234909748,0.9464900722276961,0.9975382570754571,1.0,1.0138770716262346,0.9626101342255616,0.987686938766733,0.6458737633644851,0.6565543939311826,0.6423566425529332,0.5020829586098224,0.8884833976629952,1.065826033810862,0.6029104437340382,0.6475851370385721,0.5202916874626768,0.9149550479259672,1.2260305334156119,0.9453601402749942,0.8494537152806456,0.8792562256148472,1.1564039660620669,1.0062030946402183,1.018072961950928,1.0,0.7126198441859002,1.0661699395625714,0.8983225401558855,1.1119193210275675,0.8554854575302673,0.5940436112719026,0.874924193790167,1.0060983046858172,0.9693291617850742,0.6258433880571969,0.6829932145649217,0.6537908790374038,1.0981438517379856,0.7475084470778508,0.8723138195989084,1.1379279368125697,1.1295739508595588,1.0676653002263257,0.5396903275355198,0.7856349085346774,0.7866966040802073,1.0311924294266706,0.924389631649592,0.6516111063848193,0.9383841927219354,0.9385702679447657,0.7998969906154157,0.6798519240917075,0.9624484250852386,0.9075886217337468,0.9407137007176573,0.7723958623986498,0.9999911313104872,0.770411268831631,0.9209234272559057,0.8116775035904488,0.9400746997096031,1.1640275585581503,1.1497989689047228,1.000969012455979,1.0154610548777718,0.9717321152105537,0.8841157075323818,0.966440020238617
2011-04-29,0.47928245069587216,1.156401453334714,0.6766575404416111,0.5062696657379279,0.8591836953791046,1.0998183955647147,0.760553441877096,0.487278244700321,0.9836216972598053,1.0522850595569335,0.7529242698263778,0.6726340034469882,0.8738501318866899,1.0,0.8711180642967858,0.9285204252036848,0.7728519719579161,0.9085414081638937,0.882528502306441,0.9359046461424602,0.9162603005906926,0.7474433171166017,1.1182146284782548,0.7013069479613503,0.9423217595006799,0.6962909598120832,0.8246658252896678,0.9159685151508846,0.7533971962009894,0.973045717359071,0.7967173559635368,0.8299151401002528,0.8325825399170759,0.9482313090352205,1.0063563367347426,0.816016547015459,0.9953122004634963,0.6114715972472466,0.9113414671305052,0.4842372502294584,0.9419041609453904,1.0352124985174416,0.8529432988761657,0.7371328881702529,0.5909957754528913,1.0,0.8017751217630577,0.5680483908476205,0.952763151794761,0.8597487159481523,0.8907937793230271,0.9941319336063607,1.0010370731386362,1.0744503661172213,0.8067521581687629,0.9206049823934374,0.8069067019084332,0.850028949453171,1.0347979844397583,0.9232212489408488,0.8053467571047912,0.6435859873846739,0.7446610541505663,0.5351346019567693,0.624783015036825,0.9461715153261981,1.1544575297184656,1.0486594931473303,0.7959146851694089,0.9361007586680771,0.8958498635822486,0.5688526599794389,0.8273699892855912,0.8716468784452047,0.8946583866032101,0.9901884785254814,1.0,0.6295737194403943,0.9523911663710898,0.9687387879964815,0.6470441047059677,0.5892395871177016,0.547564827305047,0.5093534632559682,0.6730835279567586,1.0427406386920464,0.6092775535875223,0.6340298250636137,0.5457067249076648,0.9028611423780227,1.0942747141793912,0.9756991306965529,0.8495697308424799,0.8693153303139383,1.1333616876403279,1.0235869713183672,1.009890066805928,1.0,0.7135349645628855,1.063463010456333,0.8995901359003712,1.160259760491269,0.8554750210238695,0.5499704087322395,0.8553465123727436,1.0154226579722998,0.9785201679016134,0.4466605621827644,0.6632364978364994,0.6609398973761459,0.9932940955649082,0.7362403767464707,0.839706210780892,1.1404922068481251,1.129218795541937,1.1335464005681353,0.33923736265128057,0.7815551475267608,0.7914299994289581,1.0337174024108047,0.8420541200862562,0.559676094371247,0.9215509467801419,0.9612402676801831,0.7726247082037265,0.6001071573566681,0.9629180031554936,0.9263467870794634,0.9444502482370726,0.768458776978156,0.9941460430675294,0.7796902139594618,0.9196285530381574,0.8111579591582585,0.8900255207439592,0.9465135800242312,1.1373375817343951,0.9322728030918899,1.0111562170491613,0.9866559455501814,0.9908806786907745,0.9765257157945366
2011-05-31,0.4289268365531861,1.1101750513829136,0.6756899258320435,0.5386449376045194,0.7358781927253581,1.0113163235893747,0.7605306881149232,0.4827204018859026,0.984043258023634,1.0365976091272315,0.728778478967705,0.6715235861148721,0.868661655155551,1.0,0.8706330848654612,0.9698024764326083,0.799707141282503,0.9439503125430142,0.8813490268464784,0.9501268934014203,0.9388134142455786,0.6826092900419823,1.1142039598344926,0.6977778013994795,0.9104657639024698,0.6961078484029088,0.8294168727260935,0.9159283724303756,0.7808607845320826,0.973054945402355,0.7916993344728607,0.8298463874442552,0.8325023157767324,0.9517210529480676,1.0060692098482926,0.8128728752773875,0.9903645828702352,0.6092257958164112,0.9107933580800845,0.48295578358944924,0.9382536372431101,1.0369060042735063,0.8407080417953618,0.7368049602940696,0.5912201970447732,1.0,0.8017729278455883,0.565472276277255,0.9721576865272379,0.8431683370667895,0.9200104488452823,0.9532224630177741,1.0009258554376972,1.0267961803557288,0.750796151316615,0.9289367442260701,0.7941645536902266,0.8450811925732501,1.0335818294191463,1.0413391633293059,0.7437637585648016,0.6518398079608545,0.7346806440830901,0.5369395365796552,0.6251481742315239,0.9035396260115072,1.1404790751091496,1.041505147232243,0.6475381117415666,0.8945256556138697,0.8975662476703123,0.5547804392970793,0.819379782845418,0.8697917857247693,0.7607881873556324,0.9887397514753495,1.0,0.6008060576148295,0.9522731654970374,0.9314613316224104,0.6962839686738788,0.5615631954234742,0.5166233858992418,0.4753513937802979,0.6497412808483435,1.0361393052282526,0.5965580720696056,0.6336505856797954,0.536749599202013,0.909870031216288,1.1030258812274105,0.9694511254103505,0.8494023781999598,0.8664806909381413,1.0381016777850256,1.028748621434041,1.0153689986128183,1.0,0.7102987755945329,1.0579360671722973,0.8945579126881116,1.0620924356006396,0.8553192902967124,0.556090574181944,0.8701685795625216,1.0206920044070629,0.9841305799437098,0.4676989704146436,0.6286554234885788,0.6575562165178246,0.9770199607896229,0.7318859302351448,0.8153451075828827,1.1276505150770517,1.1262716064877971,1.152157814552553,0.3253847614140345,0.7788636471952051,0.7957612357901751,1.0178649826972022,0.8287860529231431,0.5804318289952399,0.9210773104364959,0.8685731834645309,0.7708728536331668,0.5983663823962824,0.9625926047093103,0.8901773931676552,0.9471518918349341,0.7671834305879722,0.9963627992232235,0.7346853737483185,0.9110950685027401,0.8108895835585718,0.8792272791887111,1.0819236928174731,1.1125920283360282,0.9292125360842433,1.0080901463041518,0.9917009476274299,0.9999318640766602,0.9726092038108768
2011-06-30,0.42012281010247654,1.1239454113439273,0.6801731378120413,0.6006638344675004,0.6924453409342315,1.0234076765691107,0.760593700129541,0.481929741370013,0.9814711699259031,1.0223944382489343,0.6983859827444809,0.6708636929766248,0.9126935253624734,1.0,0.8707850757076581,0.9553222102348243,0.7965033214335132,0.926709040460815,0.8757068944026499,0.9426515552324812,0.9560231787673651,0.6711237577713224,1.1168029749141777,0.6984213954158558,0.8751703127664874,0.6960307764837066,0.8307603059052109,0.9159163703695379,0.7589602544232581,0.9731777825276715,0.7927062591499696,0.8300699779971545,0.8324748388440243,0.9700015698166935,1.0048221254547682,0.8305647546691077,0.9905846133147522,0.6076108087643615,0.9100527758244579,0.48596085607649675,0.9368260315764889,1.0378719940724663,0.8577541172559462,0.7374344959891542,0.5908368285427361,1.0,0.8018369589848138,0.5742527718820487,0.9928883520953737,0.8200605066650785,0.9258474718418108,0.8726831910394186,1.0008237798699675,1.0045646608782608,0.7235878885467609,0.9303786959943585,0.7933450311246315,0.8430891615157249,1.025052404886018,1.070042047540039,0.7407402860906275,0.6529472974209948,0.7433192670865378,0.528918143151969,0.6248081201221887,0.8760951818211535,1.1410597559133897,1.0485622236170578,0.6223560241915623,0.8964195323503841,0.9054492044841375,0.550680391746053,0.8327880759545485,0.8655733055288839,0.7144890641191532,0.9900595600791147,1.0,0.614238771294344,0.9526309243236014,0.9024064595816516,0.6433715131561846,0.5661836043046649,0.5192817832160919,0.4369117364609967,0.6500403316768124,1.01578879282036,0.5969725840497904,0.6176197172784064,0.5559006497700156,0.9084265175180984,1.1266041406923115,0.9721899882137641,0.851795706668582,0.8651805880567278,1.03369465807067,1.0405042267916433,1.01691859294456,1.0,0.7273176550551164,1.0475296607931965,0.8930843494366835,1.2514656781511786,0.8552070165663103,0.5649103007841303,0.8900337727892963,1.033123976648057,0.9964667130889384,0.4694552763646034,0.6177681436779532,0.6663234672563869,0.962330262715047,0.7317764803350069,0.8357118605302041,1.106750764512028,1.1276514766747945,1.1666695076488125,0.3289296231616399,0.7802540512045858,0.7970866798901832,1.017235541226378,0.8716701714574956,0.5637444391188007,0.9231967814732905,0.9076678555620572,0.7765779484285442,0.6224031083369298,0.9605542757132506,0.6967040536960771,0.9482062308504174,0.7673293498270203,0.9941493256991027,0.7386308609823201,0.9115027124289098,0.8110169844925912,0.8926061533087346,1.0262440069595704,1.1129249717855065,0.9232510733018481,1.0211434779557684,0.9556652643164052,0.8590005287517981,0.9643394003029458
2011-07-29,0.3680728957555258,1.1242317937507533,0.6799655312765255,0.5480776812259299,0.6989404924957274,0.9481410501896538,0.7605773900154609,0.48022480898678943,0.9797234785427023,1.035002772014563,0.7534481136782105,0.6696978993140503,0.8693416908717131,1.0,0.8698644792655821,0.9456298856530801,0.8226123761476303,0.9026184282203286,0.8855294802666236,0.8975193016369429,0.921590796744811,0.6401561877431601,1.0929768728779352,0.6964773079250401,0.8621337148352065,0.6964825295566728,0.827372973714177,0.9154383803954825,0.8485743714537559,0.9732422672119561,0.8111874648764448,0.8301461687731913,0.8331379624647717,0.8297975384038884,1.0009482331599964,0.8267961693629364,1.0032961309648578,0.6076794243426527,0.9092092481513296,0.47583878116874223,0.9343326094885033,1.0358173063687588,0.8520015280833253,0.7283081235218081,0.5912225114425143,1.0,0.801858204115138,0.5651629568563248,0.9762038310875132,0.7886431849913493,0.9564152423697325,0.8127179796075802,1.003041460541553,1.1004065695195882,0.7856361617230813,0.9232742154575568,0.7956481610312758,0.8559171313056784,1.024671467988852,1.0524334671107411,0.748826320818633,0.6635510200457062,0.7320737692299658,0.5164040340211191,0.6242088782968551,0.816725148483499,1.0967193055029503,0.9848378028130098,0.6017439991737168,0.8765730475718432,0.8925930477902455,0.5343331472176251,0.8409052953063957,0.8695788558119536,0.6912659395435801,0.9905362461578386,1.0,0.6218697802054265,0.952650355216232,0.8631802474899274,0.6041528798608211,0.5660043709989443,0.4957908429119745,0.4170430215589229,0.6480002074235285,1.017786632030144,0.5750384588315482,0.6108293537609152,0.5230675440119912,0.8918219413023172,1.0648323100414847,0.9599621475898562,0.8498024584698632,0.8630410530716356,1.1157672371639207,1.0659011344039473,1.0194397906603538,1.0,0.7284974055454869,1.0514591985511546,0.892504464028523,1.251225219015806,0.855100379181837,0.5615894602109983,0.8221336222982288,1.0062349719043768,0.969178518271413,0.3843185886703301,0.6108059364235034,0.6608999475312547,0.9905774404564781,0.7319106377644937,0.8977041476910258,1.0862288344043134,1.135785159050615,1.2361239722779822,0.3178575618461429,0.7664450782370191,0.8084185443907915,1.019226059929545,0.8562524578261683,0.59877265708714,0.9249299191415666,0.8920901219224947,0.7710771787019925,0.5851631276904835,0.9605457914022975,0.7688722252724853,0.9482537477608991,0.7666565331866418,0.9940142636461722,0.7430895701019617,0.9099157607614143,0.8109667103326561,0.8121124493333695,1.004739488612621,1.1188168634183466,0.9314582451335767,1.030012372220369,0.9453392728142983,0.8331297340917085,0.9567215981113818
2011-08-31,0.2977077436911765,1.1312272451329866,0.6803627867025792,0.5476419771705894,0.7569074058780214,0.9760447077812652,0.7605458219734955,0.47895367813987577,0.9839395322474636,1.0433372984684646,0.7675393059781677,0.6672279010760198,0.8913299290826543,1.0,0.8685163613457516,0.9412015869490379,0.8683671551999503,0.7931761706815281,0.8885612802003712,0.912359564052008,0.9264324823818386,0.638918133884596,1.1155461525042005,0.7001913883424948,0.875861791783454,0.6963268550819748,0.8270875511571159,0.9154855760361905,0.8650545660147934,0.9732375070930205,0.8778482178547936,0.8298212859990259,0.8328487556556337,0.9155970163452802,1.007680728315628,0.7955275164831854,1.0023742289635238,0.6075400947055773,0.9095175612879558,0.4726664028291342,0.9331246046134498,1.0379476509241856,0.8735159786865622,0.7039221975390433,0.5936085047796649,1.0,0.8018457688785104,0.5522355229190501,0.994953356400455,0.7861812431941448,0.942723173962289,1.0029539378697965,1.003128233348631,1.0403872283635014,0.7730316815476058,0.9260412821178725,0.788072064140704,0.8384206659833836,0.9979976871482367,1.033571777906669,0.7548877562952473,0.7026656105145188,0.7259328246142953,0.5006318976913575,0.6236384833264434,0.7521969303133361,0.9579857690626754,1.0452700529816619,0.6149757116951615,0.8777782722902542,0.8736176460787213,0.4984128891673565,0.8422533912086393,0.8712989360459136,0.7052776008790544,0.9892925362199825,1.0,0.6079835539627194,0.952685204039575,0.8116533554230633,0.6917931659089753,0.5568905926485886,0.5059242171849583,0.4147879450917308,0.6592010305159872,1.0072228009924318,0.5590532670638519,0.6805602833979074,0.512134004796411,0.9281825528680419,1.1403179398611816,0.9844995009613879,0.8514745153724693,0.8554523591764638,1.2270664803229479,1.0798708454910622,1.0249788278382155,1.0,0.711004439687426,1.0947778530267778,0.8912902006568346,1.2341537845144765,0.8552565547375326,0.5349443147625914,0.8267868728316471,1.0094753745119436,0.9712830730059206,0.3768745400294232,0.6433687115437068,0.6617648922572934,0.9735145711656461,0.7322497691674008,0.8839600981666129,1.08938467354743,1.1395986952706127,1.2795246634900213,0.31060861223072955,0.7603742739658983,0.8501588427251485,1.0218465222036655,0.9542084814818467,0.5345647322281099,0.9252324071604767,0.8870029078285697,0.7704293041087897,0.5741650519270933,0.9609089400909169,0.8099681387378416,0.9473659298919134,0.7697231226371344,0.9935208508658997,0.7608998383986108,0.9093947774622533,0.810921151767199,0.8530525079005709,1.078847743758109,1.1642998796594493,0.9196959280216155,1.028838006152814,0.9568074544407493,0.9992253921476701,0.9585351405740501
2011-09-30,0.2982939531348505,1.0440335386377138,0.6720305592776568,0.5341924950527038,0.9258257096844532,0.9740044360611938,0.7605310650157139,0.4785698889016532,0.9829713963753464,1.078517153404288,0.9142844794848278,0.6666996729082638,0.7477351934433698,1.0,0.8685297297494402,1.0216507912024326,0.9132685098096598,0.80589810873701,0.8578752888450304,1.0291153486299798,0.8698571430516755,0.666367019604806,1.1282606895371694,0.7001999825630792,0.8718656839193696,0.6965919812071835,0.8283725772144827,0.9147444861408629,0.8803238107746778,0.9732704541970374,0.8970879374600388,0.8296170342062562,0.8329750319550646,0.8952073981358782,1.0040956837832062,0.8022132429475775,0.9988509665182206,0.6076911239711393,0.9091025129977623,0.4795307208994434,0.9319908396047358,1.0363064177375632,0.8615326099930802,0.6946188307515435,0.6133793166398922,1.0,0.8019138437785858,0.5474512749976455,1.0013029638897235,0.7878443173130167,0.9499900626773418,0.9740417738159751,1.0042507060018993,0.9846718340798141,0.714794318237715,0.9315049655434235,0.7964339974514474,0.8590120520240775,1.0108548180808505,1.003302339779285,0.7800351332113811,0.8683680730983572,0.7161600729233213,0.49413063905731913,0.6232776819585921,0.7139468618434648,0.9301607253901198,1.008420763880348,0.6593427360463873,0.8503312416966595,0.8566209576518423,0.49837402272874864,0.8489259525393869,0.8873355052314585,0.7132170674320777,0.9883305370179495,1.0,0.6265034953722316,0.9531210071535522,0.8698174652225807,0.8299468558690308,0.5542352016792815,0.5054006028626241,0.42039138591228153,0.6653962266407876,1.065945425684638,0.5636914314617312,0.6616604798838496,0.5064646134391269,0.9024424528983169,1.120793128821601,1.0813511542530974,0.8864451747779005,0.8574925390878637,1.2452593295344947,1.0844547605824886,1.030958854130791,1.0,0.7189332624057063,1.1158217043032226,0.8911143742347696,1.3025624206411022,0.8554913187519848,0.526707611417285,0.7642505538022306,0.9753144005752367,0.9338729278914105,0.34976360764463343,0.679930992772521,0.6517961243769119,1.041218303743068,0.7354235718699373,0.876956390179217,1.1037796735588623,1.1382965743380766,1.3193646236644985,0.3104719210545752,0.7492855787048178,1.0690360179431309,1.073517045607609,1.2055788098760052,0.5306213240093671,0.925458044296103,0.8105285656693211,0.7661462767774644,0.5610526059840388,0.9703111591800413,0.9241851126452877,0.9465899215860651,0.7893621138900798,0.9945182384025713,0.7453812811917794,0.909906286771611,0.8107976738500748,0.7993150767156508,1.1825273431131795,1.181700641999165,0.9628411977597735,1.0409677918513898,1.0520094870993342,1.2596022842186005,1.0356968719777122
2011-10-31,0.32089554575013246,1.1245209546498411,0.6736301811341127,0.5686928537445866,0.8956453005499623,0.9980227968394993,0.7605675565685569,0.47871895998022584,0.9856963654305715,1.0705428891418707,0.9078329589606409,0.6671975228059093,0.810259957465318,1.0,0.8694861209237053,1.0344763258308882,0.8850556451506625,0.7988608326412991,0.8590877657471527,1.0724703929980521,1.1142175995326633,0.6555882033020879,1.1276903470211017,0.7301009480326043,0.9285263030684576,0.7002607446153777,0.8271655093115525,0.9146956764747546,0.8315887224336029,0.9725022220574152,0.846521689933767,0.8302063690240056,0.833134491074162,0.852862465473915,1.008368253434989,0.8058482215246205,1.0058995267018953,0.6076477869743957,0.9094032307328117,0.4774984008806954,0.9315262729159878,1.030557661767594,0.8637496665118312,0.7834538798774313,0.6177818870905392,1.0,0.801874544233765,0.5444697656680314,0.9692943895845479,0.7878338322897377,0.9293906612571506,0.8101509646252433,1.0034700350700712,1.0969720581002067,0.8591622776262325,0.9093730171313184,0.7928241262335853,0.8408333295802863,1.0069307278775035,0.9474688918100364,0.7849378356862464,0.8559141139049566,0.7390855109690486,0.5198216248569969,0.6247028285513219,0.8480591514957316,1.0144480390766497,0.9876556165129363,0.6546872018562657,0.8646206661855914,0.868044652340359,0.5112382931345121,0.8403184616044623,0.878197657458084,0.7981371780350113,0.98760614307122,1.0,0.6194107992357474,0.953321716577855,0.8874715567262556,0.8649127785021278,0.5586694851347539,0.5057737396923583,0.4335846259776037,0.6568649704956138,1.0595915497724022,0.5568887926209721,0.6897401172745334,0.5121891484881267,0.9771906476146652,1.1398060012504319,1.0355402334481545,0.8770407314896141,0.867134358111648,1.2429970095091367,1.0788244689044162,1.024224300512841,1.0,0.7156528669076481,1.1150831720292829,0.8983694126769529,1.2677918951839748,0.8556226552975936,0.5283453811598298,0.8992212705991138,1.0066112003186038,0.970221570250982,0.366341131057089,0.6765721498749238,0.6745466637472587,1.0186393436404608,0.7347605380836116,0.8729653468692748,1.0726169249602286,1.1361504233064337,1.287335115640266,0.31162806792515996,0.7785020892999672,0.9078313161154075,1.069735299726096,1.1779173913558645,0.5190603976378307,0.9198464405457005,0.8612933208911326,0.7631448549718602,0.562527544924059,0.9718441015626866,0.9655827769803007,0.9479868627669015,0.7742516213366408,0.9968340160167297,0.7660911048447684,0.9198848417119168,0.812018777492076,0.7913090218492682,0.9382186533284554,1.1577630785251294,0.9524115897261047,1.033811568871425,1.0621495970919757,1.2629927631941322,1.0511955302771787
2011-11-30,0.31977293317671973,1.1133738869087013,0.6724915419912241,0.5470224998369545,0.9144896383575971,0.9975003215109248,0.7605496716634552,0.47904682625901795,0.9855048792248975,1.0817103541219275,0.928032267576643,0.6678185584675655,0.7501564073335423,1.0,0.8690364480340892,1.0419765521776663,0.9139699134003094,0.7979729211567902,0.8640809411716235,1.12612474289638,1.0310651055322615,0.7237236196943846,1.1328529628355413,0.7752013319240051,0.9217200432044221,0.6996928484398424,0.8310264045043408,0.9147865085236746,0.8373657912388555,0.9724565517324569,0.8479768918554966,0.8299250789108013,0.8329792174286804,0.7401316489257361,1.0048378637046425,0.7734054724997574,0.9996736278091396,0.6074206561593585,0.9091335467762627,0.48392129136130535,0.9312260869773767,1.0321313694429046,0.8609655425149536,0.773559436429291,0.6124018947284063,1.0,0.8019200205504146,0.5451904825226226,0.9643623066841074,0.7926204167140941,0.9902307232343127,0.7219255406055088,1.0026582974889984,1.028995404367274,0.8322318576672425,0.9127682137125155,0.7933788893201205,0.8477677697853658,1.0126072982505694,0.8856444407278382,0.8044627251624796,0.8411987589716808,0.72861555674826,0.519809476487431,0.6249507728324868,0.8594619936692524,1.002446579910016,1.0006032877896374,0.642071214091908,0.8833347161408361,0.8640602402288865,0.5100724193639339,0.8532484282333472,0.8851708502571656,0.7971301757714478,0.98773124771555,1.0,0.6191780696448581,0.953465779146099,0.893906600524801,0.9757087876345455,0.5567560115747984,0.49594206692743814,0.6017196547761159,0.651693878042973,1.0797445159844234,0.5634286146740556,0.6919058634225036,0.50667022643219,0.9217017150384126,1.0526888650715043,1.078688401174589,0.8977963168548,0.8689544660099784,1.2480347700013958,1.0858961201153374,1.0290800245476184,1.0,0.715814241839962,1.097954505759152,0.8970497511623802,1.301842766011105,0.8557402888153147,0.5286576262922074,0.8924318655329362,0.9927835780083846,0.9552374962464044,0.33573651094262225,0.7193008357599286,0.6867031719812307,1.0369573026969576,0.7368054678192242,0.8867925562943464,1.0424253361173537,1.1338376594880548,1.315429481466907,0.3118958268334152,0.7852281363758629,0.9505208386562537,1.0766389192892307,1.192855459519863,0.5122660406652775,0.9176603507586839,0.8591475416121251,0.7640234438177383,0.5588103403249036,0.9766409409663167,0.9818029882763182,0.9462022504103027,0.7806117247916713,0.99488886109329,0.7651459898102413,0.9237489335538185,0.8123213151886145,0.7995629680006169,1.0342243233242798,1.1569364277992622,0.9633307474469298,1.0344473290979734,1.0691476167135339,1.2717336801417378,1.0823104003016404
2011-12-30,0.2996730799081957,1.1227298943468829,0.6715246086530203,0.6623576935667059,0.9327098345466363,0.9552088495936342,0.7604984633224852,0.47854172346956836,0.9854895854274366,1.0709657979769278,0.9666071445299474,0.667550482235486,0.6850410213933689,1.0,0.8689608688548475,1.0412614564741516,0.9289403517731298,0.801147846051051,0.8711621203086578,1.0972786130904404,1.0049426963254613,0.7303997754913728,1.134272105168219,0.7507709979445659,0.9325616451319149,0.6976737714528003,0.8275132629843489,0.9141897220998124,0.9168223524204334,0.9717654956197499,0.8483661826026554,0.8294232803598198,0.8327089007074112,0.657077765381016,1.003405964570475,0.7667800905430258,0.9994079568253306,0.6074665905474697,0.9092690955459118,0.4960378729548913,0.9313720433558463,1.031876928569045,0.8644487843611744,0.8419544047000614,0.6168796786109942,1.0,0.8022789585181654,0.5419775543780337,0.9834354231317328,0.7873026588994673,0.9898144200254961,0.7602243577509408,1.003793180167024,0.9741584454424074,0.77813265330854,0.921617473301656,0.7950896389542634,0.8533366960353592,1.0268940675886409,0.6905412368727708,0.8726166121358188,0.8452357017316308,0.7214946275759935,0.5041006067749068,0.6235932365664518,0.7884404778363582,0.9377837793956987,0.9959163279381368,0.7203411418112744,0.8893010274779362,0.8387518751545624,0.501460045726835,0.8505651294405728,0.894377611332557,0.8434415139119378,0.9880134980294613,1.0,0.6355286750638844,0.9533572241684976,0.8757984885863503,1.0899324491843305,0.5520221120420552,0.49793849862422657,0.590687366839832,0.6433639326469253,1.0655657239397984,0.6300868604228791,0.6955365342648032,0.49030463416106695,0.909560032623622,1.077697517362569,1.1276021487144146,0.970387973326923,0.8672412642317042,1.255181310659212,1.0868340585909433,1.0315420679272151,1.0,0.7311867856946717,1.0694335845667275,0.9019995088802623,1.297036713945416,0.8554547868798319,0.524303926703727,0.8520172406460296,0.9685462927156674,0.9267334636248312,0.3037388826351892,0.6169400821472792,0.6769500769819854,1.0527761968178426,0.7383914120281845,0.8453280801874258,1.0270254020582597,1.1393953619348072,1.3641414389288569,0.3105682605764998,0.7747907629296942,1.2468524051679175,1.0955976486492798,1.1601241745891815,0.5083947593732832,0.910830637095498,0.7881231294831115,0.7627055534045615,0.5545479597289654,1.0149099175253213,1.019403699733224,0.944235791912216,0.7883824576356835,0.9892169486656672,0.7568292874757703,0.9286290000662907,0.8117686864098672,0.7811059392181833,1.0001010552037997,1.174270756900287,0.9884871011370557,1.0457166493128867,1.081658072058015,1.2762715977997132,1.1838756813764102
2012-01-31,0.2933739455500234,1.1216816467652204,0.6682764689481336,0.7139447488146797,0.9380382393687032,0.9544437001636737,0.7604975822702231,0.4784201250904312,0.9850470071673306,1.0629795153546524,0.9611026148263375,0.6672846542190767,0.7979440993818667,1.0,0.8688198369776353,1.0103007890134488,0.958158649447056,0.7979768533792757,0.9165818266620868,1.0580165227134888,1.1598988371511898,0.7343915540588151,1.1411310084358184,0.7552770160755751,0.99224574947588,0.6960624868974572,0.8303545509992928,0.9143019654536644,0.9034543531422694,0.9721438587426436,0.8141803211890972,0.8291783357625936,0.8328091040457595,0.6338170668078547,1.0040620014045054,0.7634311070889224,1.0247360660176603,0.607417374175891,0.9089522737468017,0.522608119905027,0.9311102905909424,1.0222818774062004,0.8570729853599702,0.8390205346723268,0.6100529875789262,1.0,0.8023768010245746,0.5414674822034249,0.9994140742940494,0.7870974081173221,1.0219613238594762,0.6627684893497627,1.0046036443364077,0.930626742244288,0.7646149226907912,0.9259774166599756,0.7905995959573661,0.8461274931707644,1.0168457722078017,0.7535494647954332,0.9010564343538745,0.8264435624116866,0.7056364792592372,0.49922181831650114,0.6231661504773955,0.7056930448959425,0.9338225903316146,0.9838881331829137,0.7162361193936776,0.9222856011390487,0.8304303556573419,0.49957368051189344,0.8482389604248923,0.8862996185916366,0.8258432281116268,0.9874668494680864,1.0,0.6218458283084587,0.9529309223032989,0.8453600899364736,1.084627796957545,0.5569629058581353,0.5136822259808783,0.5342318593178519,0.6465415600639794,1.0989729273661977,0.6983227165451404,0.683031633529467,0.4881906756764737,0.9276949917850603,0.9727292369072058,1.097957404163125,0.918833230479628,0.8680053637524578,1.2593080428011147,1.0867649556308236,1.035787228576641,1.0,0.7135316974555945,1.1017209192668231,0.9129250950796878,1.2907158992548164,0.8552730457734362,0.5268178031873185,0.845923409571291,0.9732006507774488,0.9330507352086371,0.30840101193209624,0.5931777830566778,0.7065602065855627,1.0341142504287186,0.7402109240592681,0.799715839661671,1.0044854148760158,1.1385512880290565,1.3559160702964537,0.3096449340031787,0.7701478894359031,1.1411472294678886,1.0930800122887763,1.096327244278591,0.510244498061952,0.9065068211424883,0.7582730484176318,0.7606393509689394,0.5631527651605156,0.9976834397063847,0.8904304955041469,0.9456261413905733,0.77743493981362,0.9883520725515277,0.7512574399020875,0.9286077593893505,0.8112219142515117,0.7683167135021802,1.0766257582168899,1.178305446796976,0.9904662038410927,1.0462623755436005,1.0814353200425113,1.27509296367559,1.1344842077024015
2012-02-29,0.28709248364051965,1.0968691904056516,0.6686675638536335,0.6856396677890667,0.9169898202441805,0.7612756230983031,0.7605069723638801,0.478401507803351,0.9788967897857153,1.0578629131942705,0.9565633820944441,0.6694904489342645,0.8339089136891019,1.0,0.8686660413789485,1.041998476364973,0.9974717601684431,0.8023209458091994,0.9203446192844944,1.0632281623547202,1.1488889587470401,0.8287869070611802,1.1499328003997014,0.7309274447326517,0.96208437456665,0.6971777587032186,0.8230849869950779,0.9114729076394854,0.903833317581385,0.970495263365595,0.8178035881371021,0.8291626284236717,0.8346731819706041,0.607295383528633,1.0004707975280522,0.7413921766599298,1.0436862732574064,0.6073931470711132,0.9080710710868883,0.5017957018765995,0.9317692736384585,1.0212108569960912,0.8757969041693106,0.8608336628427353,0.6160630798987368,1.0,0.8043408857960925,0.5414493852010863,1.0095956150562744,0.7868867314798568,1.0567308408432754,0.6762022420154046,1.0047141014336585,0.9607046117791778,0.7893610057927635,0.9210356588058434,0.7935910284105052,0.8458373388153861,1.0132107125149912,0.687549360021519,0.910822797598823,0.8269734538009379,0.7078222177124887,0.4953029980798236,0.6229863367047134,0.6647714739509343,0.9489232559825798,0.9761173033865163,0.6981646551423806,0.9181575956170683,0.834409437002,0.4983626230296687,0.8469914212270084,0.8834883247059451,0.8171751082118395,0.9884163932059947,1.0,0.6425056974281328,0.953028251908011,0.848697915898676,1.1111567114547747,0.5555250679077843,0.5438538086306383,0.5142503513527236,0.6435937391450113,1.0572766128312405,0.6472134266975467,0.7100669607831909,0.4828820800887047,0.9143865546808082,1.0114502819452493,1.1157566881707528,0.9331842368778349,0.8670438799475348,1.2647390916783532,1.0865071187172457,1.0385454616465377,1.0,0.7148906036920537,1.1220010335397697,0.9011125843568862,1.2760116091514826,0.8553361337411877,0.5262296961195863,0.8470007106500822,0.9582304330673126,0.9160176861495978,0.30547929561080434,0.5913863301746035,0.7226416283122903,1.0375259155525711,0.7389515146406205,0.8252706241752231,1.024969662657951,1.150469613538096,1.3678807419702566,0.309704167826261,0.7703842474567331,1.132863442268514,1.095700878995128,1.046847568394885,0.5083610408598991,0.908733553074688,0.7490745567130561,0.7610341687739542,0.5652226713467712,0.9888909954915518,0.8135931522198226,0.9431446560679798,0.7820719582154406,0.9894002374585452,0.7323529892531385,0.9281734096007354,0.8107781336233358,0.7746360251343112,1.0966068630004138,1.1882983303391337,0.9981548267102502,1.0465951173982306,1.0793617808237925,1.273117358517817,1.1009481297792285
2012-03-30,0.2936748177172306,1.1124126312598053,0.6683341066630052,0.6471318647630481,0.8898783033998772,0.8080907112507024,0.7605234480156833,0.4783504126292001,0.9772061514343183,1.05475554335483,0.9413430216164038,0.6682094434834569,0.8290089988154526,1.0,0.8716456347928616,1.046415705737636,1.0284751242736823,0.7956153471809898,0.9695384645742662,1.0985451308853456,1.1735535024942356,0.8988607372254601,1.173672324726345,0.7166136995082308,0.9868201814635463,0.6968463229128993,0.8238459719873754,0.9082817919018134,0.8885455022668339,0.9691143702287289,0.8248162266200476,0.8291480957062741,0.8346766051434668,0.6049172356494217,1.0009665374919452,0.7648614714739865,1.0556331787946505,0.6074277017966461,0.9076606529555707,0.5402357929359087,0.9316478464755701,1.0055828086490766,0.8801850030981477,0.8418526096530878,0.6275386631724176,1.0,0.8038287828991296,0.5409766173539079,1.036469878114141,0.785425074250959,1.0292785354059506,0.6501350307641489,1.0047990258706978,0.8960891857466259,0.74863112969162,0.9272398975916142,0.7918820420777438,0.8494716122657151,1.0101772841871874,0.6803431576174613,0.8743075213560689,0.8429982927138946,0.7116523657125716,0.5001769948074252,0.6229367641637971,0.6608747805024431,1.0032166470859416,0.9695874407589539,0.8282417434418954,0.9124237767467519,0.8388422840893909,0.5093101049559947,0.8448864791348505,0.8833547980680161,0.8627544403136901,0.9873718685540971,1.0,0.6202345258309863,0.9532311339939129,0.9278354972823909,1.1952448603417412,0.5532505082983417,0.5267351175749294,0.5976013275741083,0.641532248812169,1.0437194592394266,0.6226321592783495,0.7048363449670334,0.49825017614788114,0.9646649232416412,1.0966058251336737,1.1636284361124418,0.9952682319510664,0.8650527297536122,1.2594279486296798,1.0868083039571081,1.0433983872764105,1.0,0.7177415647023135,1.1350647446848,0.9057440962389464,1.2840888087472009,0.8552879706405462,0.5274288915607874,0.8872181046056807,0.9485606816213439,0.9048397945024059,0.3019959303722247,0.564143358996011,0.740125328833309,1.0383924594815523,0.742279182033551,0.8220011685631563,1.0374601426612013,1.1534365694407465,1.354229758890144,0.3099252661911289,0.7677621534322991,1.0679062311882632,1.0898599802885525,1.147417164584579,0.5189339721605694,0.9065267206684252,0.7273604955245505,0.7599815805058964,0.5664995716237554,0.9927734436068707,0.8358823055876062,0.94224031400259,0.8167964830701829,0.9859596744386161,0.7343932451352317,0.9309501324876325,0.8107941523274818,0.790181511087797,1.1900410197115834,1.1925563214729094,0.9876796199761316,1.0446192627082804,1.0789255692151491,1.272979679666733,1.1093928986293293
2012-04-30,0.2901015700046262,1.1053450641793947,0.6677992423416744,0.600401835865052,0.9196100785904772,0.824138945374296,0.7605117338034588,0.4783019878697957,0.9738547036120153,1.0561262802811389,0.9623514274278764,0.6685842349178202,0.8101631527727421,1.0,0.8717210454624227,1.070865687180223,1.0051681930926484,0.7928416564152336,0.9320780493109027,1.1431486721572122,1.1753483235423055,0.9586909754106887,1.1783957529868214,0.7144031288385704,0.9804728274021328,0.697057790738474,0.8235123069013253,0.902827465093898,0.9076499099641164,0.969607461252479,0.818874027466638,0.8291889126733941,0.8347516968045159,0.6233348522942583,0.9995965494471696,0.7630754714044601,1.0569216327648763,0.607359742458909,0.9076402800798571,0.514807631848391,0.9318704946877964,1.011488641438252,0.8843631983759134,0.8370491026093427,0.618673636606009,1.0,0.8039960130482156,0.5404257300045034,1.0277664100302972,0.7922457951222944,0.9896407287350606,0.6784637706408518,1.0048655344335924,0.8844872944175977,0.7477229284080904,0.9278195425535746,0.7945064364304921,0.8578637095988476,1.0032117942520549,0.5808991221648301,0.9016838112796418,0.8353426657183953,0.7439047973146186,0.4970942995874097,0.6228280283204825,0.6405506590710083,0.9525778441354521,0.9832946425914537,0.8517755790977587,0.8943467674617812,0.852731335333354,0.5041444337391945,0.8398500917303322,0.8910561202030017,0.8610688871027354,0.9879302239747766,1.0,0.612878740675583,0.9535105226679075,0.8963508600613633,1.1807653567517797,0.5538893351900357,0.5831980752815181,0.59226529596364,0.6411869041085685,1.0340352455749784,0.6341826997588242,0.6966157736307901,0.4924614892410272,1.013179099589668,1.1205147871246908,1.1567339903921714,1.0694448492976476,0.8633413120417343,1.2642212240220372,1.0865586981488449,1.0402782044715848,1.0,0.7374244035941168,1.1591282434533448,0.906236033460368,1.2629671029034204,0.8556627062662019,0.5241472468333438,0.8712680156408518,0.9300240565783481,0.8835285319954171,0.2998347558921477,0.5551853871967463,0.7803614042909895,1.0529940462713885,0.7477723981139279,0.8286893039074528,1.0197488885207224,1.166177349468295,1.3331209764862453,0.3098768493997007,0.7829391994494077,1.0355637647902165,1.0923839917735831,1.1847779362639173,0.5164060316492415,0.9015535704272135,0.7558278068387141,0.7597460075332956,0.5667092118872405,1.0006129568809983,0.8675027173314112,0.9356382442781886,0.8144559886519822,0.9927058671674998,0.7313081124329297,0.9271493499905832,0.8106749272495566,0.7858527724051448,1.2699380087913732,1.1923925525592411,0.9803823225795977,1.042077268025961,1.080892727526627,1.2735255387548992,1.1288475683128518
2012-05-31,0.2854478922864665,1.0948354410902736,0.6674226457568793,0.6307941305289758,0.9399764181563244,0.8012323477018646,0.7605269661683816,0.4782782077688056,0.9709601367047719,1.0871526983332416,1.0112421818253574,0.668567645584627,0.8025756746998858,1.0,0.8709733576866988,1.0566691015457208,0.9801936242508983,0.7983820545957252,0.9026257232683393,1.229552672352323,1.063233002527204,0.9759393081623777,1.2004601772803036,0.7079216072837576,0.9811032661215382,0.6971078528561384,0.8264617651811689,0.9019550432117001,0.9153665740021113,0.9701525429307649,0.8330470101114182,0.8291737663038943,0.8347119836425797,0.6213103889485209,0.9989630802907805,0.7727856518933806,1.0580418844730548,0.607442845866486,0.9075457865896281,0.493118437711917,0.933797483638039,1.0226580338375924,0.9130014326876642,0.8477272664879185,0.6156509037627076,1.0,0.8049570724810857,0.5408946559485113,0.9998671694566355,0.828459792645077,0.9636884911778626,0.7253851898828627,1.0047897805612347,0.8908940507266387,0.7311208917505356,0.9304707540590464,0.8129519640332998,0.8658773427891885,1.011562580285121,0.5276258846778445,0.979474453003947,0.8791765862013696,0.8030775871594287,0.48854443703250605,0.6227163287174392,0.6238605484700187,0.9474251574523074,0.9848735701130894,0.9190582129222695,0.8929831907101676,0.8918712112239424,0.49994269859248064,0.8338000249564059,0.9055948302010444,0.8557005761049566,0.9915930983149998,1.0,0.6104975979876174,0.9539890879541986,0.8958306891841089,1.2338091443503243,0.5523425183652201,0.7439678712130843,0.5839966644203283,0.6415889849762264,1.0363408659188977,0.6181762518735143,0.705743103626499,0.48659744468392185,1.032199453822588,1.1426382001714952,1.1684197375705507,1.16230369048325,0.861877255445682,1.278553708486673,1.086670577733926,1.0389709765741313,1.0,0.7941233594735823,1.1604881464646355,0.9102264752641795,1.2797995902343102,0.8648588493238374,0.5221905921058092,0.8633456394476043,0.9282648613053754,0.8814011145825793,0.2937925103502613,0.5511144784881292,0.7802517023722273,1.0794787014351372,0.7861487239413804,0.8146871789251546,0.9616132724532551,1.189464859779824,1.3377768735961677,0.31051284937933543,0.7848650558368062,1.0633552525343355,1.0968707207168908,1.2359089305409474,0.5076891216002444,0.8970979967469802,0.7424716952368857,0.7601822476164746,0.5640578206901556,1.0060457413236528,0.97124147373325,0.9316095032423868,0.8145643754412297,0.9934255065696225,0.7292526760460611,0.9323799760094812,0.810647490248902,0.7731521360465698,1.1498621404766043,1.1933556125546763,1.010754557690938,1.0521716856441736,1.0828542425561813,1.275715489540557,1.1818964993250454
2012-06-29,0.2912635659401497,1.0662104496418443,0.6666539207670021,0.554913278513691,0.9301332951187748,0.8022349049736405,0.7605055743105701,0.4783838297393035,0.9751003989669021,1.085079435969337,0.9911169473392107,0.6682461279844891,0.775210458688687,1.0,0.870739081107692,1.0836676272515269,0.9456225576044128,0.7988361497227117,0.9063941661006811,1.2789142708257373,1.0217439809997928,1.0459473168530118,1.2027664693232254,0.7104528699196506,0.9845021254195251,0.697162488194653,0.8248714195831691,0.9021047408621887,0.9035264321518482,0.9702994129123569,0.8227657883756845,0.8292407686373786,0.8342331682930788,0.6567192911881103,0.9993265014170114,0.7497623950954293,1.0567552152358322,0.607392892873412,0.9077428179039673,0.49187703820714934,0.9364565440185453,1.0154129708619892,0.8949680421161559,0.8535044292628752,0.6090443411378198,1.0,0.8045511083620015,0.5421336018011631,0.962163381135801,0.9117495421230126,0.9845808532950352,0.8774828468410927,1.0044335811600122,0.8774292871364553,0.7383573561553687,0.9303576104616524,0.8102140056895692,0.861878130916182,1.0096712947994584,0.5029096418504486,0.9831311269247285,0.8967101830319408,0.7965852328422105,0.49930997634314245,0.6227584362992704,0.6355105611413046,0.9720176611755837,1.0044884183155631,0.9537765512755,0.910069467613348,0.9025551867360959,0.5061695769898612,0.8429055371439019,0.9032041185889708,0.854331120686955,0.9913575962316602,1.0,0.602330692200289,0.9542497847620915,0.9185403331880687,1.2461919453269386,0.5515504035125436,0.7729903098853832,0.5200697893743821,0.641134334909373,1.0448051174703814,0.6223284559915534,0.7104764211455803,0.4856771645489044,1.0495529087138111,1.1788061250559143,1.1415042269764621,1.059678174008457,0.8694606948177508,1.278305017135418,1.0865615859900053,1.0347468599907703,1.0,0.8035355453655392,1.1591826589173198,0.9128925931866769,1.076103313203924,0.8820004047377398,0.5220314449598034,0.8733700263984261,0.9429538237372638,0.8986080803843988,0.2937899942046678,0.5906389654087107,0.7429151477020384,1.0730659476911626,0.7776004619524681,0.802613081793873,0.9776503879102799,1.190196328039233,1.3029800329774988,0.3104387947237809,0.7874389972206514,1.0172727948726574,1.0946254481530475,1.2228458234734263,0.5072956829677244,0.9011293790250793,0.7444530626880299,0.760569376679162,0.5617335136719039,0.9935419039115397,0.8187191734458867,0.9250677078010159,0.8031666156490892,0.9981420378943746,0.7392373913517674,0.937360337062078,0.8109764839004063,0.7724142312196571,1.0758203156339157,1.1876197424957797,0.9977948302246938,1.0449438972965595,1.0802617940933688,1.2705597677675846,1.146736899913289
2012-07-31,0.29368279792744634,1.0841901920504873,0.6664713609730781,0.5366680498482546,0.9372342762744776,0.8113679024551472,0.7604996476087974,0.47841746381080286,0.973377782072943,1.0852937894308576,0.9889493980284024,0.6681958841834102,0.7292633539497767,1.0,0.8712698126604874,1.07575653507124,0.9341882152064753,0.7995871715843309,0.8782074493354783,1.2951533265671336,1.0027870485796337,1.1200741265582013,1.1968715225913993,0.7296960628158526,0.9786493920225989,0.697547171054717,0.8272788265190031,0.9017136552788448,0.8937408783927341,0.9673378094736348,0.8794266101814845,0.8294203779617667,0.833377670146967,0.7927784445805757,0.9988873343791842,0.7243276781597177,1.0508743083986238,0.607416487289689,0.9078724878281277,0.495447329026131,0.9372531444995928,1.0133201044423308,0.9387035821695994,0.8531409094249041,0.630366493814512,1.0,0.8043181695320134,0.5434149729901283,0.9437198204836132,1.0145743176132604,0.9652415003594315,0.9147570088939991,1.0022248954069277,0.8275524554982304,0.6962145477620773,0.9347954645677916,0.8194281947993731,0.8718622661086576,1.0261313117303326,0.4991445326410845,0.9649066219587865,0.8794564087409145,0.791574063941941,0.5040707099917959,0.6228393365176826,0.6519423801339084,0.9825691414390815,1.0905534823089709,0.9664122536971914,0.88781615314795,0.9001664142328089,0.5033525441092663,0.8338607485660863,0.926733904747698,0.878462602317519,0.9923654185638414,1.0,0.6554526494592037,0.9541652552310924,0.9344335630664317,1.273415234416701,0.5593946822937312,0.7615385482170566,0.5288442450375932,0.6436447970665031,1.03582578941249,0.6053830463129943,0.718507041166381,0.4847749232703351,1.0609165385725068,1.2031604366082762,1.1619863212641377,1.1442781103339528,0.8752198674555782,1.2782117776123527,1.0865586106436356,1.0334835547909706,1.0,0.8041942680079901,1.1528882033274028,0.9224953399292513,0.9452859991596038,0.9006102547068346,0.522348416645793,0.876721223633947,0.9154142773002568,0.8680559556535334,0.29376347008779635,0.5895065525409833,0.7081542229974258,1.0805085393245124,0.8202827288575363,0.7465917564230977,0.987630257564829,1.1800730681855331,1.2849350816142542,0.3104123033952101,0.7879212899949495,0.9597382060976617,1.0980098021865359,1.2559728727654238,0.5016555283352516,0.898883265237722,0.8150609879206714,0.7599341480459205,0.5607475386540612,1.004802579400512,0.8033774175301117,0.9242594563366747,0.8144414568209686,1.0088328513052063,0.7571002259919226,0.9369078893478979,0.8114392757499104,0.7697593820567877,0.9976365344323795,1.1922847214159524,1.012189388310365,1.0418097068901189,1.0833890158183848,1.2729974430969682,1.1878265492399773
2012-08-31,0.30053569989732054,1.1355865818643636,0.6667024729937883,0.5264988125949239,0.9941976676517171,0.8066406296553197,0.7605682929286721,0.47861956981353393,0.978132124539371,1.0612892981325464,0.9329829514494397,0.6700119450951076,0.870784625474584,1.0,0.8737673332596848,1.0440896287246948,0.8821751547328882,0.7999371773281884,1.017803294763712,1.1382265566222776,1.0866619378073008,1.0814186520066609,1.1880161959523814,0.7520156140260748,0.9911084008072737,0.6976565493131482,0.8613302245941739,0.9009203475996697,0.895963424114265,0.9676619329778207,0.8060054069117144,0.8292993447818222,0.8332275287611814,0.749270839577203,0.9987382364649078,0.7314922371729542,1.0564600877272325,0.6077436896471753,0.9098019101624226,0.5495285699044133,0.936324014375378,0.9928398627538684,0.9614342403099808,0.8653912397680616,0.6739818973145282,1.0,0.8041415486257342,0.5426318939391561,0.931428889653634,0.921394713485808,1.0081688080106705,0.739598210133407,1.0008989335094378,0.8478956190146335,0.7379811242438421,0.9279840202067011,0.8221390371715598,0.8580568963370149,1.0178431580660066,0.5082885001296309,0.9788131987963615,0.8083059143896199,0.8024323848757765,0.49906419544904024,0.6230264595915516,0.6908986729437999,1.06848916576733,1.0579265431429696,0.9006859765010015,0.9097607740175306,0.9037679019642795,0.5065217087343147,0.8181012434777699,0.9034233745097252,0.9370753374684124,0.993229797293392,1.0,0.7408294122912054,0.9553455785993038,0.9385238104313761,1.2193615148483854,0.5537362227250207,0.7075045151737529,0.6555544952705834,0.6425825850863041,1.0416307267193479,0.6376990624707379,0.6576430386312384,0.49160734240634374,1.0239674570720203,1.1902570878238847,1.1254963736696257,1.045265573370831,0.8732094810662862,1.2767004834972155,1.0841892354209637,1.0316442361912626,1.0,0.7296826326517964,1.117282936200441,0.9299483489271478,0.8680439304516637,0.8834440459879802,0.5233906569572687,0.9048424532714756,0.9331295865491995,0.8873676769893191,0.2972327922209982,0.6042398498962006,0.7038826305006491,1.0527883878360167,0.7831297719717282,0.735391687528449,0.9179978802432955,1.2018173241057815,1.2275232158645188,0.31007402871743306,0.7911010047980431,0.8297319960396642,1.08470616818333,1.2323364701340969,0.5026610412505201,0.9227466123416399,0.8117766112942459,0.7591454545266235,0.5679364775564812,0.9890154527674038,0.7533798157973262,0.9275106277774935,0.7950206329497462,1.0097080145537853,0.7576314464323602,0.9315275603243531,0.8113839852993079,0.7852706620830137,1.0650846646730088,1.1894896884162924,0.9875080474391223,1.0357010703591911,1.0806866247193891,1.2608480999065188,1.1169269947328941
2012-09-28,0.34057806046951355,0.9936993795884058,0.6661452918647753,0.7475968021319233,0.9543603193767299,0.8161850077454558,0.7607368842498179,0.4793962905668038,0.9766862089629764,1.0388359655234916,0.8384892077346318,0.6728167784191688,0.8686273071005078,1.0,0.8759928105499454,1.0261876345179375,0.8427938149218467,0.7946459747268424,0.9847682440785006,1.0874494197449973,1.1239108489971126,1.068250690408615,1.1927483390858393,0.8822451981022954,0.9875537530805186,0.699681656336286,0.8665667395998979,0.9050414689362763,0.8853517592265356,0.9650909013188035,0.7808629573073722,0.8297222771521298,0.8329252028928111,0.6812642645866758,1.0009587511755382,0.7038994461434789,1.0533228204858394,0.6075087720448115,0.9112184295313036,0.5230470683713445,0.9423513074902948,0.9941610198136714,0.9510333049710554,0.859585715464106,0.6325622781145822,1.0,0.8030588620198794,0.5456601236971259,0.9109945143699598,0.867156683841156,1.0101032162292993,0.825031430937273,1.0010373263553234,0.9000281733447849,0.7984317648538197,0.9205763735681792,0.8134858170652277,0.8498388800721084,1.0088341859118286,0.5172347303313851,0.9186989348891952,0.7306746824678884,0.8367391170003988,0.5245775738598448,0.6238281383754949,0.8327021767262166,1.1585391047297011,1.0707023804526363,0.8227968024885846,0.9779020840098405,0.928996503024309,0.5421987354134671,0.8086831626046213,0.8855501289734841,0.9563379450216659,0.9934597729719554,1.0,0.692800075859342,0.9544943289380439,0.915510489362894,1.1494284491435511,0.5561937616722247,0.7144355878557698,0.6248802777886122,0.6440301556445971,1.025250359347141,0.6152223793366403,0.6659665997229229,0.49670492518177833,1.058869968310883,1.2107562634125382,1.0654067883940321,0.9120282030435792,0.8740744779552816,1.2662782748430725,1.081517550548406,1.0264145622176284,1.0,0.7165705862444576,1.0731985017024919,0.9322471794668382,0.7392628451110499,0.8787181083301517,0.5257321985994807,0.9200970468009746,0.9527925841637438,0.9109239785675342,0.298162455782952,0.5625047614626849,0.728628930238913,1.014646294227586,0.7548012497189696,0.7548453864152829,0.9582675277830832,1.204714534134099,1.1672186307717407,0.3097450660140595,0.8030902835460368,0.778666691119975,1.0596475941554837,1.1672761727580208,0.5028723436938102,0.9233079733931763,0.818025344966048,0.7592999520522783,0.5798693955927018,0.9703976346407063,0.7213477424446281,0.9365210864107166,0.7727480227545744,1.0091450219994678,0.798263702924954,0.9270054884544857,0.8117299533552573,0.8053874796585025,1.0046164274315992,1.1811650339019073,0.9616640205128569,1.0324932555856203,1.069470030095644,1.1702932907404497,1.043203649532017
2012-10-31,0.4447197537493719,0.9923874605940034,0.6657446549348676,0.8790074922216186,1.0133328773887402,0.8595085489082794,0.7617581572511926,0.48127626406774615,0.967782454267922,1.0566416396342193,0.8795231732250656,0.6697875970990774,0.779989892539642,1.0,0.8762960002432678,1.0140470476445724,0.8495340522119039,0.7986755266671915,0.896969046661639,1.208115564792296,0.954302399075311,1.23219744067595,1.2153967144093467,0.8414769793281184,0.9675509190409609,0.6987823251017553,0.8525716721547519,0.8989013985979515,0.92771767805758,0.9690050149489958,0.8248391749041966,0.83023036589336,0.8329889468783035,0.9006462109752956,0.9966205361565171,0.6884618599177901,1.035002368073918,0.6076403148420643,0.9113477775647746,0.5603082839878193,0.9524866776369899,1.004110374047542,0.9523099878494772,1.2540890481237252,0.7907477888604111,1.0,0.8153950079348168,0.546100528043438,0.9176846873522801,1.0995687999882633,1.0092503562007753,0.8105669687075076,1.0009054984930756,0.830311201881383,0.668839453721737,0.935806094006166,0.836110006612531,0.8694916072297523,1.0139364241078257,0.5201605445581676,0.9314403071764596,0.7885050887401703,0.7972304811832955,0.5470828935798799,0.6247024728771582,0.9938281502674448,1.175945877310453,1.0456727049784444,0.9633675950761699,0.9823674732009305,0.9352056841441542,0.6398059300805066,0.8091107183811321,0.9028824998002636,0.9343230004419525,0.9939982080635236,1.0,0.8524737064925209,0.95790064906062,0.9337929109217109,1.2811308145444316,0.5547720699781578,0.8699964065638367,0.6832177103012458,0.6449707534618003,1.0702827441239844,0.7504593304889593,0.6257874394488014,0.49844191209217037,0.9981372605814268,1.220245071468351,1.1115087869947613,1.0240669805590672,0.8657999486374337,1.26364796387134,1.085763164926695,1.027869527392975,1.0,0.7442055243933823,1.0855543398036986,0.9437420519479848,1.1562246263544282,0.874453324136788,0.5225641269333301,0.8328430383072594,0.896137935163243,0.8495701787375128,0.2977950370822452,0.590602087989953,0.6488747996722424,1.0709859307570306,0.7808030222709106,0.7423514153788742,0.9934045843689249,1.1999072356655185,1.2107686015496508,0.31246901563230356,0.7656452612315899,0.7869666259405085,1.05392381393373,1.1868420921134972,0.5098371568035812,0.9272956732262979,0.8887124098737772,0.7605877902800877,0.5804176557410556,0.9845851646015382,0.7037924654681011,0.93877577315245,0.7800218592690874,1.0050447999155372,0.8395644792828514,0.9323399283054074,0.8142663684982246,0.7801807854357574,1.0609528125012504,1.1791023845227433,0.9802024496562043,1.0410491131306527,1.0799873882645743,1.225630954308094,1.110768659761281
2012-11-30,0.5099481843185214,0.9323665955101893,0.6655737199709894,0.951737921464421,1.0035458576648009,0.919800806189346,0.7631419538557116,0.48448966358274403,0.9721572674623005,1.040640699046229,0.8353998704322688,0.6682795874929379,0.8407385962273869,1.0,0.8806486251252181,0.9592820308246488,0.8305817184767053,0.7962049744428139,0.9229045159073525,1.2089851752595098,0.9756013740151994,1.2228705371806705,1.2059151394008052,0.7688401086773992,0.979446573282436,0.7000371039104605,0.8478768129470674,0.8984322677815251,0.9128643210627817,0.9627898129403124,0.8077512406328731,0.8307349495887569,0.8334347997434669,0.9908079335300319,0.9959990412877108,0.7085857440495062,1.0438567585858443,0.6294326325469369,0.9123289431038966,0.5962176492194797,0.9596592509111782,0.9824747760371049,0.9842431367964006,1.243383626825961,0.8363670400637075,1.0,0.817395759404972,0.5473540340898445,0.9296498389789143,1.096695131901312,0.9093740765319169,0.752969295934207,1.0009406624786878,0.7842202437177689,0.5974879694082891,0.9397328368324328,0.8321765528796454,0.8590988153342443,1.007298925281059,0.5438172822707286,0.9309279243274865,0.7847383548595357,0.8074630695667738,0.561903767912921,0.6253733045649659,1.0342692160342215,1.1727111365248248,0.9999357813007048,1.0087883634897499,0.9870369840383937,0.9700160352854327,0.6840913298019375,0.7738574307068046,0.8892283311571421,0.986231315026135,0.9939548254966047,1.0,0.884364274713597,0.956766463756734,0.9399043572470159,1.2220545468134236,0.5582835269470579,0.8690863694025398,0.5644171492589898,0.6441975369667805,1.0616488454867021,0.7601225201787607,0.626763561535395,0.5320256023533472,1.0057725775343276,1.2351576508307145,1.0820049648456793,0.9695092917942124,0.8641153931546939,1.2495846519754372,1.0780319357847454,1.0240123581996086,1.0,0.7788208636424996,1.0992865662921467,0.9345055023308915,1.098529684609582,0.8614688150839689,0.5230726374914643,0.8142814303191969,0.8689370751939052,0.8195943990548213,0.3379011074150313,0.5845333512643274,0.6570727622752948,1.0470600888067958,0.7617318194100879,0.7516726473602097,1.0415868775040598,1.2298760731383345,1.1384043725392718,0.31926263293305823,0.7675305811575246,0.7777347473879712,1.0289810151492564,1.1800764025257162,0.5204640552273332,0.9250734132272111,0.9374829424969087,0.7626228221115796,0.6020382344452289,0.9825072453608581,0.8000861469855669,0.9395437974649758,0.7790226403709702,0.9986584080635558,0.8942812229522271,0.9308967490229767,0.8150392980011963,0.7782956576305031,0.9977547910886674,1.1766597071353129,0.9643820768898024,1.0413928815426927,1.0756660659229174,1.1452671963703576,1.0927177943207511
2012-12-31,0.6646664246581486,0.994282075980802,0.6656533366832988,0.9035357705597251,0.9860959993530728,0.9993570053154132,0.7701590005122463,0.49817705752371866,0.9717233189200385,1.0247197917500879,0.7765306072479892,0.6702733471532498,0.9828682603262036,1.0,0.8849340776902814,0.9502837207072368,0.8091009236381046,0.7958322884734769,0.9131991173577644,1.3174168362842509,0.961832992485949,1.1867995021754465,1.1965169663358013,0.7816968550945487,0.9750339207144184,0.7006872991571664,0.838128900003334,0.8975662920845789,0.8725207013071337,0.9642462830198892,0.760357927741597,0.8305431920969069,0.8333656318420755,1.0342550906748034,0.99666220360528,0.7757199618257364,1.03295332744254,0.6314617933326951,0.9175525765612568,0.6586667833163269,0.9587644236279962,0.9912406236542302,0.9929897864463721,1.2277166186738864,0.8737890564017406,1.0,0.8071075380856854,0.5874054206213641,0.9069328802234232,1.0278110168632901,0.9335575841470077,0.7184476091061269,1.0013782288818138,0.8736460020784679,0.6740863193115864,0.9324359606360066,0.8219585216878206,0.8511095404025586,0.9936646373983373,0.582009117732317,0.8755882588615764,0.7975962888363333,0.8045977796697221,0.6972507994456372,0.638806854011384,1.2079214246677736,1.1556351191115124,0.9599341046742881,0.9682568811879545,0.9768420651492965,1.0483640821773172,0.7557989259218092,0.7684135745415943,0.8824933641987504,0.9926682267610605,0.9925732197818493,1.0,0.8132915150116825,0.9559664314033405,1.031779897176246,1.1283417757797916,0.5666526277666422,0.8318580659298407,0.6234319596537619,0.6440161767696031,1.0893294420223558,0.7107818041303445,0.6319235321206496,0.5461519101567951,0.9983470665818607,1.2307342952313227,1.0412600767107774,0.9225692126766325,0.8691580615836081,1.2334063684141174,1.066632059972257,1.0192331159545192,1.0,0.7602840945784312,1.0865582675399692,0.9310649763052423,1.296192397422119,0.8583198378489199,0.5268794232534266,0.8271912515158655,0.9190481642364752,0.8752419009906032,0.41517015427435544,0.665325861899845,0.7058643848831836,1.0269016737329473,0.748280891692647,0.7571255349178944,1.0482000505596605,1.2128399510288483,1.0328978031870502,0.334912299141343,0.7690659949058649,0.7669033954148495,1.0137589476886173,1.160995973965599,0.5209793418290127,0.9237921837120382,0.967728091634414,0.7630843687535377,0.6503204045883832,0.969212931798578,0.7897049890608375,0.9425953457414937,0.7697355389102145,1.0041310040435294,0.9600124519999761,0.9239636456785758,0.8188443543195482,0.8009397668647635,1.053280399645453,1.1570113829359774,0.9391275753577895,1.0215218980986476,1.052475340121292,0.9923184468730113,1.0444165648499113
2013-01-31,0.7513481050079395,1.0583876297669499,0.6657622116122331,0.8586318367735832,1.0151444760646142,1.1299051282913541,0.775683155390566,0.49920022040321144,0.9860391143241618,1.0340644960063634,0.7775425583395841,0.6710660914492409,0.9057931922837236,1.0,0.8823016898201994,1.0294974337652778,0.8029783090493307,0.8037392761394158,0.8828417488199718,1.463834443276014,0.8774254164396768,1.3611790158250991,1.2172703935923612,0.7796445658952771,0.9764889979049993,0.7112322549530543,0.8353745956209584,0.8965453898357226,0.9280596039692066,0.9617922628544248,0.8035413319136516,0.831508819722091,0.8326974772089106,1.1544467725129284,0.9967243871060187,1.006151559259122,1.0069264841154018,0.7172383510947864,0.9248136277657268,0.7812563810349553,0.9671871368069662,0.9907104200559823,0.9846739214911517,1.3467149879119278,0.8976788913295523,1.0,0.8235937505833169,0.7781096819513079,0.8918481180229128,1.0305155459478528,1.04178623109408,0.7908800917061131,1.0018278180558975,0.8780999648924662,0.6783451880310778,0.9327079989076148,0.8416820491260435,0.8584996316528197,0.9998758054836905,0.568823755002767,0.9419066379312356,0.8537856232584673,0.7946117258744976,0.718886864030807,0.6723400336983669,1.2539437646400469,1.1560404441077237,0.9716941986229913,1.0080166342611565,0.9788732900297332,1.0456692658229192,0.8154837256700493,0.7695892480105505,0.8873692229052548,1.0199279349814865,0.994682250334847,1.0,0.899773018567211,0.9577143974605514,1.1037278368916887,1.190237381469165,0.5601395873053425,0.836453010588404,0.7152562172964815,0.6444108181012742,1.0427510127291912,0.6360077285197121,0.6288472483915191,0.5411728423720458,0.9951467995156911,1.2358568141524064,1.0592301045631851,0.955070185046759,0.8722373346420323,1.2420440692586034,1.0682010092752554,1.0179910981730946,1.0,0.7887982739152886,1.0883162851941253,0.938937172507393,1.3255855732091635,0.859361031857763,0.5336665252859379,0.8371406010409433,0.9432848878244738,0.9015233335098958,0.3887794794091922,0.6790948942053385,0.7819450623453242,1.0394984483999992,0.8161944335303442,0.7760529474011687,1.143809639552857,1.2382403310036985,1.055919922115019,0.38050172273157545,0.7555846985350856,0.766887927635707,1.0157381750117638,1.2304937159941505,0.5932239947254341,0.9281933860048192,1.1998623964913389,0.7642654513559783,0.6430570877207931,0.9821390328274366,0.8315226932077766,0.9375219638186266,0.7716639254640092,1.0109285121712068,1.1270376579617398,0.9255108585804119,0.8686602745249734,0.9784387852380119,1.0053376373476144,1.1627547553775204,0.9421735932103531,1.029042815922889,1.0743635538220144,1.0956827483542906,1.097264035779059
2013-02-28,0.7913170497818792,0.9964024859852969,0.6656878405363236,0.9268725324671461,1.0196353445964925,1.1451422973902246,0.7697058373686437,0.4953935984754876,0.9932817504833487,1.048234650510333,0.839030883145234,0.6675919463676093,0.8429498743494622,1.0,0.888853246342967,1.0200606210379335,0.7909794286898639,0.8107106581046575,0.8651230183369614,1.4799147101015295,0.8714819507566666,1.3726393537271762,1.2156191291066867,0.7754803992882077,1.0169148997432393,0.7127182459873415,0.826238269285381,0.9011514518956466,0.9906588332373637,0.9649113889247478,0.8168207923050754,0.8355056459709103,0.8324246271111065,1.2408541058227802,0.996912356601102,1.1860733637188856,0.9923305050575737,0.7243638317279923,0.9266481235454509,0.771082272565635,0.967056901776269,1.0020637882951018,0.9586556089973585,1.3381301128689835,0.8562044258813704,1.0,0.8128747830483933,0.8129072300933979,0.8840258100389176,1.0586567306579027,1.0135169264452355,0.7673672505869982,1.0021609105760811,0.8247021038512954,0.6255795174612595,0.9373575174870902,0.8576582258340546,0.8579449123465712,1.00751999358126,0.6113196441499539,0.9616106911568433,0.8770168457751122,0.7888293821114841,0.6928607263331319,0.6883482121156779,1.2587690862115246,1.1541205375058952,0.9873449716906221,1.0223467160877509,0.9697775990331667,1.0628817200184415,0.8272881414086799,0.7778410091690943,0.8958097378060333,1.0415163065737003,0.9960722059037903,1.0,0.8969672735550924,0.9587768306871725,1.0897202787281668,1.2598768172860606,0.564130353851523,0.9610971384934267,0.6904692453010857,0.6440484676127005,1.0299602017359555,0.7141964616793248,0.6217623173718668,0.52933925803195,0.9853348314084812,1.230759470025077,1.064137509371578,1.0071611211339582,0.8742245945988019,1.2532178040529807,1.0786289783898027,1.0134750944326971,1.0,0.801876322231013,1.094200881966121,0.9482891370151317,1.3263549040317069,0.865003471353982,0.5306405189699392,0.8609293814945087,0.9843851109783583,0.948322362549373,0.3662146045250645,0.6634195567232926,0.7851865709196464,1.0429444397592333,0.8787002159071176,0.7652446092731859,1.1526133589734495,1.2218703720962925,1.0409103831118287,0.4957809506439075,0.7489648921741302,0.768246024154385,1.0260691476382655,1.2598671399873826,0.5745817769935511,0.9244725993400511,1.3430771526754608,0.7631242554340065,0.6345324093192637,0.9852653460232896,0.9199588190031598,0.9368555709671731,0.7703315696793382,1.0188449038610423,1.1479617001100126,0.9274534878834627,0.9722618515842602,1.0523109469850336,0.9535937297829032,1.1322303078476794,0.9444790427349223,1.0369804253432637,1.076791269999074,1.1016103989039294,1.1157008963654593
2013-03-28,0.7878972577378557,0.8884628527076923,0.6655052078720264,1.0522475658616093,1.0357510264954086,1.1478037750955106,0.766011422238577,0.508481281642654,0.9948683734600746,1.0519702334183358,0.8503782483332569,0.669058063741578,0.8568652246246865,1.0,0.8784982601747948,0.9731542943389193,0.7682803391734456,0.8201336633002643,0.8548106991862666,1.4928152792270484,0.8417690514026559,1.3735750734325143,1.2072565927310484,0.8198145391563925,1.0251756698839862,0.713311875943566,0.8256636658347724,0.9089297425939791,0.9776261590190811,0.9671398024168112,0.8063598723664601,0.838716563123557,0.8323923984553254,1.3457415871662195,0.9976412967320788,1.2931154226248103,0.9841162916536967,0.7030080641300713,0.9283416316225674,0.7150065382853376,0.9772194800679068,1.0183577071204002,0.9729909723147938,1.342986412904229,0.7774481449692766,1.0,0.811714998929286,0.851105021252554,0.8804383339565279,1.0656827408597196,1.0235133905625804,0.8291092450261978,1.002229309875073,0.8734607050803841,0.6723664631218376,0.9318695554408485,0.8519621498575229,0.8546385594501055,1.0056953594723181,0.6249737389703441,0.9516023806869989,0.8917666871177244,0.760432834181608,0.6969208041862269,0.729261965536524,1.260982789306511,1.1500828472129347,0.9886234916119672,1.0825495230372635,1.006253321807293,1.0855330366722025,0.8188693343216025,0.8250512187174068,0.8896493744623248,1.177291365548021,0.9959779988409779,1.0,0.8603878023577906,0.9578046294565882,1.042479550573418,1.2753322921576054,0.566324677602954,0.9011315887850456,0.5741771820680568,0.6409567306773347,1.0316139957667496,0.716667951355991,0.6192788757310563,0.5272248000899313,0.9688791448969667,1.2307019514018696,1.0333750772663362,1.0137977225841786,0.8779466435104107,1.2601231231093744,1.0714088337211882,1.0092428102584579,1.0,0.8721225992253998,1.095772463334038,0.947297185822019,1.3266329401965216,0.8741435549294008,0.5325890614196078,0.8492365090533043,1.0086488302393,0.975995465460276,0.35912227919209816,0.6422558746836087,1.0417012578415732,1.0404342972853575,0.875053599144735,0.7742376017971022,1.1493854592348312,1.2206508373678102,1.000596454196303,0.568671545180172,0.7439747651907094,0.769037939904674,1.0526917106679694,1.2309839058923786,0.5651073148832457,0.9244841696153339,1.4109382289469505,0.7652629439297984,0.6389468560495823,0.9798681732705042,0.8942526934447641,0.921436904801899,0.7687427182176433,1.016738792231779,1.164908102762276,0.9318488425336153,1.0846985087989949,1.1429301377582866,0.905111719328671,1.073954375624441,0.9436275575343824,1.0328282736271857,1.0747399407044547,1.0517052776274458,1.0921034748145013
2013-04-30,0.8693071205701052,0.7704827028897587,0.6653973625839033,1.1020827853252655,1.017637400513996,1.1463357299897887,0.7672329551055178,0.5450179361399059,0.9940517193122771,1.0511088256349683,0.8030086541951491,0.668119851054245,0.8661323313926674,1.0,0.8880911675854734,0.958827396562206,0.7718630077694844,0.8270710691162629,0.8939368743608355,1.491487311755173,1.0112724353216753,1.3712914520747517,1.2089902591235564,0.7756361031168828,1.0532137815241382,0.7144075822063514,0.8258929319294822,0.9120531124714082,0.9929384291461609,0.9654096306217164,0.8291108937084429,0.8460122004766893,0.832386987594564,1.3212584721489982,0.9979138388187611,1.2898890799726943,0.9884160870819461,0.6631909565164806,0.9305727092693861,0.8450160070935464,0.9793787239573616,1.0077183618462346,0.9749120837267243,1.461538039841805,0.7073823170138333,1.0,0.8160477677665876,0.8874927718512393,0.8838373686809904,0.924636175955483,0.9804849542766422,0.7481603200926219,1.0021990136291516,0.878787469776587,0.6665797544635124,0.9320521983546596,0.8457731108480393,0.8434869845358535,0.9999370917708833,0.6578526840716534,0.9081262195459483,0.9267743788054257,0.7307044086356662,0.7525090618303009,0.7698242214764099,1.261837335317706,1.1466534828095702,0.96974244717523,1.0809363463778041,1.0324415487859617,1.0863528846262953,0.8464465522951531,0.8289900532154766,0.8826866345077571,1.176411214027225,0.9955906142013524,1.0,0.9030691060399854,0.9571108135671469,1.119552464716745,1.3133579811175753,0.5587654847233958,0.789569457414004,0.5785418803126845,0.6472058699000713,1.0151964834207954,0.70955171662658,0.6210110799816564,0.5548223491885359,0.9367587323507662,1.2273889282137316,1.0232976311788746,0.9623515032352341,0.8748419660439427,1.2388203189581581,1.058371075875422,1.0112355245584024,1.0,0.9921816274734993,1.1272123890206316,0.9503866270603768,1.3267667295605508,0.8634934752561576,0.533128599031343,0.8758661406157707,1.0224412049398355,0.9921148948906338,0.39623759326999186,0.6396844444010036,1.0541979516229059,1.0186636166175431,0.8257459900953128,0.7980386709055345,1.1613539048255674,1.208242753429895,1.0074766657533643,0.5680015481494922,0.7403591324624625,0.7672237898453281,1.0439587425744348,1.210360886927934,0.556882247473556,0.9249013985705956,1.4024409191592486,0.7668789961102592,0.6569817143113958,0.976893002774316,0.8773563667744286,0.9269532805598362,0.7701224336653791,1.0084618721980843,1.1780839293141894,0.9394519098952203,1.0962250781714185,1.1568120354028912,0.9435279593952131,1.1175316739400059,0.9345585180606144,1.0427872608135296,1.0686613034962844,1.0059194599668777,1.0682067209340733
2013-05-31,0.9833105902334173,0.7857959726975644,0.6675347609254066,1.0755091073374528,1.0226918090218087,1.2216888877326315,0.7927698385499781,0.6518423482270801,0.9909534909716606,1.0148959491764014,0.6935956920214377,0.6693456007307004,1.0213857609059447,1.0,0.9140011157496779,0.9881170788020298,0.7912207810068614,0.8464365445154047,1.1016433952958604,1.4866667321154416,1.0002570515383153,1.3605199319030545,1.193361738804383,0.7934297674121585,1.1516951439741108,0.7363661110393883,0.8249626198356492,0.9133053929722443,0.9676126455998305,0.95809330515815,0.8013500646685361,0.8616776518068395,0.8324803625802404,1.2796456136229846,1.000056468923028,1.284903111447409,0.99234677942949,0.6210280600085873,0.93554618111233,1.0729568416676105,0.9787951901793802,0.9987048713448531,0.9361806245928024,1.486884984222278,0.8425023322568578,1.0,0.8453757433095227,0.9557534444739016,0.8925834315645639,0.8259483290716207,0.9471801218427814,0.6769254230863586,1.0023672475210206,1.0232493743322988,0.783920515123735,0.9069372943629654,0.84369886841695,0.8296647923943705,0.9855109140029955,0.6296356955346476,1.0041590445178326,0.8640246651340668,0.7040534389818345,0.8962116914137861,0.9028492452577754,1.2565352576766,1.142394491543236,0.9732349450527769,1.045177831780277,1.0237322226589591,1.0726639790814783,0.8891258240686409,0.8335439122283774,0.8708615585386225,1.197987717906177,0.9933610448796714,1.0,0.9451109281249691,0.9592202836801336,1.0835255260435301,1.2957226033821394,0.564523082152316,0.6215845051590096,0.5914772728171006,0.6488619080125371,0.9970687370931461,0.9199191622787813,0.6165117970034949,0.8202184425489465,0.9294168661435527,1.2112029102400461,0.9854504444648389,0.892584468999889,0.8708676508524018,1.0933967701135616,1.0455307741823412,1.005712236965981,1.0,0.9507071803367544,1.1117620999963547,0.9638246985544086,1.326701140561325,0.8558944621608675,0.5377747382955789,0.9693890702066433,1.0596250024404188,1.0413292382708368,0.4718246444193045,0.7394376800762592,1.0267775443914842,0.9762120175548592,0.7823946170222247,0.8094143757485232,1.176875491444575,1.1876428268885664,0.9776939126314426,0.5211130031953048,0.7435782976171526,0.7665577266133229,1.0274815170300104,1.1362863049300596,0.5376532992909131,0.9932973820872202,1.3937044228143083,0.7736394702147987,0.7669049662252132,0.9695955925960131,0.8561992384790423,0.9219278902888486,0.7721388457160515,1.0189500540549774,1.1998589004286362,0.9309168675871635,1.102328545229736,1.1125927909077225,0.9750064914153528,1.1171424898774331,0.89711068818525,1.0365664465716409,1.0408388746056492,0.8449171715068566,1.0197547876926043
2013-06-28,0.9742411339552327,0.7682954637009567,0.6717841014320503,1.1232593309179089,1.0459725998546077,1.2778708813900477,0.8021792790828595,0.5615996997932811,0.9951803479157649,1.0027908869696334,0.6981288105677035,0.6698066129842247,1.0277996676000485,1.0,0.9204633712173536,0.9659348115866007,0.7947313015567018,0.9190276352847186,1.1175241495344095,1.4820494325403593,1.0165134296686662,1.3542837433397499,1.1882367749717757,0.7493817991153275,1.2047240371879364,0.7715094980672335,0.829940102056786,0.9126594712393037,0.9897852641591807,0.9578767709670927,0.774504051466153,0.8533686423284559,0.8325358571947596,1.2522705723877081,1.0007039988070492,1.2107807479048045,0.9928255967736878,0.6246477293201937,0.9371979586477711,1.0944825912583307,0.9789223158231974,1.005479190517804,0.9763817758243283,1.533067408353977,0.8943647213525081,1.0,0.8885207060825764,0.9606680918338266,0.9251902413607536,0.7977567926081672,0.9739652201694726,0.5554669383363484,1.0023023492411538,1.0789254937505728,0.7966324668956645,0.9011759928492004,0.8450703926233074,0.8230247629290244,0.9850651908609636,0.6132455364126621,1.0154530803973452,0.84656690526088,0.7063148954513243,0.8583023065268398,0.8381659043475768,1.256876478495157,1.1426846006422093,0.9493624445445771,1.0157810350176002,1.007978406092102,1.0638363136651063,0.8865014528568329,0.8268289997926491,0.8681248027699678,1.2000474391404943,0.9934035530852736,1.0,1.052510744224118,0.964148916339561,1.037912243319298,1.3402502483040184,0.5646748123545875,0.5649820535208586,0.6360775021586502,0.6481699217994783,0.9773938162301815,0.9612996817674758,0.6088228091763428,0.8413812976926824,0.932831941888755,1.2270150634147334,0.9832312469163981,0.911069194376122,0.8674583162545859,1.1388333477442143,1.0204653980835217,1.0049038149103613,1.0,0.9269751494896832,1.1095377747771231,1.0013732977315637,1.326867516852238,0.8557853943795515,0.5362943725829303,0.9767264041041694,1.0762206700055525,1.063868388334039,0.48328131831653987,0.7600921808664423,1.0194138272288253,0.962354581799024,0.7990291227191542,0.8233848599379308,1.1961887172520664,1.194748935813363,0.9367844714296099,0.5234904636755444,0.744563942541629,0.7667769315430518,1.0315170746139302,1.1536183798985662,0.5435063515642229,0.9718331625735203,1.4069891828417778,0.785780564357181,0.7973389715988316,0.9691248374002692,0.868301463175495,0.9197675644475762,0.7718688300184035,1.0198276704875868,1.2007304322174832,0.9247812869511602,1.1337996124240828,1.1151960850434137,0.9696494571367292,1.1211265954079082,0.8934620925183772,1.0428322265696928,1.0446438689406674,0.8143652071251327,1.0203241679438946
2013-07-31,0.9937149957193101,0.7129739080175419,0.670658006288772,1.1244321336416134,1.052299010770453,1.2392968047936288,0.8245522702883143,0.5600540582794853,1.0056693942558321,1.0024625598243437,0.6662986582984219,0.6695261577214342,1.0863374333248832,1.0,0.9441571927359853,0.958871298139082,0.7726864053511282,0.9084024829623744,1.1264948361620446,1.4909955029804118,1.0111045068352367,1.3351613551538537,1.1959615603913412,0.7225845060186105,1.1975744323702298,0.754056179674401,0.8265679100301389,0.9152018429955551,0.9562874555275991,0.9632655690114624,0.700485109054878,0.845600092272927,0.8325273667568664,1.1575611477878738,1.0032973720368368,1.221751343662217,0.9871765640229874,0.6268853481398005,0.9547931990336394,1.1483164756785453,0.9771412243292351,0.9999534593552756,0.9458538159112958,1.5256448723397686,0.8069589410052387,1.0,0.9085682542589018,0.9902874780011228,0.9310391677974466,0.7882630405182791,1.0118356899223546,0.5725356248450211,1.002206985420584,1.114480922048525,0.7835403886200278,0.900108023855636,0.8397403562506377,0.8031876898392069,0.9750015324495304,0.8446807923612001,1.0227419689157002,0.8900451876091497,0.6961694029709644,0.866272292488114,0.8448369368286046,1.2512908880669933,1.1415033550626936,0.9213254157227365,1.0796277624156934,1.0225885594183195,1.0804127035971194,0.9066599888313477,0.840662796203443,0.8611009743233804,1.247816465765736,0.9926036804495011,1.0,1.0178166505468946,0.9706571670454152,1.0508589934623749,1.3688731327147703,0.5527982629857631,0.5765699843461084,0.6718127647818102,0.6452189150922396,0.9742298740398935,0.9840009767797079,0.6027209782951835,0.9684386201185096,0.9600466059624194,1.21836295322106,0.9590232386967896,0.8909730590992245,0.8603315839414528,1.0647074712826694,0.9774486525945619,0.9973650248292489,1.0,1.1111382178076767,1.12855194003482,1.046738664013283,1.3269039392966824,0.8553664024439146,0.5639391900997829,0.9539164620410081,1.0634016351319269,1.0490400071703372,0.5120154262567009,0.7537143693497718,1.0033269211789453,0.9309848472793624,0.8514056342967516,0.8010906940308389,1.1971978177024207,1.200937435482381,0.8192098037478854,0.5536662923940571,0.747324355633094,0.7669728472675417,1.0275147511350309,1.0321965038107435,0.5752164016785011,1.0024165493398614,1.3153047171176089,0.7907406006188138,0.8389598979389224,0.9661791396115531,0.8413390347726386,0.9173835182671211,0.7800547003909218,1.0101826484720402,1.2140905089933445,0.9282803509772923,1.1294321189774852,1.0979149203342395,0.8611760670143621,1.044928174175642,0.8714332186068018,1.0391008665867658,1.0170454406847744,0.7837232964951493,1.0043768293273052
2013-08-30,0.9272078370484346,0.6740275805421531,0.6757606416462711,1.1036824221875532,1.117049615271877,1.189730802556789,0.7783211940283381,0.5471044630209347,1.000756032728239,1.0064934338976377,0.6702352251465147,0.675135561071462,1.0400179708906607,1.0,0.8993890884334861,0.9467024855287234,0.7657987530062316,0.903681621416272,1.1171811065441952,1.4931578902951126,0.9667246982720836,1.3502745894886827,1.1917662784576903,0.7115798370244526,1.166421782209295,0.7663576699454113,0.8240516539461533,0.915288537164134,0.9612106461316914,0.9615217718751576,0.6876577872296727,0.8420979126179156,0.8325504868951573,1.1407511514964057,1.000056522354914,1.31498001205869,0.9898203261318755,0.6172540363871925,0.9326461135117917,1.094280880288642,0.9942905630083255,0.975376677566232,0.9364311412013704,1.507486669913959,0.7120833399556559,1.0,1.0261121188072138,0.9900395768560253,0.9150658566878427,0.7922480209652742,1.0172069219589057,0.5575565727408409,1.0019273273550195,1.1020567041606684,0.8058144210137662,0.9061595777533971,0.8657662252945539,0.7997057006973476,0.9731709552838185,0.7865599851126045,1.0212482141643633,0.9975547296501349,0.7038727108276261,0.785349394243979,0.7717716135608086,1.2553775345793166,1.1438741158437948,0.902023727670848,1.079491062101097,1.0152299212189744,1.0347197822700867,0.8753159254226471,0.8559551133237421,0.8589634269194543,1.140764497545934,0.9924881930927719,1.0,0.9945152492989779,0.9664741305042087,0.9976476614871449,1.366145551829457,0.5552827510348015,0.9243279693980597,0.608441599311268,0.6419463092784599,0.9628178771384398,0.9873477959333588,0.6025039905824359,0.7621646499264861,0.9234338990991036,1.2184865271633474,0.9620632791124805,0.8906945308071272,0.8663852633077906,1.1070323134279672,0.9732945338940258,0.9926708708711374,1.0,1.1575224386490524,1.1151716279396389,0.99527877304814,1.3269204929343534,0.8560166144553254,0.5640096100052201,0.9171757984520079,1.0683617984078848,1.0559824416852188,0.4969647554554719,0.7462445285706301,0.9540390246787002,0.9319565348590434,0.9611469421471414,0.8286571810499048,1.203544179235904,1.1954150968311084,0.7269550216057121,0.4745725317411479,0.7368754373375976,0.7692091444117205,1.0348414844478775,1.104298223799021,0.6109046089462705,1.0326861895461996,1.3489522738336317,0.805668391905994,0.7790538580086048,0.9653469281705184,0.8797085230625574,0.9155576559863323,0.7824666449795662,1.0151602589161477,1.2111475652199455,0.9350933247430788,1.1140069478979346,1.0994621549958987,0.9139882553142705,1.094399222406821,0.8736012626190646,1.0300634380410725,1.0103949337213962,0.7814288785950302,1.0019071877819987
2013-09-30,0.850726330026707,0.6340510860620974,0.6773071399668888,1.0458833366953628,1.1769942359664798,1.1758692554752905,0.7676198615053325,0.5157861758950308,1.0068250708407194,1.0064997736002999,0.6471302264881362,0.6717247454287529,1.082766925021545,1.0,0.8939342942396149,0.90697620046427,0.7515149892980014,0.9208570814266639,1.1328831585634345,1.4877037901655206,0.9396582266698816,1.353020757934398,1.170667956457853,0.7007878855118224,1.1705641008208807,0.745538737552868,0.825087014991877,0.9134613334341399,0.9588219882133625,0.9633408000163765,0.6738800037664574,0.836598100533408,0.8325570770117285,1.175456791554295,0.9985353143999744,1.2581202325243308,0.9829256853208697,0.6552048606838683,0.9260931693672837,1.1072200834992505,0.9789953005124543,0.9916179672384594,0.9704740133848633,1.4919686116869395,0.6633052005408215,1.0,1.1453801787382905,0.9578148246726341,0.9394464216378289,0.792603662115638,1.0074033009281156,0.5114204908274704,1.0004564898226598,1.0550369662339967,0.771916275424567,0.9109184449849739,0.8908337225250864,0.786205912791477,0.9700334588214546,1.072066434845278,1.0434800106874365,0.9004671835676574,0.7338785665322587,0.6891708067485107,0.6881713553186154,1.26186591218394,1.1493684596764626,0.88937368047029,1.0785682592450752,0.996687344109098,1.0047096745091382,0.8454501097856824,0.8539254408749491,0.8553874100681385,1.1357781710422328,0.9958319986304259,1.0,1.1109470928330853,0.9810563701888447,0.9621387160741122,1.3695914869020342,0.553049837352247,0.9552869212868762,0.6290282043031118,0.6405253065978227,0.8984780929973135,1.0042673828776458,0.6029918218046971,0.7504747445339236,0.89884728661401,1.2160549629576562,0.9247115440073272,0.8653108826869239,0.8695876954588004,1.160668174110806,0.9501938650456802,0.9897862527334285,1.0,1.244337396528018,1.1531062630393798,1.0931756004245512,1.32691945045929,0.8557190290557927,0.5563015025995854,0.9123649225781012,1.041191741884714,1.0228144664985488,0.5717389478548424,0.8127635547523197,1.0060696192213143,0.9101820263465215,1.0508246142793132,0.8250895600704131,1.204491434388275,1.1853841007486432,0.6898132295181161,0.47995717972864127,0.7344203508912953,0.7747989451091049,1.0188154459675058,1.0191874332826347,0.6118812079750385,0.9931338301065088,1.3988725318950619,0.8087218170188469,0.7904137778880076,0.9651554745788162,0.8517909770173949,0.9151527314311414,0.789957680892206,1.0093558561358276,1.1997716396009972,0.9449232078006098,1.1072931050322594,1.1257556946132057,0.9083327173403533,1.0626610656871815,0.8604720496952108,1.0473069836541247,0.9746980520952271,0.7409123393825218,0.984586145518229
2013-10-31,0.5945460193638874,0.6265079193909475,0.8272476704639125,0.7867000438866182,1.0772087613255603,1.0616012727774222,0.7633046973172013,0.4942971352269624,0.9028362576583383,0.9816763269169189,0.651536893714207,0.6790834852935335,1.0757436688100048,1.0,0.8752684900086874,1.0280873855074832,0.7919626225780382,0.8588961487908859,1.1448160579959228,1.4739510727308074,0.813084693904939,1.1749546471196306,1.0435839832117209,0.6933025556163115,1.151936163045205,0.891479123048215,0.8601472853262765,0.8964143389253111,0.9628323168292084,0.9589498094097247,0.662329625293677,0.831407416118007,0.8357575472328596,1.011626777174862,0.9977404623443399,1.381163264616023,0.9948428202085305,0.6202965818287184,0.9070654844372533,0.9966705756708802,1.0064756894459372,0.9721064969978809,0.9641609848758355,1.2031736372478734,0.5879080765416287,1.0,1.1892817177492359,0.9604603717136194,0.9998149272380559,0.7939740077467605,1.0575515697691502,0.7064115327753389,0.9951082692778557,0.8648522226002886,0.6782481784986061,0.9158628332650119,0.9112848085229301,0.7814553837867879,0.9639712241242698,1.0230505524093017,1.0921804432247644,0.7871093321710929,0.7115816317174058,0.8110627508557091,0.6699108951272014,1.2259171510736164,1.15486792252161,0.8650236466143659,0.9576276854338324,0.9098274537203459,0.8976629069610027,0.7133986149056806,0.8102494054939604,0.8480851985131558,1.0833894925186651,1.0004798186867085,1.0,1.1230481535370733,1.0119587262444005,0.7085967464292735,1.2806004413235537,0.5717834992491336,1.0178054699757497,0.7434227878081718,0.6395310368873264,0.8389461101501279,1.077331117905401,0.7351510523063182,0.716280961820841,0.9010671263005898,1.2201701183103144,0.921541547465868,0.8792044607043283,0.8783578599541498,1.2696561897283183,0.9758718341973153,0.9784388491425501,1.0,1.0852382778842906,1.0078163087943286,0.9245829476087832,1.3268057290405142,0.9413734418629536,0.5634222582815155,0.8489366814779549,0.99093151517491,0.9672060286906072,0.5419365805585573,0.870056748607132,0.737449854147894,0.8257503094077878,0.9951491533357388,0.7667012873574668,1.0693170057858983,1.1800213959305481,0.6650157976115261,0.47898878271137213,0.7417614442226559,0.7784618478448038,0.9976181336624288,1.1590552765674287,0.6350955724916072,1.0069105487781669,1.3984586581313243,0.7791690622686991,0.8630159123743707,0.9562477778499775,0.5620820059789617,0.912138241010321,0.8083037693586048,1.0278354487618417,1.1728913167834756,0.9103612338579441,0.9061133130532183,0.9897774904961093,0.8215740853121727,1.1735885223136384,0.8872728324430058,1.0266539430186965,0.9202820968051685,0.7282939935243979,0.8807349562191458
2013-11-29,0.6884889512533852,0.6328798878763138,0.8668444151535252,0.8933812311026401,1.0460877896556227,1.0392004391615035,0.7727938963466027,0.5004910862785308,0.881950816651217,0.9816544953694992,0.6284346259663784,0.6790616775602538,1.069732456297634,1.0,0.8862837319135858,1.0800312102136773,0.7744309211121349,0.8008201915555075,1.1448147110729094,1.4911830861035793,0.7794916880324428,1.138500667320939,0.9918755005607461,0.6924754062691832,1.1808324920689708,0.9676782682942352,0.8427810488108453,0.8955439850382896,1.060102213975498,0.9632079334761744,0.7008975838389804,0.8363586820553058,0.8359763692312369,1.0489810702416857,0.9957623161656904,1.366977412249437,0.9854355148969139,0.6092325570734931,0.9070480938694456,1.0015920508955123,0.9913674322679816,1.000916897549874,0.9760219151911269,1.2710776593639697,0.6031160917764291,1.0,1.1876446582824385,1.005420923154199,0.9655970854531578,0.8044833730537548,1.0596202762084634,0.67506887372039,0.9940564426208949,0.8344703363145173,0.6579149692349567,0.9277451066240668,0.9351295289341397,0.7832659256939041,0.9595027080563122,0.8887046204598393,1.1112312834686102,0.6903511195547112,0.6933630729124991,0.9515029803262749,0.7042401832820111,1.2168041109605099,1.1455181379886166,0.8082659224720475,0.8996448753688655,0.84122817652798,0.8633330897810585,0.7764687582405725,0.7396655872936977,0.8429556715565107,1.0282789146026288,1.0019364560937103,1.0,1.1217733014677211,0.998567470620736,0.6945255329344224,1.2131957197673389,0.5842077405616046,1.0998690008290661,0.6825491556990129,0.6374550336369786,0.7206120479638576,1.2437801415030558,0.788213387603609,0.6544271865522,0.8925194194249042,1.229616758362809,0.9112842583459331,0.891357199267587,0.8798823819036641,1.2551397109127942,0.9267543057480822,0.9658473834669844,1.0,1.1850161991261898,0.9504104347930887,1.0281978814103299,1.3268276352855273,0.98694134693107,0.592433901219015,0.8939711068127616,0.9928438823779202,0.9680576799141725,0.5952137495719789,0.9626953851719314,0.6917081206655056,0.8132898920675989,0.9791504667606922,0.8665482659810388,1.197537738711843,1.127728614566127,0.6506245989342734,0.7770186162148658,0.745929083088634,0.7787037666584486,0.9351600023223245,1.1464913049779277,0.6524011302504604,1.0857134526664223,1.3934211231721754,0.7668971346816121,0.9376673959036619,0.9556755414305839,0.5403610398278573,0.9129815905144942,0.8277425083440151,1.0282126285126232,1.1537298657368131,0.900263231571051,0.8811138131920039,1.066219864416972,0.8214877390939412,1.1514664224034337,0.8361283046015152,1.0216477955956567,0.9189479341583802,0.7277325149853459,0.8284770967649456
2013-12-31,0.6873318346968604,0.7423794468918293,0.8561282540629374,0.802226609632958,1.02027962150693,0.9828203921020556,0.7673632165218387,0.4817701014729654,0.9250622615749611,1.0002267572326835,0.6219686807068151,0.6753871084293902,1.0553745357775337,1.0,0.8867466858026274,1.080660656387367,0.7710040983160706,0.7885181855234283,1.1454622579314402,1.4729953976606973,0.7893973427367861,1.145943740220024,1.027239606924957,0.6926957249208856,1.2705521127423367,0.9885921125626027,0.8773823056848528,0.8902112874174273,1.0081540211645978,0.9613089438872792,0.7283392299223117,0.8375518804976972,0.8400740722034408,1.0299040009995424,0.9965072119436857,1.2524354016707449,0.9898896904123903,0.6103485933754718,0.9084935994807073,0.9958427404594228,0.9928642608297429,1.0314154171788414,0.9509576508974218,1.2275615138136757,0.590712677528236,1.0,1.1843684203192164,0.9859328414156698,0.9545227545051266,0.7936004691647726,0.995704128008336,0.7734440004737678,0.9971990330658149,0.7361130833193158,0.5907558100072935,0.9330019478578147,0.9330782923030425,0.7622997668545994,0.9568197216656396,0.7583658676363851,1.1150028427198106,0.6701830887312494,0.6911639119089441,0.9425431990973646,0.6653793425297738,1.1888646224350332,1.1433564249170993,0.8201189062260195,0.927435567646243,0.8563692670513073,0.8609199124684527,0.772410786396663,0.6602648241591502,0.8343396985337909,0.9967156874027316,1.0027034302379163,1.0,1.138099336960962,0.995552830056275,0.6890988947169017,1.1779302449738212,0.5793303269206457,1.1367658904343099,0.7368025985437636,0.637526046830959,0.7340340157889909,1.1806032108411082,0.7099578825097129,0.663342587248152,0.8811117394036483,1.233105863435897,0.910066994101064,0.8748524664382772,0.8754753541545435,1.2274036532495483,0.897380114118864,0.9599764179994034,1.0,1.2194938672532467,1.001982024008672,1.0422853483382402,1.3266247784821057,0.9925374688932264,0.5932662350587938,0.9183127561430634,0.9904204354598993,0.9624170429452661,0.5506651297269798,0.8557216342524737,0.6736381439424459,0.7842590352623514,0.9807802245126849,0.8496043588745794,1.1945227148146513,1.0886683587597041,0.60749197908549,0.8180482715365683,0.7538878066259154,0.7786440118050053,0.9474099696586918,1.14471890756061,0.8542849111920972,1.1016881049936926,1.384554763040684,0.7637378356970952,0.9184496885477583,0.9543329353054969,0.5421891854767522,0.9119879790350434,0.8633382805245953,1.0286564047969728,1.1309078583186032,0.8977545470905068,0.8800492604165473,0.9468410263539453,0.7688479388190651,1.1258148887624981,0.8269927316439682,1.0379783449666076,0.9185220287601499,0.7276022924124776,0.7573260635401123
2014-01-31,0.5809700126133095,1.0442641287309895,0.8238415878982228,0.7560659530342839,1.0315428920373937,0.8630175588403813,0.7672340522862308,0.4829707911508533,0.8788172965198885,0.9912034676080923,0.6260134388243415,0.6793965611913112,0.9771926286319346,1.0,0.879906550764293,1.0550928332779657,0.7822930394748443,0.7912835445928689,1.1455666693131947,1.426838194526737,0.7944099719948732,0.9399895474779378,0.9957446002244768,0.6958457291603065,1.1827271905665229,0.9775697714640437,1.0021220568225842,0.891464893481093,1.141216523378772,0.9634857091224167,0.7447482394985303,0.8369209746624331,0.8474322291043352,0.9369439311931105,0.9954518114375998,1.0708580832084647,0.9844465085807237,0.6078358531888348,0.9073037849859409,0.8378248925651771,0.978486458874342,1.0386054254125372,0.9632429485992705,1.1408871827171776,0.5906533004960481,1.0,1.184608885668441,0.9102516992147499,1.0075557962540318,0.7924255129242613,0.8539132305299593,0.9005426288329073,0.9978441698677366,0.7697512912457393,0.6157172851428195,0.9206004112257877,0.9074746112854074,0.7586242829949033,0.9563299025235062,0.7078521587533734,1.1063862678782157,0.6818143323322867,0.7422987195143546,0.9557024564129512,0.6461628711775085,1.1217943997420838,1.1443651753292525,0.8080263334844255,0.9214233608949739,0.858634146990929,0.8822701045405885,0.6883719310536289,0.7287584914514147,0.8320696533797681,0.9891559456779587,1.0021543154584553,1.0,1.1468711650548327,0.9839025915579731,0.6763952308817014,1.1072098171315305,0.578226790687743,1.1291215055203498,0.8554201313680365,0.637462030301265,0.7202368156528761,1.1350954838054732,0.6977462080826828,0.6029621622939292,0.8724835797580999,1.2326028433890794,0.8926569267326432,0.8669172737238346,0.8719505028991205,1.2168503929250023,0.8944665509324695,0.9605045080711675,1.0,1.2781345024107502,0.9773870961492185,0.9960123671530243,1.324903521652369,1.0304869107069643,0.6742067465504018,0.891699487777615,0.9614348119660366,0.9320321008454322,0.685430265445037,0.8050554284164464,0.6843495807357074,0.7812590938337798,0.8560530390175851,0.8286135455585707,1.1763315890203296,1.0746203548969533,0.6447306576560388,0.689788572123294,0.7692006580605696,0.7785807342555127,0.9240459499427683,1.0147190502314978,0.920899345483215,1.0598865662424677,1.2540323954167403,0.7657528002114944,0.8960173736218566,0.9530655175435261,0.5413186395455714,0.9125603208467712,0.8675446666543938,1.027539367216872,1.063822462903889,0.905346700099698,0.871302880687522,0.82271132485196,0.7976312001164386,1.1354794502566878,0.8377726093523148,1.0501355788312776,0.9182801118717367,0.7275670799054668,0.6795037047298269
2014-02-28,0.5040838071803823,1.0689017765806175,0.9135791296143112,0.8062397574073565,1.0436041674663017,0.790837051848292,0.7674363614099629,0.4874645520349541,0.9032728805166435,0.9959580022157452,0.6250921136264483,0.6776796099750267,1.0423328241185235,1.0,0.8730672018223573,1.0680827149439316,0.8147754048570774,0.7930038134622952,1.1455512791614137,1.3530095383662226,0.776980099647242,0.8835105069128131,1.0280769877815312,0.6967254550932751,1.1997612684739796,0.9997237236903695,1.0379006445927002,0.8905021434512279,0.9844075592422676,0.9639084844597173,0.7265717214718692,0.8308710830886789,0.8563849126911266,0.9093633128981614,0.9964495964320899,1.0314430013829585,0.9705474291739563,0.6098483480665393,0.9071235131452585,0.9659037983480483,0.980168116510573,1.0385104157472425,1.017577646789873,1.1683613722932158,0.5874289715854033,1.0,1.0867439525057387,0.9058926888781474,1.0498519496547434,0.7879895404733319,0.8663308667412608,1.02433894425326,0.9972867777891893,0.7860180537993395,0.6586778309670837,0.9227183358129903,0.8993288918078259,0.7546851582763141,0.9564525820485665,0.8462219779135673,1.0955261858150174,0.6374680465767861,0.7274619611683,0.8082891283788181,0.6327720072410121,1.0672676489448334,1.14570386624377,0.7977741685609105,0.9541359084757656,0.8620145252409154,0.8724503069421778,0.662789561207705,0.6784629277111593,0.8269416819992149,0.9829522602926843,1.0011115376823054,1.0,1.1175122008631935,0.9764622414306507,0.639857625030682,1.0450257298278027,0.5704501211539645,1.1183753110959853,0.8301303363317636,0.6376807123794817,0.7698185526056973,1.0546757588216789,0.6984055072311715,0.7117564930193601,0.8765763766883385,1.2330397032985267,0.9116964593747738,0.8586500070422804,0.8751003502625184,1.2668234380622516,0.8899425718187983,0.9615198957775043,1.0,1.2706395468424567,1.0673530207510922,1.027287114066841,1.3242548941475216,1.0407119843014498,0.7205604928783099,0.876829629286764,0.938685357606977,0.9060045374690227,0.7022335146960426,0.8554587008544441,0.6903353741098546,0.7723075573025064,0.788522733672532,0.8414234763009066,1.1911330398713356,1.07439749745767,0.6459507400287103,0.7508603287850376,0.7848690276563058,0.7782787511648561,0.9346662709085676,0.9411262722704608,0.9436734102016773,1.194307230533095,1.1328776048544218,0.769820670605346,0.9216184139014096,0.9526635905038785,0.5364184023634906,0.9184480919834815,0.8545749853995575,1.0247812651738812,1.0340607805262263,0.8895548952334664,0.8193625982051875,0.8077355053040531,0.7866111771557573,1.174720419631005,0.8409007174446526,1.0427205670621866,0.9182625892389917,0.7275600250786811,0.6674413685940583
2014-03-31,0.6231139575546246,1.0549286671474403,0.9684746596265743,0.6879122188580907,1.0171992737334459,0.8345496032674422,0.7687123748964557,0.4879491045932467,0.9089944356346701,0.9939145070765933,0.6294297993284396,0.6736618045376098,1.0110148431986485,1.0,0.8774184967167588,1.0725484922157682,0.8619849012806062,0.793800744144228,1.145544924953488,1.4671796477319552,0.8172575804510029,0.8113792732020905,1.0355118588827485,0.6996337143949265,1.1612329758196067,1.0615582329347593,1.0678652675179356,0.8898614533481211,1.0363846462033994,0.9652388490329715,0.7498138937280248,0.8578574274894492,0.8469468980827163,0.8192268311686555,0.99729076912688,0.9953431141338777,0.9744199888647801,0.6368423263384695,0.9071650614575469,1.0252415649000721,0.9769417105277559,1.037885256680256,0.9738995840634191,1.402363409374002,0.6161087915607282,1.0,1.0572086046615752,0.9169215175525399,1.0797179656141715,0.7896490805335349,0.8785375992958044,1.036492190577682,0.9972943172987044,0.7385348416584798,0.635704421221282,0.9271175614999129,0.9108711239185359,0.8059973231147277,0.9678929709789309,0.914135494163943,1.0926061306328183,0.6302266179718855,0.734298432155317,0.8426315343047042,0.634337297698615,1.1382293872000686,1.145492318421525,0.8699268511873001,0.8995847989835744,0.8340877709306531,0.8781524980403237,0.7415809322083292,0.6609227399550115,0.8490983966844906,0.9707398674235456,1.0018743186341805,1.0,1.1163443950550542,0.9707688331637698,0.6619522238324764,0.9691521197636622,0.5991922519045425,1.1381320870293163,0.8370797737974052,0.6377812615582835,0.7779657342434041,1.1086597826353817,0.6904366532440952,0.6951294412384318,0.8814667186961221,1.2323203448858493,0.9618745766656214,0.8628272205735834,0.873713528505321,1.2579789955497986,0.9313842484118032,0.9629603330404155,1.0,1.2728266666234525,1.0051360165825216,1.0647534478970977,1.3240021107892865,0.972658983058462,0.6862270669289119,0.8551177290354034,0.9347532191096163,0.9024023233333037,0.6742454981529643,0.942061461463841,0.7427521101080257,0.8433077514599346,0.7666148567912805,0.8079862110884808,1.1815950534279562,1.0937507261979218,0.7288742304367408,1.17238212529662,0.8242816024060591,0.778236871776937,0.9383878187527144,1.092748073370249,0.9380295636772041,1.2670059383136365,1.053111676374917,0.7661861613960981,0.8897291646846828,0.9541149832270974,0.5838492235990663,0.9266608646641211,0.8177516342531165,1.028809007849083,1.0379050072621185,0.8921617864590332,0.8207270516448308,0.8069190567787772,0.8245864582271742,1.1923241226484231,0.8783476348227208,1.0451286221210192,0.918328508291902,0.7278593543409666,0.7565554124071823
2014-04-30,0.791707443945453,1.0692252715091268,0.9842514364176707,0.7075486765912488,0.9501857103206583,0.6994720292641579,0.768942590658138,0.4959101925803948,0.9618772032669682,0.9791019729313947,0.6260340830814184,0.6743660236921609,1.0070547689878881,1.0,0.884015874179138,1.0301459292106683,0.8850097012476874,0.7899963175125417,1.1450046342933347,1.4885465284770785,0.7981118606551293,0.7355523106312782,1.0627786941248663,0.716170452643933,1.0654938265742566,1.0584661731953302,1.0239540479862828,0.8966334857789128,1.0375203369167398,0.9632256755773438,0.7946132783445531,0.8959397175836659,0.8420194649216384,0.7731790460674293,0.9967305515381573,0.9469205511368478,0.9756906947871622,0.70157235212908,0.9085913867411838,1.0803740792917185,0.9679552987733496,1.0380023517090016,0.8888978949110449,1.4350577973941678,0.7098651858756807,1.0,0.8792429358147663,0.9351633234144558,1.120213685393906,0.7993021174969198,0.9609480484244584,1.135405566292659,1.001856515644867,0.6877664870145912,0.6646435775043975,0.9239336971059463,0.866622689255273,0.8567613888279502,0.9857726493872708,0.7919652768344438,1.0730568796104676,0.613466047216064,0.694486494200917,0.9862713697473835,0.7035042939485971,1.1972977037871153,1.1478929871221617,0.9327284253631609,0.8865627733329043,0.8177451583797093,0.9346769260248493,0.8622385089489049,0.664502662848692,0.8588564530466487,0.9334210210630836,0.9974936454371256,1.0,1.062133949282455,0.9651137309589929,0.7160673414860856,0.9027957738540471,0.6286802988206401,1.1241189171451433,0.7772496428100644,0.637491225775989,0.8722390779088431,1.2834980466512187,0.652189510160925,0.8290386400358962,0.8805664410271504,1.2274679990689072,0.9868323970244703,0.8660670790648619,0.8678835547337245,1.2240278106689229,0.9504002944163118,0.964851677800491,1.0,1.2145529319605544,0.9454199437015567,1.0057082463903906,1.3228625277664459,0.9756044046212488,0.759157649673589,0.926318347300174,1.0178394558626092,0.9878890585821111,0.6008689958663385,1.1261852937525947,0.8230388807075262,0.9237305926121164,0.7587750437034256,0.815699952783017,1.1969811408956004,1.089739188337019,0.8200483480309613,1.276156367304394,0.9617073396056178,0.7778931962609344,0.9369859375795833,1.0730150586666918,0.8979641794058092,1.3477805415978548,0.964322668007192,0.7704331795983392,0.8392558680070618,0.9544354347491589,0.6944744854612983,0.9261919080059113,0.8022591223084973,1.0214336783902946,1.0322405739843692,0.8914470476153868,0.8235410946665995,0.785826128846717,0.9381883577905188,1.1940187041760404,0.8775107974184446,1.0297695946381649,0.9184026354480805,0.7284580664509679,0.7945254876323297
2014-05-30,0.8470524933201372,1.0037805893642948,0.8531274068942056,0.954288813992645,0.866946114101552,0.8540235708175274,0.7737055269654761,0.48774843813450364,1.0046970252224134,0.9332801230187606,0.6187505407487488,0.6684074380394602,0.8971405662850506,1.0,0.9219572751088906,0.8181525315842753,0.8377583041940839,0.7951653033232334,1.142908573891304,1.4969711969575512,0.7381534203080713,0.9980771410829707,1.1010561223349267,0.7028934507306428,1.0222330788703062,0.9861528814546198,0.9504028376909336,0.8902671097086032,0.9764225317380154,0.9609516914666181,0.9421924601763961,0.9069669047557599,0.8347384132470661,0.7777892006054794,0.9959192119972774,0.9055777712346451,0.9681683671365855,0.8657046193334081,0.9320113681503459,1.0490217313410128,0.9630100438702117,1.0353672998367351,0.827475079179095,1.4093190113726828,0.7338916225045105,1.0,0.8026366335599178,1.0558448825273594,1.1355294506903482,0.8053182555287624,0.9513165577316618,1.1351682306012694,1.0030006685516868,0.5899398680905372,0.5516773893893318,0.9418737272557807,0.8027925862827938,0.842038405928545,0.9782914073537923,0.8207236325559452,1.02324045118621,0.6404800371932055,0.6866331773278218,1.127568816340005,0.9786715295916342,1.2060775273684077,1.1415784641835818,0.9609617816028249,0.9675157905291952,0.810497485678687,0.9436134718100803,0.9368072130915941,0.573037304465861,0.8425427204287893,0.8697126209072539,0.990496518764568,1.0,0.7281973913029043,0.9540476470185989,0.9300353195988527,0.7366391865505582,0.7128372708887898,1.0678022154288844,0.7234689571493843,0.6394801629551754,0.7826249807281644,1.2115216498429393,0.6394971334852256,0.6954515904960903,0.8715871915554201,1.2369621062250902,0.9835809506986526,0.8692304944721471,0.8461753973182544,1.0985538352066346,0.9301977343538465,0.9576052884138108,1.0,1.2000312904967037,0.9236668035601284,1.0510307896980642,1.3236756681174273,1.0055913779713967,0.7957314394159857,1.04036972217424,1.0122905008961676,0.9789212372355811,0.7463376645183444,1.1885586142760218,0.8742428069547558,0.8739219245423311,0.7352328796679908,0.8792168778238435,1.1914592059152571,1.0735053142856599,0.8561663319796142,1.431034401932391,0.8542550864392136,0.777540656480808,0.9831314182423179,0.8982042198827539,0.9371720693544,1.0398387581381345,0.9259453404454683,0.7788969732072748,0.8930988392862856,0.9540412090076097,0.6433307694939029,0.9177447358436146,0.807870216349837,1.0242107236463116,1.0246463065296751,0.8945662476365963,0.8288875897139659,0.8119683042561263,0.8064581204261507,1.189351623274725,0.8119137993707471,0.9929504022815276,0.9183458300179366,0.7280931166475614,0.7772183824941876
2014-06-30,0.9404622764723138,1.0253647303993019,0.8409164495066809,0.8905483224409467,0.6583208382716701,0.6004146119914922,0.7747824121743878,0.5457946480067886,1.0071384590479933,0.9312028480932973,0.6182252617823675,0.6708884158819939,0.9499516420487557,1.0,0.9345277990521911,0.8983635641325147,0.8101506710272472,0.7915673503715207,1.1413389624683892,1.4973133938735366,0.7265648178895618,0.842624778005925,1.1321802585193073,0.7269669697956156,1.0182824206579555,0.9314194690919696,0.8770167279052813,0.8922352043485671,0.9732093827324703,0.9599073054956342,0.9597467141966547,0.9194566597790874,0.834049261526315,0.6900602769156898,0.9957414980029177,0.9006451388428821,0.9598841384681194,1.0569640850889428,0.9518070709897117,1.1564926325418117,0.9659572925206736,1.026936197568015,0.794695723068136,1.3728482111857856,0.763719602721549,1.0,0.801993507949204,1.0879759472249886,1.0322473638168692,0.8220709361425868,0.9933182041058203,1.147416241427348,1.00231006184933,0.6416825126456716,0.6299355502725474,0.9292549333297199,0.7828432469345548,0.8183687988637082,0.9692326412146873,0.9306868417706445,0.9559496566907796,0.6368367586927748,0.6787740603188506,1.1657045924543208,1.0962271524663987,1.1932971398055539,1.1293231228171108,0.949537497195202,0.828406442089326,0.8036549795551126,0.978395078599531,0.9965217527134979,0.677700719297925,0.8289980703659329,0.7853291153290217,0.9863025081943589,1.0,0.5887222628460876,0.9522236203349191,0.9199277896432869,0.6331640074678662,0.7237739441647897,1.144259084246156,0.6883427278896259,0.6516711627395477,0.7815127226340037,1.1146792677468795,0.7384499507320315,0.7332108464386262,0.8766630493468096,1.2221595411035868,0.9539725665891758,0.858846810912327,0.8342255136148293,0.8208587209858441,0.9851478747950356,0.9574283725631723,1.0,1.207664741300653,0.9611855280248747,0.9548036238529559,1.3145386762092843,0.9435504522890898,0.9479710630883155,0.9533898997882269,0.9961693792169342,0.9611191100801291,0.8881487252339281,1.272291007904045,0.9018488274125888,0.8208894902845432,0.7323767751189791,0.8317156033792986,1.1316595902627182,1.0843913733656567,0.8575402418961922,1.4167507422988725,1.0006793630527429,0.7784547728497542,0.9075339233454285,1.0903049834285536,1.0213841439127938,1.0768711847443633,0.8588644196619006,0.7998006806884664,0.9408089094922963,0.9553812583808631,0.5687545526253166,0.9114776318134825,0.819909573687656,1.0259504017310208,0.9765874504090954,0.8906828872266215,0.8203148425490503,0.8043240655316035,0.7741004906843695,1.1716018789705773,0.803149092471184,0.9944663286812411,0.91829282753743,0.7278373662684954,0.7054568965188439
2014-07-31,0.9379950109676555,1.0380024726720645,0.8427519110422608,0.8726129282689761,0.7357909202396029,0.5791261176005117,0.7704767706330382,0.5673495959927342,1.0404974454170415,0.9104858354005257,0.6184094206098497,0.680215521844499,0.8603906572053127,1.0,0.9415137926805521,0.8842883248523082,0.9010052276066898,0.7903122239261505,1.1412404155508717,1.4955610897864282,0.7515586093299186,0.8461223540120475,1.12678975532536,0.7517003207955769,1.0677014497675537,0.9807149412378121,0.9057832904809879,0.8907507444612414,1.163843012563168,0.9598138785664257,0.9763455630707277,0.9287491342710332,0.8340518409063927,0.6899115497540154,0.9958588200038234,0.8542125781172779,0.9759876237560502,1.1407079140173926,0.9549062348203184,1.13661043573271,0.9669312614807183,1.0172963951342955,0.7932395872588198,1.439349331742218,0.8693879653002311,1.0,0.8020125208048634,1.0429430645325484,1.137266445377,0.8108947860300523,0.976458597817963,1.1173578732295926,1.002705737244945,0.612610203132328,0.6000266257102338,0.9364317306334743,0.7824541014977708,0.8483390939400003,0.9725282015766763,0.9373538982631899,0.912808415724002,0.6378027451624739,0.6754098177217833,1.1477537553301767,1.089196579794254,1.1616833466242913,1.1005868838003112,0.8765022369397077,0.7703098842206128,0.8018679243404192,0.9510159376253176,1.01254558849095,0.6703460077428847,0.8437766565529221,0.7755156609224034,0.9865775852740419,1.0,0.5837087567796162,0.9521851865120171,0.8150306083465162,0.6189356652330067,0.9038673257358708,1.1433703919437428,0.6922103539130242,0.6494330584384091,0.7756913928135842,1.1651348115457685,0.7688880005245456,0.7244788422389035,0.8730613393793346,1.2290550116993062,1.0101282042570496,0.8914775638097888,0.8343917211772447,0.8350763851128795,0.9956731593951225,0.959372431787535,1.0,1.1534829870323826,0.8267454992802246,0.931909124195069,1.316982725694865,0.9454520331796201,0.8255303115604044,1.076154969285434,1.0652614770128856,1.0348365860597635,0.8069666908690665,1.1504843351819687,0.9294517841961789,0.8664668105828555,0.7315322979434346,0.807795010865359,1.147836921191485,1.1040235216912089,0.8776136769705332,1.4347651817265692,0.9027535166267567,0.7759387192137782,0.9217658918181585,1.127960873235801,0.889004127087327,1.0522172944074322,0.8522417263777685,0.7869478349965494,0.9055935344923793,0.9577796609101306,0.616946686674429,0.9155931181941404,0.8093615789983513,1.0169363505879716,0.9666995239310292,0.8909170050960574,0.819704076893164,0.8053967432217944,0.9067979143072875,1.1891588152092698,0.8054568374974194,0.9802030080924384,0.918295378671843,0.7281459334389164,0.7473469265433202
2014-08-29,0.9419766787749155,0.9785976885102974,0.8389807200957298,0.8472182430623096,0.6825410948140305,0.5777159573061053,0.7674704044964128,0.5396204315429582,1.054348930480366,0.913810432921291,0.6183986779405946,0.6799454871418522,0.8102269788970486,1.0,0.9539347723141164,0.9766701089662273,0.9006972481928687,0.7898054199812155,1.1376547439480862,1.493933077420093,0.739523746770566,0.8089254825417458,1.122157505749716,0.8254253713446179,1.0540582891727326,1.014991214390764,0.881553265321592,0.8922815894651149,1.1948705002406161,0.9605332466079023,0.9790838227071855,0.9415192508940039,0.8340066047560621,0.7418711140331875,0.9964155686093827,0.8222681801426232,0.9670873363629167,1.259641098688432,0.9535697446726955,1.1461483022275072,0.9684501595171056,1.0215762895054061,0.8024804859035344,1.419711983837609,0.894911177507073,1.0,0.8018199163701335,1.023900555864893,1.145861762597053,0.8171117152921208,0.9788999008185744,1.049595960672349,1.0026114596683542,0.607302918782153,0.574334683545207,0.9365669650530095,0.7831106165059503,0.8683837408447137,0.9741542315881919,1.003839226433491,0.9062491702590877,0.6235333688437075,0.675541237959484,1.1396006563619923,1.072147594520467,1.1547381536285304,1.0931728779765064,0.8468192335497107,0.7847371960912753,0.8048211028767375,0.9537546181416787,1.0244221030950322,0.6615227666044223,0.8488149569884511,0.8138757696163721,0.9884516071026412,1.0,0.5974988952865334,0.9522081679465809,0.7841896845360695,0.6623098505972096,0.9008065700089167,1.0423480266411485,0.704338676504737,0.644522624714489,0.7828830402837862,1.184218730659868,0.7289083567464139,0.7552848434117678,0.8901235981173365,1.2242474252204107,1.0062880045648075,0.9059490241209427,0.8416685290979857,0.8590505844175853,0.9961820313710753,0.960888222257673,1.0,1.0593705821416912,0.8011157272526,0.962339871183248,1.282708656498576,0.9193039434710673,0.77550673381523,1.1308620883223583,1.0977755294409381,1.0626855805962325,0.7235731083503343,1.1447928543209913,0.9382656948602442,0.8844222752592457,0.731571242813986,0.7852412960169874,1.1137999467129465,1.1084766867102642,0.843061362161708,1.4456043522804247,0.896788224203191,0.7746681643963171,0.9196191634207366,1.1949770279241214,0.8064671288259033,0.9903645041698862,0.8752552873456707,0.7792711363035066,0.8941387055596698,0.9594908306270101,0.8019750643661355,0.92141808189522,0.8144172186782148,1.0180925553428866,0.9605067902758019,0.8974273018451661,0.8233062323241283,0.790777544308175,0.8688028351335588,1.1898526504964766,0.8080884265650772,0.9878871450793035,0.9182872118541258,0.7279152097064979,0.7401103000093123
2014-09-30,0.9791255571716275,1.0208686453723328,0.7794506061564884,0.7327399839766613,0.716907238482462,0.5781547523725876,0.7649933594538827,0.5296239099323238,1.0602133416695343,0.8968149283213793,0.6196120464914705,0.6905102684933557,0.72393935337364,1.0,1.0278207886965884,0.9657673238006703,1.0501660466015075,0.8904767088769538,1.1336846557602214,1.4952147318763986,0.7550572882571873,0.7484405856132632,1.1236645082420498,0.7724916000793517,1.0555852219801847,1.0572416017199193,0.8756492911175806,0.8958747723360847,1.229590614425687,0.9613282148466542,1.0250848984140721,0.9564989674611933,0.8340414148913393,0.6721683577994213,0.9963045979782478,0.8314860985085907,0.9756055529945502,1.0866033273363547,0.9510300736803534,1.1624490851912765,0.9655704445414799,1.0003428847351528,0.7806390817668016,1.5003378817679056,1.077356609818248,1.0,0.8017927794507099,1.0375654862376915,1.3720167975994024,0.8053165647794546,0.9947889830198094,1.0666118028639047,1.0030782767627926,0.605703159186171,0.5561737474786025,0.9379111602851077,0.7850760191418055,0.8889080751560492,1.0032809412346726,0.831776281310254,0.8543753932312101,0.6206754041406197,0.6772733250441039,1.1449509238200473,1.105940043933718,1.201007557715615,1.0865980591736863,0.8295689207050294,0.8290024217068357,0.7990189841009319,0.9506937525723561,1.0633051164362823,0.6535243009699163,0.8601418488093139,0.8646569010149578,0.9890299096580942,1.0,0.5824431832698076,0.9519279830115599,0.7897238369076858,0.7614565250701979,1.0737816573985621,0.9719426677191804,0.7535634752178948,0.6478303378322844,0.7923240558188636,1.1424197705563433,0.7519097852922991,0.8292467264690666,0.8991705754986536,1.2064955203029812,1.047095446217392,1.0287241710508253,0.841132294368412,0.7927785524507893,1.059697917836013,0.9645196716235137,1.0,0.9564297535783725,0.6868670016057138,1.0057615717304471,1.295983761642852,0.9053306436366282,0.6792986389038118,1.15304363112756,1.1348420897832792,1.1028473617849932,0.6357444315206504,1.0719462288612083,0.957475576743385,0.9222038897830377,0.7312733707638721,0.8032202035875171,1.1187638960107635,1.1097795257009075,0.9599350176908854,1.4582271907987243,0.9001180776595279,0.7721830632058344,0.9297758513316515,1.2638230171578253,0.7336880128945322,1.0110203735907788,0.8339596895026966,0.7740036292933616,0.831570612467304,0.9587985484403699,0.6998105275601412,0.9385705811482677,0.8851105729298197,1.0118807188085674,0.9438819553342866,0.895663246692749,0.819380094484873,0.787835564393964,0.9489164013666803,1.1983321276151926,0.8253238928274316,0.961547773509954,0.9185166222152672,0.7295925988724448,0.8287562814842444
2014-10-31,0.9005963558151221,0.8884673695741119,0.7122694040473838,0.5511076925294685,0.7777448416100139,0.5404004106151961,0.76187103013529,0.5122227384719041,1.0227207432168544,0.8792975487226935,0.6201740389116406,0.7831312847028322,0.733612254682247,1.0,1.0031538860799074,0.9626387845423106,1.027411121228197,1.0250910006566423,1.1259771704167247,1.4928759177269932,0.7503884822346765,0.6764692613369855,1.1080023551397404,0.7795875098098238,1.0648087514686213,1.042088327472649,0.861393425524407,0.895027564387269,1.0879374756018925,0.9612288377362687,0.995405201132215,0.9175106760867298,0.833108256606302,0.6465208217354683,0.9962833748820707,0.7757897152002251,0.9569798076416096,0.9816028319398484,0.9474151073897299,1.2126213117748343,0.9557962805906575,1.0014591445494128,0.7616146188380933,1.1979072240115547,1.0429922052856173,1.0,0.8018124785111825,1.0490537055196114,1.380593767415329,0.8295321448756818,0.9048189681834106,1.014357106781425,1.0030265148352298,0.6322701779703681,0.5593076540294055,0.9330845339071456,0.7838938658547521,0.8795799615988977,0.9966906086710737,0.832380084918039,0.8507360633953496,0.7781198832655303,0.678719591901155,1.1239095202593739,1.0000973462340181,1.169414059146724,0.9976544899314211,0.8233723654562907,0.8446546033174577,0.8427892616298283,0.9198775613900025,0.9903679115466933,0.6626483802635363,0.8575222138513376,0.9282762852878307,0.9890283590494562,1.0,0.5869962232147075,0.9518953304068924,0.7158776975146062,0.8770008295867798,1.074455991050786,0.9572070762336382,0.7385286821256747,0.6449895906055999,0.8395508562531635,1.115096178631106,0.7449864671371071,0.839577049016596,0.8916923333438613,1.2113172572959474,1.0306112802018108,0.9972195994675603,0.8424107569082734,0.7612831085518688,1.0510353298018014,0.9767720258103809,1.0,0.9630769674227894,0.8772573176388433,1.1375995532166892,1.2710792266862918,0.8607744562702342,0.6627500489585418,1.2344151032299515,1.1132714811421554,1.0589275038912382,0.6818185664127429,0.9761531089832013,0.9767339937790909,0.920414621320176,0.7311278313294107,0.8077597010003842,1.1235541111477547,1.1118965583626128,0.9527516161126027,1.4005939650405779,0.8505512658414818,0.773949610278111,0.926736681948212,1.2624075343565893,0.7339381016901847,0.9850527065442313,0.8313879681456559,0.7698984280244645,0.8398823008428613,0.9582565623112848,0.7597601400816074,0.9327422471487192,0.8841998836962202,1.0148256267112836,0.9171307620192399,0.8931636512459835,0.81615397768332,0.8151920962372131,1.1313117951713139,1.1912223630108678,0.8360406314251883,0.9804629216893183,0.9185767609162212,0.7318059402317278,0.8508533876813835
2014-11-28,0.8996153516989047,0.9903666245491142,0.7098405018221481,0.59125142538458,0.8782454251645103,0.5620314914405519,0.7615826346965693,0.5320022640069848,1.037428423711178,0.8517251433974777,0.6209821054736568,0.7733568181251369,0.7127265759241039,1.0,0.9622802910335412,0.9405669043867841,1.0822419462571187,0.9206666727806794,1.1187517035699661,1.4906622885290048,0.7197161562556411,0.6912942199134453,1.0941573453392288,0.8143903598417643,1.0838705847355372,1.0107357852168077,0.8764314219463902,0.8964693848656048,1.053994756957109,0.961549150847443,0.9302099361228138,0.9067648473730909,0.8329449425070843,0.6451280943050087,0.9961138001033907,0.7916104005711042,0.9529294916197761,0.7974571020856916,0.9529381042958848,1.1826074250098986,0.9893482074341006,1.01546577071222,0.7601379505215711,1.151438609940122,0.8982713383198088,1.0,0.802146508468314,1.0682905807421905,1.427503020118434,0.8270907548003809,0.8659125055390949,0.9329516880375378,1.002902626713107,0.6133248911881961,0.5968383454514333,0.9351879125706141,0.7817680386673913,0.8947291273180519,0.9953732441231421,0.9119152136543489,0.7830318554094491,0.8820087136400614,0.6754139051916199,1.123174403021973,1.0541688552897925,1.2114597153711295,1.0219407984729822,0.806980847398884,0.773684417218834,0.8778950148086476,0.9436696547955473,0.9803442220808399,0.9698021347650009,0.8586632633217668,0.8964800910625755,0.9872044140933288,1.0,0.6194178590316366,0.952129024297588,0.8239740614342659,0.8508047511823291,1.2426139643429925,0.8452441101991619,0.8794299757358953,0.64377065815417,0.8874795443238694,1.367609934008012,0.7940141083342405,0.7630992626765012,0.8791937110738055,1.1576834027201588,1.0363660663517642,1.1204156672296024,0.8382611470299955,0.8583726393986212,1.0612983877065931,0.9811715545763287,1.0,0.8635254549410613,0.8192086446009367,1.0374361718404277,1.3031295590562115,0.867656245828329,0.6906943359418254,1.2126456692692162,1.146268969509267,1.1117362868504868,0.6621084155257501,1.0217727878689566,0.966294519621571,0.9377247362116269,0.7311175898299536,0.7699179372395412,1.1024354339244102,1.1083171567007486,1.0032222286634613,1.3991378975273872,0.8416197610786309,0.7733260655792841,0.9220619611148206,1.2832572755206513,0.7048806589103768,0.9528699930329582,0.8186393724250632,0.7722889243443837,0.868326540327259,0.9583386128714246,0.9074858739781805,0.9426698314165541,0.9065609680684085,1.014754468265078,0.9232001116325244,0.8933479236022253,0.816725143725594,0.8056025095007121,1.1074696423659318,1.1851420325889026,0.8447631185354009,0.9703936282017258,0.9203773313861466,0.7474050516916139,0.8910457273297636
2014-12-31,0.8716141546942873,0.8271218065487077,0.6999297156520218,0.7558045049732594,0.9329577852549364,0.5142267894158762,0.7605944561295322,0.5005115488052638,1.0170377024080755,0.831881564592644,0.623054872575104,0.774743046928456,0.6448980975208335,1.0,0.9707187833761357,0.8858847744861346,1.0650486056260469,1.0269454726221245,1.118003461088433,1.489009601599545,0.7600983178728148,0.6639087428158068,1.0701656359183676,0.804514822849261,1.0562588903352788,0.9854686466799378,0.8459927484448471,0.9079583118972162,1.0652145333916376,0.9630256877245278,0.9294249373642959,0.9104113251879861,0.8325979275938757,0.6261013561042713,0.9960614889233174,0.749960605378621,0.9655402963867882,0.7239783649947455,0.9473639929068695,1.1802769278555991,0.9982746134865956,0.9781752520154896,0.7728400656911953,1.1950924869061943,0.8825764689220472,1.0,0.8032259081106408,1.0465090728329687,1.4444774940590226,0.8014300037923998,0.8876893348778988,0.8976058753984675,1.002567553835545,0.6181360962029137,0.6099020240428705,0.9364409721380406,0.7811661585013312,0.9344674166483469,1.0019700692798137,0.8479487348863208,0.7637048754654137,0.9046978768080176,0.6733404361819748,1.0930432171906126,0.9129829722478534,1.1953337053926374,0.8541950374704073,0.7896962330557541,0.9893700936256835,0.8888351779994773,0.9174813397246947,0.9577111354739621,0.9053689073226219,0.8602885382320049,0.9209602231512202,0.9860452182705166,1.0,0.6172271482721128,0.9525374210898877,0.7733951143171607,0.8813146181422769,1.282849945651971,0.7393923355247485,0.932413432741719,0.6481164439086633,0.904016999118464,1.3670965596461497,0.8135589666507047,0.8063468850451778,0.8982153862208283,1.1483125632130566,1.0308253649132835,1.1961158875768592,0.8366650562495878,0.8420475336682457,1.0604816659086265,0.9882519504379974,1.0,0.962013818448529,1.029622355439887,1.0215672813357708,1.277728850904244,0.8605932034873705,0.6381528584608485,1.2183699987929615,1.1587668289032718,1.1322976243681087,0.6216499005241082,1.058571970170282,0.9468276052674756,0.9769512738319478,0.7313073807318642,0.7309781813420609,1.0892575487303162,1.1076321005152694,1.0091323799308585,1.4121155963154526,0.7938818903729049,0.7739558648242472,0.897857863800671,1.2836286728091226,0.6201638328640524,0.938596378590482,0.7918813080675071,0.7651929829607325,0.9102203511533212,0.9576312844022289,0.9061758806481435,0.951164766994693,0.9369053393690489,1.0153809695371567,0.9290656867772227,0.8950287750867295,0.8162761280635875,0.7964630419918107,1.1319698136974605,1.185206935779349,0.8966848253099355,0.9539214409989972,0.9209559980201059,0.749486803751021,0.907796708073566
2015-01-30,0.8761105233100794,0.6338961987056717,0.697525189556204,0.921657001005482,0.9046031859770687,0.4601498681174615,0.7606000208007784,0.5036740969306253,1.0312142903706767,0.828389172053378,0.6272882463984533,0.7463897237454438,0.635874696731398,1.0,0.9951761386017403,0.7469994141157106,1.0851414707538285,1.143731457999431,1.0730748778720471,1.4795024711685698,0.7517021470707097,0.61873387416903,1.044657409393882,0.9271594564208651,1.1184358489298087,0.9371731780448675,0.8385442105400426,0.8900932460594781,0.9796802180643507,0.9642391293842076,0.897654037935563,0.9035166011238651,0.832541169943949,0.6055729724628993,0.9972246103572745,0.740304448123698,0.9601804438830138,0.6683738804604022,0.9479802672467519,1.2081478242518535,0.9907863998767061,0.9617436246556251,0.7735482780582892,1.2246543310258668,0.8498327285135353,1.0,0.802631698474841,1.0008629020140705,1.5102549850139377,0.8040917550921014,0.8525072776540804,0.8589572748218174,1.002204594445363,0.6006955394231814,0.5905236604560808,0.9401872253616799,0.7817691768950932,0.968022018287906,1.0159757114544246,0.9209272912466686,0.7862018181211033,0.8978736457330133,0.6707063376341555,1.0750352074700005,0.7693250310314423,1.1822676885362284,0.8638468066006206,0.7770309006272105,1.0223804686699969,0.9062377295502251,0.9220832208177884,0.9471839328296997,0.9604853391245672,0.8655145767448008,0.9948004151424021,0.987433044343776,1.0,0.6219905359583773,0.9526433117528019,0.7063599641050803,0.9058116063815025,1.2947866414665279,1.0148830358785244,0.8686266193077643,0.679837259074971,0.9060703286438769,1.3006601072714046,0.9500610910472509,0.9008087059024382,0.9334023956029365,1.1654172386160235,1.085949557537728,1.280384385668814,0.8406661678741707,1.2030067555414767,1.0692492832273537,0.9898025093038554,1.0,0.7582802144988543,1.0846130136250178,0.9836898876301935,1.2833057515000932,0.8749019679262138,0.5516250795714577,1.3210286848228647,1.2037733427032549,1.2013956210909824,0.5188871484464036,1.076071325867972,0.9501443990109977,1.0060297662886768,0.731575518418415,0.7275317240308535,1.1351470457427821,1.1124495458817263,1.0235845161490265,1.4452033184410098,0.7756238248802774,0.7723968811895314,0.9197522580425713,1.285521521035962,0.5309462853990807,0.977042715834275,0.7613951921156392,0.7641636111666256,0.8931034916256156,0.9561965101192218,0.898834244340009,0.9632481858281208,1.0972664715940317,1.0130382577293233,0.8737747375147242,0.887565510893973,0.8110544363276418,0.8342619390317889,1.0118520964222841,1.1903756098304878,0.9366514259571671,0.9424878136717743,0.9207503434217786,0.744891616462589,0.9060480889880872
2015-02-27,1.010764674784846,0.6148516144254422,0.7095586625648527,0.909323903956832,0.8433671407478849,0.43466479621940113,0.7610901169859398,0.4967440163849297,1.1108691309246554,0.8274480887062481,0.6222009399693381,0.7590893098262046,0.702093893866774,1.0,1.1056081693204438,0.8462529269522888,1.096105692377068,1.2061706641645469,1.1157153387533676,1.482542004614377,0.7789901068268021,0.6104855346176492,1.0772556948645096,0.865227077493941,1.0357674853457703,0.9587781217082372,0.8427653355628968,0.8925555354129678,0.9750420297261457,0.981246239135695,0.9598821104113016,0.9273135097853707,0.8324716988407423,0.5986305493025189,0.996350271635163,0.7956499013633627,0.9623286328089578,0.6902911997910155,0.9980014972086119,1.1964105593917431,0.994184187466166,0.9617260380485009,0.7864550275651934,1.3256630904804894,1.0485232155553594,1.0,0.8032813599359289,1.0293538092717571,1.511867595342046,0.8037612333810619,0.9108643661317976,0.8325282530761605,1.0021290421970253,0.6006891342508494,0.5653959135260033,0.9352601721063386,0.7810788660024989,0.9759858270110939,1.0099171623401866,0.9435246715513739,0.7554713726026082,0.8606783824767491,0.6703870070712299,1.1625586346831926,1.0018757883694978,1.2369011719882506,0.9547258314339954,0.7712430611542366,1.0456994719345767,0.8429925259724663,0.8927781238059459,1.0326965433965896,0.856262910384546,0.867659881297642,1.0688102979486405,0.9846593908245375,1.0,0.5761061540903428,0.952447377844188,0.762280657999037,0.982692203345694,1.3376663691779334,0.9356678331015046,0.8467453740970948,0.6521273654719644,0.9411269652600643,1.3898237857396671,0.7794752197006516,1.0955066698159903,0.9203217822407975,1.1662540205226595,1.082675323118918,1.288077377189417,0.8410833808988959,0.9627890909538508,1.0790501443179814,0.9832032105755374,1.0,0.8342136579670041,0.9974964656905652,1.1350109698952409,1.2751186749488788,0.8577419867768348,0.5866249116824962,1.4111720335147142,1.2979799307303188,1.3464529445160653,0.5150569672598337,1.1881628619871658,0.9326325680087622,1.0047802380902364,0.7311231847719634,0.7681495437028164,1.1345566679467733,1.1068519186419978,1.0358978646345178,1.4586857008573126,0.8395809380244796,0.7742501747832958,0.8896759650088826,1.280142405136134,0.517685370862089,1.0322135098914957,0.7493308212969838,0.765757719032078,0.9256530792922407,0.957280741895166,0.9355668602080289,0.9861325011190746,1.0743556718939704,1.011960044336725,0.7832804644629168,0.8987488185401983,0.8127057106279413,0.8513760777193157,1.1170557018635083,1.1882815836628442,0.8795247650154968,0.9453923430562584,0.9238546202045634,0.7528957737426627,0.9200003412988267
2015-03-31,0.9605790703998877,0.5979581706254028,0.6887455500977152,0.9000310978238901,0.9482378466131316,0.4302230208870411,0.7609462858573334,0.4887435275434162,1.096730403055853,0.8321933572699431,0.6232218636834748,0.8029093487732893,0.7724842554046792,1.0,1.0824327704905583,0.8808125926292247,1.0404350886228229,1.206492754570162,1.127397667519159,1.4350901916658445,0.7629587922450015,0.6052587766613162,1.0264060462232325,0.8268964753191167,1.0282654226820496,0.9207690842655344,0.8431226776499937,0.8897002283649516,0.9363597292891089,0.9654157244722876,0.9208009676587875,0.8914778280944595,0.832719613240805,0.5909675592222832,0.996120392692598,0.7824740258299021,0.9544863061083791,0.6219092735437246,0.980699955888946,1.1464312098460443,0.9832906645369754,0.9617330544158589,0.8182156736174634,1.1904898077071269,0.9121454098175731,1.0,0.8091438405219461,0.978986280338092,1.5070743020164574,0.8056398642718737,0.8565701522320056,0.8290211734885466,1.0029559723970116,0.6483406881711229,0.5986995874453942,0.92762651047521,0.7829146912688303,0.9263198141891134,0.9921976608469145,0.8012253573212492,0.8165898219336546,0.8936022006230523,0.6706512242903871,1.142060892184031,0.8952014747826628,1.2201353988690111,0.9132385658762963,0.7653990631878375,1.063361088711617,0.8629893180679094,0.8696252045914019,0.9866722127770504,0.778980061827676,0.8608273915569404,1.0730458339713675,0.9864396431314341,1.0,0.6084094069018446,0.9546383693492344,0.6920797926984317,0.9948636968189805,1.2478985645839586,0.9381643257364193,0.8927193983663037,0.6492705149670722,0.9152103594135593,1.3812863893027187,0.7931912035606278,1.057102374941732,0.92032226472106,1.1737424864770756,1.0204037179506478,1.2293392381096195,0.8425235122876311,1.0566037326126767,1.0750761522416785,0.9818834313703,1.0,0.7783092122594807,1.0125340847294926,1.11883115505888,1.2003501755522228,0.8592949921012203,0.5669265479130348,1.3705535019160338,1.2683182927595293,1.3049780829099045,0.5058826850027389,1.0228808611484146,0.9285359846057338,0.978440233439548,0.7312125694399847,0.7777426894044214,1.1551894865625307,1.1358558103875458,1.010549662038382,1.419193274556945,0.7968429987855319,0.775550771484214,0.8927004792056106,1.2752452293210816,0.5199290180647721,1.011576579372731,0.7357903699291397,0.7699602091900509,0.9684530447874419,0.9544725183546006,0.8023629133192067,0.9589416949090599,0.9697168995135518,1.0162467438577365,0.7622281629369014,0.891753545256213,0.8114476533651342,0.9095755510305878,1.0323145619340388,1.1746872137755289,0.8921179227593827,0.9460416193574445,0.9207006550323811,0.7344225642650459,0.8809310902250138
2015-04-30,0.9881480777876179,0.6824162834308604,0.7526181352066796,0.7326575708015044,0.9127114523426056,0.43065386975015274,0.7614933792156676,0.48749253065084186,1.1038163108147296,0.8482889465793526,0.6215019765552169,0.8509894346746376,0.7869628032579405,1.0,1.1116602419158284,0.9592595912748986,1.0636583165773998,1.2025228210022236,1.1391844404343785,1.4332865242044786,0.6986217123265319,0.6121912215259072,1.0139888936481949,0.8144382376232532,1.0577546039092505,0.94133478973004,0.8414504348744989,0.8894473117148033,1.1257840541841404,0.9629753708331279,0.9008812057649367,0.8944355022791459,0.8329279465530339,0.6059142059960402,0.9957343087074759,0.7981704374586875,0.9607159168191962,0.641975036663655,0.9910951451091562,1.1201608222406523,0.9843782375327517,0.9617263261065281,0.8018574999193697,1.127026367840187,0.9869332367536987,1.0,0.8096005074689269,0.9425279110271394,1.4913161080618302,0.8156287487344112,0.9741370591337035,0.6493915346666812,1.0018768150923256,0.6808820932945435,0.644852000398998,0.904258499626528,0.7809283113302545,0.8861699572105154,0.9874941990858476,0.980793337027552,0.8225978654115561,0.8523465130395814,0.6720664627085151,1.1626820614562146,1.0394258233403129,1.222608790457692,0.8320274007667833,0.7614627157192786,1.0683144484174667,0.8296429959288556,0.8840216704049346,1.0090304042079081,0.8441435689391151,0.8568398240067044,1.0723291757999167,0.9861983662601204,1.0,0.6044803333569606,0.9545234089460081,0.7431628776663552,1.0006240479759714,1.2006460307548212,0.9593158095319954,0.8791737928050815,0.6434317192947709,0.8824198170306242,1.3700862205996849,0.8654367730286833,1.1198880200087182,0.9150549362321796,1.0980055108469462,1.0074981295715337,1.164954235437425,0.8413240142677049,0.9314713928588056,1.0691019137421414,0.9768266629517284,1.0,0.8357155905351003,0.962193476598387,1.12056292614218,1.1990806916581271,0.8621871020114709,0.6601021936214302,1.357359656384261,1.208005917790413,1.2094984554877288,0.609292901460956,1.0591723986963084,0.9073869407306727,0.9210842872449009,0.7313346282387347,0.7862623206445106,1.1375575123478385,1.1186495445005609,0.9888479440670614,1.3892720051088643,0.9725021365218279,0.7755791100811045,0.8853257870759709,1.2715922197994256,0.5602635525288446,1.039185064837529,0.8178385649631266,0.7636148139073002,0.9539912156036799,0.9578147484846832,0.7106506546190148,0.95073966032362,0.9395327339545463,1.0197087803613964,0.7733364655353527,0.9024718813928007,0.8128465648994317,0.9416829786753231,1.1660543390930873,1.1579041997033073,0.8647937611149393,0.9536081256712625,0.9204052844510308,0.7323425697312436,0.861733391037597
2015-05-29,0.9641380805103991,0.7382400569328601,0.7031199941686886,0.734743790524768,0.8829269926802363,0.4304206921606093,0.7607525651410698,0.4862488890646688,1.1023485326611415,0.8383732429846619,0.6236210144594961,0.9922524933125475,0.7620885476247251,1.0,1.1029776797516255,1.0007069313191688,1.0218130637531635,1.1989408202284881,1.140809159657122,1.4161436247754442,0.7158567931018691,0.6100553490093357,0.9622812481202434,0.8631136014607013,1.0124641827812948,0.9209370981004794,0.8368909449054573,0.8896422302218374,1.135773330937183,0.9643344255955858,0.8897990441853706,0.8872674482503661,0.8327173777366303,0.6004608048262297,0.9955054048835315,0.7891203145695291,0.9520854278387467,0.6359006557079884,0.9807895630398112,1.0885722476879198,1.0086859764224887,0.9617128478522853,0.8272989185019963,1.1097239673650563,1.0004789067187452,1.0,0.8829018469760294,0.8693800074736626,1.4785732986681823,0.821436696135308,0.9149578555086235,0.6318809038061861,1.0019889843768774,0.6995539345748071,0.5928174576772984,0.9120131303734602,0.7815885493835075,0.8774037145776343,0.9844508498607503,0.9074178245789489,0.8765350226927762,0.8466288410714474,0.6712328054748782,1.1402489264250648,0.9199562137299662,1.2195161102304826,0.7978935645812157,0.7607705392758672,1.0987279397840215,0.895622783459695,0.8775978228528462,0.9871672870665888,1.0336603593324605,0.856017874605159,1.1020578986515848,0.9903906251359597,1.0,0.7690385060045486,0.9592907414946333,0.7382398357656457,1.051193348923636,1.214263938771411,1.007742327088564,1.0363027073341464,0.6450172422529781,0.8904707379967245,1.3680319582695775,0.8170819160564939,1.0610021414982587,0.9383719947787049,1.044944769192815,1.0132907509757394,1.1278443730084842,0.8591372907250174,0.9015722579730424,1.0691452331193105,0.9769487025394304,1.0,0.7952311870431586,0.9981248605494816,1.0973046053828357,1.2443854162896921,0.8565559395825864,0.6455204956346207,1.327703041258787,1.236666526959288,1.2730464436617686,0.6326838457093056,1.0106876422151552,0.923635386372142,0.9133922803906939,0.7340545486394674,0.7836953713877106,1.1315165930765916,1.1415668639653584,0.9629558407644099,1.3965742409330733,1.0765768988020332,0.7757604130712752,0.8839350091713258,1.2706156273217228,0.6079428725967719,0.9798245239706591,0.8474717658779191,0.7656951467053688,0.9257738774363161,0.9556130816572611,0.7413566475956591,0.9431081110901159,0.9617944671378791,1.0280769585009093,0.7490601600345246,0.9095252126741987,0.8155067922948697,0.9344063847185958,1.0432124357423092,1.139349896606725,0.8830700431507728,0.9548809955247487,0.9200153794645796,0.7302142383414463,0.8411688437351658
2015-06-30,0.9725535877203599,0.6657380997336932,0.6844293696690433,0.7397069306884265,0.9101200265961927,0.4270513130849083,0.7608013662046054,0.48311954674701996,1.114567160486006,0.8347435489330763,0.6332160149746221,1.1493085475932348,0.7311988185020252,1.0,1.1282486857978262,0.9879207454984238,1.0844407823413496,1.204151354813062,1.1396881901237963,1.3394136344647725,0.7253667255084397,0.6069521387562877,0.901363944580623,0.8190565910329324,1.004721335599999,0.9507278874657292,0.8356673437072563,0.8899223885481475,1.082778975499831,0.9778683036102851,0.9226349097478571,0.8905245158899955,0.833011768979545,0.5949798603526033,0.9965710279920833,0.8165737153276631,0.9563929401849367,0.6405746497331047,0.9894268091825177,1.079860924087921,1.0320480243857957,0.9616984013074761,0.820516741348627,1.1146020679961268,1.0361094796177133,1.0,0.910739554120197,0.8373782274134196,1.5107993130938944,0.8214029941971972,0.831736642247153,0.7548457688808361,1.0024884376494612,0.7046981390717794,0.6087534112423068,0.9057638760143623,0.7836458667752693,0.9224038204543834,0.9995840397765248,0.8785749500459036,0.9278203259920228,0.8658901512010275,0.6720282154788095,1.1257409180045088,0.819275625212799,1.212308580258931,0.7744871221684876,0.7612670197485851,1.0913078426000453,0.9271459608857633,0.8515930885596067,0.9991020808537202,0.8000279866270815,0.8649457061948447,1.1636842247894719,0.9917788159735392,1.0,0.7820863989824512,0.9603373817708968,0.6847674852263981,1.088775602456974,1.3217902128421992,1.017101224199304,1.0455160773512135,0.6438967310500902,0.8935701541976109,1.4121411302452755,0.8096446911598955,1.134666922297266,0.9725951345048838,1.0370834690838338,1.0497648493250757,1.2349221499928391,0.8650193480419839,0.9226148321636857,1.0765110642070947,0.9789325046706884,1.0,0.7876495217161583,0.9654553638480317,1.1461341200720905,1.2276483303765167,0.8557284103694887,0.5817515749828162,1.3476692015902672,1.2678590122898654,1.3147674212744418,0.5100448333630019,0.9418236085681477,0.939072967324395,0.9658009564803549,0.7362021826154193,0.8169454349100806,1.158755434745494,1.1386419039746682,0.9963542143110256,1.4002607298327003,0.9692116046041003,0.7738579824901828,0.8832418909632634,1.2809294960200674,0.6050733514273,1.0197791144784643,0.8128696103690102,0.7626935557070449,0.9006927658950943,0.9549223884043363,0.7578715354601102,0.9492582726683366,1.0102104896600945,1.0278975698483395,0.7449040325754164,0.9096751343456443,0.8135961864959276,0.9505866491474285,1.0693294103382067,1.1689367621162112,0.8917722024984988,0.9486304350188182,0.9218049881576047,0.7375511375665724,0.9079703639952413
2015-07-31,0.9682825246113238,0.6722350805277472,0.6837740839130069,0.7079259434748331,1.0307111635373885,0.4255915757669758,0.7606651010500696,0.4808263744036786,1.0905146980360259,0.8229473378423879,0.6744707777666377,1.1409962533365925,0.7113067412025913,1.0,1.1268110357672743,1.0391430117753873,1.0710410698054227,1.2106776641456887,1.1387219945922398,1.2959791407681598,0.7268938048093112,0.6052256537026671,0.8271911995788661,0.8269686363606155,0.9889185895944386,0.9598282936935563,0.8353420036089679,0.8911351129239069,0.9647184936859023,0.9704498940525746,0.9033503155313929,0.8893089308943662,0.8337238195868217,0.5951178848438845,0.9962937436822137,0.8665804583471952,0.9470474142837433,0.6174553445118923,0.9778660905442245,1.0511779540515889,1.0962875493581976,0.9617022195709266,0.8692207728430554,1.0396054382506539,0.9934750564389258,1.0,1.0554113563895509,0.8480979452928887,1.5087723768225518,0.8232273970126578,0.8491007695569619,0.9939893454374059,1.0020178012951262,0.7336818261051425,0.6441539583115226,0.896878729610803,0.8039047850087756,1.0057975270248465,1.0118487483299,0.6439612803444112,0.9749529802497099,0.8762240859877991,0.7994614407137846,1.1071819485475132,0.7263709683406798,1.183147640496287,0.8167845479334139,0.76597647820236,1.0654641780338436,0.9583479147290966,0.8399962627773934,0.9990295056005859,0.6840724894182224,0.8647696786076904,1.1750274434506573,0.9984896537099871,1.0,0.9008324596610605,0.9684685548929838,0.6785392803473651,1.1271788500991669,1.3420663124968755,1.059081511900626,1.0376963060052449,0.6424956613842194,0.9118391293997491,1.392802183619334,0.8417836495495667,1.1269366719778189,0.985457874932848,1.0330295903391093,1.0504111847143591,1.1628258507687046,0.8685804041324664,0.8987661662589467,1.0814641452144802,0.9854276234889516,1.0,0.7371637896789307,1.0130071890675965,1.1446428390205905,1.1427222339072896,0.8555526899937376,0.5535561266964605,1.3476240200436187,1.2383684894691673,1.2723499724094145,0.4964007401525222,0.9605892995339864,0.9485341749009529,0.9958166339421697,0.7431490375492862,0.8438071887217943,1.181985098144201,1.1451917201860273,0.9881208637535918,1.3518380459691155,0.857314129281182,0.7758831535062913,0.8776710739741753,1.2874364013174857,0.5669505721546768,1.014482751402422,0.8755061765916581,0.772929163706414,0.8865820172632849,0.9570555871856415,0.8831680901746471,1.0028898458940956,0.9801894943688209,1.0305848783047626,0.7426977432096127,0.9061301558998738,0.8137118528316652,0.957166647611852,1.123636826998989,1.1742887419126644,0.954920060242264,0.9538964582119415,0.944334161288607,0.8656011195209078,1.0609160019634376
2015-08-31,0.9772819443372811,0.6388183534470538,0.6802059878006553,0.7123424515539334,1.1170666481722322,0.42839039531070333,0.760613739251949,0.4795002287404013,1.0681327655480284,0.8129419254308825,0.8030513324818237,1.0196751877772499,0.682311427611608,1.0,1.1220054238137687,1.0426769291603957,1.1445024224248437,1.2111310298119768,1.129684610799494,1.301732435000425,0.7245558217046224,0.6084237231607826,0.7614768858606363,0.7754773173310443,0.926158183351461,0.9459649865403713,0.8354996352749591,0.8943000733391071,0.9457554862512619,0.9647445259424882,0.9114593500752507,0.889873943975638,0.833286841602771,0.5980377459197593,0.9953617181697336,0.8960360216308919,0.9398932834034928,0.6145063218202289,0.9677293231300172,1.0418653979299175,1.090748992678628,0.9616976588339295,0.8614226318079613,1.0537619439395551,1.030995273992655,1.0,1.0943779336326858,0.8058122342717603,1.5197363239260313,0.8041291479127799,0.9518157308016416,0.995830567983327,1.0015512133249516,0.7065151581052053,0.5959150976099836,0.9090559487387844,0.8154211870434662,1.0212842622597662,1.0346065038349568,0.5623517914743756,0.972639308686695,0.877809379724888,0.8168573620647444,1.0170581347109677,0.6788783370759568,1.1081375766863137,0.7702709254970603,0.7687602171388832,1.0438500662528003,0.9317578037215662,0.8140036499115615,1.0006890048667627,0.7111900737065202,0.8721906322492283,1.1254988735497902,0.9996827658600951,1.0,0.9467713689064466,0.9705502713001893,0.6215439544490657,1.0904431994214114,1.3855729609416014,1.098385524946184,1.0636378625412808,0.6412620490361339,0.9259829631888823,1.36076599491924,0.8743148405849379,1.1070663348133867,0.9612248027769459,0.9930310617211527,1.0810311794121739,1.1603429581685027,0.8630265469508951,0.9296209327873425,1.086336054664735,1.0000741288650377,1.0,1.1207674540249524,1.0366402767011755,1.1294406858647177,1.107508525805896,0.855823234001027,0.5679347514163013,1.2938055302747304,1.1985312937785009,1.2254045190817882,0.46390077020747567,0.9754424025989785,0.910900362789465,1.0340371286513492,0.7476151109872363,0.858368841269221,1.1939241165846781,1.1397261784911281,1.0305485708733226,1.3614109044922797,0.825740060532932,0.7750308093092748,0.8776301627459792,1.288132889596223,0.5628896279606097,1.003615299735465,0.8829814203433056,0.7744314873805728,0.8310313195580109,0.9588937945296149,0.8661370864955823,1.0164795960581194,1.0796093840968803,1.030197791048895,0.7296230811715354,0.8942745939044197,0.8117251684037845,0.9575100017400863,1.1847371331322731,1.1886957778885157,0.9772727351813021,0.9479102194993488,0.9551978759122174,0.9835228315145185,1.0743553314739884
2015-09-30,0.9516928661368049,0.6015536321372943,0.6882038103339503,0.7613179183768697,1.1358928728767521,0.4253505599985461,0.760627067865006,0.47939115917178576,1.0436400859419304,0.8110413900510585,0.9354371487897357,0.8844360272125721,0.6780372548454585,1.0,1.0997604764048674,1.070600700061996,1.190374427496192,1.211518577543526,1.08357888140677,1.2860540577608353,0.7026910662617771,0.631990551976966,0.6503105833444415,0.7575136541247997,0.8672173092447957,0.9162907964686325,0.8533111591457108,0.8970481233956781,0.932305585409383,0.9782722581425555,0.8924248535473235,0.88972320539679,0.8329799325273127,0.6042643131618796,0.9938759225421379,0.8877737705329847,0.9370519832712498,0.6252160330435206,0.9589292172581282,1.071423403827932,1.099440633738327,0.9616955356793282,0.8277091807303555,1.0031377612716512,0.9927077501220032,1.0,1.0456808591856086,0.7900354334885682,1.5223605797064184,0.8001100019652372,0.9967643473081705,0.9274872176754932,1.0017144394740818,0.7012270736674373,0.5931688365494152,0.9127095268146895,0.8433840415558522,1.2764486426483557,1.0530383842652205,0.6177537180400714,0.9567462894223615,0.8467556338290458,0.8409290089380874,0.9608927992196438,0.6624056845449096,0.9958640253161446,0.7431778165182702,0.7697525884476059,1.0099629281730083,0.9702174134633776,0.8215621530734308,0.9816037695436708,0.686648567078244,0.9649719493273704,1.154725390553189,1.0013418095817648,1.0,0.9542149142108187,0.9753929611162607,0.6155641511867276,1.1296049935355579,1.3237830510398858,1.1531880548918332,1.0520265911798858,0.6414269150216676,0.8906968000770366,1.3889163721739335,0.9260892867430567,1.0244889534335124,0.9130159037235068,0.9253154056722184,1.2247407638867147,1.241694059139125,0.8706375855622992,1.0149711039340779,1.0849244751956555,1.029759709147364,1.0,1.161939790818713,1.0857480881561528,1.0214923024259144,1.2511954449634197,0.855714693045338,0.5726090009113629,1.2151756695488425,1.147728136320292,1.1555095283949632,0.4211798161568103,0.9700953649379345,0.9176206693687387,1.1639648712252162,0.8943651208957334,0.8341266124789855,1.1962093566955847,1.129393781169065,1.0753376975433127,1.3919845214578226,0.8298724694610359,0.7671678633636503,0.9146712078849296,1.2887347317168556,0.5512267696647206,1.00458544936646,0.874314700278747,0.8328845909994191,0.8052740169367298,0.9620948396371415,0.9563523058217259,1.0556871816796374,1.1468553161224102,1.028625958854661,0.7384853093706945,0.8888712831926263,0.8115678064905312,0.9627519516084724,1.1916841136036893,1.1985193165278167,1.040229882444567,0.9567655977125246,0.9953508267191319,1.1372842178919926,1.1408149444678464
2015-10-30,0.9597641248398567,0.5893123824605155,0.7922981943428016,0.8059776476096765,1.1452095451268427,0.42902332477507854,0.7605838653711774,0.4795138063630522,1.1036864246699278,0.8068784682982751,0.9683935275238374,0.7145318678156443,0.7257957292404211,1.0,1.0906244424467615,1.0484835571402873,1.2837970841152377,1.2114948525498723,1.0408342364461771,1.1789763054293423,0.6884632706796955,0.7085840315939675,0.7034403101596713,0.8124084036655821,0.8259268057672826,1.0625157463743091,0.84201617159223,0.8933552573742385,0.9758117695325365,1.053510537239402,0.8740617760158219,0.9194201251437437,0.8334561267034348,0.6499197421577492,0.9937903871928518,0.8976626111570217,0.9384616337833274,0.6171325469666473,0.9788129226395541,1.265185424684729,1.1008172246124015,0.9616957390686464,0.8293545115928148,0.9670069280729691,1.0748320239194054,1.0,1.027185016256252,0.7576503870369049,1.5126996471688,0.8171768040275952,1.0737171106380363,0.8754738682961944,0.9997190614210856,0.650963045648151,0.5978883627220131,0.9281716571213559,0.8564578891380688,1.2871025487253538,1.0549302584131963,0.5751626292821312,0.9254766485325445,0.6955006382509589,0.8764499768007363,0.9780409080702405,0.7195455386995435,0.9694767092760685,0.7177443969584395,0.803887053588287,0.9457711061278989,0.9205973669087387,0.8610572925906264,0.9786316487026634,0.6840902807653577,1.0535171504870722,1.2042941516564407,1.0022416741486373,1.0,0.9523471436308181,0.9802704143321885,0.6547357436178267,1.105939051705899,1.3568515454528658,1.1254191324801301,1.141185685704559,0.6432927399964955,0.8979992655872655,1.3940544352584197,1.0286661816140634,1.0081920192558795,0.8945131626392102,0.7339925764425757,1.242521988423977,1.2029493549251946,0.8760829891416844,0.9579217766822639,1.0760150700279816,1.039749411308664,1.0,1.046151567547573,1.0225177935619565,0.9207770950129817,1.3244324433403196,0.873800003276433,0.6143598773958171,1.2509635609066398,1.1093517217959887,1.1269591160276895,0.4421298632652747,0.9585472361781784,0.9716077620931682,1.2092046146720823,1.035815601432313,0.7660975089416517,1.203268340036697,1.1223464660131475,1.1521830286702601,1.3381416897355622,0.8422395897832571,0.7701226618736222,0.9707589983686363,1.2890963129738182,0.5538112715111533,1.056120584739727,0.8944075113988734,0.8847518894026042,0.7739831760876636,0.9619459870948499,0.841222848290164,1.0773223132696297,1.1847784995177497,1.0303355372365581,0.7624773986775577,0.8870157887916926,0.8112633019725154,0.9765628975748488,1.4498196710015459,1.1986721067828348,1.0510329721772824,0.9518238658874854,0.9994689013105937,1.1569922004143935,1.1104302841376583
2015-11-30,0.9699939922293769,0.6064378347181982,0.8533593560107832,0.6832094585378908,1.1104248692678265,0.42824401376474786,0.7605970317430868,0.4792477454783969,1.117453457652904,0.8069580828356545,0.9274015584978381,0.7788255300561857,0.7748632373542745,1.0,1.0858023333712583,1.0655016157780233,1.168468906165276,1.2116887023701586,1.1196989095970291,1.1658503863000838,0.6940189427351362,0.7132873733172763,0.6662881306532578,0.7804757647040844,0.8328205111989456,1.070751112142581,0.8344532413451138,0.8923145518672745,0.9440551565608553,1.0576300438589932,0.8941675393823383,0.9235063284247326,0.8339036918297216,0.6695891422656405,0.9933528727297364,0.9271386322575975,0.9386589824797553,0.6159784430576156,1.0005894766325372,1.210729813198994,1.0979329853005406,0.961694462838691,0.8508463822399087,0.9632971398640391,1.0821475833718075,1.0,0.9860900330736245,0.7278414112614886,1.4944237525348267,0.8254212149875728,1.0705871662168445,0.9478825722977177,0.9986663085722288,0.708081106214265,0.7649104922049208,0.9051388608206088,0.8829014031011654,1.1938825265483741,1.0521617405245043,0.5744559998909353,1.0367298454612968,0.6392155272568516,0.8915426565575656,0.9833832372773096,0.7026265949542003,0.9109442135836676,0.7013102369046995,0.8113990169703001,0.8631680326915445,0.8986660033180504,0.8347875247817252,0.9716192319057106,0.5957070747925514,1.0320627720989894,1.198592784502252,1.0028988157982144,1.0,0.9376428796859786,0.9786294180005265,0.6216037912702305,1.1556973687405698,1.2264512502694365,1.1058545443114394,1.0678605948177802,0.6435370939421949,0.8145572844837123,1.1307843725092126,0.912090226929657,0.9927613817354803,0.9061069561006129,0.6812631626551717,1.177198614120647,1.0315135530277817,0.8800331280546944,0.8245561842197733,1.0823971120753046,1.029607038799678,1.0,1.2252642707594186,1.0490863355694695,0.9314039789823796,1.321100199450435,0.878882254835524,0.6067387726900875,1.2374376078296594,1.0879681317779275,1.0900096349380433,0.5280365278643989,0.946940979045828,0.9679340845657897,1.1836290323306984,1.086055946919592,0.8087852135196407,1.2035447297208486,1.147550666610744,1.0961430978397708,1.3117432830674072,1.0219962794229047,0.7681807564512544,0.9620383175012461,1.288787679865958,0.5739984169689061,1.0182071397107724,0.9380666733471688,0.9388310778474965,0.7403828804672931,0.96155696898628,0.7114686122287416,1.1056519145796972,1.1169654065464447,1.030115014388352,0.7637243385300869,0.8892860441088789,0.8115186807125834,0.9856965423230096,1.3357919476156734,1.1975810233730109,1.0209955954259784,0.9476532138339001,0.9579376042853236,1.0161794247103126,1.0594786012773683
2015-12-31,0.9182180729914599,0.6210841146112634,0.8726385734052058,0.6196076861219766,1.074523100399982,0.42975973551199975,0.7605849243924383,0.47896924763847215,1.1186014758375908,0.8207905285228814,0.9833616269198632,0.7683387418232726,0.7152959102425412,1.0,1.058309310984052,1.090328456016581,1.2351856241627097,1.211225680834256,1.1167924574394528,1.0240351376312062,0.683400744863483,0.8647539128981309,0.661303580181679,0.8369865921719772,0.8329924790942378,1.0587314755031028,0.8395794678904118,0.906595859829903,0.9727235055650139,1.0556807879000876,0.9173709941006553,0.9147764505657747,0.8346315265355004,0.7176565798101049,0.9935268682245771,0.9614011893271128,0.9340612320126201,0.6198703712430438,0.9953518687375987,1.1568719955634004,1.0994291040802542,0.9616950243548827,0.8087011455686776,0.9110290795089896,1.075438416703946,1.0,0.8987407247195823,0.6963332199111671,1.4994623372891787,0.8298649893151994,1.0641330897145045,0.9360253491396885,0.999738891692831,0.6900479311152936,0.7233684030411132,0.9163577507555613,0.9230269030027616,1.1287444018108013,1.0579971275349014,0.6016269426950485,1.0409501301463477,0.6293533770184603,0.9770801465859086,0.9083874935852393,0.6704941103718789,0.7909340699299197,0.7364776366243729,0.807553175509715,0.8179169205019686,0.9139952350480469,0.8216570464190562,0.9446951910437458,0.6448061110074713,1.055472930182937,1.1839192895294592,1.0051982901339858,1.0,0.9881778926688669,0.9751713469179479,0.6166872116267649,1.171956432642169,1.3302078806480675,1.144046109419596,1.0371751951148855,0.6417627483381505,0.7962494531175058,1.1549254440429133,1.0869822036825572,0.9266289946005766,0.895184352950184,0.6469303711041066,1.1856704580729567,1.0153307197371897,0.8794940494232346,0.9399093422640812,1.0814073478973547,1.0332604248088166,1.0,1.0126150243650491,0.860357355094421,0.9406653204106452,1.3199453183616263,0.8981297373253437,0.5933352889434407,1.1819102827386367,1.0984679316487387,1.0905311836927014,0.47028968569996366,0.9025213138273133,0.9879172348461929,1.172077000942817,1.037716457657964,0.7712854132568103,1.204008648043749,1.1453068345359354,1.0920581174830577,1.2834188965042315,1.1019849008170821,0.7688248475403795,0.9666975664268374,1.2888326150455407,0.5457078892604976,1.0031060277385566,1.0351380964227996,0.9650446559918822,0.6823140486486394,0.9618198502361328,0.706999550617034,1.1110535589273205,1.110535652021068,1.029543301613772,0.7576332841488034,0.8863779034385759,0.8111141750512887,0.9892693343641473,1.5249927132670151,1.2015979757325068,1.0017166980366214,0.9485700002939925,0.9905141835595556,1.1381770401024864,1.0922075961712336
2016-01-29,0.9910150544731118,0.5963440360639736,0.9078082968913179,0.5240422491440992,1.0675294887941154,0.49745646959918,0.7607159381741431,0.48026547288243526,1.122928248874259,0.984505731191983,1.0424467357018001,0.7314420803365926,0.8616408116241624,1.0,1.0962812431704747,1.156642502658849,1.3978204158902807,1.2117627432409994,1.0572446104975062,1.244192900635281,0.694267198808672,0.9544621822825151,0.9750087268678543,0.7914811215688118,0.7298675312653324,1.062466872064612,0.8304681370841551,0.8905087533776957,0.9171821363187017,1.0540393773349774,0.9473631749443793,1.000264081302625,0.8336469569392829,0.7852543657557414,0.9936557499188897,1.2076607738316367,0.9345237222646339,0.642984567298084,1.0139016386534694,1.12820999817494,1.0998758571298561,0.9616938326694897,0.8271289519172802,0.9554169414227701,1.191694466239582,1.0,0.959286823928802,0.6832889212658646,1.5151769057435538,1.092177258066864,1.11210892268588,0.8615271024765148,1.002024131380867,0.6526259390995841,0.651780348097616,0.9227331653064345,0.9899522103918346,1.3659495345132187,1.0639701822561707,0.6748705894314763,1.0098324563981629,0.6381965606484077,0.9446074945400225,0.9833943273307196,0.7273923958639421,1.031460518760395,0.76581752157905,0.880432082084489,1.1210715425233557,0.916492621194775,0.8195685081663644,0.9764216613641163,0.5800290105057488,1.2954815028502276,1.2221668918953608,1.0049862883375786,1.0,1.0645837395341988,0.9810523172457035,0.6219401851409578,1.1973105244655837,1.4280540477010746,1.0357982495484326,1.052483004848165,0.6402642551380872,0.8141769847002495,1.169014240679305,0.9476515552958099,0.9578772044950298,0.9118652852299527,0.6226361913488659,1.349226668778058,1.0237408653651932,0.8773660220421554,1.0207584534445102,1.061411684529568,1.059717404127253,1.0,1.1354593030376106,0.9183736971689285,1.0214553336345504,1.3067463591180037,0.865914655116138,0.5521251516266418,1.170669473458592,1.0701368176340598,1.0466693878830684,0.3664021700581145,0.970482356871138,0.9836002236874253,1.241806351575972,0.9892479490194668,0.7720259937734699,1.2011447988676074,1.1417299211874388,1.2328465495219927,1.2771963296301956,1.1310873791239044,0.7705025691791071,1.0066447337982403,1.2892143712101192,0.5038032680072277,0.9866328435027387,0.9950899973326424,0.9923351180546036,0.6685934601328984,1.0148287259922097,0.8984000839744517,1.121900950074032,1.1889203695920179,1.0309269272042199,0.7464147027783432,0.8850330172804137,0.8109332404428922,0.9377376849702255,1.6088348441020845,1.2062919618925936,1.0335066780945776,0.9432109467638041,1.083514455711277,1.2702189729656594,1.3612946609350385
2016-02-29,0.9197060664312425,0.5789050468175434,0.8740412070758476,0.5664670679780541,1.0620337520372822,0.7529106151701528,0.7605199441164767,0.4836732835765768,1.1029001997680112,1.0594614531455089,1.1499049126449803,0.7633294463428576,0.7411415685776161,1.0,0.9507268421609062,1.190670074362048,1.4133018697229816,1.2114591071979097,0.891591783179802,1.420390978565981,0.7072903992754105,1.0922710092472296,1.0104804301914303,0.8282461895256404,0.7637544749981374,1.00438914507024,0.8302330200711329,0.8899365171823604,0.9088187120583402,0.9660347384341064,0.8960677717487496,0.9854561719676516,0.8330053735088412,0.9274254592112401,0.9949901177397836,1.1781916397114665,0.9348870555170442,0.6510228821553314,0.9632921730015624,1.1160813421864413,1.1002665724115486,0.9616934243760401,0.8073789665166845,0.9266096424585704,1.1666621260350087,1.0,0.9363174181659795,0.8216598061888191,1.5191476392439645,1.083323713661278,1.1006089589163102,0.8133132373057677,1.002188554426764,0.6136330988702252,0.5980365230340405,0.9350924843576031,1.0722836307832249,1.4001723503241923,1.0643290508472916,0.6555019213152894,0.9863934719164357,0.6828845778325223,0.9402245543248486,0.963946473472537,0.7750125605617939,1.1028995935135617,0.7322098919212237,0.9236473102200071,1.2481843575913678,0.9469530026066519,0.9427904018866596,0.9244047586710014,0.5669215313442593,1.3181068303877874,1.1789672624101253,1.005986788719805,1.0,1.128336821723829,1.0050789031988046,0.6432207789033908,1.1272119567078498,1.4179929323866025,1.1655135500956895,0.9794557227921756,0.6558832533823165,0.7916807176246253,1.0671752988123424,0.9837308747549152,0.7143187152574036,0.9377294711904045,0.5910975574364037,1.3523291794996268,1.0129710939176972,0.8713973897191999,1.2458481291104098,1.0613333795894468,1.0624017061960382,1.0,1.0435891118532332,1.0371985142851652,0.9466605549048387,1.3211246106415693,0.8659164244249489,0.5508529616256378,1.019159153425819,0.9872680371487388,0.9534648408663648,0.3189736020667193,1.0124031059973146,0.9174730345501069,1.2743931359213274,1.0340287154250078,0.7260202498345523,1.1641972679574433,1.0923750359350934,1.2925370319836835,1.2967904278879439,1.0427499831674822,0.7717851722135207,1.0380798997350662,1.2892392349967352,0.5008598367768099,0.9625381534604858,0.8997432672920602,1.0064755471515958,0.6078138714083272,1.028490542681857,1.0732795227548024,1.122291669681946,1.2154189150192032,1.0296708269798027,0.7683253774184453,0.8827585686765163,0.811044663588494,0.8015744792443393,1.6162705067120358,1.2091814478803127,1.1008433205764978,0.9404313782757855,1.0845842223831892,1.2743650359795096,1.3908248695958738
2016-03-31,0.9055820191981058,0.580021421105293,1.0090461081143742,0.5097839055889071,1.0318446325879793,0.6496947045008705,0.7608303349932357,0.48349295579286566,1.1138348955084623,1.0406207142586694,1.1128624531051234,0.7528545225450697,0.7634388408229865,1.0,0.9440599888503499,1.1704536119748843,1.4383883092228773,1.2116253036526696,0.9445379817998345,1.3596739966477083,0.6825422800051005,1.08978005226775,1.0207426837104194,0.8222499739922033,0.7561535050238696,0.9970433289049653,0.8287037594648732,0.8904741907912135,0.9348147895209851,0.9661659675570914,0.8959880721603501,0.9355688576826641,0.8330278513622242,0.9911959057446533,0.9943859139631508,1.1554492559256226,0.939815908408295,0.9385576870586771,0.9901684006353988,1.3139713389453795,1.0974645778017647,0.9616989615885063,0.7875093272887909,0.8694183349579359,1.2116369924721349,1.0,0.900805084863253,0.856141060424822,1.514559607792748,1.156500320560184,1.1282398773387696,0.6858492338483235,1.0020808504911465,0.6053250062607507,0.5981373245750394,0.935773398326893,1.0140370711065843,1.3642465659461154,1.0643430955180992,1.0518586929777674,0.9414188883154471,0.6582330833237647,0.9668822410449356,1.104616057206015,1.0791606248170829,1.2107709247529843,0.8680669347082526,0.8739931843363977,1.1467651464754336,0.9626102149949594,0.9461130960802359,0.9069954905430487,0.5754380620904325,1.2959495646569485,1.1927523654060523,1.0050851480028475,1.0,1.0922770821572043,0.9779124132272794,0.7770700572773331,1.1117508969871268,1.413370207981907,1.1880147313149787,1.0017502199388006,0.6574207003431491,0.8065904663244147,1.1742220943824984,1.005061758982417,0.7649594641385571,0.9100107706404075,0.6392459816756553,1.3534337415900204,0.9940635764726216,0.8759158214261489,1.1995138812880366,1.0645569342788883,1.0623360137759972,1.0,1.2577021920807616,1.0716528068208975,0.9254777980894251,1.3267779257487053,0.8760487029112816,0.6093961941333496,1.1253989560515807,1.0069142208778021,0.973419846301666,0.37074492885171084,1.1187770487127295,0.9244036296804521,1.2517822139817047,1.0812084305043852,0.7423793854481442,1.165821836995502,1.0478623517149843,1.2849659270919735,1.2175892671617106,1.0830602857809513,0.8302581244521434,1.054704386523124,1.289236090304645,0.4978054035332795,0.9590297849639681,0.8947448968407201,0.961916494121753,0.6180869420452064,1.0344854101057213,1.032863469331769,1.1219711227452307,1.1993439383101807,1.0297271351473756,0.7658400870141358,0.8840873235017308,0.8113673435573532,0.8068404252278237,1.6269536723381552,1.2083510474863286,1.0629725964696601,0.9394541657530798,1.0846544486061844,1.2746873102199803,1.4046851975464851
2016-04-29,1.001974600605427,0.5650608201920211,1.168024756785426,0.4946583201806817,1.0380809173397736,0.6474093989543868,0.77067195422939,0.499140364808212,1.1074896931551914,1.0018072523349075,1.0853285229402398,0.8371644333746951,0.8109925383158579,1.0,0.9515988587259805,1.1340767359420474,1.3889617554602611,1.2116170345441257,0.9756122054663585,1.4237319168459488,0.6880184457515104,1.0509165505360911,1.008450700682335,0.8384927815307689,0.7257268793520621,1.0485595007912645,0.8290739224400706,0.8909967611464282,0.7609685768868399,0.969626688498574,0.9001965202176186,0.9440647905580639,0.833067516409747,0.9483759094137312,0.9945973317227594,1.2610297109581512,0.9383677760434822,0.9563124642011155,0.9942349815511001,1.406127039868669,1.0993470778897543,0.9617462481887674,0.8052935071098769,0.9065528050952202,1.224576386446254,1.0,1.0022221798215025,0.8331156178322527,1.5147581013665636,1.1286612936595477,1.115946047691573,0.8738059753796847,1.0021512664054313,0.6209001334586517,0.6199084780884465,0.9350041676648908,0.9865679818598669,1.2566994427546572,1.0632734392636032,1.0382458372680172,0.9691173109988149,0.7592439648052436,0.8918668748648355,1.1816793390196334,1.245585859100726,1.2484235337057237,1.1132415693843656,0.8592281519416565,1.169536774850242,1.0042920372492923,1.0146757347646331,0.9371907129750858,0.5739532509587443,1.2031852980423607,1.2602113790904066,1.0062217510864064,1.0,1.1516481411775001,1.005589413653165,1.1800295373401317,1.1546754814140008,1.3663318123142514,1.2380463856656196,1.0874927693074485,0.6680822128683488,0.8842940279869482,1.158543858371628,1.2746981019936952,0.786097244050648,0.9110776581148519,0.7160633414450047,1.3358172676556759,0.980166739719952,0.8853364339491948,1.2196359636388436,1.0664695256638246,1.0624095716396562,1.0,1.2402108132166927,1.1736524937232413,0.9174727686257712,1.3268340797693658,0.9379446876395592,0.7645057521900673,1.0535334412554014,0.986490682303879,0.9507102620119329,0.3963636816695105,1.0816762314199493,0.9201077031703542,1.2056692696175055,1.133644838914417,0.7366202303003291,1.1953686415334928,1.0888934650143256,1.2454448719307403,1.208106199345926,0.8559025928389745,0.8540916618342504,1.0846533644648906,1.2892059135195273,0.5013276929353265,0.943059679275423,0.9055588702315165,1.0167892399755674,0.633294517367055,1.0364834774973999,1.068171969827587,1.1113866125120722,1.1800686160585765,1.0294979231734969,0.8631802950460774,0.895477694181437,0.8126329577776392,0.8159127282721486,1.6203319208717657,1.2065853880767214,1.075395218276367,0.9393462426040996,1.0844804717669834,1.2729695818936402,1.3862647496912248
2016-05-31,0.9721594845747523,0.5968252951376005,1.2330774160740436,0.47548652306121664,1.0329064002626762,0.6501311384845627,0.7661966429958604,0.49058798971825546,1.1053482155319732,1.01328905570719,1.0700345500783508,0.7547894226595862,0.7957054104173771,1.0,0.9610691003223591,1.1023433854024378,1.4119233626875773,1.2117913087384329,0.9830932546476395,1.429274172868228,0.6725917607030809,1.0400070428134998,0.9763068873744719,0.8004256918708982,0.7232038316840554,1.0266892292752763,0.8308966035606978,0.8929802866293812,0.7980702196784045,0.9613876585810193,0.8794069288673316,0.9362458319132685,0.8354618217556364,0.9463850857307678,0.9942243086870679,1.2762338351138098,0.9383994858410585,1.0238953715498686,0.9873188330514431,1.3530735597401655,1.0982527367523216,0.961723411463396,0.8009033383174022,0.8865138203141654,1.2053524745062656,1.0,0.8899654616803843,0.817541911746442,1.5193159477086187,1.340929607135712,1.1342504086105627,0.8227442726083496,1.0021640002359222,0.6139501301975265,0.6630825371080821,0.9278749758034397,1.0050566109366137,1.238191969096176,1.0635269269121705,1.0778085059307871,0.9727383799825298,0.7651652558002726,0.9473211535843384,1.1777584987034881,1.2506658108221727,1.2330000149379283,1.0590472790430943,0.8688219707209337,1.1374206303653767,0.9810410393705135,1.0120328768206759,0.9094184898779477,0.5671967580565795,1.1902730976595464,1.2220140220033393,1.0050830597521534,1.0,1.0887828827718895,0.9818444264397407,1.0482764376212392,1.1080529598003583,1.425296042904968,1.1940052813792121,1.0945708354201935,0.6941833488143927,0.8900975149073983,1.1624315703866468,1.1566771970337157,0.7547148828064918,0.8909462618982371,0.6362871518857283,1.3325513877269284,1.0352750430292152,0.8814085901449327,1.2277005093150875,1.066296629093646,1.062412970357959,1.0,1.252302969124829,1.2116726785795007,0.9051056540072254,1.3267685450838411,1.0022832715042014,0.7584149022067761,1.1218490955563123,1.0093828542827423,0.9702110783945266,0.3909452584698436,1.3018958379370569,0.9144064432404945,1.2040679380954638,1.022673923951025,0.7510382059258132,1.1883977256762666,1.0778891996872502,1.292482479773214,1.1995045088836114,0.9016113004370374,0.9308926304828374,1.0885091602245938,1.289216994927866,0.4963633863519318,0.9418183248902517,0.9367329338451269,1.0114416128639667,0.630745444458038,1.056836637349374,1.0488456559582957,1.1225377432054382,1.172948170461655,1.0293408278093763,0.8393660265102784,0.8879837772643746,0.8114759973880112,0.8156535476404899,1.6272340964394114,1.2069130100252807,1.0794950999161215,0.9393665820854312,1.084569167894008,1.274653370624718,1.391568815263388
2016-06-30,0.9345977519628147,0.5697126615753279,1.2906647142744592,0.4607907666497144,1.0612415492071472,0.9509696818626918,0.7636001722040899,0.522628581088447,1.0720338385212966,1.0463046585482665,1.0481807788931676,0.7523271242715351,0.7389063734813079,1.0,0.8982546499531074,1.0600030309816217,1.3842896014267172,1.2109203178999588,0.9296060624499103,1.463215917802986,0.6789486755324515,1.182519408284519,1.044718590329557,0.8461165736811462,0.7026099545333087,0.9869107352657212,0.8288288938995252,0.8938303064832841,0.8061553106163455,0.9532108156970377,0.8243668417028509,0.930606639911687,0.8337891544406378,1.032474321533321,0.9940198887322921,1.3533583232463444,0.9433647207260729,1.0339685279965243,0.9730036106980342,1.3626786616790802,1.096534280396833,0.9617300825365389,0.786438409091693,0.884913088624161,1.169293559795427,1.0,0.8860146950176708,0.8349661431152495,1.5125014794414282,1.3270578816963383,1.180827206231484,0.71561645346559,1.0020881407623758,0.5824998902660248,0.5863642527107196,0.9385465185433928,0.9584151814807095,1.1500693163021956,1.0628665334213536,1.0964627939241878,0.8905487768848819,0.7407926510860362,0.8964507176982304,1.1685561640157431,1.2913240891982984,1.2475068098729776,1.1611962617958471,0.8793692385206209,1.1600311435222836,0.9904328676807691,1.0415675228356032,0.891493071568192,0.5845743573662961,1.2119425516382913,1.174786235819915,1.004502618707456,1.0,1.099310018807043,0.9833853333880468,1.1788067242990952,1.069442157149202,1.4133668565905342,1.2493225009589406,1.1643688302185073,0.9030804465752811,0.912430400800682,1.1255385624760932,1.126281279080388,0.6585796874629444,0.8816468300509601,0.641697216960188,1.3328657844333422,0.9608637281850396,0.8748780449602812,1.2775462101778963,1.0683887484375196,1.0618453373421652,1.0,1.2548266345467776,1.2110797935355315,0.8849060517348841,1.3266755440245963,1.0629392454839948,0.8191913293962214,1.021930207261578,0.9738527625761558,0.92644806029209,0.3709113609892196,1.092260441628219,0.9294756818612463,1.1909114372191925,1.2414247709685142,0.7201916409980014,1.162263154562499,1.0412562765529587,1.269500800631246,1.2303983548095736,0.9512346886782372,0.8445709502723349,1.1047893704576945,1.289214454409664,0.5020595783198429,0.9247419741508909,0.9294361317211697,1.0260604075185313,0.5992241909886644,1.064216243553988,1.1076042431379634,1.1100852654885556,1.1701223910373104,1.02977886223321,0.8699354399534656,0.8891708289138599,0.8120704080416119,0.7674491358151194,1.6274156162850284,1.205628188265759,1.077786379892526,0.939390289292009,1.0841926677609584,1.2704981365914674,1.352847489659381
2016-07-29,0.9476740975362453,0.6554926266832872,1.2368057697568937,0.6571899670047128,0.9891740128501436,0.9339739822415415,0.7722129723681955,0.5434190572776038,1.0906909579075839,1.0529044734239272,0.9539735308490912,0.742817148526933,0.8871044979589858,1.0,0.8958223207451368,1.0079744955933327,1.3500693566811943,1.208481380127869,1.009514483541165,1.4755057235649096,0.6761271811725,1.1735160898630166,1.0732494266024644,0.8226250045083701,0.7447482601228947,0.9436351431634128,0.8312877961460905,0.897248353607816,0.8337372817921643,0.9639954241697576,0.8155979179756574,0.9412928709132306,0.8331316941324913,1.038888971471061,0.9940338385139162,1.2060926804085483,0.9447579155917442,1.1293753541409346,0.9976504531054833,1.4288357776735738,1.0734465080365918,0.9617227857290199,0.7732838474383582,0.9652780410314165,1.150717989727568,1.0,0.8303663334635932,0.8880877076226094,1.507556713082209,1.3567545835439068,1.1504558080942084,0.5831191063825711,1.0017937946132744,0.5862453930797689,0.5959070564689071,0.9281163912643484,0.8713653267339182,0.9921472839979617,1.0598055396877355,1.1350016910675662,0.8393677998348896,0.7126161840527614,0.8056634393934733,1.2281707715752057,1.3616132281192825,1.2573394939617113,1.1871667561679704,0.8325736770747243,1.177259815801106,0.9788116025796693,1.092014746312255,0.8735565703445365,0.6085516667146167,1.135838452516986,1.1752959181305467,0.9999703898652105,1.0,1.0358688783258636,0.9687687455425293,1.3095040582005373,1.0338386564367708,1.2827082890783954,1.2571671927543382,1.1646666744306793,0.8530008290975017,0.9430633196148883,1.1123771365196533,1.0296558195820493,0.6653723559764846,0.8740637983248342,0.6142298314573886,1.3087595994377068,0.9221519283631122,0.8789401086278791,1.2759431402827075,1.0702847650198306,1.06074532618181,1.0,1.2771388178027752,1.2465075203976226,0.8774214869547192,1.3268293962833364,1.0684539704086162,0.9717470944145954,0.9453347779177897,0.9302605030092186,0.8649087264514778,0.5030899542833261,1.0850026601994671,0.9387870952127317,1.1447174501516466,1.1599859712631917,0.7125083891546083,1.1064621152155678,1.0165539623659212,1.2678570647471896,1.2461053424519246,1.1056681249516467,0.854242928973747,1.1025168214693344,1.2890769098510726,0.5435235597133056,0.9169822610773999,0.8683587827655331,0.9858199423224975,0.7870668560935213,1.039894041245117,1.0232879552349987,1.0788387808059885,1.1320670162536217,1.0314491940533972,0.899885181551309,0.8960421153191689,0.8130493481770364,0.7653268096449461,1.6228374335525282,1.2027448061950754,1.023771672537221,0.9393493740412608,1.0823538759414684,1.2488904577047857,1.1847560885346742
2016-08-31,1.0562773838872919,0.7112538499281833,1.2693226667267852,0.6242500490092944,0.9416047144393255,0.7359125022346455,0.7667863826198991,0.5570393028849889,1.1149857873809361,1.0569743870031576,0.898614304934068,0.7594293455240015,0.9880834244019696,1.0,0.9726017948362249,0.9828397384058049,1.3081049984821216,1.2095728194285318,1.084031712038665,1.472641909508089,0.6784359142215833,1.130953685393059,1.0949397421934077,0.8289250582741972,0.809073543579115,0.9590804337127574,0.8326084856733127,0.898660789482826,0.8346400637859734,0.9967179372646391,0.8600378472719177,0.9185703197449652,0.8331961315951473,1.0080629144050293,0.9936842155419428,1.171806273392025,0.9622940292960781,1.1001089723343167,1.026112748614994,1.446531585572212,1.078196225731807,0.9620313109957177,0.7605216718305854,1.0089800636844166,1.204829608935449,1.0,0.8424434992481351,0.9015555746318885,1.4896635069079323,1.288942259590667,1.1368205780766945,0.6988955451994128,1.0012344247569913,0.6038134565501974,0.6728771778135216,0.922924757548125,0.8584225505214402,0.9755112473265795,1.0546764193695186,1.1421474646620442,0.8471963143432892,0.7474181699428585,0.818709211390029,1.2450083045944922,1.3610262054489164,1.2592721805440448,1.1928765152520564,0.8103112020325642,1.1432389151149034,0.9862519129756807,1.064277743201699,0.9680564310082254,0.590297093076029,1.110112083283297,1.1782271212899138,0.9993060659781533,1.0,1.0101007780335345,0.9684933322915312,1.2119131971629462,1.1204172560875816,1.256354106758901,1.1787575611308536,1.0996643955216592,0.8966303931285178,0.8999912346263403,1.1279156511084354,0.9564782093440957,0.7589338694696758,0.8745878983891703,0.6325363104928414,1.3062609235372318,0.910803461350443,0.8731427898793829,1.2724749849445571,1.0743143783264333,1.0587036163510988,1.0,1.2048842469802068,1.2187557013926635,0.8806041345296133,1.3268066705459742,1.0242929673230485,0.9555700376616048,1.3221991664084398,0.9525524995134927,0.899888037519628,0.6407191780036277,1.0234254045423452,0.9606150112452675,1.1349300270798,1.095509988767113,0.7152200308225278,1.0939600285502047,1.0024292998756454,1.2672113834407626,1.230836538433686,1.0247808369060298,0.9033172044098615,1.1043645772252264,1.289086971872779,0.5475819515815726,0.9234811883711772,0.8491977596724822,0.9950978574984802,0.744717901288601,1.0336205475819786,1.0408547489589992,1.0778617426703192,1.0576635522130158,1.027235514746579,0.8701275502242415,0.9020657258284217,0.8126033859286579,0.7703670308944797,1.6193002730248938,1.2006864504592372,1.0112779914195333,0.9395499579707037,1.0817749224105797,1.2294735769475542,1.1930706911724234
2016-09-30,1.032947642682762,0.8804208367642661,1.3107592836659339,0.6179055490988279,0.8985930906136733,0.7579435697057805,0.7975250376068427,0.5845631569564438,1.111406798055858,1.0943758569152775,0.7722993189409109,0.8703085427933726,1.0641444805706988,1.0,0.9249582442337538,0.9510367265569662,1.1541607798760558,1.2032120618884745,1.134210755123432,1.4799247353810172,0.6764621175124681,1.086735769957154,1.1000724634164962,0.8530057002345999,0.8295225328032265,0.9466501613393686,0.8417763027593379,0.901416022140137,0.8836561804827485,0.9764860537332593,0.8560485852372668,0.9238814758250162,0.8335236655629836,1.007622290530495,0.9937778841123116,1.0916348854090752,0.9611139424150267,0.8619419516767463,1.0232570826269591,1.4227414290386615,1.05191501690934,0.9624546552248965,0.7867411945535032,1.00215278910885,1.1246143883291762,1.0,0.8579771493695458,0.926325002052949,1.353881364898877,1.2814061674150503,1.1226185238970297,0.7698318660870781,1.0013704350170842,0.6424743882464208,0.7598152926937987,0.9090419883350175,0.8420333760156109,0.896527226749616,1.038634442687273,1.096874242735717,0.9402488115237299,0.7508291416242506,0.785218318002727,1.259223898297099,1.3658447506271236,1.2563173981349618,1.1882379525946096,0.8078534266480241,1.1220187991384416,0.9528516776721292,1.0735799012943368,0.925629795065125,0.6077901760663598,0.9637404379253988,1.1111668794135152,0.9957387971657019,1.0,0.9765658207112862,0.9694719963853831,1.2449246992792968,1.0319333614679298,1.1250871009431633,1.1580314822281372,1.0583713832646233,0.8285462442471903,0.9101492950338695,1.0771938509399752,0.883120388809704,0.7386926494983426,0.8729597263493161,0.648582294784704,1.2225629784968017,0.8621757388445176,0.8679391455573198,1.2718536547537083,1.0794682592004332,1.0497192008335694,1.0,1.2788859510913089,1.1975920807627016,0.8743038723311499,1.3266481240512737,1.131057306036989,1.0341176327068509,1.2730253587785114,0.9704925927213448,0.9275772369543815,0.8099912305923551,0.9928556055538235,0.9456877716321815,1.05153386698501,0.9785802283628285,0.7316037554166921,1.0974418812605298,1.0000812990382715,1.2066691924191526,1.2017843115678575,1.0421540251536945,0.8083147961007338,1.0874193739618938,1.2887305792901462,0.5576213308067312,0.9173160728143561,0.8381479213674967,0.9451289568017616,0.9358672670179262,1.0066646174472105,0.9791764881587337,1.01652507131007,0.9329214983466813,1.0313841521685563,0.8426590049539908,0.9010048458684256,0.8175206249227308,0.775773323712843,1.6001182871710773,1.1931211080399005,0.9620298724862879,0.9398937319683286,1.074851275605932,1.1215249482761775,1.1064234538590343
2016-10-31,1.1309325762864193,0.8699404280734321,1.0380265883256874,0.6113478122202706,0.837245699233012,0.7494314003435996,0.7820504724413653,0.6315572281259141,1.0977499381342362,1.1129587446304965,0.854396483357957,0.8800991096938524,1.0617753111099022,1.0,1.0725462534754564,1.0315242390068569,1.1618584978084794,1.203739399474806,1.1279389091471832,1.486327690354182,0.7118150869405147,0.9831859685424783,1.133738374235828,0.8389469021299444,0.8664637106040405,0.913257164484373,0.8403358786218088,0.9001022879098377,0.8238564541032797,0.9591239863011726,0.8089044954365969,0.908863688813189,0.833152249429841,0.9246325906028814,0.9959007526462039,1.1684516819999144,0.9675455654707973,1.0213839935601434,1.026798711638053,1.4282563346301234,1.0556551073392026,0.9654468250080517,0.7872782480921309,1.1421868228091072,1.300436510725676,1.0,0.8368040112650593,1.0507374227755704,1.3789055858495496,1.2967055410882629,1.0854762054966143,0.788464926016482,1.0011327513880273,0.678099070311645,0.7853791964061901,0.8921915287906992,0.8570973407026724,0.9218042720436113,1.0455468160534913,1.1310010415108291,0.941001434503714,0.6747129978884332,0.8466203592216315,1.2567638978904625,1.3586752927958108,1.2515848361957544,1.1756667566654775,0.7824727329052127,1.1626456870712283,0.9571096927846888,1.0519226792719334,1.049529483013556,0.6117923522703862,0.976323075676988,1.1208063275156304,0.9986226198972635,1.0,0.9993130546496899,0.9693479078471526,1.1633088362131312,1.0920290265252521,1.0893459921397262,1.1015821333074856,1.0201350976645804,0.8561367832043554,0.8840212612653039,1.274329401085906,0.9447223883639985,0.8151317572921789,0.9127117736617633,0.6735842246154384,1.2017285774391022,0.8727487757537066,0.8646348012512568,1.2669538194781054,1.0770892676542616,1.049170869484092,1.0,1.2616237534612653,1.136559296878842,0.8827117963712063,1.3265597573728964,0.972294329954729,0.9583433821598959,1.2519588030538367,0.9787031895236782,0.9374043029887729,0.770917239768049,1.0223024452880678,0.9478903969972597,1.0476118173603681,0.9462824153271155,0.7324383291229066,0.9962056384932493,1.0166277021666374,1.206452470602265,1.2168190519646183,1.2474184972964402,0.8340842191003492,1.08429112530355,1.2887963563591056,0.5792775966822568,0.9257207645689748,0.7939537064736932,0.9379934286368802,0.867285586906385,1.046265523370361,1.0915713636485003,1.08269542911234,0.9406410760341292,1.02204142464969,0.8573002018487134,0.9167982098736843,0.8139683790136438,0.7558969105822465,1.5314697101044334,1.195488489648467,0.9706809950879289,0.9395807485950916,1.0838373257052312,1.2459025616117794,1.2507653799540916
2016-11-30,1.4407607752569664,0.774229924060945,0.9986047941276708,0.7290167767330741,0.7232710503816595,0.94808715956705,1.1795939032194305,0.8189695625745663,1.116544571480419,1.1036185835623895,0.8332861286306873,0.9570297606941399,1.1922511820215178,1.0,1.1397562081866939,1.0380683440634522,1.1694575081944127,1.1947058111182236,1.0654659411941272,1.4956728448493108,0.751364180548501,1.0945505775725775,1.2813794958527829,0.8437983978886019,0.8519986707625242,0.9611700807626483,0.8343323524381547,0.8997311685806015,0.8308430178252677,0.9899880172152373,1.2354411699451457,0.9102239721747415,0.8328604566571817,1.1184961393324202,0.9975776165379617,1.2949330543008963,0.9638784332400044,0.9761437695274323,1.084385656093005,1.464497666419151,1.0161177672583839,0.9721434925757766,0.7655318344672731,1.5124656259987808,1.3208906018979731,1.0,0.8363781270953659,1.125163292889294,1.3729948726834145,1.3801616939320962,1.1063009080845767,0.9783628126511527,1.001228893202865,0.6328933136640582,0.6940091776371262,0.8848154292550753,0.8308678825459488,0.9465191246801171,1.046186671239249,1.1314422242250788,0.8175036151122168,0.6254810039308487,0.8617998539500459,1.2795376586357639,1.3749216812678275,1.2228317381072986,1.1475416116282635,0.7776699568746959,1.2581006426164185,0.9165426280306724,1.113815942456894,1.447662560217192,0.6551527465074183,0.9955126389138669,1.2652754184334651,0.9973597892461006,1.0,0.9720581746361338,0.96331373088449,1.214594540474675,1.2458679675754756,1.0309845342338129,1.1623907783843141,0.9870617747546453,0.8036890357087265,1.154733169810188,1.1564665113093884,0.9171888354291721,1.103556286800812,0.9091541066290304,0.7831406070835604,1.2547098546012312,0.869519937531863,0.8535817520197071,1.231939873465459,1.0716443803576499,1.0494122154674042,1.0,1.2589641456349645,1.1239883382090268,0.8787056535077085,1.3266927855628694,0.8959733448346049,1.0005726116013853,1.4546336548012864,0.9882974876206889,0.941610741562404,0.7760141065006032,1.0702275289212422,0.9176404838025957,1.0601215577701757,0.7912004286962452,0.7556729594398814,1.0300852008169785,0.9656049024115501,1.2656284025937174,1.4048756103962794,1.1888736697125997,0.9960938770994893,1.0962583040827354,1.2887961014067302,0.5653461235556578,0.9327694669683544,0.9557829222567089,0.9794689190063555,1.1413648052722063,1.053557068600991,1.0916521404729531,1.1119499248671754,0.9779018149430221,1.0123402954037135,0.9843394842194475,1.0272716197246305,0.8116390009522887,1.2682845976094586,1.4450468029396506,1.1962242504244065,0.9685084000546861,0.9651051749167843,1.0841616476004485,1.255935318233346,1.2298748816578724
2016-12-30,1.5296580896401522,0.7200598471137672,0.9938059489712319,0.7332066363803252,0.708061003750224,1.0839304084491834,1.2313911067886374,1.091998867830058,1.1169748957426786,1.0628393249331285,0.6539608451221932,1.0981986582431638,1.2985434453640787,1.0,1.1413244403474212,1.0179916221431344,1.0618213572194768,1.1529241504031826,1.080027875462143,1.4985114227824452,0.7807604963610977,1.0340272485010897,1.3110618533287335,0.7487500609355124,0.8359360169379122,1.069161690370124,0.8267313444518001,0.9066670901394438,0.7969201241186774,1.0432517436580062,1.3432837774874966,0.9163922986237326,0.8325474147865704,1.310341988641365,0.9999296389867105,1.245914282680633,0.9556494194523659,0.7999936810365837,1.103060756662797,1.4774342417011066,0.9844254269356622,0.9680440985960087,0.7571780963941874,1.5842003310743635,1.332980370112836,1.0,0.8442225985898693,1.1527928666507052,1.3161447328265166,1.3860594664730213,1.1269653315248533,1.0494855214524061,1.0009662520333997,0.6287921405236608,0.8149120173548876,0.8633855614970506,0.7861742704206476,0.9363242482858514,1.0167462194953174,1.1293334954970708,0.7852542772993298,0.6575586972329887,0.8107689365712012,1.3180311046645858,1.381272461392594,1.172822183219334,1.1421384113991953,0.789933006543513,1.2424113535678096,0.8584571302030243,1.1729389450902523,1.540081895229576,0.66377862914392,0.9572021992863029,1.3350992319029231,0.99371080933116,1.0,0.9417492600911029,0.9642145382113818,1.2373540002020424,1.3427621817920299,1.004967958844996,1.1624648193801115,0.9264285985618432,0.7041533555706857,1.3255466745506566,1.1105100565126214,0.8305394467648246,1.2707861017404996,0.9310931383631705,1.0193934251776984,1.2420225256346327,0.8776099624392314,0.8387035274689887,1.0168190585194639,1.0681929048733625,1.034270152925068,1.0,1.2828961282412736,1.1457586357910285,0.8806734095188624,1.326708225472382,0.8702592449634743,1.1358874823701208,1.479103120124041,0.9974895815429838,0.9490559359372367,0.9063321800468502,1.0805970362597437,0.8741324737281553,1.0366749966679105,0.7374481718532537,0.809637864595001,1.07564719995744,0.8881867279233085,1.277364045754681,1.4618654168348222,1.1565091284680604,1.0280915752885065,1.0929445950457803,1.286266700242126,0.6045226471474109,0.9113301041985928,0.9557641921242357,0.9953512930559437,1.2085599160380092,1.0679195348090016,1.0949190339886008,1.1035476555656927,0.9613548019161227,1.0099440700697486,1.0413431718223738,1.130376300026759,0.8110173698685048,1.2893265571169412,1.1029761150061341,1.186756598386888,0.9129717256952743,0.985633706146049,1.0809202117627232,1.238238824147207,1.1698245069739732
2017-01-31,1.4880991744657648,0.9319015883022783,1.0354302855717448,0.8464393061881038,0.7084024083299146,0.8331271259732392,1.2351102015684565,0.9618607962111172,1.1125314638058632,0.9583951999650148,0.6302420696259028,1.28830588032117,1.3719755969841043,1.0,1.1414847847967857,0.9439366176600467,0.9541222135183266,1.1120226132781847,1.1422955103695862,1.4962500734562187,0.7973957557293553,0.8889539450758173,1.283522209956127,0.7387488672593916,0.8553999739403252,1.0443920465810306,0.82867732886889,0.9141603155034803,0.825978731435152,1.0704886105118558,1.3823617492488074,0.8916752444984086,0.8331190967557589,1.259094452979725,0.9982902655180462,1.001244218407837,0.958780294130509,0.803949262036225,1.1004464441213302,1.477581640772366,0.978903436468549,0.9804883629328558,0.7576050929042697,1.5206815468041568,1.2470399361580422,1.0,0.8183369965866824,1.1706966719051084,1.0784265902807817,1.291455090171133,1.08673258998114,1.080083011822642,1.0015657381925196,0.7080091616187216,0.8849329273146653,0.8896934269423125,0.7813266653199478,0.8731753008156303,0.9865870332301361,1.1470771329414722,0.7732341885973832,0.6371572225886992,0.8225768452339719,1.3084453498012205,1.3785796579175695,1.203221141191273,1.1422789723018232,0.7709995117135423,1.1378872189622888,0.8309380285637628,1.1323095201478042,1.4946465024121591,0.6938397889386173,0.8748351951762283,1.2497265058029838,0.9919667624977256,1.0,0.7721455447590113,0.961845027856352,1.2727522634867459,1.3271052649961694,0.9438380341072005,1.1960472235476833,1.089247782770106,0.6788863242542812,1.31951069035249,1.231147202873269,0.7799840285229196,1.25244333695395,0.8956434936707484,1.1138099944221855,1.1089562622143072,0.8612512592135957,0.8511719684267303,0.7691884137190506,1.0806908700059599,1.0170595869271148,1.0,1.2819204171020637,1.107342470089872,0.8773672732706502,1.3266463789416836,0.8732841418958666,1.2447010845252453,1.4679860650470882,1.028375876756293,0.9809214922360779,1.1176369639031247,1.0631191219693894,0.8895020537210883,0.9507382159577105,0.7351949631576997,0.8189592323471855,1.15053875620615,0.996702491251664,1.1526685081297887,1.4385317671500977,1.19761719158018,0.9704174608088896,1.0538918720747827,1.276052074612499,0.6389276938182853,0.881439313723032,1.0602889003704634,0.9642533090349835,1.225086920216913,1.0143986947412553,1.0699940548525897,1.076474138296251,0.8267322865581918,1.0113400906820156,0.9946315581294682,1.1305294685389824,0.811158423792784,1.2384871948904583,0.8429858475441424,1.1625149015952188,0.8529266420138694,1.0165697898358022,1.0633784003141764,1.1149175489122707,1.0668114633574493
2017-02-28,1.5325733872176595,0.9868492477781162,1.018235432726561,0.6851791447431728,0.7091692381623984,0.9121552266231565,1.235314812796501,0.9178183920655262,1.1133442660865396,0.947143453767418,0.6235912623442188,1.1869598226739377,1.3799133683168168,1.0,1.1416045318314123,0.916166148737527,1.016920681694621,1.2005367271598455,1.1440365204270846,1.4864520341338103,0.8598736356541805,0.6687292504536156,1.2752621950793035,0.7331936988923973,0.8534783371342782,1.0156688488475476,0.8292405459384515,0.9130815799225349,0.9336171362367406,1.0678893771703164,1.387923028887462,0.8884448065091658,0.8345618116818547,1.178043904263019,1.0009073110322573,0.9681745626494948,0.9745737830134109,0.7848769450560207,1.1070791626361578,1.4806361867469282,0.967713607354998,1.0010225923721974,0.7479757673001247,1.519867342335555,1.3204754189405794,1.0,0.8094031385554808,1.0920710613699522,1.0885386334957492,1.3245634015695742,1.075748737476382,1.0822661054612186,1.001128831968774,0.7199044690090528,0.897947038091314,0.8979055194573218,0.7802215915860946,0.8679446960220786,0.9857865797920004,1.1333774647693668,0.7698220152386246,0.6201739749276687,0.8243307570508336,1.3113885092078756,1.3779505050422922,1.204338109090849,1.1399125957616245,0.7613092033727282,1.08431995187807,0.8413281370918234,1.024957105320486,1.538316910159502,0.687306649087486,0.8622703474126523,1.3222789345233712,0.9908653076343127,1.0,0.7128881358344106,0.9566215269962756,1.1685525980732674,1.4172486472010826,1.0455583130332144,1.0848294835566352,1.108396713275779,0.6561558269227963,1.3392914953264032,1.3128765426639146,0.8024304847523575,1.3578776919769717,0.920359801623996,1.0677172577405303,1.1028886798383455,0.8895382828341925,0.8459508422617495,0.7281649317908054,1.0759483710070885,1.0184466904542744,1.0,1.2796877622568694,1.079338149129124,0.8930515021180778,1.3263478668594408,0.8661480644099201,1.1362346561154868,1.4875806295152747,1.1019101516172654,1.0471031940005548,1.136452615703028,1.2960221508469887,0.9479823469581385,0.9153705787662871,0.741202691822485,0.8434689243355897,1.1502644628973209,0.9673983203396677,1.1485285995057666,1.4337227026694235,1.2282900824391993,0.9762618322672562,1.0246059948871684,1.2780519442629128,0.632237677261465,0.8316958006249651,1.040785755506109,0.961935391948448,1.2290654582330558,1.0025288899874132,1.005090677550315,1.1287449092042083,0.8171998856449381,1.0102401293369008,0.9880173373863294,1.1452772636992015,0.8107624959082802,1.1179690153071247,1.1721223305532165,1.0981471987652403,0.8404098849215583,0.9872136161284518,1.0026928274753777,0.9996380732453166,1.0436932877273175
2017-03-31,1.5260528719431665,1.0466902481033171,0.9922078231066971,0.6162068121552045,0.7376378471611217,0.8833411507749175,1.2331866439099188,0.8582045980119699,1.1069148499514727,0.9694852129149412,0.6315248697617402,1.147226206302728,1.3757969949182904,1.0,1.141557456594004,0.9672875186557729,1.0334402564516325,1.18509660941908,1.1437620900658791,1.4733069293876584,0.8823619263180239,0.6507673204551605,1.267034018131117,0.7835414326660003,0.8547555549076438,1.0529318536769217,0.829914782103951,0.9092152536042594,0.9328797672548879,1.0693064880459793,1.3811963384414074,0.8874867829377985,0.8351434034496228,1.0919824206541586,1.0014511082017614,0.9804913518604955,0.9812165336031953,0.6420432730294754,1.103080919955775,1.475112465899305,0.9807825456154986,0.982880011035374,0.7642936061054477,1.4802085780726015,1.2834723758626563,1.0,0.8056188714316875,1.0531061511223492,1.1118947752272472,1.3004828856137556,1.0661858084552829,1.098753654141644,1.001812814429899,0.7065677544625699,0.8931019323329739,0.8895183532716998,0.7803982881135522,0.879616850635087,0.9873070900959381,1.0706540153398378,0.7607676379794683,0.6457547324721435,0.8473552823103931,1.278396598610696,1.3583219118382208,1.233488803492712,1.1406869875654786,0.7608815402472002,1.0643408891285502,0.8261615251176303,0.9954075438586946,1.5183085485449461,0.7010454307338514,0.8773349664068755,1.3011009628069496,0.9932919330188457,1.0,0.710743058783672,0.9559415826145077,1.0744776208572928,1.4093158804195796,1.092085299806375,0.971520030974085,1.0684568982213392,0.653632706829342,1.329499804139845,1.2044523876523971,0.8250959345765265,1.3731707495689025,0.9367024376382236,0.9015792978031921,1.1064753508238003,0.8807634907125509,0.846373817872659,0.7410865963526063,1.078463050595366,1.0232794362221551,1.0,1.2521219069560459,1.0664072408839727,0.8953935687988953,1.3223056703867435,0.8667683227285488,1.0621197368398132,1.4850639753133787,1.092868306928036,1.0512418782949733,1.109135531496911,1.1272558007262228,0.970734368775722,0.954851772391798,0.7426136442543567,0.8458087146966659,1.1734757378457865,0.976811671761069,1.1404581400574871,1.4145840647467245,1.1778365470831047,0.8405534064332532,1.013393369984104,1.280965917069918,0.6020418537188916,0.8858962322856457,1.0541457615202603,1.0012302609731132,1.2171584349168145,0.9943172517611883,0.9201067515518367,1.128622875499341,0.8262755484179607,1.0120104874788778,0.964600597703307,1.1130708158856983,0.8106575480341848,1.0657986011582528,1.0618139248255667,1.1477094424765502,0.8630987164723072,1.0007348261392917,0.9996176788639275,0.952087940563946,1.0424501880925645
2017-04-28,1.494662058996326,1.1286067957310395,0.8036377873810099,0.6423793509396892,0.7726772364295382,0.8575764981483517,1.2144927240663637,0.7101604048118068,1.1013722878384065,1.0066861449650637,0.6545646046881055,0.9576108232061664,1.372495813319087,1.0,1.1414522471556567,0.9227059597017032,1.09251529743514,1.2080372180855683,1.1434884008495294,1.437342398379867,0.8647776213629341,0.6406210201784046,1.2537390471634624,0.8073669627063443,0.8854827050144498,0.9796097416921905,0.849559508188133,0.8988444888101782,0.9499293907130748,1.0645264809771642,1.3553272643243326,0.8732103815364661,0.842436920319027,1.0359915808316436,1.000212331831197,0.9334489623706691,0.9765557366620337,0.6242613327334743,1.099310579527071,1.4676352917942905,0.972241709295516,0.9755221410763553,0.7497179027236396,1.4290099887572731,1.2683933930073101,1.0,0.8027589793099333,1.0877521297287218,1.2257259258252091,1.3271729522954714,1.0313791033368354,1.0436497837899532,1.0019317326460009,0.704201875077866,0.8510780955069189,0.8794247918733779,0.7839071333068449,0.9748035837136693,1.0060646740931993,1.0335840664454925,0.7773467293227643,0.6141699192918171,0.8770692669905162,1.2330078869368115,1.2491569401174663,1.2475037387743715,1.1437855877641872,0.761602947803163,1.0525604372583277,0.8065781940262468,0.9336765637253022,1.4609398418912618,0.6540316081602326,0.9439556186822327,1.2395281607098323,0.9945212843416055,1.0,0.7100675801248721,0.9534533990074242,0.8275885364749366,1.391069219276691,1.1502411835874626,0.799580100820692,1.1005360985145731,0.6557167319327208,1.300192347933744,1.1304990385362397,0.7340821348021361,1.3399890612747694,0.9340337862217875,0.8654715806338037,1.1406705757475184,0.9522943012935784,0.8648460472609475,0.8228561183894372,1.0735508491306682,1.0381261000015252,1.0,1.2489340788962853,0.9727935645007787,0.9077720254231076,1.3180212196669159,0.8571452877282991,0.881529292028058,1.49084654310301,1.2105284360180746,1.212136631519884,1.0791061512823765,1.2216555530870585,0.9781472125057095,1.0641409551551795,0.7415611426893567,0.8796095255516618,1.1513059190849524,0.9318128064488796,1.2161598451797087,1.4141493757411063,1.2752205401407062,0.8216588574737675,1.003360303799884,1.282197150962468,0.55218758153179,0.900809699897275,0.9526155521414994,0.953580075337515,1.211019785722294,0.9748884045263313,0.9616493123810098,1.1379073166830163,0.8327166580785241,1.0143164737704435,0.915464230435106,1.0302383459505655,0.810451763834261,1.031576539833879,1.2313978566180515,1.1842479903332495,0.8961480115928133,1.0019207934731649,1.0229261816113768,0.960940266110748,1.0893023374498316
2017-05-31,1.4976785434046713,1.1467085269941848,0.8087147038627536,0.6571894567375078,0.8380000870500673,0.8997429008788905,1.2176136965334348,0.8034905261726759,1.100440108960686,1.0235742704716637,0.6542849822076324,0.8684171153674759,1.3713740219441357,1.0,1.1411951233337185,0.9117736938532524,1.1586536343984823,1.204321744049061,1.143245238833311,1.4216144815901166,0.8900412601980116,0.6567430011370051,1.2559822180404607,0.8586189680092562,0.8930380436308141,1.0172393370619108,0.8826418154602245,0.8909976609386814,0.9639189750437968,1.0644462933019445,1.342657606500491,0.8791463065776977,0.8433683476752136,1.0383591221431,1.0043164728826808,0.9250432797085302,0.9862112415726094,0.6185536816744037,1.0996969191241612,1.4767098393769527,0.9662811790856858,1.0070705973898113,0.7722292373961481,1.441318116175029,1.2831799116661482,1.0,0.8021113995918959,1.093433243084616,1.2531273650630452,1.214928001070042,1.0105311008885718,1.045815049155165,1.0012683497164576,0.7149166382347316,0.8260365951826348,0.8698824881122664,0.7810616612968295,0.9706462555615345,1.0115663424262062,1.0020872031405093,0.7341190789352998,0.6286758109771207,0.861255917987559,1.2358000547313206,1.2427573832580425,1.2425345308327054,1.1416796592309513,0.7621977644042552,1.082446719680615,0.8127150064347153,0.9415988077056409,1.4603697793122352,0.630667645578183,0.929507307201519,1.2427037602384277,0.993334688126088,1.0,0.6853177918299687,0.9531219250642788,0.898583639490627,1.373428924294157,1.1031851161295898,0.8516539104097249,1.0638317833694935,0.6481875656603329,1.2787549548633486,1.1172324396940156,0.7639007934953956,1.3482847471148518,0.9595204738865664,0.9463239092696435,1.1550697158225403,0.9690330333102037,0.859726830564653,0.9149058506620522,1.0738213477572274,1.0431396020865074,1.0,1.2190737117975712,0.9073024501377582,0.9085472782024506,1.3189298506112326,0.8564904186027035,0.9048905302881801,1.4873864092381068,1.1670026532468472,1.148048650307003,1.0715024604034897,1.2140636017987387,0.9789291445522865,1.05654372106697,0.7539712654230786,0.9094636842504211,1.17591950697027,0.9392227663134909,1.186539933970415,1.4357611833962622,1.080020991069155,0.8352802300513533,1.0078822395679738,1.2821881936627717,0.5708659331367414,0.9613596388156023,0.8918446942263543,0.9355429988515214,1.205105860579918,0.9682830623742222,1.0294742583617582,1.131973439187628,0.8502271803204022,1.0124419656740604,0.931369615453883,1.049399526419396,0.8104766521386157,1.0108157431430618,1.2124860349895428,1.1890519670398245,0.8893098125446233,0.9993076149956446,1.0306315873838372,0.9695667256742664,1.0960511620731195
2017-06-30,1.5509320479147513,1.151108341053901,0.7715252917855077,0.7693655180720926,0.7636114513330107,0.7964462272392931,1.226759477928731,0.7548384331068152,1.122405009779845,0.9824070930733788,0.6381525678966024,0.816386742641524,1.3860387032119295,1.0,1.141609379082197,0.891570461776557,1.1232433374352975,1.2087539268696483,1.1451915483950366,1.4144497153263071,0.9015380053390355,0.6209142340301796,1.2498891313630045,0.8272088115677142,0.9113782853635206,1.0198482492760403,0.8408760199834231,0.8909979466496523,0.9552607671798984,1.074423804089898,1.4160739117405665,0.8823957951818949,0.8551476882926199,0.9400652774024676,1.0019913786904417,0.9035977429428108,0.976504425109637,0.6173554572744835,1.1079649013979607,1.4804410756286435,0.9631280284318361,1.0091252345705908,0.7758847970811951,1.517548837014887,1.3308749935197537,1.0,0.8019256978460021,1.0878642076115619,1.2091616377630596,1.2364581553997809,0.9398609474971986,1.154454797987853,1.0015232635723605,0.7442160479917554,0.8618014257122084,0.9069964697804536,0.780006215058015,0.9463290488894953,1.001414759943644,0.9740845245027714,0.7632013958963099,0.6262936104299568,0.8315281269260282,1.2697708490620494,1.2983630855587174,1.2433963705599804,1.1422334941006484,0.7606139644156589,1.0242141900267252,0.8007304424332785,0.9309493254360556,1.5499196339634738,0.5887739238798155,0.9002777512182383,1.2697621526611096,0.9917221158271007,1.0,0.6474885326753287,0.9525994360173835,0.8150754642016174,1.4006864724768369,1.0661109017096926,0.7287646810163974,1.0358406907572535,0.6396629705286725,1.257679626393853,1.2775806572462516,0.7494841031284306,1.4230142519774773,0.9368374541652409,0.7836465329716593,1.140241802199636,0.9781732796792163,0.8649171624799367,0.7445371154481595,1.075927633006277,1.0412158255014783,1.0,1.2417286156066156,0.9089165969814516,0.9101311734662649,1.3191028420201918,0.8552739440506125,0.9067383051280621,1.4919559894074854,1.2198357423787498,1.2231287576428993,1.1041543560187583,1.2705450479788287,0.9672108471469738,1.0335402047229105,0.7323522623581056,0.9256553857551764,1.1945544358072935,0.9427513383706068,1.1679248335585855,1.4148970565450314,1.1314538483096033,0.841338665108105,0.989023811716898,1.271457350670624,0.5366338945651454,0.9580976324545027,0.9413287193687031,0.9134031599278193,1.2281355267588925,0.972650109452115,0.9723387315461145,1.1428207315086993,0.827429908160569,1.0123190747840658,0.9068559148984665,1.0418263756728703,0.8104155541811456,0.9474150678582021,1.148406181547353,1.1851994817851195,0.8815905683332819,0.9871014504429404,1.0467072746684234,0.945015887627529,1.1079471469062387
2017-07-31,1.5405890227130956,1.1392231126035386,0.8286731023273317,0.6681002837402088,0.6965266019363878,0.7872209861759072,1.2240300745995163,0.7478119622338875,1.117656689254702,0.9921056108232463,0.6344474927742918,0.7920936301155299,1.3835059914890397,1.0,1.1415504071153613,0.8744821948849386,1.1111905388556245,1.2067083096982918,1.1444845628741942,1.4134351196836297,1.095771190457295,0.6233063287030454,1.2542455346807646,0.8270279085933846,0.9712998164120482,1.0982940551824116,0.8290221063133555,0.8911974453961327,1.0135939026901208,1.0704648153030198,1.4106291087496792,0.8840947642401886,0.8665281309589546,0.8868383946636749,1.0020904910405333,0.9131082917803334,0.9824874308296456,0.6125252651200351,1.102666500826906,1.4771071141965364,0.9539128164046946,1.006695454636759,0.7641193104844265,1.4225686641354378,1.3314829045107883,1.0,0.8020229556937353,1.0721469229837082,1.1967563764588665,1.2265750972602438,0.9351311986698068,1.12865626476117,1.0016522052796881,0.7373062966313819,0.8572618823651801,0.8745863108321663,0.7805926746682474,0.9629066037746217,1.0103656041848221,0.9683500002114402,0.7813878129124827,0.6348550964796555,0.7400079271175306,1.2177490996952127,1.1802393000191624,1.2387517739664027,1.1505289274420898,0.7631936961833469,1.0267200866415895,0.798907112672699,0.9058677139345563,1.5444355235178397,0.5717101528897051,0.912970126264007,1.2672905130583423,0.9904265592968208,1.0,0.6818023676901641,0.9528955401912285,0.7529378461359653,1.394118566461146,1.0436774454978364,0.64755863140414,1.0409566362132592,0.6406316417871174,1.2428065691849546,1.230614267688521,0.7811979532455802,1.4145386087399823,0.9135208649854099,0.9206916017016922,1.1547400552708786,0.9598452672949732,0.8695147648095899,0.7627627210905614,1.074682879242233,1.0379403193984593,1.0,1.192081081808672,0.7892690470052515,0.9223190319269954,1.3054604755788894,0.8554154120608494,0.7975747164603622,1.4913711407757662,1.2409526962072797,1.2524481608216893,1.0435697715053762,1.1801555882395518,0.9441875567846196,1.061239389860995,0.7386742261937196,0.9624515995777899,1.1996446134376253,0.9371293668021593,1.1826793497768482,1.386201565483752,1.02197479186653,0.8341478739177276,0.9948885903328506,1.2804178149398824,0.5066343941554154,0.9932801481227735,0.9218128015865961,0.8965157216923655,1.2097647807015106,0.985077822685046,1.046035303772908,1.1448154603153524,0.8302840678464949,1.0123467921753986,0.9007494886589155,1.0095142482050798,0.8103920391348547,1.0039335463461785,1.1204541494027627,1.1902813547617082,0.8567548519250249,1.021778866977892,1.0583076451919844,1.0290769055412219,1.1119614908431932
2017-08-31,1.507778360415239,1.1276657856251273,0.8220640107476331,0.5761049839690707,0.7308776470562803,0.6733097404481763,1.2267884428983753,0.7501264668638568,1.1047259790438242,1.0081373556388524,0.6370878691792683,0.7861441913502099,1.3785618351821296,1.0,1.1410518079078833,0.8514866927012499,1.1631669883269116,1.207500388204093,1.1446858030612017,1.3868481854101147,1.1382866626885768,0.6182081903450836,1.246908844695959,0.8024668979704813,0.9504394483012979,1.1451973678212082,0.8338745715091951,0.9021899342153978,1.2975905347364978,1.060607000271452,1.4072950670566051,0.8852222212355637,0.899172294200022,0.8820051330310754,1.0013218093036238,0.906428008605105,0.9656549021570884,0.6103288498189203,1.0937861062242684,1.4710322466282415,0.9534928702884784,0.9812802007130055,0.7767814082553648,1.347854987773562,1.271742536812474,1.0,0.8030308970181919,1.0478499777645556,1.1769160721592682,1.3296393850216022,0.9166854217486408,1.0978452273103458,1.00079136958578,0.7361555846938459,0.8375519325919087,0.8759744386630502,0.7852256340551714,0.9723089264820602,1.0066965033011301,1.0062719024744564,0.862586979066311,0.6286716712603789,0.7435128447760918,1.19639802921154,1.0771955755927283,1.2120047146459183,1.1555354118923935,0.7652592171651715,1.0578771410839574,0.7958280136344571,0.9044344233915704,1.4827342990538366,0.5761055513515643,0.9286822435665393,1.2611837479023313,0.9932752282855994,1.0,0.8366492138194879,0.9554088434273492,0.7934066608106718,1.3463302989379025,1.0627251270886346,0.7297981434708586,1.0747482250840104,0.6422318347611915,1.3482088715268632,1.2366319570688948,0.7850030010816347,1.376969488550554,0.8980264163386822,0.8460418192817836,1.1581246323259702,1.0327443135683687,0.8838219582627259,0.842645675698762,1.0755235486256398,1.04508302792078,1.0,1.041147778294904,0.7413139782208797,0.9339467964977245,1.3139999158960465,0.8558263209985819,0.7638844894563791,1.4790678262692372,1.2334404854000813,1.238043690451331,1.0086424038787687,1.3093995572194577,0.91419407332695,1.0716991511691454,0.7632321291824851,0.9480158511794002,1.1979722008906697,1.0140407035035046,1.2075269241833344,1.34511760854363,0.9972470765467538,0.8240587009548626,0.9947607597891681,1.2809504751331386,0.5023014105979465,0.9740828179833866,0.9203532863548611,0.8954124449841445,1.1937250508731927,0.9845892466103034,1.0772503961235396,1.145935361732092,0.8306637704012355,1.014648251959831,0.8965196438419194,0.9781380864136834,0.8104317582253168,0.9654822822203122,1.3232001844262775,1.1913632969160939,0.8795826417456178,1.031194126341127,1.0705623394485082,1.1566120279035101,1.1568798168281147
2017-09-29,1.5302794110564615,1.0911995008141817,0.7911012005689672,0.6635758058291972,0.6474485195174278,0.6966297954066685,1.2228643162948434,0.7772889754438699,1.1185359051139985,0.9859685499055781,0.6275113188403396,0.742998963814506,1.379172302467243,1.0,1.1415395941199271,0.7935769977722151,1.132201466396081,1.206273339036947,1.143602343554087,1.3596491743719756,1.1609329692426218,0.622239678561779,1.2581735278143182,0.8382605113291804,0.9382685696078061,1.3837563791184357,0.8319717223526268,0.9027230143797342,1.2161170565171346,1.0569121233215326,1.4170347888480745,0.9106242827163834,0.8733365590869999,0.8440934433847844,1.002702998969004,0.9361362523277429,0.9660911866936138,0.6118762848458997,1.1012446872010904,1.4746015622551136,0.9532449770039614,0.9735704162253441,0.8159347872587789,1.4194404755820107,1.3236179160249586,1.0,0.8026193048224373,1.053424987566245,1.1284893367696684,1.3889968811442268,0.9522076990379847,1.0747114564257028,1.0006401053735965,0.6962302408503209,0.7900235087582861,0.8692711170370634,0.7850091708358241,0.9142074699858853,0.9965313167357834,0.9929981150933195,0.7900665185285707,0.6247795953476083,0.7276539753775803,1.1898336993132281,1.165865038821738,1.2221657439923854,1.1520350312598953,0.7659120969432208,1.0837505533453418,0.7931688288881408,0.9229501484028932,1.5371234588180194,0.5859909729957553,0.8938248892073715,1.3249843549305051,0.9923578215026498,1.0,0.8056131768073631,0.9543133391916772,0.7966631450289774,1.3304363872899838,1.0681187758209236,0.7206153551778831,1.0756669791201818,0.6423564229653533,1.345082394011972,1.2047696925051203,0.7795192567084092,1.411159200103167,0.9026285317712781,0.9525339696740046,1.0920791664982994,0.9829314208213288,0.8780802586798302,0.802306155643054,1.0677424806578193,1.0387428943535055,1.0,0.8266926227683016,0.9161360945321915,0.9192781501224232,1.3067264622904016,0.855065162435721,0.7782882587546058,1.486803708593534,1.2326852869586697,1.2375233213204617,1.036961788512704,1.3648627287822588,0.8555894515349283,1.0107073343050597,0.7439631872090278,0.922109827166114,1.1964151552711417,1.0564889833423732,1.2000352955306441,1.3770994483340746,1.0911215854642078,0.7878875372086735,0.9917304692423043,1.277570399048353,0.5426367877848262,0.983618020963615,0.930045761281429,0.8523744847190057,1.215285849015638,0.9869185830260412,1.087921783200465,1.1462951575259828,0.8252483411787922,1.0136909020284801,0.89193647208305,1.0204024136605085,0.8108635532836408,1.0681911957665013,1.363396963000384,1.1863674977035683,0.8544380020257611,1.0301842184695074,1.0694938713463853,1.1702647384810358,1.1393470101399494
2017-10-31,1.499238927640124,1.1393324710443085,0.7798721584725508,0.5773676852690872,0.7393632609825047,0.6487706305071215,1.2213777320233892,0.7369488488742708,1.1143618621692033,0.9823132116873424,0.6236602512816144,0.7243035647910524,1.3798475842550921,1.0,1.1410924520063512,0.6305374897263696,1.1084776124897964,1.2047085232418573,1.1442227722402483,1.281310221676685,1.3935669288767965,0.6158188176466463,1.2182404354455196,0.8020720294352947,0.9004583314493451,1.305916967779636,0.845148322177547,0.9285235223828354,1.4296538143770554,1.0498910175163063,1.423488314278969,0.8987243312509422,0.9475013790990146,0.8626481872175144,0.9978673843397107,0.9060037057681682,0.9555355310199055,0.6096181238351293,1.0950333346636698,1.4391779761056003,0.9536174864278928,1.0009531303804404,0.8102309024451209,1.3143656468335267,1.2449551586604093,1.0,0.8042783302508311,0.9581278319167827,1.1380224368637546,1.3859216146259534,1.0944037865778313,1.0502033125400985,1.0010426783834492,0.6977740444065175,0.7846489953654354,0.8678312794649898,0.7877760263935368,0.9137584042032683,0.9917095334879347,0.8953152221452638,0.8607751200141203,0.6283537879635785,0.7203772750749098,1.176752074738077,1.0566577591907451,1.209626455778436,1.1576755561723229,0.7665342744134213,1.0199374408326625,0.7942319448372573,0.9151866443629678,1.4831284833186746,0.5808923063511624,0.8833947592064623,1.2534402968579945,0.9933943242615831,1.0,0.8663989311154412,0.9548178748449776,0.771325148541878,1.2689195999566167,1.1104039137756354,0.7198641651748278,1.0144170546467666,0.6421131359505867,1.3276134984303751,1.1303854094321837,0.7920602315276364,1.3904558916726764,0.8862216856332399,0.9911224712096854,1.1070928225158447,0.9067764200578785,0.9095943625079196,0.8700796211314696,1.0757814323233164,1.0358060812701404,1.0,1.072391864787691,1.0153715426159138,0.9013874887089018,1.1230394642985015,0.8558362114850782,0.801024678364441,1.485801994313273,1.2249761981274496,1.2176858821114473,1.0314862403214864,1.4695763584143906,0.8174323543323477,0.9945979558025705,0.7527557215326867,0.9081964543778794,1.2013256867475741,1.110677592492647,1.1888030076625742,1.3515806469659597,1.0237661910652123,0.7831078712006682,1.000663434767026,1.2715668089938013,0.5614709649267347,1.1379464041131238,0.9469276740039647,0.8493850175039203,1.2043429779125137,0.9721304515412932,1.0408216974300084,1.1458762523052912,0.8127755504004573,1.0189360841347483,0.875900046857119,0.9857005485828308,0.811299721810357,0.9705779301953248,1.22001669307082,1.1890394453057695,0.8434269054929511,1.0534174785814798,1.0369167527033425,1.0073003948026111,1.0530254847441542
2017-11-30,1.375136589548243,1.1564092374122985,0.7937703921695749,0.6331893216727678,0.7861164715164226,0.4723502497452092,1.1387284226372931,0.6179492003089361,1.0914774708011439,1.0142930417076268,0.633684479855638,0.6777868273648162,1.3606048695779525,1.0,1.1375679481523706,0.7276298455237167,1.21553482299881,1.20902096550653,1.1425747386696026,1.0957654475186014,1.310742627324952,0.6051929343010451,1.1332902566669214,0.9066552362280433,0.8854117131584724,1.1949793869554404,0.8274893865714962,1.0104120085536685,1.4415134692844513,1.00961042561705,1.388662954009648,0.8937143767531265,1.1097078777390617,0.6358695304912559,0.9964607727025246,0.8528088406090704,0.9693543300812817,0.6110870626501143,1.0651256621123724,1.4045641040478039,0.9518843079198753,1.0225753470186854,0.8338341057287582,1.1325247446114601,1.2242499359466588,1.0,0.8027125173540289,0.9013294764594753,1.2045574358565874,1.3756047790078298,1.1038064989935168,1.0156677545262307,1.0014155588856501,0.7216611957524971,0.7407959499069985,0.8621700181723797,0.794163135326228,0.9109083309088123,1.0055780590862131,0.94986203828528,0.8954329415873683,0.6274955043162287,0.7355245224803321,1.1309002015049268,0.8530879158986262,1.0651569651558008,1.1792702795923946,0.7735873591153339,0.84034997785296,0.7938795542470858,0.8657011945478541,1.3039338572342845,0.5694303920934498,0.8795889273054323,1.1525831717400745,0.9939281582233486,1.0,0.8004376904453862,0.9548805120735192,0.7196168020465664,1.1102147478705306,1.113607932536636,0.5696976419584757,1.0929032094771793,0.6514369258780024,1.1565443234783588,1.3530871296923475,0.8120507208905545,1.3215508633030577,0.8667693239183009,0.855191162104016,1.0830639297328801,0.9298460354881887,0.9857505040783436,1.150739375175588,1.0707496207761813,1.0494265437089532,1.0,0.9556265854354061,1.012650639319902,0.8887369964833535,1.0845680678722014,0.86055466962402,0.7979382461920196,1.4744947793929786,1.2215884409210789,1.2267567599184277,0.9999778121007439,1.516145273220294,0.908259512995164,0.998801735187296,0.7823205380239366,0.863277561119868,1.1994889782346885,1.1220932777968402,1.1865800647922045,1.2648690114950618,0.991495773946873,0.8040218348479204,1.0185674329501508,1.2801030935675066,0.5394763763119134,1.3158311437970613,0.8082212928764577,0.7973566054187297,1.1010510256579216,0.9704404755029599,1.050446292693211,1.1416878969601867,0.8114987815240846,1.0200623000386846,0.8036057201644952,0.9321693365952285,0.8116952747441216,0.7720371312081993,1.296334789709314,1.1938671156029097,0.8489987613809575,1.0221036359949955,1.063062234533637,1.1006140305169716,1.1137363224658035
2017-12-29,1.3534965784018136,1.1573408913939525,0.7983560607048945,0.707045063357191,0.7687449457302713,0.47412182005254255,1.1434509959277253,0.596906518504104,1.092051688039357,0.9797713359758371,0.6281849270865691,0.730927337807971,1.3529571827227374,1.0,1.1370746532539806,0.6791650042429703,1.1442808615942226,1.2076796673930805,1.1432519082349537,0.9622493548721593,1.2453651782090847,0.6101378254729458,1.138019025244568,0.9300404011923059,0.8990402167221287,1.048986794479843,0.8428634409072178,0.9706823128517428,1.4398679606439582,1.0134542739972014,1.372931801520104,0.9064588711643371,1.1086235394922486,0.6386991889697335,0.9960727181900894,0.8320792174889016,0.9672929905094129,0.6113222123344535,1.0638491094078886,1.3887346334253858,0.9569927709452279,1.0256745189320104,0.8655610290392659,1.0947266644460092,1.1869069033381494,1.0,0.8025838243124961,0.8914104317259502,1.1689277384413064,1.3748182810716394,1.1028556105648937,0.9786177692074275,1.001644847837334,0.7128366784836497,0.7287611134270333,0.8617473475384327,0.7869063439892844,0.8966675303168923,0.9972004969661022,0.945509230241656,0.867048454044584,0.6247617904452976,0.7105977387554455,1.125297229652835,0.9032979329445954,1.1036086119451394,1.1773831746774508,0.7691463683009362,0.8627250454068475,0.7980569748125578,0.8884063076075471,1.2755983669112592,0.5862229086932801,0.8746793380120885,1.1460227295242928,0.9933195709325235,1.0,0.7837730086937922,0.9543681336503561,0.738598081576776,1.008593554821633,1.0209506427973056,0.6750200657050351,1.0440021291818926,0.6549911835581756,1.11913163471529,1.3183977882818954,0.7799203693979545,1.3066218297418037,0.8612985993601319,0.7905663121261116,1.081804589855861,0.8868684508650554,0.9886418202789813,1.2016260450614673,1.0767373897994565,1.0420850422738943,1.0,0.8202967421998828,0.9759314987591613,0.8804793142610189,0.9742878938851555,0.86155414217547,0.7793159912743202,1.4705532590251056,1.1968646032314045,1.2063667417090995,0.9550763004419356,1.5140790414428678,0.9080089005066991,0.9806959861734635,0.7914062596263834,0.9025024886917935,1.2009883201261853,1.1148049611260231,1.1437797828358816,1.253524788447743,0.9958395687281542,0.8005182483569824,1.0186127479685485,1.2779295894953426,0.6148498568069622,1.428032072987005,0.8019228026316758,0.7983797846836096,1.1166042985865012,0.966276173065556,1.034421987593689,1.1361457385464286,0.8136387663169207,1.0242283421341005,0.8070496940410412,0.9340758122726192,0.813793669720477,0.7755798208985958,1.2191860133745362,1.1887766192724243,0.8489309457370059,1.0349534434754986,1.0233166391141366,0.8632723902884378,1.035350364524889
2018-01-31,1.36516079847214,1.145855781200257,0.9700122609510028,0.6002005865089717,1.0610294371032087,0.4367903644905662,0.9373692410412275,0.5641901886402352,1.0558066313328456,0.9197868248010445,0.6218909208645189,0.7295717282879663,1.2227139385639925,1.0,1.1356226699021625,0.7266140069091678,1.10011005298346,1.2087917752256512,1.1325216713929576,0.9163679519848875,1.436972750643814,0.6075702555900513,1.15290831430626,0.9052118465171087,0.8532557877762905,1.332761020387931,0.8582619886988209,1.0853009274342154,1.4382918427453397,0.9790196235588513,1.3887357023240208,0.896544702396396,1.2434045777960046,0.6428231612484854,0.9957973016722297,0.8294203827070741,0.973246802884791,0.6083763970921094,1.042352448239858,1.365820585751353,0.9586836493151868,1.028524033038572,0.8242792135813848,1.111483398356518,1.1680629379216723,1.0,0.808123331494523,0.8446659010747164,1.059102242075444,1.0835935335600402,1.1700194958092762,0.9253355358396802,1.0019097060505102,0.6612135490548905,0.691327808718759,0.8724768592016503,0.7919957923875702,0.8692012704066099,0.9807491759046165,0.9145035898634912,0.9362317583610418,0.6224988447494628,0.7236560690551659,1.0872952107078315,0.8322485370997286,1.0542567521526065,1.182113326403498,0.7852202900932422,0.643280612702637,0.8007521415898223,0.8606895833124611,1.312711617458085,0.5813472915954989,0.8514452628013622,1.1439824944329047,0.995666223688021,1.0,0.9011539323558657,0.9552231977234779,0.6882826454957544,1.0716004108129455,1.0210016329803637,0.5577434870764266,0.9065815660555997,0.6593554838014062,1.1423673644465089,1.1848778243287508,0.807269170108125,1.3009865315693925,0.8607266357647951,0.7998880500519981,0.9279644109679445,0.9052576403634232,0.9875573449348071,1.1566907224970053,1.0784718951606018,1.021251233892975,1.0,0.7887065678446133,1.0180851714904413,0.8843590771793128,1.0611729051813668,0.8611176954393546,0.7111638571028389,1.4865766048029703,1.184789844015559,1.1774388758153647,0.7421870743162863,1.5272655066388046,0.8905755376900935,0.9406114933339611,0.8921002384559366,0.8944141330592457,1.20395924205947,1.133533095233804,1.0896469999389047,1.2660316576688824,0.9745388122495499,0.8505121367144322,1.027812252240948,1.252369325909057,0.5723245214824946,1.585825957632453,0.7363906887060212,0.8195028059601616,1.0694373230088317,0.9591200235962273,1.0611566713986416,1.1423112316534634,0.876618964622567,1.0240076615893416,0.8167448509503483,0.9350259170278878,0.8132609101780606,0.7723719172055525,1.213290224720018,1.1775679281549443,0.8405488724703013,1.0326690701336048,0.9328658470847481,0.7833463570973894,0.9179238725929965
2018-02-28,1.3066909115501613,1.1502681800686916,1.0511146626406505,0.6058110741675373,1.1448619938998694,0.4281528007008504,0.8872819068846945,0.545853051287466,1.0509459686314255,0.9050132800151793,0.6211563678907722,0.8280095322347016,1.2342507452093823,1.0,1.1363343289362002,0.8013861170275348,1.1219692559059258,1.1899784025148998,1.1365709787884206,0.8555091333040103,1.457529254598333,0.6056983053482954,1.1412683752784112,0.8923859114439392,0.8189625710210983,1.383137365154484,0.8915915996626127,1.145702734895944,1.4400105586854113,0.9880919365165571,1.3993515480871768,0.897796174375779,1.2465293292901782,0.6951982191802353,0.9953300083014758,0.84197696123204,0.9771721477850519,0.6079414819827687,1.0246204295177361,1.2875946877798978,0.9594011896586635,1.0352753218892254,0.9285533693273006,1.0450825849740062,1.1132995191534132,1.0,0.809082930376387,0.77889726668973,1.0511559635242984,1.1259731566925022,1.1973779794573893,0.9242594843136456,1.0016187421252507,0.6604922583691855,0.720884783866725,0.8714599356746098,0.8044198220519372,0.860037531225476,0.9782340427689944,0.9901141745147962,0.9880697120602382,0.631829936971438,0.7604196622870814,1.028374524959356,0.7423503060987072,0.9721678981358352,1.1777792475525803,0.8297457039745123,0.5806015936161172,0.8012028326675447,0.8097753542142936,1.287049102831387,0.6074998643806635,0.8410341045444287,1.0902801857334086,0.997696516614194,1.0,0.9559079945823188,0.9558999859059283,0.7012115167179526,0.9790124178379003,0.9580949678284739,0.4966857753671218,0.8290728073859767,0.6820981196061837,1.1427981010237303,1.1562235321860679,0.8225837757246247,1.2966886468130363,0.8611192988940163,0.9988266494724869,0.9343410005571919,0.9074839318113544,1.0716392982837102,1.0428464645899256,1.0792941318905631,1.0208380168914315,1.0,0.8024414960291446,1.0222077274107617,0.880280118650512,0.9104164972384471,0.8682137535007386,0.7004783952137696,1.4779511589718568,1.054249182641083,1.014628041500349,0.8026644009975308,1.5278527585474055,0.9110897608427891,0.9313211606788941,0.774452391046628,0.8594913201701522,1.2036139400154187,1.1763487113925974,1.1153192470747961,1.2281487834760618,0.9605800159602512,0.8924769249300073,1.041319013476894,1.2199346874901442,0.5418635609230464,1.589099392475422,0.7637743532246108,0.8162339059588185,1.0677573690153368,0.9571085460095605,1.0727414384623544,1.1304235819128168,0.8831289851530406,1.028357105171038,0.8304225993970522,0.9282197092181561,0.8160527145645752,0.7643384953797137,1.1454708923534302,1.1760627244277444,0.8337972421828371,1.0405406832149202,0.925222155838187,0.7579534366520102,0.8712569754302644
2018-03-29,1.3195498357217195,1.1434519047708935,1.0130343592232731,0.7618182139854925,1.1030532724982955,0.4276291496985971,0.8848585521022279,0.5525931806552163,1.0468846060650954,0.8885472467481441,0.6207408280501061,0.964802473277811,1.2352123835091555,1.0,1.1388834602358247,0.8030536435112381,1.0752996222145272,1.1807262523691988,1.1331722584787247,0.8989072495840962,1.452878689395685,0.605505216314,1.1461224683128775,0.8347298129019922,0.8159404736987339,1.4014721082915091,0.8868179649094513,1.1138015477182974,1.4329470506251916,0.9822805002401974,1.411280265525098,0.914345532626546,1.2403003887344706,0.7424702596057896,0.995347004991741,0.8706204633552166,0.9589321796067868,0.6073859215808325,1.0316516999019785,1.2100536226880365,0.9528071877983068,1.024270943489035,0.9243411752460766,1.0534479363600286,1.108069356672493,1.0,0.8099330969087003,0.7503122770558698,1.04235499115618,1.128511040243163,1.2103280250615458,0.8840175520216588,1.001997963660275,0.6477958104123271,0.7127320918272539,0.8721980943782965,0.8101550869898084,0.8574471515150403,0.9763799995124854,0.9378064675804731,1.0073844099789402,0.6190964771752677,0.741284882310884,1.023714140457126,0.7341450677145798,0.9274475824262346,1.1851952126694631,0.8363878143995582,0.588093005672307,0.7990209242569422,0.8196416415348352,1.3270600512702062,0.6039601646176516,0.8382037535268352,1.0953596136994477,0.9970900408558141,1.0,0.9679252552658281,0.956217194356711,0.6812303065274383,0.9881765998141286,0.935322607897948,0.5154739705992541,0.8309277052108882,0.6678489835266364,1.1309172227511464,1.1674723876115987,0.8153811798319098,1.2903621233302802,0.8618429174741251,1.0016083014212565,0.9252150871596093,0.8977033851114204,1.0395450389853265,1.0351602992666629,1.077083773734575,1.0147500475169382,1.0,0.8242650584559077,1.0085861103524283,0.8774709609793372,0.682697317788619,0.8709482872219362,0.6831375165101513,1.4716390543276405,1.0289979394099156,0.987690064197846,0.8202079442156665,1.5274095235697698,0.9029734312099648,0.9326416819678649,0.7527681071289282,0.9118529777308471,1.2015689704921193,1.1603262811519215,1.1124366533748171,1.2419589770856312,0.9794330589348021,0.8346366504825065,1.0293028028722222,1.2049826644734545,0.6237446691710277,1.5849882852412591,0.7815982606917083,0.8100574330758259,1.1285783513834404,0.9566936465631803,1.0974117965025987,1.124421676455414,0.904471229754896,1.0286145650912855,0.8260985500583651,0.9307619476585174,0.814919096137541,0.7697615437998933,1.1087921434256225,1.1733807863624661,0.8255806515053425,1.038732269986985,0.9220835622353484,0.7435057259500994,0.8403356904330351
2018-04-30,1.3049471551487168,1.1306098904313506,0.9912918171105523,0.7750352487584583,1.0748826353874683,0.438349204175965,0.8491994973716213,0.5295346672889008,1.06710287405431,0.8644637482951785,0.6195707012555443,1.1376003607775345,1.2419964995316115,1.0,1.1383810161387127,1.136127677668006,1.0261764472628423,1.0619461185042909,1.1328374193346011,0.9054598707582603,1.4672871889100128,0.6077262907305185,1.1652481630182576,0.8351493493139256,0.769286158656493,1.3969379481573723,0.8512147344215343,1.0819209129118095,1.416033585410278,0.9907707694341147,1.408861545811928,0.9285613921757625,1.2318407031788385,0.9048876683433396,0.9955838118858577,0.8218901003017607,0.9813306800311716,0.6073548826511534,1.0404385604713484,1.1852479652628758,0.9531039449467114,1.0188452366713137,0.9857963063744896,1.0374406218416763,1.123998748012101,1.0,0.8076748540757209,0.7214852614176466,1.0091037808588048,1.2602170966358615,1.2177656861155608,0.7656342000164946,1.0018615923388143,0.6378382989246187,0.7235424581335794,0.868478958454538,0.7976263364329524,0.7809049266587467,0.9663020506603324,0.9009147144770704,0.9910113164438417,0.6250238455348989,0.7213160073202189,0.9692358648705821,0.6871747575721185,0.9468542118939177,1.1874633056339023,0.8783296700711906,0.5907257563152475,0.8226454150981476,0.774146157896457,1.3504985294276708,0.6332201051592455,0.8133934089791741,1.161932749447404,0.994518062794753,1.0,0.9061243192793336,0.9550538637303511,0.5977546611960107,0.9818410894674914,0.9090686869735981,0.5415028394039098,0.8624623322773786,0.6714102096155852,1.125180792234319,1.2503746989385263,0.7216695543800153,1.301050250030233,0.8633031937019239,0.9288088934117257,0.899770330696736,0.8652908371409158,0.9504587408922562,0.9028364793438379,1.078363227049324,0.9979406099373054,1.0,0.8040656519383849,0.9782219817259317,0.8727292854078252,0.6810862879627368,0.9174105603537324,0.6442940348999038,1.4507077467927911,0.9959006632162789,0.9522690535106593,0.8415326723304847,1.5286157319555997,0.8763708629623793,0.8285945122404421,0.7582204982476607,0.8911926191394006,1.2013171754528522,1.1756601014585266,1.05229527493379,1.295899471555676,0.8611466055131034,0.8275325023995714,1.0403353124557506,1.1795266957466615,0.6548126696606074,1.5837534349507734,0.7792362549978198,0.8287046660371056,1.1646888394758088,0.9561213609770963,1.0572621165827378,1.1154341346659395,0.9008006912414739,1.028491088219294,0.8120499312469245,0.9359036738939688,0.8159385341365794,0.7849083963441159,0.9481679428461437,1.1209935274289888,0.8125106281026884,1.037161302907485,0.9201885789403644,0.7389899610848933,0.8021585344611211
2018-05-31,1.3208709436944366,1.0969680264420059,0.9889048541068433,0.8586985685177908,1.1185208805728877,0.4421589613105871,0.8825212861088512,0.5106095395720927,1.0770499195054744,0.8314504302033234,0.6189874428206072,1.305871827081397,1.2644580436304342,1.0,1.1386413271630342,1.20851732463462,0.9515086690548271,0.9576076009523573,1.136560825859822,0.956729360111944,1.4721994957760884,0.6068510113299795,1.1797491871837815,0.7811421020486542,0.7370551517949826,1.437884497138041,0.8500197829900886,1.006339993291334,1.4147719497756608,0.9932841948434633,1.4110202249867758,0.919131623343748,1.2253776416030326,0.9255077849083798,0.9952189837339575,0.8315340094994015,0.9852116977661203,0.6073659506364304,1.050549030103758,1.1196802137765924,0.949513491364895,0.9962061827889361,0.9227124366303364,1.0323478755558781,1.0976072465899083,1.0,0.8082632682390274,0.6813918735633455,0.9737179567926305,1.2348328130444115,1.2208753703228852,0.8628000718691424,1.0022657141113178,0.657092161666708,0.8042392818406702,0.8653469382455613,0.7950887527742194,0.7612299741596437,0.9580862436019864,0.884631313687946,1.0306319834539985,0.6136081433829319,0.7077238858135382,1.0325786175927059,0.714555654232657,1.0119108005185198,1.185513078300931,0.9232018528295385,0.5943565795139389,0.8073672272646057,0.8167913195874188,1.36257162000916,0.7957233451562046,0.8049052517982619,1.1632507069796478,0.9942863165698018,1.0,0.920056231943874,0.9556818251657194,0.5982190340978869,0.9922642062127909,0.8770664424881209,0.5269816537065668,0.7382111143418256,0.6583136987083926,1.1907211171627328,1.2197888951965232,0.686006125045723,1.2857775133087423,0.8625693500266325,0.8879670782226562,0.8787487396064324,0.8594556429644223,0.9684144141038963,0.8582296885957739,1.0809845548602193,0.9862542315884626,1.0,0.7831150895265553,1.0565834900210078,0.8722247867176368,0.6769337327470563,0.9417311827205638,0.698766525519357,1.4488953202402253,0.9761126390883186,0.918911144635698,0.9453959519183177,1.5286806313299537,0.780973693584023,0.7956734690464239,0.7530991899086101,0.8747507703733771,1.2028826914273978,1.1701329645794607,1.0257580703673506,1.2707214049719227,0.867569164750222,0.794391435920835,1.0354426405062054,1.1017065291687762,0.7169307635064511,1.560876474266475,0.8014006965065974,0.8330949204238436,1.215593520978391,0.9554528639884751,0.9484979420620115,1.1308728027448143,0.9259851511210372,1.0294564309249599,0.8604387377330394,0.9339361749981556,0.815126208152207,0.7884456296436293,0.8287856663419306,1.0712174405786399,0.8063169587232515,1.0444032060435102,0.9188223178016133,0.7304565718710031,0.7641363762806936
2018-06-29,1.2287476441470995,1.0884258583020838,1.0444475509469981,0.8655578107073582,1.1061021512132347,0.4356779609690624,0.8251202892987037,0.5011994310890666,1.0183046098500934,0.8296399728586236,0.6200384719071694,1.2457350990617646,1.0909296466420915,1.0,1.1294996178907768,1.19473793687808,0.9783960648645664,0.8623838468166871,1.0779972730620562,0.9149374314654035,1.475279348258884,0.609291515573448,1.1554177869027544,0.828621133924429,0.7295928041724729,1.4277652196352086,0.8563385607242927,1.0314358382334665,1.4186900544404428,0.9620454079783198,1.3696808416576993,0.9275962398573877,1.2331882876383602,0.9661402804167853,0.9950724404289637,0.7912803786734102,0.9903088287648524,0.6073687952233837,1.0089455828046565,1.0690854604313562,0.9580664484131731,0.9923148943712563,0.9675597446199597,0.9495651150466916,1.0476378156070563,1.0,0.8064680045435876,0.6416218369622031,1.0146360984865435,1.2681134905857356,1.2227160820462988,0.772443197255035,1.001841153920345,0.6223758260809142,0.728556340320129,0.8793208704341463,0.7931883705810725,0.7994666849278199,0.963420599404715,0.8309144053639091,0.9372962960633631,0.6176203557485707,0.7218382440748395,1.0081365417834394,0.6960215609255196,0.9957978407057162,1.1875628564457863,0.9373730514826079,0.5916969779277905,0.8301142726370259,0.7782000714579754,1.2549241692761977,0.7439496352679271,0.8101788424567111,1.1362754944161273,0.9947670034507651,1.0,0.9004273754662504,0.9546265767999442,0.5967420907144338,0.9763757885396463,0.8640446880212739,0.519421732213832,0.8442968165660505,0.6489302931369376,1.1821665464275544,1.0859224652422796,0.7565689686994135,1.1553477818794589,0.8711065313007869,1.0889737874042593,0.8839606778443995,0.8577076466141561,0.962449699492096,0.9837568842251287,1.0728772780802518,0.9919870495271741,1.0,0.7588809412354021,1.0289713593085585,0.8725763295911227,0.7127030322683074,1.0506731684701127,0.6485893522582669,1.3945266235877902,0.9531823866042525,0.8844478508372106,0.8727139415710405,1.5280058650667385,0.8656134475091588,0.8385461320417431,0.7335838080386703,0.8724487811993029,1.2004595365236417,1.1609304867252555,1.0565677450484736,1.275497309981124,0.8192395384666677,0.7996421932687234,1.0343642422607895,1.071188854255697,0.7464489988578513,1.5738281258202151,0.7824170715288347,0.8261765049713097,1.190280876078764,0.9544678507055434,0.9210580009921658,1.0912878165643716,0.9046614103781216,1.0291812510937404,0.8477411802192482,0.9384287514098967,0.8187945543842761,0.796190449070625,0.8626406614899038,1.1446194210753862,0.8109763503865525,1.0375477899103394,0.9187137597540899,0.7306316101209842,0.7947269355044727
2018-07-31,1.290983960409552,1.0822977867613515,0.9876850011924623,0.6600019439234844,1.0599463496227377,0.43979138282951025,0.7958395825118432,0.5126808723077183,1.0200012126594853,0.8363121061524994,0.6200814710372953,1.201372696903342,1.0884314073651387,1.0,1.1349882247933216,1.322102269910163,1.0207811834257705,0.8477934160744743,1.048552283336397,0.8648141766014622,1.452787735597953,0.6127413077193702,1.150773120572671,0.8551570291130148,0.670937293832347,1.420544761910141,0.84860607560256,1.0547067369862577,1.424058783075314,0.977621005369556,1.4094247719468815,0.9437123996655938,1.2247287556401683,1.0256810845553217,0.9946710223306301,0.7870235640855625,0.9807326261772874,0.6075168436615725,1.015792162933138,1.0716286756030728,0.9548459892810341,0.9934531705978364,0.9654089774271437,1.005850678271922,1.1055011319828352,1.0,0.8045314497414748,0.6397690313121904,1.0229746561800925,1.1810104380345332,1.2229410049577623,0.7023494323218763,1.0022973490609486,0.6126483598916632,0.7065773424924489,0.8842379858372673,0.7899555706186541,0.7921664409483595,0.9650944350435383,0.7277525675495669,0.915145070349076,0.6187327111386014,0.7289398255482051,0.9709197874378579,0.6921556416280421,1.017290544879753,1.1853875789819839,0.9299905714392188,0.5982110524851283,0.8464709448111403,0.7738511627736463,1.3694473050567553,0.7504764255939891,0.8212535419898569,1.1395620604058616,0.993504000054066,1.0,0.8211321948973156,0.953483612412813,0.5941250601504123,0.9553098329895652,0.9103854304811039,0.519933864304319,0.890495676953482,0.6653360675246665,1.1642067454031086,1.116135829985558,0.7696932798854597,1.1736673244362013,0.8688035982141531,1.0144796715906803,0.9078076320138462,0.8730445075806506,0.9323999082266725,0.9015126710380806,1.0729526661230924,1.0001080320007412,1.0,0.7886779944526371,1.0834079279989668,0.8720548305946669,0.8883801953807389,1.0008721315706806,0.6467681654517949,1.429482002729423,0.9655750595869583,0.8956575579956538,0.8763627448233638,1.5287861745716733,0.8956489356108792,0.8278566243506698,0.7317653743619328,0.8383337282101913,1.196393548755688,1.1501827883347515,1.0964224207300206,1.30985305329292,0.8508033876266514,0.9235554499386363,1.0405161319538208,1.0533374373295181,0.6938869288312898,1.5713517973769013,0.8231265384864734,0.8137596366087727,1.154992713670824,0.9555019577106637,0.9283806369680201,1.0442338696788929,0.8779900866734186,1.0296482285274842,0.8568065728020522,0.9464102114112494,0.8495115100053601,0.8082490626213412,0.871040787341999,1.1397270726377033,0.8084828774137093,1.0183810445959254,0.9193973312093663,0.7404189567110164,0.8573122303153423
2018-08-31,1.256136035364837,1.1108986424392011,1.0260681594729293,0.6977445312024717,1.089873305021939,0.4367574614285328,0.7934124872581265,0.5022685661527708,1.014424506911611,0.8389272400782091,0.6193472580999989,1.171819067359089,1.086312474636782,1.0,1.1366276322156972,1.3775691780884416,0.9967518218094267,0.8280910889257901,1.069724477599187,0.8373532255513342,1.423486574780015,0.6119429339391944,1.132975068071925,0.8455470877053598,0.6712763796524185,1.3926835054242255,0.8380266704399773,1.0526882269730946,1.4191402303779845,0.9702674488072305,1.4082859216222061,0.9467918386286478,1.2455000282404434,1.0237873160336581,0.9950089783006135,0.8102528463337056,0.9749421549541238,0.6075852067755676,1.0128334024946466,1.058844675341818,0.9607380224439058,1.0328586896718,0.9738673735983254,0.9795473715400312,1.0840265892942995,1.0,0.814194873190489,0.6313740362741289,1.0293205557269383,1.0158230845222176,1.2277234374252408,0.7218300705479291,1.0023110648641531,0.6291828889466662,0.7396383058624967,0.8810424394123939,0.7906982371151186,0.7845194194019244,0.9638848411438745,0.6340137249902583,0.9016526411038023,0.6321471362162471,0.7319542071798839,0.951169821726886,0.691666075735818,1.013880280915921,1.1874977274432197,0.9650363693281647,0.603757609368123,0.8384178324949098,0.7988638848411898,1.3442230066311982,0.7005499759365219,0.8147581123379669,1.144716368354095,0.9934250089427186,1.0,0.8355866261355812,0.952901555932229,0.5927726616519933,0.9206949218428099,0.8987377503541601,0.4916256226749147,0.9510102916643065,0.6545009897765988,1.0940966928695284,1.059660439093679,0.7918034618779428,1.1849698070946313,0.8701996510503316,1.1501670154193828,0.8946432645630891,0.8638257920955459,0.9172777417019149,0.9014429438822866,1.0752856045661443,0.9931838740670583,1.0,0.8335747052084614,1.1282705132279713,0.8700258596549633,0.84119700724053,1.0530153568731828,0.6340878447548488,1.432342572840935,0.9743365328342427,0.9128164308101324,0.8384014754373846,1.5285895310936515,0.9212716872928657,0.8019905431353674,0.7320554576386327,0.8447631229450232,1.188766781615786,1.117436376655435,1.1185578921760149,1.3330169011513504,0.952811313263081,0.8730825099287755,1.0375556276403721,0.9452990286848839,0.7000210736557837,1.5793253856987066,0.9753737987818151,0.8584369810211889,1.180645811035539,0.9539870102971287,0.814628857393212,0.9763160984054466,0.8907998407038545,1.0300724646137407,0.8632991336441843,0.9527358526870237,0.8425208891296746,0.8097256983220988,0.7340377928138975,1.1302012033287094,0.8064246009291395,1.01002861333554,0.9187560276016368,0.7318853238583172,0.8082654954481935
2018-09-28,1.2262317888563647,1.120918178244537,1.0240656578315306,0.6631926022431902,1.1107833275748635,0.4416224127968623,0.7862716419425629,0.5271454141632437,1.0043417133227355,0.8566913432367393,0.6211986758922137,1.2254223473737573,1.0267883081149847,1.0,1.121681519300884,1.415039011992753,1.0717904624708914,0.8444924075137032,1.0191932856021824,0.8085497218516573,1.4485769474022572,0.6480420147427028,1.1372012277367858,0.8808517189004094,0.747546770403073,1.315124242287209,0.840135253872208,1.0507416620954086,1.4353472167549726,0.9808869919446556,1.383301064028455,0.9172691969758792,1.2503879988292996,1.0450950179625698,0.9956786146027935,0.847939479647192,0.9828149766657511,0.6079103281352904,1.002950519409341,1.01269559409363,0.952263480352616,1.0204803681491068,0.8620076300850987,0.9517721767318011,1.0490501725540593,1.0,0.8127793231768718,0.6233807984327222,1.0466452788999743,0.8361608294963865,1.2205142981685277,0.9729609044285085,1.0020600522750918,0.624849641039878,0.6922662512445812,0.887229762814765,0.7836962066227999,0.7931881957666513,0.9702746328213984,0.6447842095920966,0.9429277780850097,0.6267006555065558,0.7344220647462976,0.9981880965722243,0.699837182796152,1.061633906450324,1.1834508054649162,0.9971779151222737,0.6353253954649503,0.9100528348097845,0.7576043039233181,1.2859173344033072,0.7144630601969926,0.8192542605721436,1.1641307067526057,0.9931701690267425,1.0,0.7761923107714872,0.9532549536172433,0.5924970148915647,0.9574004985822608,0.8928092535823012,0.540468363891665,0.9498321438457169,0.6897867635528483,1.0915186694100623,1.154112223587227,0.7925461717831448,1.133382276898818,0.8753911269460578,1.0868633604342568,0.9205141003811205,0.8747456035207304,0.9244882161337763,0.9880873282118428,1.082967083020166,1.0024776982835126,1.0,0.7908348189844266,1.06539902550321,0.8733181109741559,1.1830579678656457,1.0445589474258912,0.6173110301123976,1.3650717803242358,0.9620083088594271,0.8940908903580547,0.6855414474555414,1.5286473972581727,0.9191807617571103,0.8316265838784868,0.7317132912336619,0.87150778497631,1.1864673221786508,1.0902819787333333,1.083558394049522,1.3186350515161562,0.8814596693294632,0.883857877863798,1.0190825515140702,1.070851747610832,0.6756350861727535,1.5828411350102738,0.9490397424927396,0.8537936738493221,1.1386611347784419,0.9545200634870001,0.8495893264220045,0.9598638486068685,0.8809665746643178,1.0304658865833425,0.8958682175173174,0.9375433658247464,0.823492908986096,0.8060603780151014,0.7508168799852116,1.1509094804674935,0.8104708852253837,0.9869171233314386,0.9191976023471977,0.737474411158531,0.8497847991389222
2018-10-31,1.2568907341578663,1.067114017103701,0.9773085863683324,1.0023561012671973,1.0436489040907209,0.5437727557302157,0.7853396803658409,0.6513456093521992,1.0010060651753432,0.8322951805738016,0.6346323658065292,1.2891738022154153,0.9807442565772857,1.0,1.0977097519637986,1.4340839077398977,1.037784751272971,0.8718276869075561,0.9943401587959296,1.0294067946550687,1.3809537537381176,0.7140612518336664,1.1798791235018937,0.9508954291948531,0.794407699159626,1.4297954724175415,0.8294175487809938,0.9745085794969742,1.3882197182408822,0.9748654156049237,1.3455791358533182,1.1424004600010647,1.243294838285028,1.0501277278319605,1.0001268550094387,0.8511450240526406,1.0016323850725097,0.6087787903484797,0.987380791997566,0.9720625521694517,0.9519052381638851,0.978253272114031,0.8349666927063023,1.0753506070966214,0.959106408485312,1.0,0.8069911238137113,0.6717185165048014,1.0744882346716558,0.9619504317617664,1.1819705473924715,0.9642060145561675,1.0021662479029754,0.6423256072116327,0.6964335760912788,0.8935269656307742,0.7817013968874784,0.8024810613737432,0.9914120512947976,0.8587946280510099,0.8512301764546576,0.6181032782619552,0.6911883291641336,1.0733408135160325,0.881636756238112,1.2199751542109456,1.1856565613919923,0.980053056251942,0.7453235570304131,0.9265558003732995,0.7858764624529129,1.3330601176881234,0.6959240354422903,0.860972519646508,1.142182640687527,0.9912716750330511,1.0,0.7111676374944853,0.952689264353944,0.5923473171829403,0.9732051852802223,0.890452530659958,0.8228561120801496,0.9617489700374409,0.7103171770762334,1.0756451333507986,1.1163954720564664,0.7819635004270429,1.0996154294432365,0.95651577798547,1.0429139347885457,0.9656224858762481,1.1219771194108128,0.890640822796215,0.9395985724409515,1.0839349816044086,0.9951739292054013,1.0,0.7306707505489796,0.9988232779978533,0.8734706330695088,1.2914345336935968,0.9071767658034946,0.6190034525881352,1.2920680888519835,0.9545308698200756,0.8861458139688202,0.6587364283265085,1.5285222249611596,0.9022262896871062,0.8478361652701824,0.7313675386375936,0.8902332429838908,1.1614450427498975,1.0291062263311084,1.0395167025551086,1.427114476586949,0.8811893209786072,1.452029882944372,1.0156340317433195,1.1477592459124488,0.6804579931336918,1.5618244257123468,0.9348482033499199,0.9176634933054248,1.1466862015672596,0.9580950528229997,0.8989091243560563,0.9249282072769439,0.8241715041297213,1.03148868527433,0.9895845389956746,0.9393025237950613,0.8470167255981005,0.9958543099858694,0.7363948505924081,1.1711107638314797,0.820410555919075,0.9565465486632472,0.9196922658796265,0.7410621638012767,0.8620042115207727
2018-11-30,1.1001299359092567,0.8946224626408369,0.9769494214657877,1.0063326216297872,1.0171954604193179,0.5163544959408927,0.760581915307497,0.6612802963423846,0.9951665859162342,0.8268955191918842,0.6342994513370253,1.30889288530014,0.7874838525962594,1.0,0.9504191865275484,1.4579625566695098,0.9612755376089671,0.8756193883063402,0.9891069746791133,1.03438067852934,1.4333402321097841,0.6460947349423075,1.1200591071257233,0.8948629442011508,0.7960452161851084,1.4543005168661505,0.8257945481679991,0.923014240996152,1.328763889541876,0.9572182275950236,1.0034778170023373,1.2382773488867937,1.2348118115083468,0.8495685828336941,1.0019692422709185,0.9748285633789888,0.999133283683973,0.6085614654908331,0.9528527286889888,0.8873467770989049,0.9529987857608067,0.9803999865547931,0.7909289382858761,0.9174891085489112,1.0134010451860822,1.0,0.8068848057087274,0.7214564878017641,1.053836833360815,0.8193808060508568,1.1424516184577658,1.1078580132003086,1.0019212008077023,0.6605882237205667,0.6697213991758991,0.8932758352381972,0.7815177184551061,0.8026950214640998,0.988096959681369,0.9468732187111842,0.8210574316491437,0.6346927377859879,0.7254736738590284,1.0833429911531671,0.9166382139977286,1.184544780341624,1.1497080128313784,1.099739963753438,0.718547469254097,0.9681509006833023,0.7433282249314864,1.1531749791499186,0.6481365950345073,0.8721248277139185,1.0011882030760726,0.9949149235514197,1.0,0.7112853396838394,0.9533947422635579,0.5913274484626916,0.859513881879157,0.8988998871578525,0.9412645454304134,0.8717236880347494,0.6996076145901639,0.9810898706663369,1.0852553764769457,0.8016881239624394,0.9187291865875631,1.002489376017142,1.1059437904243952,0.9563066233128631,1.1036259884114838,0.8643825607468504,0.7459547551124888,1.085837615001095,0.9802697309742876,1.0,0.7221939582361099,0.912693107907278,0.8758043454852136,1.3025225616029747,0.9009925667384102,0.5847256356296471,1.04132521504808,0.9402408604051731,0.8669486453349661,0.6628083191924794,1.526867612757234,0.9145369235901417,0.8519335918243726,0.7311056195813442,0.8397294805538913,1.1312660992254138,1.043647070720503,1.0141205717866353,1.354068469380603,0.9025957889841507,1.4237442852151856,1.011719876979426,1.1924362156675792,0.6449808270163332,1.5457585553639848,0.7836868514583996,0.8839427459163227,0.9777600690719026,0.9635346118671876,1.0282592251675053,0.9197874432706881,0.8232111908703754,1.0322970791383204,0.9054782160263187,0.9158422967360674,0.8472078533087928,0.7718542124348751,0.8063309870100035,1.1743581395634666,0.891663273669353,0.9494787272765344,0.9214311277544017,0.7941456587778863,0.9134943499668812
2018-12-31,1.0610555056570001,0.8962191687870757,0.9723172480347194,0.9449943406210359,1.0337315972854466,0.48155960683376897,0.7605196117498741,0.6530353469652495,0.9944644498421144,0.8689703602454697,0.676622940034873,1.2581344630154883,0.7567280294683365,1.0,0.9252589510010494,1.4601944862749845,1.0340025525430185,0.9267198991845206,0.9631042094484674,1.0817254838986687,1.4239009755985557,0.6368276539170755,1.0796129614685943,0.872994308062746,0.8244224171272149,1.4560234815819004,0.8204076446814567,0.9592200650249301,1.298754536948893,0.9566475427254634,1.0076966859345198,1.2268011734339264,1.2399086984416134,0.8001015919007965,1.0008795710845284,0.9975426401418479,1.008073300429056,0.6099855372973715,0.949989753325406,0.7794116579414014,0.9494185411111901,0.9988231571174224,0.7635031083238875,0.8850898544485061,1.0300331698636669,1.0,0.8094410749879739,0.6555884181241457,1.082896890749955,0.8343799508964623,1.1256994593038594,1.1247772101362217,1.0016792893753,0.6884985425750146,0.6984468840257112,0.8854323872532499,0.7826819449654423,0.8464984587112362,1.0082697419241728,0.9373807894591589,0.849559009593936,0.651685662611978,0.7388872921475913,1.0178393673013926,0.7895039913952804,1.1203393564583444,1.0907287938881558,1.0748264918327777,0.6715401668924135,0.9488601270762659,0.7077264658057232,1.1141090502943074,0.5999643651676126,0.9126117461750215,0.9246226110691778,0.9951312512494538,1.0,0.759944886677229,0.9539231559839579,0.5904412636284666,0.8397355431708566,0.9162259764515192,0.9493499469448664,0.9282066545207807,0.687040861227466,1.0107210782838938,1.0682271886607018,0.7989190830270801,0.8940162564882898,0.9577523757969052,1.205445480753498,0.96786717808312,1.2790897749432213,0.8608746009455253,0.7471470999715442,1.0859087541124788,0.9903281714815434,1.0,0.7172949702863882,0.95601471961192,0.8819248195836572,1.313277975428929,0.9346391149429492,0.5529552173038742,1.0192505253913373,0.9313266993157366,0.8493109052649075,0.6015351471600098,1.5275526193624196,0.9589035483352104,0.9730810947952454,0.7310678562839426,0.8136276480327761,1.1260576155193918,1.0614270226610316,1.0683535114991702,1.310047128642939,0.8889656432201466,1.4374032864889108,1.0193873975921888,1.253951312435273,0.5528663165066801,1.5251350704096445,0.8019755328639424,0.8783223508400101,0.8835723729941156,0.9658095663559718,1.111403072561063,0.9249011874962669,0.8109129878681555,1.032607841459288,0.9005970334129502,0.9091659835561433,0.8275982143666183,0.7706934573817801,0.8614339655880359,1.1807412285857406,0.9622715279829945,0.9443331524091875,0.9381412943610082,0.91432786075951,0.9774386156824908
2019-01-31,1.0569584921617619,0.7755218463311269,0.905639410680009,0.9951188227947778,0.9181678324002289,0.5195466780803636,0.7606302944522247,0.6711178984978453,0.9978230126008506,0.8613957873756267,0.6954001593997332,1.256901313717582,0.8914793151013738,1.0,0.9142518389891856,1.4605406806958192,0.9792054015157291,0.8923788421176082,0.9490532166656687,1.178519437731016,1.3301333059586766,0.6319313321828484,1.0495148053415972,0.862552347472064,0.8600087690417313,1.4445125221359043,0.8212093593494969,0.9056575092271731,1.328256768026712,0.9567297234106331,1.0786810603150547,1.2136047856244463,1.1671820237298902,0.7422873077254883,1.0027794531567438,0.9897965494783544,1.0281073236656826,1.3539189738701551,0.9700320038479652,0.8837545117042352,0.9476351949867725,0.9847103435103254,0.7563991351348074,0.9129140562388866,1.0219349198501098,1.0,0.803743799914199,0.7966389375696068,1.0707185554570335,0.8536733002992596,1.1102350542430601,1.1601162285884998,1.0013383406333758,0.6639929030416261,0.6553477368659351,0.8892999134928888,0.7806137493540863,0.8471733233157722,1.0025791350853195,1.0372659362113186,0.784548096199947,0.6400655939693656,0.7295721931556969,1.1342287467162113,1.0326222609196265,1.1236375560031213,1.1076331521004057,1.031150474105684,0.7020456869009473,0.9932201906877755,0.7551437767570897,1.0942602489990143,0.6132820220738409,0.9140851234054802,0.9166081864297674,0.9921618842863628,1.0,0.6558633554147839,0.9532692001524853,0.590624702819259,0.7503038241803565,0.9607032818092972,0.968870037788741,1.0232777968870532,0.729703387123962,0.983685874528109,1.0605117381839488,0.7737139439292788,0.8162496229647077,1.0328389429032938,1.177677643327543,0.9704155776664124,1.2231097026073305,0.8457545845679095,0.7418254937953888,1.0824546766640752,0.9859856689823976,1.0,0.7091251901418176,0.9542620278379251,0.8759260828519656,1.2984459614416057,0.9112788903681158,0.6869058163874968,0.913626480776953,0.9344939038915162,0.8635531872810034,0.7662700598302848,1.4636453591681406,0.9245288806164196,0.9689515960656634,0.7310155424118041,0.9443747306432204,1.138564339459624,1.0080502642178997,1.0493815632557064,1.2881562873600123,0.9373679188309438,1.4266853241545963,1.0123515238977567,1.2415947474040412,0.7429153389460861,1.2357678421672535,0.799184127133644,0.8424976878596753,1.016903673303593,0.9683748545755841,1.014475640846203,0.945970566506555,0.8200623577273425,1.0329394923983237,0.8788487524243979,0.9069683817058409,0.8192760837903612,0.7715940529336367,0.8505861423676562,1.180652755303339,0.9597734652951216,0.9462005996962457,0.9337382788549481,0.8489466151919485,0.969604731735345
2019-02-28,1.06876691519702,0.8292229493887597,0.8091494550456977,0.9228746205468816,0.9319150751778652,0.5675995942063097,0.7605519855847469,0.7053434526297083,0.9855198670594429,0.8665009793987275,0.731481552075574,1.2005424827599984,0.8245003018179193,1.0,0.900574565718712,1.4557092607518727,0.9091989051638042,0.82495934894574,0.9949314936523689,1.2224384734539826,1.203223470130688,0.6653606223708473,1.113195140562223,0.9445227344520065,0.8042526575200397,1.4425614675507281,0.8237549475417716,0.8940111914562878,1.3687419871860698,0.9580040414938954,0.998801214461321,1.2237455923321512,1.1079829637856227,0.8030377980263916,1.0019683153042358,1.0839945998416383,1.0264290181528912,0.9421583770001574,0.9362931487675693,0.7498477099081355,0.9508925129244294,0.9701548273766726,0.7414596420392925,0.9076676753789534,0.9999308728828908,1.0,0.8087765838322151,0.7603154938334038,1.058848545664299,0.8287909530909076,1.0880000181391907,1.0926233637687583,1.0019249980925904,0.7129488717659053,0.6934161237038252,0.8796882232448944,0.7813780669236856,0.8561280931685435,0.9942860143271632,0.8677031473415657,0.7930229799138606,0.6704682459104778,0.7119584188751005,1.125521016733333,1.0606423808956769,1.2126144805244354,1.1537904407556019,1.0025284369552627,0.8060723688836832,0.9500531598876967,0.755175146452188,1.0802000766474873,0.5992655389335106,0.9295687882762007,0.9424371066645645,0.991771343422391,1.0,0.7508276422579685,0.953500414491281,0.5908718180705295,0.7709735313797726,0.9278232250423372,1.040556740176302,1.17328157342025,0.680909710479486,1.0032951079493833,1.0738135307702061,0.7529054671296818,0.6720901034853743,0.9887874283640176,1.2079518627602845,0.9505761299561576,1.0854185881120648,0.844041510136323,0.7530559209438523,1.0798260750905204,0.9765762991117787,1.0,0.727848642944691,0.966733529800175,0.8751994374438729,1.2751494895486104,0.8965681618056572,0.7090029914955498,0.8625569220578182,0.8130027813762515,0.7414119138920792,0.6540466434456302,1.4323383627018351,0.9315414774976278,0.9744987785929895,0.7311170426087894,0.904690268114759,0.9247467128532785,0.962402906191258,1.0066553027555631,1.2774501050884601,0.9085149496268858,1.3970176127378577,1.0088034456560124,1.231836934888828,0.7869540467004554,1.1741125553586498,0.81954730360866,0.8614251868119351,1.0571894962506474,0.97018393190622,0.9576291095182218,0.9208702473059172,0.8331171088101795,1.0330191909077604,0.9847721106539384,0.9135774970444662,0.8340351499463831,0.804249969631039,0.7604895375238708,1.16975871817724,0.9724609778089,0.9478635233011392,0.9415839274720006,0.9401373643600076,0.9836647729649276
2019-03-29,1.0534589248384645,0.8497446960398924,0.8452848681670577,0.7631305249822996,0.9609520738046212,0.5085928360488661,0.7605493896523322,0.6914501562934895,0.9875778825032808,0.8870716038247434,0.7297658490036979,1.1946109271686862,0.8278166135721823,1.0,0.884520824741146,1.454393607291614,0.9597973088658307,0.8433815532913701,1.0400611785539704,1.1331377303140104,1.1588929650070559,0.648337812966167,1.0985050652122343,0.9296162126643017,0.7688400262056836,1.4398063234862286,0.824156422278997,0.9090020199389548,1.399640836478571,0.9571706931510134,0.9594734791613841,1.1993452271721154,1.1935912691270214,0.7365962542116091,0.9989966546873399,0.9793975312819585,1.0256858869350538,0.9787764126025631,0.9352076581427589,0.7672895842957628,0.9489214951246173,1.0075090762354817,0.7455931820640087,0.886884653000396,1.0078231573062366,1.0,0.8129014556982739,0.6970086853336479,1.0550959714929378,0.8376279828770751,1.0922867029069334,1.0825257897503113,1.001098060903862,0.7205598858547401,0.7079988630759211,0.8770870615110803,0.7848767982650681,0.857485730277696,1.0018514666449783,0.7313746276082826,0.7892720608634505,0.6602105726869895,0.7263872752774032,1.1012038146393044,0.9433141459351426,1.184122850959371,1.094077251075347,0.9960563788417628,0.6928876364273668,1.000559314176594,0.7462556883015903,1.055152455119936,0.5840644662322563,0.933396431643005,0.9297863983829504,0.993685475409917,1.0,0.8047556324391336,0.9539598637181184,0.5904129642216368,0.9710244278767873,0.9161445561939952,0.9556958880610782,1.1525630955206299,0.6929130637725538,1.051205917740789,1.0343942103754946,0.7648653088065307,0.6914089902937783,0.9649562818278217,1.2278393029910255,0.9579933847394899,1.140003556153159,0.8493277045494889,0.7790264185541111,1.084274849534381,0.9887564361388554,1.0,0.8073233065706619,0.9368217218429415,0.8753582546221609,1.294515532780031,0.9486845345023721,0.6772348487812497,0.8885108553983392,0.8432691277003403,0.7544012464278003,0.6681621410652343,1.5076865596549893,0.9535946868753955,0.97439294514276,0.7311150823130175,0.8750310112373703,0.9458349331286924,0.9751372072872894,1.087176554873084,1.2550442180331933,0.8699692983210882,1.4228897522129005,1.013675933756656,1.2631974021014667,0.7390985595722146,1.208895961118107,0.7767322029462699,0.8451504732673143,0.9919260624818473,0.9669279798331195,0.9291719436796837,0.927474804814838,0.8283173532841195,1.0323725852725585,0.9299355277154318,0.9124369087570833,0.8224573705224327,0.7732529365316695,0.7640315282086276,1.17554463112339,1.0104153002855456,0.943493633226337,0.941628215948646,0.9555571696393317,0.9772443399956541
2019-04-30,1.0829215062930548,0.7181144113901328,0.8147142339617125,0.7210171346679174,0.9973726640446821,0.44881336513641756,0.7605097744762671,0.6497818261430351,0.9915723800161675,0.885097315689994,0.6880170643576999,1.0266243516547227,0.9487330052344929,1.0,0.9152829185617761,1.443757171699275,0.9707953640980737,0.8922967536087704,1.081007053662695,0.9805033000171821,0.9869440465705023,0.6855639027237506,1.0784434993916785,0.9070575295282158,0.7415308824332743,1.4359980438887063,0.8229976292372593,0.9295090967174064,1.3898977652119133,0.9563077997108037,1.009931998317004,1.1582571083247561,1.1585151153583526,0.6290584429577708,0.99730154134302,1.0945732332670317,1.012238403459941,0.7518603677902318,0.9516726448426298,0.8320688656803575,0.944307285060227,1.0352873411456838,0.7417406007100862,0.9135093081725756,1.0183518872872501,1.0,0.8432710445535241,0.6675182945415956,1.0719426159794352,0.8020824413752099,1.0916896413928483,1.0783224453271556,1.000896498446252,0.7249386944115281,0.6794386348644085,0.8799007676459061,0.7822259272858101,0.8612717094788587,1.0003690166200987,0.7364416339599298,0.7903951603251809,0.6598974486883529,0.7634097881110353,1.0640851420331212,0.873105119821726,1.0943534422509928,1.1367582492693957,0.9681069035134254,0.6706824255294852,1.025628251252247,0.6928290694596847,1.0685252297787613,0.5765533030819471,0.9317616129445732,0.8862532276426268,0.9935186873373881,1.0,0.8455193608287307,0.9543953405311434,0.5895387619310506,0.9510913686379734,1.003142953412224,0.9659612441451881,1.0938074862443918,0.832409952429308,1.0292066533917448,1.0502471076195081,0.7697819931480617,0.8564436217050374,0.9239203426541345,1.2252073745998842,1.0230079779972243,1.210101265618126,0.846914663605099,0.7577381025389345,1.082916983718852,0.9898841430325925,1.0,0.8374487854125582,0.9647817425826181,0.8758326253151899,1.2917280266919626,0.872826584392025,0.6309548642168827,0.9770291027424117,0.8388085756861071,0.7377077708849271,0.6486510466577304,1.4314630107531021,0.9411746916011865,0.9700697934707777,0.7310807482018007,0.8731302522227447,1.0371503170887533,0.9409747762768373,1.1140071768629796,1.2577411800793792,0.8461246891495209,1.4499846973311865,1.0137419622801649,1.283010403730952,0.6154464340210317,1.1613805100896089,0.7896748976243086,0.836616630141525,0.9258719778787011,0.9708858543341063,1.0872029881524785,0.9513106374587643,0.8233455890233943,1.0286697431942124,0.92311874899801,0.908854658112834,0.8184174391366908,0.7665928465896561,0.815034340591953,1.1711314317754533,0.9997677314121988,0.9493888152702994,0.9527522749817898,1.063191026290159,0.9774699535309415
2019-05-31,1.0921237573809461,0.6476835018675365,0.7955587364677688,0.6449540774891906,1.0167542636857756,0.45066449671378395,0.7604995363459739,0.6962391944492106,0.9881950333094175,0.9524772566619186,0.8813379401360762,0.8472131702167103,0.8817745519244673,1.0,0.9220448787614902,1.4498215487875108,0.9179878730533833,0.8890136033912804,0.9998478027631399,0.9852876608441418,0.8969363090887045,0.7434752434835452,1.0754031071810926,0.9239467327035311,0.761318995229636,1.4255206873193735,0.8223891373147185,0.899813997924744,1.3492427095619224,0.9564167706236469,0.993372037984227,1.220125154357521,1.1143255632454385,0.6208865722226805,0.9964833571949773,1.11172431267081,1.0028836788623816,0.766953440877779,0.9499465126925326,0.7980290616838782,0.9464884138440661,1.036477165734318,0.7424459668031697,0.9299180857680361,1.0442547012596808,1.0,0.9448995259030208,0.7040460765087321,1.078377918752448,0.8374995136621987,1.0873378753804301,1.0976113031756598,1.0009816043587638,0.6827206614884891,0.6173815127756479,0.8855474135114156,0.7992814945624709,0.9807216182607719,1.008559722237034,0.8606832328713934,0.8009787314567796,0.6593038777890543,0.7993900860152755,1.004819918025937,0.8053653229264885,1.0710673044913557,1.1533355675595796,0.9956171893782597,0.6563981829758372,1.1090347213761365,0.6705662949412219,1.0944719088820325,0.561096219142314,1.1329362970617094,0.9052430470921115,0.9979043382038513,1.0,0.9598829588833812,0.9546246963599965,0.5893965759343721,1.10159558107618,0.9971405986848255,1.0996479802087447,1.1970706025144495,0.9150977628299186,1.0388236993497078,1.0962005494790377,0.7706018593882324,0.896613091058776,0.9120103511681943,1.216949638207103,1.0125890607243702,1.199232133443804,0.8422342696845231,0.7542357756659632,1.0823308692160378,0.9856411810777491,1.0,1.2009191280079745,0.90187504291472,0.8759161957224803,1.3174415513348432,0.8769188624325156,0.5818639505207603,0.9495691453525724,0.8074610776369877,0.7152987148354302,0.48212962169051254,1.4808671408319403,0.9707026062410649,1.101440561340699,0.7311031010001299,0.8627433544764753,1.0508344750356113,0.9360973070168318,1.1104275407528328,1.2774413704531504,0.8347208079067632,1.449640352296583,1.0099960663426328,1.2878708893420756,0.5816118364414362,1.1260725493769845,0.7654131487583777,0.8493140429793828,0.7637291497705351,1.0562063541161069,1.1772297859130447,0.930091886954821,0.8244569760348808,1.0256833196139346,0.893860957463358,0.9166823952636552,0.8272800278043645,0.7740412121782423,0.7464485254801199,1.1771978039974773,1.1514376652472262,0.9433656293792978,1.044129322842474,1.260488555906145,1.0811054395154385
2019-06-28,1.075863021964001,0.6259769047729633,0.7559128012120183,0.5844807252012088,1.0208905550257101,0.44608381976280775,0.7605094400461803,0.7522123061885334,0.9930295853328815,0.9480051992641025,0.832080664165574,0.8402755230045231,1.0020654262435902,1.0,0.9221128118868746,1.4523319445203848,0.9133471424838249,0.933363685543398,1.0603984752645932,0.9408888888105417,0.8770639694025144,0.7471164788230996,1.0955226292855866,0.9323475913392716,0.749501156893236,1.4188512341574486,0.8218403498069111,0.899823103095232,1.3289156674942992,0.9582116157342162,0.973437380927169,1.225592500964831,1.0647043742299696,0.6107462510798906,0.9968380007571916,1.0565403899904982,0.9978198997875004,0.8043216375679613,0.9553285984882395,0.7681008544597329,0.9506365435251046,1.0355263165579773,0.7385391873475347,0.9325952925467128,1.0526928812924221,1.0,0.967939688235472,0.7569026764220814,1.0516682861010922,0.8147657750936355,1.088770633111449,1.018324599405059,1.0011315703725592,0.6597974561827211,0.6195448696998236,0.8878446865850387,0.7984425595583435,0.9313253589033715,1.0011842593806874,0.9113695698499755,0.8073793013674195,0.659846415024953,0.8014839850154761,1.0244170207866439,0.8193256391302998,1.0583547186300972,1.154663885605276,0.9872031346095786,0.6804469320213435,1.0836379275703898,0.6644486591867707,1.075137521844856,0.5590420130471063,1.068145518513711,0.9869123476074991,0.9976602021871276,1.0,0.9341515391310848,0.9549610285736317,0.5892868631099657,1.0589662898623686,1.0411781137384186,1.0751647223664753,1.1540714307843711,0.8617537574711708,1.0490270457390447,1.1682693171258898,0.7545690889088813,0.8906705530770093,0.8934539728299921,1.1599331481937567,1.0095091908455103,1.209344232710091,0.8431574885568875,0.7238973055679356,1.079388979826331,0.9839960117119133,1.0,1.2281486651417857,0.9153383189363224,0.8752229544019539,1.3150088644349542,0.8647762815790142,0.5698618536013278,0.94738795149691,0.7688200241987893,0.6838670587020217,0.4353538310757584,1.5042339117019368,0.9330142278742136,1.0672466417033732,0.7311614549471669,0.8348960700354662,1.1179708401027528,0.937874411910706,1.1122231581412323,1.2665987961058591,0.8438409296178735,1.4593846868226334,1.0121243651831218,1.2882475369116126,0.5467187518115805,1.073405434099556,0.7664820931568364,0.8535382968608214,0.7766325698277332,1.0432195187605757,1.2094335306166215,0.9351665209912213,0.8445317007371241,1.02472945697721,0.8877458243123664,0.9186029309544786,0.8311274570587375,0.7766225388978611,0.772922146759603,1.164558185551105,1.1213935047395371,0.9518465648109824,1.0494109872466693,1.2694911714016255,1.1020314408188927
2019-07-31,1.0651730628607718,0.7559650469215919,0.762335667672387,0.5556425009213255,1.0334914900586671,0.4444816806198677,0.7605003195271061,0.6908562397127278,0.9942410388707409,0.9547097265957626,0.8428463985772625,0.8295315301970829,0.9918591296704858,1.0,0.9233133429535488,1.4421960228431303,0.8898770783629805,0.9273871341732198,1.0683064316959696,0.9379319837391762,0.8695396305058438,0.7697295182286739,1.0961175685872846,0.901527932553065,0.7060092435057068,1.4132712960777378,0.8223821068528877,0.9052268445226233,1.2142983640049236,0.9563204050341241,0.9235345778994454,1.2154772313047493,1.0558238931816437,0.5990473510766743,0.997140367883639,1.0163189390187206,1.0043865370642244,0.7357546875954382,0.9501059873585577,0.7886365703419196,0.9479176483925538,1.0350741438349,0.7335468632630622,0.9155041285558713,1.0592344227492854,1.0,1.0268837187466664,0.7309141566198905,1.0543107783610477,0.844509053419144,1.08507018076749,1.0347673575966037,1.0010302694774338,0.7082337571263688,0.6894241554161051,0.8711927462271468,0.8293135760704882,0.9419730559780883,1.003011405688063,0.8435867264054826,0.8653993151740806,0.680689691364196,0.8084056149156382,0.96753789030158,0.7799387245566519,1.0445060073987822,1.1724814227507305,0.9953082437938426,0.6862724958352443,1.0811728502654698,0.6690039339149005,1.0495909507970904,0.560842809822248,1.0040917012842483,0.9673024350534221,1.0000612139031988,1.0,0.9877779565671027,0.9558083655302958,0.5892822711103056,1.0470559558181898,1.0161601217021206,1.1177191460641718,1.151061477833343,0.8259314039955982,1.0504286767502664,1.2340199147219222,0.7694255666184582,0.8915613565572147,0.9080678203130225,1.1732150078083272,1.0249527005184829,1.2530227207657796,0.8393280415654095,0.7222321263868802,1.083150832880436,0.9821474338196587,1.0,1.1627913698188321,0.9021918998321161,0.8782718648993413,1.30552722135802,0.8714675838677092,0.5730948448891013,0.8905726752820746,0.7424229842757418,0.66984353412381,0.4436253373270531,1.4998714745332498,0.9301806607396834,1.0754026353260868,0.7313206525122,0.8618981320028428,1.1277621588890148,0.9864267742708995,1.125150483850516,1.2492348875924872,0.8092663339607807,1.4456312393818833,1.0182563064304075,1.286882482892419,0.5659806258309259,1.0574605602017548,0.782429857577567,0.8635059964279521,0.7429130115223277,1.0142409443393272,1.120053885052379,0.9493938932023923,0.8315450438157563,1.0280133613557034,0.8756236018544103,0.9146062720833394,0.8198731328180136,0.7730875553467625,0.6830181658579859,1.1685254009414405,1.1252849591495866,0.9596991457186217,1.0052509496233417,1.2387307720617717,1.0347656704281036
2019-08-30,1.0842772926659694,0.6821062931764381,0.7340940411585909,0.5587335782587726,1.0560220508823253,0.45692063873835054,0.7605152488255231,0.7241830195171337,0.9893313681521458,0.9885007413632483,0.9695732763795538,0.9256652252619156,0.9447235840699257,1.0,0.9088921972352635,1.416267111988143,0.9016123777960533,1.0483727629913915,0.9594923420735352,1.031341600848617,0.9111302672257758,0.7894794766665938,1.1314917778989937,0.9745700998119664,0.7339060473539176,1.4330813780220228,0.8226119835418142,0.8939089850167178,1.0507853136024226,0.956583902940955,0.8954649172918043,1.2323233176038182,0.9334601723552225,0.5985795430697696,0.9992718218034689,1.1837384524063885,1.0186978093906982,0.7929989812885299,0.9464699890569462,0.7207863997346904,0.9541679905246528,1.0357244966294519,0.7373536769341229,0.9622475264120592,1.0649338073648456,1.0,1.0977812199686225,0.7467250481108132,1.068479270034741,0.8197976999133221,1.0686161629188375,1.1169723904126856,1.0015431833935078,0.6746946208938864,0.6285062806041227,0.8745814596291517,0.8500595540297735,1.0133372763043182,1.0207434096035686,0.8435656948771966,0.8246827550862414,0.7066264830185134,0.9126994213142903,0.94600384817669,0.7728082701997737,1.091540885148201,1.1826067745631434,1.1397448394831433,0.8158683121532596,1.1078647797616958,0.6657404273194207,1.0611347625459262,0.5675037353320888,1.0620125211231446,1.0180442775513685,1.002396350274939,1.0,0.9619742621592278,0.9614760882103947,0.5893332567988797,1.23747870220658,1.0078342484379548,1.2177684112693765,1.1058243108490444,0.9540750474006234,1.1079294641951936,1.2482966455857436,0.7499277566973654,0.8740254314737308,0.9357955238919876,1.0812043088889025,1.0591628430051732,1.2790935140388089,0.8382288167415858,0.7459233339073668,1.0810792269549991,0.9818796666382338,1.0,1.2097606440868933,0.8687330642798973,0.8801778168314873,1.318499532957401,0.8613099659221111,0.5766361334414689,0.8187211503367364,0.7820858190154286,0.7061671564476419,0.38820642097126556,1.5134025137141425,0.82929243449869,1.116385625488583,0.7313320844726545,0.8737211743210984,1.159534137539346,0.9607603597963612,1.2149478410934464,1.2408488833900058,0.7851609619999467,1.4490601019689802,1.010619864749992,1.2885825507238944,0.5586291113653966,1.0377603229137575,0.7446172920562877,0.8516043791487503,0.7161165272304704,1.048327000464981,1.0716251701970272,0.9363299615265676,0.8144442816379446,1.0227390830293137,0.8920865263295344,0.9284105039383377,0.8286449722713436,0.8118814152725506,0.7996328223446625,1.1764901223811801,1.147052860536223,0.9508568589816795,1.0636615275985095,1.2748476530480646,1.1261740867238343
2019-09-30,1.1424167835483252,0.6328006916673017,0.7210226854036343,0.632379332679224,1.0220855155900155,0.46958189273874995,0.7605131279098771,0.7735378073557571,0.9843590433324386,0.9887228885815043,0.9478107242712692,0.8600192549624074,0.9994345874685676,1.0,0.9562308711945849,1.402245939654984,0.8478832410775755,1.0243086468592457,0.9301098091014093,1.3868199276074193,0.8986420100245264,0.7034031813557005,1.121327764035163,0.9643312749500967,0.7108930055294062,1.4225154596004579,0.8239010291932743,0.8908731157231782,0.9736459479902407,0.9584045114052692,0.9081790199352365,1.1738979185537506,0.8736050338667536,0.5974769289598595,1.001458202365722,1.271818214275169,1.0255478403291434,0.7871504084006603,0.9408715133494532,0.7316340350814918,0.9562325672781572,1.0365262354106572,0.7329842029599758,1.0305500614656251,1.101791265774291,1.0,1.049832414255388,0.9049420936228301,1.0821153610586791,0.8698268483460118,1.0688048145622757,1.0929313384557267,1.002053860012139,0.6612100131242302,0.6120425881578881,0.8754461619978765,0.8366691597323699,1.0754677278386375,1.028078726776841,0.8870606925963933,0.7839268716584016,0.705777235662219,0.8902443413565317,1.0362398562426436,0.8692239401277867,1.1395628175990689,1.1839918303071213,1.1073837476298611,0.7295986551793936,1.0994098123270275,0.6701483436587363,1.1166904252833723,0.5933372086484816,1.100789046269808,0.964711532223615,1.0016470868219682,1.0,0.8855807913563302,0.9590626652755961,0.5897550597653815,1.1833021598527609,1.1137619870115234,1.1703959841822207,1.1050095481135151,0.909364563258442,1.1735077521636688,1.1473057666543054,0.7181930060113358,0.8238654291814567,0.9943814878695019,1.084788904292333,1.1000837620763928,1.298875560390644,0.8359524755631041,0.7352126599431393,1.0783247436555763,0.9792708758779987,1.0,1.197912411485015,0.824022468739088,0.8799439451494997,1.3173868751666022,0.8575122990397431,0.5926571402156162,0.8283758028173861,0.9861001709726716,0.9460811488028246,0.380847907861827,1.5120405431688455,0.8073661085139929,1.1094345409858877,0.7312886435119912,0.8479736514656743,1.1173315227946679,0.9674151066373392,1.223323858842895,1.3305239154285464,0.8360783557175344,1.4570920280880442,1.0113466384072363,1.288317226574268,0.5130962753716258,1.0515842407902785,0.7188709485903498,0.8882142163476638,0.6633156825138979,1.0692304492051055,1.096385323264229,0.940836632234496,0.8651270384034155,1.0230822626980565,0.8848763223977905,0.9232836705269637,0.8359339496333129,0.8017591475341326,0.821512822156584,1.1819765946615413,1.0923694048251709,0.9678526319740403,1.0731643306519165,1.2743095815329046,1.1885300602351367
2019-10-31,1.126144753909325,0.5973670637240154,0.740708122169429,0.5006974922594953,1.0108769217799725,0.44013835385162814,0.7605856532206252,0.6969201365035482,0.9917241743093689,1.0248933291736266,0.8253563005005876,0.7503782530170512,1.1318920398731742,1.0,0.9889857676986549,1.4004641084770104,0.8216933516567707,0.9160913229752728,1.0267037464530095,1.304880778046923,0.8524800244060798,0.7094377933990091,1.0483029513678523,0.926324944120725,0.6993534886273282,1.3198533364289124,0.8237146429582526,0.8904998237974859,0.895762165923562,0.9573625246709425,0.9152304644202457,1.0301897398624706,0.9076541835167424,0.59941076653641,0.9975807205179295,1.3328707146722873,1.0077960117666829,0.7610785118699716,0.9524851660309793,0.7383316003116556,0.9576102947165204,1.0309552983926664,0.7412450669696903,0.9658306941933998,1.0700644157737358,1.0,0.9895242486467927,0.8247830194576691,1.0429732174660116,0.8088960306963298,1.0165830674516052,1.1007792981346205,1.0016662400152947,0.6477028992841979,0.6662300740156422,0.869033455371436,0.832111634416067,1.0369970802869477,1.0100603122266543,0.8015534639720642,0.800258322951483,0.7034599606557085,0.8513014816517341,1.037430828364557,0.7784864045102808,1.0558268464989196,1.185132581413947,1.1040217235392202,0.6344040042161723,1.094588013369453,0.7037839744898394,1.089158389572087,0.6573546788901824,0.9787085376651369,0.9866324001217098,1.0015532705065957,1.0,0.8438373732075646,0.9587015768692141,0.5906767576941738,1.1153018528042842,1.0966689535741176,1.0997682931033133,1.1576502761700107,0.869222325900431,1.1931387148466635,1.0508726980728942,0.7198239513680496,0.8766837748785299,0.9019603852730228,1.156066518460526,1.0299316398011797,1.1248683342249748,0.8366204039434707,0.7314129987865585,1.0642409184180712,0.9830874983197998,1.0,1.2418786046311694,0.9715993188800273,0.8821575098207177,1.317899730900193,0.8584636368997521,0.5903317508336685,0.920858883999959,1.0114516603673096,0.9799213146040466,0.4412483944508996,1.496085623775613,0.8046981666798022,1.0850821484808837,0.7313837579870826,0.8314686976598553,1.1342496409302711,0.9866689555591089,1.210113233061926,1.2800887426974774,0.8655109345076085,1.3516547542901762,1.0022590872544574,1.2864784064590955,0.5077565409468392,1.0354623480247003,0.7265714525316134,0.8571446842383442,0.7281414252458065,1.037995023144022,1.0641378828772754,0.9245850722093125,0.8242748788832375,1.0216754732402078,0.8333283436600539,0.9127204554148557,0.8278783172203639,0.7708516028864185,0.8108599636266771,1.165791032712316,1.0230999290625302,1.0224360943295012,1.0674049425503116,1.2701976390212233,1.1457669417375484
2019-11-29,1.1243781662848091,0.5876692586664252,0.7229210480427373,0.45563718076564563,1.0335935983783922,0.44012997812272137,0.7605685235493697,0.6806770024593172,0.9966130680629153,1.0013424385245735,0.7883808668863881,0.7312657510795992,1.2038921389133748,1.0,0.9790420106819273,1.4098355943642065,0.815451556826724,0.9082065654894006,1.1222322518276517,1.2379947120115122,0.8388700887329665,0.7146268432734328,1.0441904840412561,0.923301377486942,0.7053115366152762,1.1759649808418107,0.8241978759690648,0.8917343930343489,0.8870627068503062,0.958058764556359,0.9112378234932901,0.9448765902205055,0.9714216350143595,0.5937220038369833,0.9971231441980805,1.0861687431362084,1.014836238970067,0.7686170037174394,0.9549092184414494,0.7786732608494141,0.9664045153592928,1.0174822293860346,0.7328524567367531,0.9528657261705517,1.0586759144724822,1.0,0.9557627709668073,0.7968865971356909,1.0445403768581174,0.7934836233492079,1.0280785142936446,0.9981288557354374,1.0016971676405637,0.6906850642520311,0.7336369076784737,0.8679189975209901,0.8163539311941217,1.0017383469446566,1.004077493386317,0.6965725781435954,0.8337198313217776,0.733495098210122,0.8194426818524502,1.0265055995025307,0.7450719035694366,1.0260883999948087,1.1810976294544329,1.0022862223908717,0.6689820208635239,1.1017434432356974,0.7071618071216195,1.0682894762175996,0.6249138440859061,0.9409434498459295,1.0416032876787722,0.9989075974073036,1.0,0.8211221134022397,0.955316963317405,0.5907951081248142,1.1064915473327386,1.1023441124527458,1.047338800674048,1.165364170501181,0.8987136842023575,1.2190938733937688,1.0159370541059745,0.6805971481410154,0.9521954315845703,0.8846975066449804,1.175256730837499,1.0306679915744927,1.0767908954358836,0.8381680579529567,0.7315553658000613,1.0724760965947424,0.9799808101223608,1.0,1.2007865617581097,0.9320072899164947,0.8887531447724772,1.3105500247966375,0.8558512859170926,0.5720353895202999,0.9638148860659848,1.056019576332074,1.034527206496131,0.6383219323859934,1.4769047151419037,0.702435202897352,1.0664770880747738,0.7313073323282988,0.8500766558114723,1.1087264257057254,0.9955193447607112,1.244756612488408,1.2498349291814668,0.8621525867974482,1.3302525128413358,1.0080461194449053,1.28460595944658,0.5142275732102806,1.027982416681591,0.7527167937101639,0.8541186653676505,0.8252301605776282,1.0041782837136306,0.9594797605716996,0.9393598122139877,0.8207093182291059,1.0096020684132747,0.8601274339255525,0.9097912203007913,0.8254812731606868,0.7780045483983746,0.807255363280615,1.1667442080637882,0.9723166513378663,1.0335110896326716,1.043872305793888,1.2554087015756406,1.0756570539775758
2019-12-31,1.143572005278198,0.5819573375311033,0.737818498605699,0.4833213032276543,1.0088535070142732,0.45300699919126286,0.7679090614709442,0.7532636254009056,1.005527795787087,0.9737877409330787,0.7112909515252656,0.7118970212776249,1.2307209421238217,1.0,0.9649592778519723,1.367262406035408,0.7975831809993169,0.9019383395464714,1.1219609713563257,1.3466300897378805,0.8701536472703651,0.7225255997009612,1.07131394550135,0.9373163815163237,0.6992169646289439,1.1075739568771024,0.8294485209116873,0.8907809661225365,0.9112094307969354,0.9565690244400369,0.9111799211178871,0.9691742768814664,0.9179997453017952,0.5990402556581915,0.9989413799394449,1.1993318329173166,1.01145169945409,0.7093239982006991,0.9691395141645855,0.8498289557505698,0.9574928723344833,1.0081058169164634,0.7434136202397006,0.9829704647298141,1.0423715499195236,1.0,0.9380098170784258,0.8682057752829573,1.0115708617858459,0.7910184418800035,1.0459314722164137,1.0454280849777071,1.0009824114220467,0.688385208200917,0.769225321628384,0.8672860442243734,0.8155326759669423,0.9256035946438546,0.9847246714081043,0.7732591485593674,0.8171406611809218,0.6609706572991043,0.8057180485606583,1.0930399440229568,0.9321723751490733,1.1216130396473747,1.1823837021876467,1.0081009332400526,0.6681355736754067,1.075918023977686,0.7191898378282611,1.083653997451114,0.6940212147151285,0.8938285360693385,1.0628352585089271,0.9983550865626205,1.0,0.7465696582130167,0.9563476096390926,0.5942080483438494,1.1376102151179845,1.0467350009684893,1.0131030625365778,1.1180602405447229,0.8840676869323186,1.1539740211682286,1.0167804737331763,0.6794677558745877,0.9406515785919807,0.9156040610491172,1.1387294215656727,1.019779886041142,0.9298325629878617,0.8428840789030436,0.7218713532962941,1.0700462633068015,0.976386055267372,1.0,1.2220914187365586,0.9390158346965881,0.8784985272766319,1.315102866189815,0.8557832352468386,0.7905859001342954,1.0232259232713212,1.0394425303812282,1.0164431005292294,0.8313297123656261,1.4852991247684053,0.7103129485896416,0.9930349786877953,0.7315934548954004,0.8458336268412615,1.0682682159918373,1.010551328889273,1.2347561431399423,1.2403794342757604,1.0472045560108247,1.321916628357518,0.999754785799793,1.2786233751661182,0.6404247539222172,1.023329752041413,0.7293272887308482,0.8905953118058835,0.9972409115468147,0.9819406013045046,0.8789347780619087,0.9283050681406303,0.8199020761956748,1.0109123491007632,0.8508589379900104,0.910490665078575,0.830154383208761,0.7871978830719002,0.7197894154399395,1.1661143232695943,0.9076692953496835,1.0556627033037869,0.9763832341331742,1.2010600168644237,0.999157331782982
2020-01-31,1.1339931955194618,0.6463366114361584,0.7005202644381594,0.460520272535039,0.9557319931858609,0.44783566150565224,0.7638333524231818,0.747749782810769,0.9849872061702872,1.0364068142257883,0.8216422830704542,0.7622262611669188,1.1302963745410521,1.0,0.9280120128247124,1.4019978759834388,0.834113166704165,0.9268645967514074,1.0632687348168026,1.269245887760377,0.7758386179748996,0.747120627785641,1.0849188444509092,0.9121089087721196,0.6865185959758884,1.121742214323498,0.8352845015631065,0.8979909876048394,0.9921031628646594,0.9574374283913943,0.8385299606600141,1.0198361870983086,0.8538898678840323,0.6093413592389851,0.998038477472431,1.1735753407264617,1.003671708815953,0.6150575364662816,0.9470890805555091,0.8281408871163689,0.9777814082959893,1.0110992368037128,0.7487682050838727,0.9448297081967361,1.0633177336731812,1.0,0.8676184657473924,0.7923980668012749,1.0695125158872985,0.8117599331714591,0.9127313537346883,1.0694004306495182,1.0010973154027198,0.7381897643446913,0.845488870100641,0.8660823262677586,0.8817019392885537,1.0244099668005793,0.9997515859960427,0.5661949837813975,0.8930635660911173,0.6709041339819407,0.7947405566562936,0.9576533773425844,0.7384086558338151,1.1264569442391184,1.1544885987974307,1.0306909330057132,0.6566696411258488,1.019586804575084,0.6918000849798426,1.081184625780047,0.6439661049121167,0.9743361583048348,1.041687500809124,1.0026657663867835,1.0,0.9414204123572737,0.9836708679035174,0.5925194538693399,1.1630870536340867,0.9664146976990994,1.0968325051011354,1.194026915631692,0.8019875861497832,1.1874037599858203,1.0043925660051087,0.6988033811567569,0.8720372466549486,0.8873505005441794,1.1701635146651153,1.0878267912549053,1.0303289504194726,0.8497970155040926,0.72878168019879,1.067950614594762,0.9800112672778831,1.0,1.2466299740770261,0.8888708347841474,0.8813964663742572,1.3214249213415368,0.856181491784823,0.650795655066772,0.9484031268831005,1.0180969477148984,0.9873156523690577,0.7223675966664165,1.5195041141781287,0.7072982389420839,1.074755005161345,0.7316973320812901,0.7419915813111357,0.9736865254947926,0.978242825303619,1.2875549709955056,1.2509950366352438,0.9650005322275759,1.4502280236930776,1.009463121158163,1.281514105580742,0.575527340042264,0.9432211941312804,0.7819259085402359,0.9171837445683999,0.8651696037184289,0.9769126236628183,0.9568243183962186,0.9189146637366123,0.8370347009713051,1.0079034067579005,0.8840735650401217,0.908959489292905,0.8269300311216026,0.7789095324251983,0.7949391812389315,1.191478977001665,0.9754459992726926,1.0422818331769013,1.0199283845078821,1.241622610494443,1.0437278255646567
2020-02-28,1.107481699702115,0.5816071600514182,0.7037801089610523,0.4582045341070151,0.9477368420576155,0.45513961863371977,0.7672506453008842,0.8222297274578578,0.9778842430569643,1.026700149094386,0.8883812114480746,0.7560187854880556,1.135767762029191,1.0,0.899095649391855,1.375917494470654,0.8432733870777263,1.0321685682131398,1.0707787700722768,1.252277147925025,0.7311137826391704,0.782853501417148,0.9549199433568454,0.8604698842120271,0.7187270539511339,1.1618243588689616,0.9156068209900861,0.9030975078820151,0.9471178798134636,0.9593521486523663,0.759242407064603,1.0195306655952956,0.8664876585181518,0.5988176665714504,0.9980265527000047,1.0073736129057775,0.9934625811621237,0.6327779684082808,0.9425262229911209,0.9418631631198148,0.9711554256337415,1.0368440233534364,0.7649906355378678,0.9235905903725643,1.0465911693174854,1.0,0.9506064110741861,0.782822265551131,1.0345182403525723,0.7954067342456629,0.9196517778104346,1.0198873357503113,1.0011176138716547,0.7511712998476164,0.8609679476672755,0.8641119698463282,0.8971650720732257,1.0025911409203607,1.0060043949264237,0.640727572567086,0.9267565894782203,0.7644775318498245,0.8081200555993506,0.9397201620092147,0.6898506802977155,1.061777657724476,1.1749004848373141,0.9923164638389212,0.610520933383649,1.093933711906198,0.701298914028741,1.0554438057614994,0.705636630305335,0.9953083884239767,0.9656366115520196,1.0038418641126432,1.0,1.0039854057828905,0.9801235724162015,0.5915740119534865,1.1462251653259063,0.953755080821917,1.1521371849457227,1.2272991200878514,0.8113626108587596,1.2188109753640821,0.9734738762976949,0.7747944752221477,0.7308457603650644,0.8910933982663782,1.188927405255105,1.0589997063830123,1.0288691776644316,0.8501225955607845,0.7639404553102124,1.0665805391570657,0.9835651047501763,1.0,1.2647955983392982,0.7900756742198842,0.8737172756770719,1.3250315467884146,0.8575144084049566,0.6402442261384746,0.9042384627098026,1.0010431558287318,0.9670299245272651,0.731238433075308,1.5221509291386868,0.7847359499623893,1.1060905389950326,0.7317371899547718,0.7576397595983984,0.972586963046431,0.9668425827863285,1.2615432845796337,1.2426290314547244,0.8745087523959592,1.4444069647481887,1.0142789244466046,1.2854702068255972,0.7408928761800133,0.9057891929493911,0.7451762466392621,0.9222898942028875,0.8099140304020319,0.9732871375777783,1.0791210686374315,0.9195330831640391,0.8349077548027491,1.0013669184320826,0.9128218872560807,0.9055020089923058,0.8188890118589671,0.8092347509928672,0.7197177009381666,1.187806968349583,1.005311521498011,1.0475074424392805,1.0292573674851406,1.2506181812514596,1.0525544459742495
2020-03-31,1.1568601956413749,0.5926027604689094,0.8770892443884482,0.5754846561884452,1.324812462594824,0.5049403478656123,0.7670849469224421,0.790019177658038,0.970204533758118,1.1209090455909496,1.0639830958778609,0.7276870498528769,1.1400412462880158,1.0,0.910204088537985,1.4577077404369612,1.3472280431515165,0.975310294348624,1.1221599705669936,1.2238500079121108,0.7417349030037577,0.8549375395716945,1.0545322401212942,0.9886995155738713,0.7228430424436548,1.3184839634347265,0.9244009219386332,0.9868618897260757,0.9267621941332698,0.9573944299795508,0.7652437897875812,1.0170933826659108,0.8968505834113429,0.6150580781530975,1.0044474637118614,1.1203609475812728,1.007446894836691,0.6291424067039344,0.9522901831937015,0.8912435910628814,1.1009697596546548,1.0387209383939842,0.7418285736169907,0.9617978912450791,1.0461449575425446,1.0,1.0434047581977335,0.8013066420734486,1.0968316869717372,0.7941841758418021,0.8132382156885436,1.0541036527199648,1.0013631056583856,0.7266426220379605,0.826902128979708,0.8625892014485583,0.9215800683169559,1.2549526018315742,1.0270659703720648,0.5948377490793578,1.0360039677452615,0.8858423965880141,0.8952796240725187,0.9277542856338178,0.7639394060022504,1.0850779757714801,1.146808496349093,1.04320947531523,0.6073467782428017,1.0848187109111784,0.7282418425763161,1.0878613731672955,0.7655282675544759,1.1194547750021997,0.9999568718079505,1.005614453670809,1.0,1.068717789221743,0.9794935310768774,0.5906751554376277,0.9996815630849656,1.0485775418224579,1.3663651941725008,1.2706764127779755,0.7977036656682146,1.2637399623778143,1.0310181612375582,0.9571645271870393,0.8030948401147757,0.9221551810716371,1.2386734374440798,1.106954522472936,1.1656176076230103,0.8638023842331484,1.149475171546882,1.0538855388639556,1.012520550008084,1.0,1.1852736717912227,0.7609260220524764,0.8746059507936239,1.32511881024959,0.8559636028646596,0.6206453785809753,0.8900580810444138,1.026341059527835,1.0004492361552169,0.7012925587695096,1.5238448540811922,0.7569824752426164,1.224252826011919,0.7314488312219807,0.7465486545499187,1.021808366716126,1.0638390926885557,1.3420717525785244,1.2557706931180292,1.131823912908158,1.4552725665149226,1.0391170060122659,1.288545833996241,0.6211946191224726,1.1295765563780216,0.7533558909135534,1.246050043516073,0.7686189739851588,0.9740193816075617,1.079984488122415,0.9238718483859325,0.925982956708198,0.9985710135021183,0.9294939448616351,0.9098629380557949,0.8308177506121971,0.8397933550604612,1.2237330562840945,1.203824288958996,1.1070686583535165,1.046768715159559,1.0804230044621554,1.2739121667512798,1.2343166466793463
2020-04-30,1.1037669333364166,0.7584661134484245,0.8931245456256094,0.6949561060173992,1.2943909503793223,0.4952967677951008,0.8638381937006913,0.7026793507998688,0.9877438609282224,1.1061528689579752,1.0350235666542356,0.9236892828778287,1.1844398409010575,1.0,0.8817650884090951,1.4423033107293786,1.2369763901000588,1.149565023571047,1.143052918411872,1.1981858301520107,0.7431721699856503,0.7100755443048148,1.0905134787837643,0.9643157145948836,0.8096385062408993,1.2811809853634342,0.9051527546213997,0.9511285028569773,0.9877018374977359,0.9551356859785429,0.8171572976448451,1.0704363142490423,0.8846421548701955,0.6606245233905045,1.0048510774918786,1.140955403512019,1.0023159366763974,0.6296955679285527,0.9531454674767796,0.9383148841295196,1.0998855532630714,1.038728236440094,0.7388319875777456,0.9211821790525093,1.007614678942986,1.0,1.0339254273357237,0.8844671538813779,1.0501312264486025,0.7897407774762096,0.7537006253187943,1.3539367266304314,1.0009900194401258,1.0778144641114236,1.0773855173539784,0.9932141442572086,0.8926023202058792,1.1477654900169287,1.0081923217662423,0.5812920021304833,1.0320342033801346,0.8302124549713116,0.8332511708137229,1.076155362011041,0.9426218783131867,1.1133808520669934,1.159053962098122,1.1316179373540347,0.61664541305929,0.9997524758372305,0.7412403241928724,1.0247418900278331,0.7729304880229462,1.045317396013895,0.9499932192880117,1.0051706392433724,1.0,1.015319059629517,0.9862352535255124,0.593070381500831,1.2766431242018372,0.9877102131898662,1.293204699539015,1.5018211736917872,0.7564167514398558,1.1813614411585305,1.0597941697794346,0.8720930953996953,0.703160478599414,0.951149089401896,1.2312253175550905,1.035403452929017,1.0653766481075257,0.8571146930949087,1.2156046196101127,1.0558842749878559,1.002122853336117,1.0,1.0075233484991626,1.0660159990298,0.8788665904201999,1.3251847222512483,0.8560641964010265,0.8530945923705211,0.8813832796274346,1.0106576575217896,0.9809144911396613,0.8206869392637468,1.5179370054432233,0.7862605955617329,1.1779429735522509,0.7314117942227527,0.8074782780349314,1.0466259357985594,1.0646805358817646,1.2782856123915731,1.2061198834360418,1.433700504405083,1.419415900284245,1.021891132155278,1.2838499601029438,0.8649933443110028,1.1385256183605177,0.79926348943334,1.1929302571941678,1.0460577931195274,0.9661423966586181,0.8892320311092661,0.935893809039831,0.858805207123736,1.0047630894513,0.9160401648410985,0.9019376633235137,0.8237734184646711,0.8464194561691476,1.2330062680402145,1.1973054922015707,1.0585812032068578,1.0412286013405059,1.08371448764946,1.2716077427796812,1.1652313256002524
2020-05-29,1.0968323585177016,0.9644701354068999,0.877770335842832,0.6791967716335382,1.2960964787268832,0.4827740124992931,0.8091940882330166,0.7281153847322419,0.9898904743523218,1.0799888749154822,0.9368146435196936,0.9060122659856772,1.265127819138577,1.0,0.8888115821109153,1.436049546391648,1.2602777486510643,1.0531579664513095,1.1440959224870224,1.156269755403547,0.8065031597716906,0.8152930436659763,1.1032816279904296,0.9428144510559737,0.7744882498818677,1.2058026733598912,0.9981797576829223,0.9399227913752152,1.0028843724570773,0.9608264614347471,0.7992034169021692,1.0238423339379505,0.8850893322510552,0.6902221188358855,1.0047889278361921,1.0908519683966478,1.0019743635542435,0.6348392631925923,0.9524344823871668,0.9983193352046771,1.1003049965689808,1.0387239626633347,0.7468492546751327,0.9183098453557319,1.0079069566640042,1.0,0.9698906423620912,0.8722748038900465,1.0286269445521856,0.795313457581875,0.7743558163093269,1.2693295098562982,1.0013837641877794,1.300919218934558,1.1415371471248836,1.1061016745467045,0.8335184246018601,0.992473210470272,1.0031434080800927,0.5912041470714748,1.0127899168431824,0.91786337711274,0.8060939815581492,1.1148343175787203,1.121054212034301,1.1516958704553322,1.1594101921621283,1.0554956145780836,0.8065287387428972,0.8887874811339743,0.7630852934595935,1.000176844237477,0.74507013726497,0.9374040532999603,1.0000451736223646,1.0043732592448142,1.0,0.9936948747240637,0.9697905263585356,0.5918072061138094,1.0554235006942678,0.9704523158642984,1.2610691555215883,1.4646680475939258,0.7604549145674007,1.1174638676855893,1.0038778502346022,0.932847642677901,0.794562352333602,0.9398717451247586,1.2445158923119939,1.062760519205754,1.016263254687105,0.8568492711740022,1.238702638445585,1.055655033335532,1.0034641687500032,1.0,0.9410371627258074,1.009550305872529,0.8847812931640535,1.321787074902913,0.8562712474177223,0.8952925707923843,0.9606983477929449,1.0320339949985933,1.0056448840421632,0.907832956695557,1.4950907776395532,0.7356062045185625,1.1119790263182139,0.7311794639217305,0.7739208211939419,0.8182792866680668,1.0396376347026053,1.310651970653376,1.189079444321609,1.376498895722007,1.4106768708127198,1.027054096880464,1.2760730100442275,0.9833855390683093,1.2062667058497818,0.8296243344174065,1.2045191874092003,1.0449336214927434,0.9566148083241711,0.8318607221882628,0.9375336084161828,0.8535117637316172,0.9972349406578187,0.9094499885585764,0.9002944056921465,0.8212520023219417,0.9101398266327316,1.2982389158289198,1.1974206910257699,1.0030603536361113,1.0480383078409756,1.080197000311846,1.2417402176654004,1.0661959801082856
2020-06-30,1.085520468772447,0.9441848592321407,0.9704387221890075,0.7008744840248773,1.3233271932515378,0.5609530195488257,0.829659480974732,0.6862076632266538,1.0010256271740194,1.0873777792488044,0.9694645186570151,1.1093495312154384,1.2498812139735336,1.0,0.8863174237224252,1.4430546229698331,1.2513716143991955,1.000696389255239,1.1444738657842737,1.12001270829353,0.7396044397153565,0.7474268528968218,1.0399483005707264,0.928000532000118,0.8440678692608472,1.2683248742220052,0.9646300617509146,1.01710075254709,0.98579748130259,0.9555247862423305,0.7789984366403864,1.0041357108334845,0.9025241903744904,0.7205471343698437,1.0039145899325406,1.2196468003823078,1.003133642097938,0.6762053814286821,0.9547430836835051,1.0188266148913026,1.09843068464157,1.0387269159952677,0.7349101372892513,0.8971452310320205,1.0261224307350132,1.0,0.9634294471840921,0.8629073227984783,1.0420221993205971,0.7924840183244178,0.7544938731000301,1.344612590619629,1.001586287769634,1.3547589790204575,1.1536753297933207,1.0643818721178844,0.871360097810581,0.9876386988208421,1.0060762367924367,0.7426573580548663,1.0404249000084347,0.9242893204853393,0.8087719908662407,1.035340808904465,1.0260287677855229,1.132946592780319,1.163880862104445,1.0483991937119668,0.6673267289218734,0.9144688626230759,0.7653794606852871,1.0074933515803406,0.7527013402355042,0.9610096928439769,0.9572963649368703,1.0053436835806981,1.0,1.0303141911823057,0.9665442428688347,0.599183655614846,1.139666408590569,0.9884446203681291,1.274652064953179,1.4606849751492708,0.770601373072528,1.1220610863907068,0.974426324171513,1.069385500599518,0.8096568683812257,0.9294127728597018,1.2469080288283607,1.0449093756275103,1.0470614407143828,0.854666162150938,1.2087755270419738,1.0530096212723283,1.0095812772690327,1.0,1.184067921496335,1.0491838786126577,0.9023304614004072,1.3249657551271214,0.8563232508019171,0.9721536521722544,1.003392411705258,1.0868174119329916,1.078652941012757,1.1059679858346319,1.51118151028493,0.7384165412319266,1.1301121191111951,0.731661994420285,0.7884322682765331,0.9255840256769406,1.0630656979465423,1.2864728782741273,1.1887536028218753,1.3495128742409537,1.420242527140139,1.0492363498361565,1.276495849296694,1.2002996153625975,1.3494069142288558,0.8509446820186692,1.1758248974787078,1.0426470319960353,0.9586536905390499,0.7990593230186193,0.9416668263120587,0.8625391987051934,0.9921597643565708,1.062544428041921,0.8972036148821924,0.8197730253352987,0.9227143660951809,1.2935739919837614,1.1987411971163227,1.0068837863270417,1.051183801731755,1.0797721818441581,1.2351467523007449,1.0548380875172938
2020-07-31,1.01440883774949,0.8148765859432796,1.0103422703232545,0.7162247864673714,1.3348538952516418,0.5600397279867413,0.8614914445589426,0.6765842404139065,0.9932773013892652,1.0775839663584412,0.9844947735016368,1.1562097656083186,1.253282134110936,1.0,0.8786807082927441,1.4530509463123604,1.2595334221036962,0.969960176285487,1.1442962021939251,1.0353434887614024,0.7229237094874058,0.6760230588358958,0.9446746029582604,1.055414022140885,0.831073967223223,1.274126854162008,1.0672046490408997,1.08022443356692,0.9620740285322545,0.9547014382159151,0.7611479308314437,0.9885177438825682,0.9265413833829501,0.6715539590833797,1.004110425734375,1.2979682326253406,1.0102570579023016,0.6840209324310244,0.9513772128459942,0.9972362818241579,1.099253052497653,1.0387264627099815,0.8005959229248294,0.8494899014965853,0.9379315544764033,1.0,0.9338643174886556,0.859531413972617,1.116007696346428,0.8024451536232132,0.8372745346357108,1.3505432258679406,1.0021511999035044,1.3451133077521713,1.168185910350075,0.9620295392998133,0.8750681075903575,1.015502064086127,1.0066568813613195,0.8788532087956689,1.057257027921534,0.9037332735652625,0.810252631733481,1.014500378722408,0.9328549572130883,1.2185191193512184,1.1687376735698958,1.0124708473269894,0.64668959149069,0.9873841187248075,0.80424056623652,0.936291650908494,0.8672472886122664,1.0175573947203571,0.9393104332655818,1.0057208997941172,1.0,1.078952786016544,0.9836279033214443,0.5994193992291763,1.196589989837936,0.9453625587202841,1.2160533935259983,1.4400162599965998,0.7746508329336221,1.1079175256207094,0.9073694745482911,1.1984716056918039,0.7269242538073153,0.9529179824302767,1.245007620297655,0.9871075653201237,0.9482773115027946,0.8569564516979313,1.25413038836134,1.0521105927303835,1.0068579174649186,1.0,1.19025932302789,1.048260595130733,0.8982999191492103,1.3202953441352066,0.8571807014066484,1.0782759017508674,1.0045931663334446,1.0360218451266061,1.0125422268853972,1.2060322158952665,1.50490908639175,0.743377880853061,1.1601290422777817,0.7340979226886668,0.7718272035092268,0.8550534853742253,1.0406542566498003,1.250352839589019,1.232437213450097,1.3739033759582036,1.405173268992621,1.0518046978683324,1.2802434076875657,1.2406192201822446,1.3860784216964,0.8118135589367393,1.1505290486601676,1.084839436281572,0.956540834438988,1.0326563058086335,0.9422564295884674,0.832484916931708,0.9844985741240851,1.1205318419840242,0.8931100001585399,0.815274591447647,0.9368082931246967,1.4202812018188045,1.2006079484340568,0.9904754560395129,1.0554480020499306,1.0775338348520578,1.1815537348222995,1.0446186696763877
2020-08-31,0.9953286288477871,0.8129679253572164,1.0016442343249787,0.6962136333007146,1.2907565997015142,0.5382046601195414,0.9347418086641768,0.7489853225697883,1.0354331422137584,1.0333358800766987,0.8411018124547351,1.308449824396244,1.3366834326284476,1.0,0.8804062157360921,1.457054743897567,1.2641065627631745,0.9097321911816872,1.1444940427798367,1.3849949052935244,0.706057521256428,0.653691941876724,0.8265241512048525,1.2308781285296775,0.8276121358526929,1.227277555127021,1.0853132143358237,1.1308408900774125,0.8975804462708575,0.961439788500884,0.8644753631930582,0.9747612020101093,1.0075157528877483,0.6198697982462966,1.0009483018153478,1.481206602084622,1.0049067203323747,0.6651221872546104,0.9717354561366592,1.1234304760729343,1.094001330955998,1.038702186869404,0.882179404677041,0.8436780774747469,0.9216748390361839,1.0,0.8181724146213851,0.869917677517644,1.114060862590749,1.1950102294133973,0.8894192760256986,1.2151319311848883,1.0058644117805822,1.427217787688578,1.3101428095666736,0.9740605640363074,0.8293114048630887,0.9437112928644968,1.000629962586621,0.9765437111297919,1.0966714654270997,0.863218767964971,0.8964269870404233,1.0837220462404031,1.124201955126549,1.2500050446646647,1.1676334060613818,0.9127061760230829,0.5923229552877095,1.2010409652385667,0.8391411376442797,0.9315045781609592,1.5717891205852355,0.945609204950766,0.8932813099726186,1.0044062047701672,1.0,1.013763045110834,0.9720724345535389,0.6462144601103879,1.0571738602800995,0.9845820396052903,1.12461114889624,1.4346759010166765,0.7756413693356587,1.0845627495375572,0.9309879344962118,1.1415656955994462,0.7561337245877504,0.9306791343191702,1.244306914251356,0.997816378775467,0.9346910659563917,0.8532183927277295,1.231375115734007,1.051989090737268,1.0077822503978242,1.0,1.1855016077600093,1.0689712842603833,0.8899759919045749,1.3101633847682317,0.856316429523893,1.0772524906674992,1.2250367841784258,1.137827220094926,1.0904471372152478,1.240583038200298,1.4880997775921947,0.7704891645461992,1.0856857368544675,0.7366285737206686,0.9069720462929085,1.1302877704662078,1.0153547761226807,1.28618090704453,1.260827289710955,1.4148389432518547,1.4460854332698143,1.1089012170553134,1.2638387961114863,1.2584899170567008,1.4415286035090193,0.7280901841519037,1.0653133442677385,1.1007948712121396,0.9537938150683959,1.0200117424675184,0.942199302486192,0.8343521677317082,0.9896029616931219,1.16650209483504,0.891930150478116,0.8143620172936712,0.9612090694302613,1.1761542932984188,1.201050039637623,0.9434720566229544,1.061715725070068,1.0617919820933723,1.0062078363319105,1.0061263268461793
2020-09-30,0.8598901855754696,0.878342820083263,1.0008673323241613,0.604621761668361,1.323932105522187,0.4920750122345009,0.8727367285672585,0.6051441484023653,1.0274235334491966,1.0337920771702678,0.8478589075144578,1.3271992000110087,1.3262058137994273,1.0,0.8729023657386331,1.4538542755289403,1.2440196956649117,0.9415931404571163,1.1454122691778017,1.3145571497788744,0.7233123511660153,0.6165611207483893,0.7321719838023517,1.230216008429764,0.9234749340127075,1.2249399316485938,1.1446119541533606,1.1533512033906053,0.9014369546004454,0.9657495232455812,0.837522816741125,0.9225942563030184,1.057936214460767,0.6090524194808695,0.9994622655437971,1.4226931303995516,1.0048576033501808,0.6791926236774319,0.9607297349614109,1.0897219144982937,1.0973704267697395,1.0387119365704727,0.9565299674024641,0.8036546022447675,0.7866605164890544,1.0,0.8722841042304719,0.8191917350890632,1.0561705435504787,1.0606620565356004,0.9066374682073459,1.1679091934461319,1.005853879355183,1.44161081487412,1.4185440153443603,1.0023909010092755,0.8568505251424643,0.9155328985618062,0.9909941100821446,0.9985715760309518,1.146906502305486,0.8828933775464113,1.0138881678290967,1.0251333309023065,0.9391498709347548,1.2520828503187653,1.1588708864770862,0.8331426667284529,0.5855560040389107,1.1984928029042827,0.7966819283266953,0.8187474934235073,1.5674689920297007,0.9352319694787617,0.8271076940448511,1.006028664500395,1.0,1.0839348955017785,0.9976909110356117,0.6235788791262153,1.097405564866886,0.8709920567100267,1.1111097422638032,1.4154196587435262,0.8368946831817459,1.0722350288328175,0.9566940280613186,1.1183570797161018,0.6689245877744692,0.9087251422528432,1.2469773266365851,0.8986544431870283,0.934174013037374,0.8551179935008384,1.2639114551403106,1.0521381213891807,1.0018157530854366,1.0,1.1789216178664477,1.0599292447520894,0.8992960374122638,1.2633134179976426,0.8556706478908477,1.0023520646834436,1.1414355619503997,1.040886047851257,0.9820233231224725,1.2281302172693362,1.4494784577369302,0.7939737562928841,1.0492282128940775,0.735566156944109,0.9599627518195661,1.1945410123387754,1.007716827962434,1.2813838020432733,1.180382172731079,1.3541694000569062,1.4065153598661078,1.108317900041784,1.251340391970209,1.271560285592531,1.3515272392226907,0.7248860637912782,0.9916300543785846,1.0593948444820669,0.9529977468129665,1.0263657063514333,0.9436194936142208,0.8323466715634698,0.9853741374606999,1.159947709930373,0.8901681504520904,0.8113560921070188,0.9800016814064209,1.1294587824723763,1.200208272445056,0.9856026155917397,1.0564757926641994,1.0456565596896288,0.9594670793734147,0.9863631275109168
2020-10-30,0.898546433285182,1.1230660667728078,1.020882196939255,0.8528764589019355,1.332886714497147,0.4432063962802204,1.0572974756061637,0.6174800718172828,1.0204871799784228,1.0363082080361625,0.7591008758870708,1.3276419353435265,1.2940516680789502,1.0,0.8825606271065962,1.460146907730153,1.1842499399769626,0.9076232345273497,1.1450383110187201,1.0688087519678728,0.7337384528205773,0.6088517707200798,0.8620582701705554,1.218772949477289,0.9730353936663981,1.1977392396612263,1.0419636102348222,1.1513959185966047,0.8846427640748102,0.9626819510517683,0.9075685285488513,0.8815483630534757,0.9792483742010573,0.6098276622311158,0.9977257841346563,1.3557797670501435,1.0082554107260537,0.7053835446397794,0.9714777225522145,1.0801589737167794,1.0929777678703954,1.038714587072411,0.9568217820927117,0.8352906898940711,0.8092966372000674,1.0,0.85086860842421,0.8829756106835902,1.0562932941681185,1.0803600920485137,0.9339088862365057,1.1999156975081156,1.0058396676016799,1.4354184797433793,1.4028510216485186,1.0658123268314306,0.8357123757434148,0.9053708561021673,0.9805816184188637,0.9619251231327272,1.1320288347632108,0.8932269180875377,0.9457677748017597,1.0892089256955984,0.9278922365359624,1.2492054043318923,1.1578442095256973,0.8423584285521555,0.5774509061760376,1.1959528571304705,0.7826982549885491,0.8724646248504901,1.5640904254500625,0.8887560499877845,0.8436588769711535,1.0044037295816233,1.0,1.049942791223883,0.9822251864677654,0.6616188625987705,1.0859488994959945,0.884739236486124,1.039897045613738,1.3802598904544134,0.8579384873907877,1.0662779918588916,0.9091845199986957,0.9413874255996356,0.8592356235771744,0.8891804879304442,1.2443060018200984,0.8349368018658239,0.8658090417860322,0.8463324430052224,1.2573936586144632,1.0531165382870356,0.9911327685535319,1.0,1.2294616631230821,0.9761838128227536,0.8876626442390033,1.0278168708590893,0.8568908692288388,1.0955882881976564,1.0472633014776243,1.0473315663606122,1.0003517426666062,1.2489640131478172,1.471511442734372,0.7654821410687591,1.0253718688350237,0.7351435715932082,0.9827596543864742,1.1721171452035684,0.9721276971732157,1.2571020906996488,1.170962727466875,1.3478852661295617,1.1220662736540123,1.104902664250025,1.2331288658571418,1.3191835609878728,1.2927062031196574,0.7887230706635484,0.9667524628986126,1.1073487717309896,0.9532791277778879,0.9640149672491032,0.9394880275651663,0.8509957077939687,0.9853261896788014,1.1514949934052607,0.8923700115665727,0.8108678905169969,0.98695590534529,1.305706706384929,1.1952947675204988,0.9636803995795075,1.0437237192652213,0.9972858747756443,0.8568119299805336,0.9707336570437943
2020-11-30,1.0304284430953372,1.1387305146215136,0.9770083283269311,0.9879182842767923,1.3160887253585214,0.4730746423353933,1.1802157380920397,0.9939833666746891,1.056146554900277,1.0268317999147054,0.7682194251988774,1.3303350391679647,1.3123795184182547,1.0,0.917986927596444,1.4391843280952652,1.1493289994580451,0.9089891021374628,1.144370955881512,1.17822635757239,0.8112530014025235,0.6150228020909561,0.9620498012643193,1.3018553773957073,0.9984198038499352,1.1175104786069894,1.059237924779907,1.1309839805849315,0.8831168531979394,1.002670200176058,0.9582921963250663,0.8575524051964906,0.9070410687018668,0.7127891075148658,1.0013199632951986,1.3667387624121976,1.0054900091007426,0.7654283545265266,0.9975124369040066,1.4081745519378774,1.0758959326767419,1.038702727159964,0.9408432921640826,0.888763217826193,0.7526360180946093,1.0,0.8442039994010944,1.1036521582530918,1.099514212544129,1.2534953919248462,0.9083778837967285,1.182597381518711,1.005925992031053,1.441293847664153,1.457610071213657,1.176620229626309,0.8234714726832048,0.9088391866135254,0.9734373387915823,1.0581599368316592,1.120398624289548,0.8331024650889507,1.0116086087499805,1.1834123829877738,1.2319577450220494,1.2356041369630901,1.16746738487841,0.8812140040078393,0.6164743078506995,1.2024968414871615,0.8885515983329414,0.9681222410912659,1.5725560575411235,0.8817754673828735,0.7916097344470682,1.0036904506228914,1.0,1.1017276707280272,0.99902854029352,0.8438301108882464,1.1075166197357946,0.8735878072295575,1.0489441742624586,1.3775552264729853,0.8374463689294198,1.0395604235261604,0.8957680728178353,1.0343378822512572,0.9498910292684907,0.9038483546880143,1.2349359076758852,0.8492500421588808,0.8646080437757584,0.8512621043123616,1.2564729114227964,1.052647841927417,0.9967310998815512,1.0,1.2697956569366262,1.0928533380511167,0.879212178030971,1.0879792042508494,0.858213266551384,1.4452757660123385,1.166331556692605,1.1382582319186572,1.0924896761799554,1.2087869288929718,1.4619407574611696,0.7968223371749412,1.0196122049258414,0.7583918375515988,1.0265396593224223,1.1822240431783855,0.9019555841266411,1.2562302911453107,1.179845931113011,1.3549268440410531,1.0960137941967105,1.0989207796772658,1.2263510029311835,1.3679829077814478,1.1747970304446278,0.8459745421310861,0.9701322358395966,1.1811327782647898,0.9528207582061674,0.9988653941981813,0.9452765095234663,0.8378291024977231,1.0017066359590323,1.135020673445687,0.8955416048940633,0.8108932403729859,0.9434615297871314,1.1966257744573914,1.1995899474010157,0.9011917196333276,1.0484006994973618,0.9681821805477601,0.8074794446296604,0.9527328468528878
2020-12-31,1.0228997119655319,1.1413453025534896,0.9716499616739462,0.862754111363345,1.3264846578225455,0.45511470381957675,1.078923116294543,0.8620208678929856,1.0683694159096586,1.0453143920787606,0.7454085110046957,1.3308374568278032,1.3077448402083562,1.0,0.9606060067641157,1.4385095355895936,1.1400410904893272,0.9504912240070456,1.1441566877813711,1.135872649345203,0.7986798738710688,0.6145639602129942,0.9936509850137739,1.3084020334076665,0.9999198821543285,1.1412244756877095,1.0035464828855067,1.1594585079018382,0.874890429077381,0.9933767286384357,0.9771142561058476,0.848430770870106,0.9451762932288974,0.6969181593816491,0.999803930526069,1.357260147618529,1.0056717472933743,0.8246526345815082,1.0020463010276544,1.4274663272750476,1.0840940818059166,1.0386632373494185,0.8997289616222633,0.8701653734317801,0.7989600932479233,1.0,0.847437939128697,1.0844724201457583,1.128997084555572,1.2542596373556587,0.9362397303104608,1.19848343833465,1.0059389041270839,1.4418321197044348,1.4714034038885406,1.1784988241334582,0.8349279043180101,0.9289216466182844,0.9824318776256552,1.0689767038459626,1.1348335063274946,0.888782597564521,0.9786469004230613,1.1587872502072347,1.1016295522267319,1.20299020543505,1.1620450876503927,0.9379393646964873,0.6254167144856703,1.2036169447501148,0.8614306172384097,0.9671874041008913,1.5728351283407176,0.8743096287746337,0.7612504211129473,1.0047090179035607,1.0,1.143290694455936,1.0170244173588046,0.7537766420008685,1.1417980780016088,0.9479817424690968,1.0664008274543408,1.3843486088673003,0.8869040283524546,1.0567890796016528,1.0185056819775176,1.08592270663601,0.9634462805016704,0.8958534449409996,1.2163337621255925,0.8124738258949727,0.8651195714506865,0.8499234942082173,1.2604005037891561,1.0528797453646792,0.9903576544518546,1.0,1.2797235281231458,1.0972943614209352,0.8782499125222438,0.9653830405871916,0.8579904205743334,1.3971129602503936,1.2017631569534672,1.2877512195010472,1.336856443530116,1.1149097524342086,1.3976475944674676,0.7888337127104716,1.0173488265499766,0.7860084477164457,1.122318466377007,1.1894332413398492,0.8535460658107104,1.2537787522857746,1.2418591057572854,1.2300778701092803,1.1570742099267606,1.1019214781292932,1.217689587886412,1.3670499025836342,1.112577589239341,0.8952742440671652,0.9797844682129282,1.1687392720704788,0.952813343901678,0.9364682643928797,0.9404542324221511,0.8332219587334377,1.0009316555479866,1.1584222744667796,0.899428923447758,0.810755621585882,0.9427190838071361,1.24984364516866,1.198915493499331,0.9337453251538612,1.0372784995791215,0.9735546337726768,0.7840958585686686,0.9550008063274337
2021-01-29,1.0912693385215968,1.1319856789786276,0.8959104449199117,1.1551074827139807,1.3091772181057824,0.5934427210369206,1.1960500852346792,1.2527330996944581,1.1018217538708452,1.0198818411430712,0.6735205812531401,1.3044696913939005,1.311512089286074,1.0,1.0231138032779854,1.3878307201217364,1.0661533955464686,1.0918520029709204,1.144471210482935,1.1667637354690843,0.8203975365483585,0.7379928923235357,1.1184647793786993,1.3180892468909928,1.0360540205493622,1.0586080143721692,1.045768306754767,1.0904314644200002,0.6836937966183245,1.0184912576640277,0.9417635995697623,0.8397331025103086,0.8992548996502503,0.9990959052216383,1.0001466930052982,1.3560230206577206,0.9950517848207151,0.6092044411588307,1.043942952121326,1.476027036865746,1.0848762849309963,1.0383144696241444,0.9263597381744404,0.9654457691282451,0.7462475648620708,1.0,0.8272997596154414,1.3775436014044464,1.0367980677964246,1.3083869661991483,0.9037490951413902,1.18027698632278,1.0059800228646434,1.4433149949360347,1.5029260139279303,1.1882352925415947,0.8010597687587705,0.8775638997533524,0.9667927589547256,1.1293622260066758,1.1280191221747855,0.9326020194961168,1.0394324702638764,1.201423841806928,1.3041037399872972,1.2451428838886598,1.1874835345962889,0.9192076764240348,0.7029259169056321,1.2047517599135267,0.9529288864853015,1.003102740380083,1.5739990280166345,0.8436205298982482,0.7415206555626874,1.002541822218126,1.0,1.0896092698996467,0.9916899040948687,0.8994447091602558,1.2880859934122388,0.9598756604534094,1.021760458474332,1.1980557280170054,0.9281764588495807,1.0741411224954243,1.0404404981032962,1.078082192319906,1.037160528560154,0.891552618934779,1.2440484756995702,0.7058460019445469,0.8537464252111856,0.844104984625627,1.2459790689119021,1.053160430876099,0.9834095898546098,1.0,1.2856755541283498,1.1871519210368415,0.8752520577812235,1.0327458451587834,0.8604673296190319,1.5594336840645173,1.2431947303458197,1.2925804686245208,1.345402281073388,1.1407008534867462,1.2070789613893758,0.7966176314694864,0.9201020693337904,0.9409226967820028,1.1430094391767724,1.186201299980234,0.8283502232779617,1.214675304929096,1.236562127672034,1.3444935488712155,0.8191106432845934,1.0947526011426634,1.1543258748197784,1.3887500527096615,0.9943412292244684,0.8520948578166159,1.0644605234224314,1.2236157892881048,0.9526552037570216,0.8486711864199644,0.9431068183750388,0.8710319140329147,1.0140834037121274,1.1475647455905895,0.9831000035349464,0.825230386579919,0.8865062558207156,1.0554286237907817,1.1790623060755772,0.8571057974342576,1.0493583292830677,0.9437121690987138,0.7561211946416129,0.9318897806581536
2021-02-26,1.2683836724284068,1.1313548877957735,0.8477116357274503,1.350611314774683,1.3287725150481244,0.5392069757865098,1.2302383470715128,1.301450959632152,1.117309747135784,1.0205751920160804,0.6316497925600293,1.3264691093302217,1.3680309795721213,1.0,1.1407316680475281,1.390246680238101,1.004930834199395,1.1199351287296815,1.1442140889081158,1.073099481410055,0.8692799765759368,0.757731405018141,1.1641186487604154,1.316486197434896,1.1128978421873739,1.0496636096401255,0.8986866328750981,1.0463563002627714,0.6731434622292545,1.0749808445274973,1.4113787521176993,0.8333664276375534,0.8909529529036185,1.0278573082687559,0.999279123769988,1.3435250364079052,0.9970508216797632,0.6074415024837323,1.083471443428587,1.4807411606769696,1.0748569055066841,1.0381013984341734,0.8527945335331476,1.1291220366681314,0.8788750623748918,1.0,0.8274159569031283,1.3880783125918654,1.0292968165540062,1.3107638308604161,0.7968918352904802,1.2364420752994743,1.0059696638997604,1.4382182036935545,1.5052263999023445,1.1891708864361812,0.7980291595528246,0.8882102260874967,0.9604867540681407,1.11854571304178,1.1190277818658947,0.872679780031202,1.0094989428516408,1.2541898696313436,1.3751679589991674,1.2240256904168265,1.1955956201595725,0.9447318649476715,0.7914148630162134,1.2047324261175771,0.9874069525029862,1.1519638661351617,1.5739944027639998,0.834326147631148,0.7223428145010959,1.0004267410830876,1.0,1.0288932641383726,0.9734199982462197,0.9677812950298769,1.3155267222002989,0.9549409884684645,1.0339642133988423,1.1783053138952655,1.1306137241094683,1.0502095745437232,1.069743532494844,0.9450830184989242,1.2587158722662142,0.8905282752671699,1.2355905505217786,0.7205359873307796,0.8673106185728024,0.8370055375082253,1.1664341290077422,1.0528163504705519,0.9715852314612431,1.0,1.284938861900633,1.2069746784033901,0.880462973944403,0.9140139837017585,0.8603197019107827,1.5680712153885967,1.4097749385386604,1.3117108392931043,1.3699739621778546,1.1869467330117502,1.0538264369164523,0.7506523655663738,0.8818572283073174,0.881647920270005,1.174137059917539,1.19208982576172,0.824267835867772,1.1768905946115453,1.2987296956245402,1.4535105151259446,0.8594032068514279,1.071117184462763,1.1698418118763778,1.388764113615229,0.972625671173319,0.8821808510445484,1.1636428650616848,1.217236428862038,0.9531986640056276,0.7004306385819953,0.9417969348731482,0.8572501368156361,1.0169303783826826,1.1235370809278227,1.002464507719807,0.8311331125094602,0.8455800317307163,0.9959429222627845,1.1300099661769019,0.8277103746148969,1.0515291084531246,0.9257364072272969,0.7438173695233513,0.898760360899616
2021-03-31,1.4010517274703476,1.1430403008316614,0.7537628853591039,1.474521732639451,1.1300755563906089,0.7907225953975567,1.2356097020943508,1.4355795917344731,1.1234735582261586,0.9504973277845045,0.6214603589677199,1.335092533204339,1.3721750877719172,1.0,1.1412125778123592,1.2973631251492943,0.8839670235080141,1.1047693894856965,1.1348395596047656,1.4053018218975875,1.1435069075802542,1.0491014787480277,1.164975728873998,1.2991852464482097,1.2037943230877812,1.0063562422373096,0.8604544231682196,0.9258149562881217,0.6451187683487281,1.0770311800725207,1.4219452507086299,0.871655568587862,0.8493985016067676,1.0446800162135974,0.9982472369149411,1.277074429056464,0.986901826755342,0.6080409188564081,1.103019949126053,1.4823528907416856,0.9936802011401991,1.0186998872949755,0.8633731148754906,1.3668436444907823,1.0405669667445168,1.0,0.810618446633957,1.4080847775479304,1.0590418911694144,1.3767252489422348,0.7607091212009157,1.2776508531368727,1.0060160219956724,1.440764632664716,1.5047548773311785,1.1866235152110807,0.784154371895711,0.8743023182467682,0.9573908685532542,1.1367235303455006,1.0824081899708224,0.793970908019444,0.8279059449940901,1.3280201710022683,1.3839224739732483,1.2235997020746983,1.1749688374035294,0.9545607750911369,0.9458489514812575,1.2050079239024472,1.1156393659521304,1.3803739072476293,1.5740651785888122,0.8309524884540659,0.8233743179185331,0.9946607315910845,1.0,0.9152390551442521,0.9701761506028742,1.0894720440523964,1.3464724943702961,1.1135446344394475,0.9539796340932367,1.2327313306719654,1.4406681126364516,1.149532382182508,1.373998065461262,0.8390497256208403,1.250608200211999,0.9070192753836837,1.2017326153510002,0.9479110838598002,0.8940632332406256,0.8320369733333373,1.003693173018262,1.055470866709796,0.9713457679441944,1.0,1.2871188720015128,1.2288878027819399,0.8844283602742126,1.3165847230763856,0.8566998779678539,1.5698499927491434,1.463857741781718,1.3118611430731564,1.370254762214217,1.1793647976244241,0.9697191817842372,0.6882407910267947,0.7951226275542418,0.8830246017867122,1.0894535014267477,1.1701213448279413,0.7023002928268304,1.1316746537271802,1.4704924087339637,1.4656948289206704,0.994903998514091,1.081234773654888,0.9918149985346453,1.3888087321332134,0.920892256998075,0.9175769779436378,0.9647404345307776,1.2057527848658236,0.9559932441799466,0.7856055432234175,0.9354576626686133,0.8276856283238425,1.0234987663822306,1.1141757639970513,1.0277184369039938,0.849997741264594,0.7924839553271649,0.74355663702446,1.1243348962135014,0.8094749925187543,1.0516681248626314,0.9240392248538181,0.7468448066696652,0.887344189372223
2021-04-30,1.422945387521017,1.1039600591710084,0.7206786152509546,1.468500653716902,1.2170821351835555,0.914855980782176,1.233055015254009,1.4544337858818535,1.1192303384694204,1.0247192560920464,0.6288897148324136,1.3268460868511256,1.3499459487385477,1.0,1.141433006868709,1.3154814516561024,0.9544570174544462,0.9902796562313558,1.0596773605981415,1.4478551805244222,1.171971173319455,1.1320518071907053,1.148238647684497,1.3107441333215237,1.181020588762071,1.0126086411304476,0.9187391678625753,0.9257979656284471,0.6251827440651326,1.076007644449207,1.4183343265210628,0.8701416672077524,0.8495570236708939,1.0141642439391108,0.9982182660309515,1.2108621453494501,0.9839502180041189,0.6080117061880413,1.0962444469753445,1.4821699312924477,1.0238134448082805,0.9688954676297293,0.8802149152690111,1.365158675026981,1.1474993275875185,1.0,0.8086962074637609,1.4045489713247783,1.1174590633666368,1.3857069141632792,0.7437450307260329,1.1617958922957263,1.0059710036710194,1.3721501052043257,1.3654892429000383,1.1267544051099967,0.785247852469326,1.0898881258609745,0.9666234945063689,1.1138261025354337,1.0773379159595702,0.880953446958178,0.8979441399466814,1.311897595368486,1.3836216159408643,1.23107509057077,1.1886954331197692,0.9269107839750497,0.970991216958023,1.2049278687337093,1.1499061725554587,1.4333992416302412,1.574093657442971,0.882494449087661,0.8627120127039303,0.9988815444152002,1.0,1.006306508184962,0.9658597085331536,0.9779907221217492,1.1775770352352541,1.1317229140251086,1.0678413558824977,1.0367977549734815,1.4615967844954114,1.179160985551379,1.2702210294356586,0.870173750468654,1.251146615233353,0.8963686982033814,1.1945157873226697,1.0516990017303012,0.9504167898195687,0.8406700473801342,0.9761998619056319,1.0559094315046982,0.9860821333527634,1.0,1.287215909301386,1.0940369966628138,0.8834199790551612,1.3185996630219594,0.85596974066904,1.5650850863221755,1.4536332555182327,1.312678797756524,1.3712823125115314,1.0990065872571766,1.0127136597317579,0.6706470986603339,0.990701214154355,1.0644180691938074,0.9854073884087744,1.0861967290506043,0.7416232684296888,1.1396153308896908,1.4728686376455413,1.4623786796757507,1.2392498271899526,1.1011500274930395,1.2068345722268647,1.3886927359988572,0.928806004841464,0.869656011288794,0.9650317310832802,1.2125332733309093,0.9675844956683476,1.0074508549518524,0.9379654955960005,0.837860615802699,1.02327660595141,1.1054024177675972,0.996662601229477,0.8478755862532454,0.8422917195854311,0.7075308858281424,1.1940387170297926,0.8731445128927087,1.0484344100504697,1.0146919755223869,0.9893708541217714,0.9848571515712435
2021-05-28,1.4997515310888185,0.9964141097255348,0.7211394164496341,1.477262782841048,1.1829263725898718,1.0699361600083992,1.2360124694590662,1.4950558811867003,1.1190944942535939,1.0252986918628821,0.6273106031676836,1.3108763121206328,1.3079189882838933,1.0,1.1416222065042332,1.4318190948871359,1.0003888712862836,1.0840985414705722,0.9585771496035216,1.486880949062738,1.1746389400953072,1.1937259495596553,1.1639044290143454,1.3146751254579354,1.2551154703892282,0.9874873575672523,0.8711155502666056,0.9159963525291005,0.6125823620848793,1.0710332256742046,1.4245554001873528,0.8688961484181412,0.8434808244966371,1.046719782985144,0.9995059386476866,1.160556010042002,0.9846011414842417,0.6087993509598184,1.0991720482821874,1.4821816885183292,1.0185723811302354,0.9794072392780545,0.877639962471761,1.4692845427678831,1.2667505839649569,1.0,0.8035974320448716,1.4076180334349855,1.1983970745410768,1.3927712881619927,0.7438601528467585,1.1365371054640092,1.0059133675105605,1.2186630405755707,1.2238154523653306,1.006754933326793,0.7854201643819552,1.1015828793785993,0.9803249733374901,1.1236630007277446,1.057617770553077,0.8306615392400686,0.8604552446701399,1.313910643936365,1.383707688425329,1.2103050339860537,1.1761109486371057,0.9147466466532386,0.9812853359728047,1.2049486001396552,1.2363977519743097,1.5379742091462374,1.5741463956741062,0.8900197532330305,0.8956393959654761,0.9968982207854212,1.0,0.9538455192322592,0.9653573370776353,1.129538398151778,1.22632587821608,1.2708449189431543,1.0665512027319943,0.9320598417088595,1.434286305085089,1.2345058242484996,1.3178141123221163,0.8632817194674297,1.3083850727484516,0.919914218232069,1.1219799615675643,1.1073758426267284,1.0513368955942415,0.8396576824888032,0.8258996476502678,1.0555877859422025,1.002046652810124,1.0,1.2870201737129023,1.032477718068554,0.8906190701892058,1.3263419527767555,0.8556064645964776,1.5639350519577149,1.4187899286636527,1.312768835021027,1.3714141657855587,1.081377201013744,1.0236829115911827,0.6753244598477814,0.9924276150408148,1.113050228410953,0.979438093587276,1.1150016671808547,0.760560565817757,1.1331442621842984,1.485975910926073,1.4628965055392347,1.3392053939766435,1.1075786650145412,1.2601475059573075,1.3884617879522794,0.9308004256460668,0.8303703558723456,0.9871172434500034,1.2110629167549531,0.9755164010821616,1.075296433980502,0.936301382300224,0.9328285421313162,1.0137190061522579,1.1313705043586026,1.0457648805881594,0.9071339795530411,0.9216256421332483,0.6752417536586628,1.1990509978353356,0.8439003505265055,1.0439218945645685,1.0468766616793395,1.114286761583204,1.0174450681819893
2021-06-30,1.5029822655722098,1.1047658423301574,0.6904202963064986,1.4750813118303663,1.0962070691256942,1.0742512057945794,1.235792897088632,1.4963985503069308,1.1079349286625657,1.0499976479129387,0.6286843739031349,1.3160438769802503,1.285723475850587,1.0,1.1416197147094231,1.429597036629211,1.0278976866826781,1.1548077647951218,0.977055476888835,1.4924026202284941,1.224432079566384,1.2497055875309118,1.1770660579464223,1.313595227540437,1.234026821970573,0.9414105759897516,0.8721769506636192,0.8979524758062521,0.6173397192393661,1.056949436712716,1.4244348146434391,0.8670178827029911,0.8428131527387561,1.037718428517843,0.9996818735631762,1.1636493035049689,0.9954163616550599,0.6081788271759616,1.0917768972902553,1.4818333193283593,1.017582490421433,0.9727413088967597,0.9078550335815647,1.46066821282493,1.2466669962472015,1.0,0.8026662047984031,1.4070942242412179,1.1751159921877314,1.3937303138071562,0.8709212224126881,1.0827451453983612,1.005879187311197,1.197693621014269,1.180371694123077,1.004059233082757,0.7843752253894422,1.1487494033482237,0.9841679290144947,1.122753845285081,1.0525818353734402,0.7589398778178301,0.8645507901359828,1.314379218171661,1.3835582961938417,1.2181982319785718,1.1839387618978339,0.9134621031428931,1.0239267489060384,1.2049113103369964,1.2589312788057694,1.5265312592241602,1.5741448408225294,0.8886144136295537,0.8239460859147574,0.9971741401876059,1.0,0.975862406542398,0.9815728590399531,1.0402449157159528,1.1976049397314876,1.2238953093272453,1.1231830368304023,0.89789507966962,1.4917888588158115,1.3065722506302584,1.2825751703532686,0.8447132923313203,1.303089597184837,0.933373085689937,1.0484063498598852,1.1168747826936007,0.9785771612836897,0.8506215606699111,0.8547090597385385,1.0575404101682624,1.003919610595122,1.0,1.2861162072208436,0.9530557858245723,0.9073036080685322,1.3251525524583483,0.8571668861479986,1.5590933439467993,1.3725755709045446,1.3122377287631897,1.370741538702228,1.0113511830060806,1.039929480406496,0.6947240759556136,0.9985327937662438,0.9962934834064435,1.0207311566974149,1.094316565900057,0.7458637447583831,1.1505491845458375,1.4851208394644304,1.4643929966757923,1.2600430406117409,1.1002299333774106,1.2753443374975375,1.38821716741301,0.8934907671171175,0.7746331180098166,0.9831246710700832,1.208885038744067,0.9763468543039225,1.0806380282953207,0.9369648914395626,0.9167207941383394,1.010025165034838,1.0783534767121228,1.062112133331086,0.9155146772130107,0.9446758014571701,0.7548548252482091,1.1993624662455438,0.8474699877512601,1.0352862190090368,1.0590495522364294,1.11347597624043,1.0326637388998974
2021-07-30,1.5160214319946013,1.0603561204401715,0.6893169480682548,1.4754728910887198,1.0864030932797353,1.1016416866587901,1.2354238987943549,1.4983730808685605,1.1043710825407298,1.030899001865677,0.6316165690613293,1.313140122962562,1.2689376556989094,1.0,1.1416283062033354,1.3984141886445818,1.1152214019381428,1.1895824349264288,0.9348999681863688,1.4950332199370866,1.2413270841665591,1.3066419180638214,1.1882823803642524,1.2936857978839251,1.2597882452095222,1.1076384044304997,0.9012885191947441,0.9021428740623044,0.6188312580416517,1.0713660951812543,1.4253319843125936,0.8700190559287273,0.8414638010683722,1.081101830684835,1.0025559349409479,1.1587224903711013,0.9816494340175417,0.608097227463773,1.0934815577246604,1.4820317993895034,1.0169641784350845,0.9901964329239419,0.8295182275466492,1.511549484324529,1.312662728638131,1.0,0.9909871108952036,1.4091250865353075,1.101668128114945,1.3917358592879232,0.8320169445304545,1.0880314852597435,1.0058387274327099,1.1448646407177232,1.142768620846485,1.0546881726500195,0.7819560657646908,1.24370961203163,1.004052451088234,1.0815780390444187,1.0129465226658796,0.7518130569889012,0.8694768942821439,1.321523209883162,1.3837858755513666,1.2369686151240107,1.1712451805144979,0.95976168071846,1.097972450431135,1.2047111930909937,1.1853485882998964,1.550240885934552,1.5738385212982906,0.899924777045962,0.8039789709931754,0.9946724276129699,1.0,0.8993922875913609,0.9630911290011515,1.0506668431125308,1.1382372606497533,1.2109812533750266,1.1352972834251633,0.9691100597551745,1.4907339683378056,1.277778660695614,1.2787207298933245,0.8267199194989572,1.355996671646304,0.9315536976997293,1.0471948209105042,1.1347992582418622,1.0482064372334357,0.8480692913499565,0.7984572402883581,1.0565909068199533,1.0236516093483412,1.0,1.2860295035936562,0.8974033958496981,0.8861832402755903,1.326377046566547,0.8558620881189566,1.547309836611813,1.359681161011552,1.3127078801802914,1.3713363224378052,0.9590528151628513,1.054604478779633,0.672419651790932,0.9996910923290362,0.9106768236029769,1.1366145474502756,1.0900414908025446,0.9192916488359341,1.2882418069255708,1.4866151354383703,1.463882079564145,1.4352012154687332,1.1102092725561648,1.2808132785121211,1.3876596263371148,0.9034215690611999,0.8494264455683584,1.0056229002357726,1.212414280978808,0.9991701653090447,1.0268879100161796,0.9358210740758577,1.043369244306546,1.0095176459850703,1.0295079966316263,1.0464270823563622,0.8746793719430344,0.9380692483534878,0.7129359096523287,1.2046138489999376,0.8773168421140161,1.019077267412322,1.0740754383266042,1.243485846812967,1.091935594887273
2021-08-31,1.5323993310149389,1.0771052920391473,0.695932794677909,1.4779150073992966,1.070271222793206,1.1532958957656374,1.2347139553842852,1.4980623524915282,1.0928779464637317,1.0344029090362357,0.6303329181121526,1.2146566463094,1.2153713523581342,1.0,1.1416729765801839,1.3395471139664106,1.0954418303169258,1.16280550392198,0.9331814839489179,1.481085035332761,1.3054140056959087,1.3196857960450028,1.2220714365177596,1.1576580278142738,1.2830666318245476,1.0833137994858528,0.8828342306575758,0.8913760803495765,0.6124386376663102,1.0638788889075057,1.4219259132469948,0.895411173320672,0.8370378712845499,1.1166192684303202,1.0035418838744625,0.9448509141406983,0.976810933002195,0.6082781467884051,1.0926959465424777,1.4818661010475558,1.0327507373674547,1.0339575545430744,0.7954506247320766,1.530632084334375,1.313321638288486,1.0,0.9895062703937506,1.4096021604483369,1.0580645955049213,1.334810315953221,0.8388218695075078,1.1191828466641967,1.00507448366058,0.9959975714201155,1.0704205799361262,1.0778494595776185,0.7802558433562501,1.2407265195903179,0.9906649194065529,1.0714151826122136,0.9466716702615179,0.7296403653537789,0.7348928828707999,1.3233771650478732,1.3837096485879101,1.2481815555480196,1.1440597023678503,1.0262402426216632,1.115871669281998,1.2010263058352053,1.2043746931644408,1.5606456632774184,1.5626579919465375,0.9137403914826587,0.8662190563232204,0.991553274533457,1.0,0.8912462879430756,0.9561403492730727,0.984257291341633,1.0965648147115843,1.478503097982438,1.2112602620385635,0.9989815511697556,1.466504027148501,1.2617817889781007,1.2368384411403217,0.8458202639070029,1.3777289720068502,0.950062552012818,1.0536320035209081,1.0947954824204207,0.9566417548808438,0.8633241117746266,0.7427684547164232,1.0629906623041088,1.0224314576959783,1.0,1.283781947624937,0.8620717694435887,0.8847723292959851,1.3265130721008984,0.8561016091245429,1.5581295623380969,1.2307481293977056,1.3113482390745463,1.3700104188097058,0.9433868537192697,1.0418768894507613,0.7401510280753381,1.0924061649677088,0.8225408489799355,1.0132978158104933,0.7968001226194815,0.9868141596579254,1.1683899758774523,1.4851963812935651,1.4645393221577816,1.4097081278602164,1.0959091297216843,1.2766528610660024,1.3878716071709685,0.8868561967880851,0.9557095794243778,1.0414674549965621,1.2096620021009374,1.0250802617854782,1.0157797482843236,0.9369255903292164,0.9866280978278185,1.0100453831968788,0.9726713643576762,1.0337294675290343,0.877261473841875,0.9455564958550582,0.7535436376752631,1.2007604773250198,0.8850941836329087,1.0098860102882758,1.0694613822197583,1.1662389029797693,1.0745259954575619
2021-09-30,1.5340350835917598,1.0415257561612523,0.7257458550366152,1.4761606532269984,1.0558313024880908,1.2718063110232567,1.2357232819366282,1.4979341970664122,1.1078278915991149,1.0398316206936546,0.6278546383058196,1.2712449581315646,1.2417330633871686,1.0,1.141681519074984,1.3066197715786958,1.1343320083816688,1.1502725949609183,0.8711639424796795,1.471052974717403,1.1986133330784818,1.3024782603902245,1.219315152425261,1.1837784080879494,1.259912168833334,1.0840023380705752,0.8633093201430468,0.8913167088972458,0.6072810612319646,1.064611727834726,1.4244516520802224,0.9408843828374958,0.8374244413339451,1.0922155710373807,1.0048604923065596,1.0091340265202695,0.9920597182459421,0.6080541858021062,1.099602861678276,1.481965202407954,1.032314034439916,1.0262833804239677,0.8311992725435406,1.5275315083158267,1.310785432713475,1.0,0.8820113629270164,1.4077471111419388,1.044039373890874,1.366487444474854,0.885481412594498,1.1252556790011046,1.0053225795857017,0.9636501542976305,1.0724192451388965,1.0825037094287266,0.7798968263116692,1.2104596118054658,0.9876055745650176,1.0847663989713894,0.9432431159735194,0.7406913250356979,0.7497799623200667,1.3243207981789116,1.3837809783681854,1.2484726207039507,1.1315183674535365,1.06441434577844,1.115952804142047,1.2030275063761782,1.2395932976830188,1.5728425287215608,1.5672559604922696,0.9066057989225479,0.828502041305457,0.9912041391140235,1.0,0.866342877484986,0.9548714476337402,0.9960609911812393,1.0887746959617837,1.4641468712906187,1.1847522803660924,1.0717542011385555,1.4144545839644531,1.2212920094661215,1.2372564455525565,0.8325970188198913,1.4301226507545424,0.943931255195269,1.0046895432641822,1.072768425344912,0.9243053658787204,0.859897193420368,0.7243430183739936,1.0608256710800317,1.0256135321377189,1.0,1.2846084143649876,0.8982634379017985,0.8958399414810753,1.3264599665975823,0.8576097949020608,1.560162805381576,1.300242610491207,1.3103001774324499,1.3684010628672536,0.9300836246150805,1.0879418108564667,0.7278072410785283,1.0953968514472314,0.8937198107689521,1.0367678987066846,0.7883989707555173,0.9597121956439187,1.1819706265441319,1.4857879542775414,1.4640481718245615,1.4203992934559149,1.0952937788529344,1.2821027048479385,1.3879041967036503,0.8956579415412439,1.0314716446462273,1.0520576355250253,1.2089525527562563,1.0058489065331884,0.9856588424695216,0.9383914164138334,0.9986089550425744,1.0097739658804037,1.0406464167168024,1.0792132327803705,0.8986954817223411,1.0166637002220464,0.768312071725968,1.1987737120917934,0.8766218473432255,1.00492722573696,1.0677269021491331,1.1798258159920345,1.076124531816681
2021-10-29,1.5116699865918897,0.8521108920368754,0.720899528184691,1.4628978544273439,1.068187078824614,1.3240809887356901,1.2350678909702824,1.4912831960596318,1.1180528169272417,1.0411056103396399,0.6260021792608039,1.2919685711405604,1.2608559189846646,1.0,1.1416783162160287,1.0840522247367628,1.1838397426067742,1.1223467064117398,0.8654889072539886,1.4810055068655086,1.131634408928635,1.2892644210452011,1.2235095700880214,1.2060982059566276,1.1894523621608255,1.0551763977676283,0.8601708051169257,0.9095882485375829,0.6073370836018301,1.064092573313953,1.4157483527308525,0.959271675131336,0.8392591833819075,1.053388627254121,1.00482722531098,1.0894160924320233,0.9867751799488438,0.6077783959284466,1.1021648035145277,1.4818723836504504,1.0358581308941222,1.0246822239520306,0.8435872097034076,1.461257496307096,1.3066336085828705,1.0,0.9298590632218733,1.404554820662566,1.0711303780251877,1.3830394169050857,0.8885138052605706,1.1649922626801248,1.0057481712620717,1.023913047906928,1.1149588738509801,1.0650465041232626,0.7797776134786483,1.1253867041378287,0.9851139418519331,1.0646881785947078,0.9663440976054274,0.7675164223826917,0.76895572519599,1.306859756625948,1.383707896244115,1.2459134032764085,1.1550506950706128,1.1490066662844012,1.108016579806468,1.2034626859051207,1.2296688886253337,1.5586407376528324,1.5671775629871787,0.8834617651785827,0.7531704555603734,0.9913433149695323,1.0,0.9320545505746319,0.9567160263366246,0.9562021233113641,1.1255657197624276,1.460462849040749,1.212978934910579,1.1023365437690793,1.3658535057233758,1.265890831752933,1.2290959440309348,0.8285429929558155,1.3906826428587808,0.95152346742077,0.9537873109511299,1.0530063087063124,0.9641415013801414,0.8744161977698969,0.7387078892024563,1.0600372776628189,1.0294450891124012,1.0,1.2858231060308387,0.8766028886734754,0.9042313443551969,1.3262733515070928,0.9916195489837633,1.5562650819388888,1.3886630453700852,1.3104594144778694,1.367990567805396,0.9102193958047129,1.2259201626007659,0.7195686056215668,1.068009750740524,1.0470923219983557,1.0204904467004376,1.0274087965719643,0.9691463485983156,1.2475365656393382,1.4861967050938139,1.463608243482863,1.4066302911349078,1.1011507136228469,1.2835004680816104,1.3870486119837546,0.9088474445058551,1.0594635094758993,1.000443713438434,1.2105235993186587,0.9875521740934753,0.9823088835364273,0.9395668798210375,1.0769532216917839,1.009937387640404,1.0394179104561756,1.081665904055521,0.9394239704846273,0.9745744646981901,0.6652506986443555,1.2040919520473659,0.8740451130767494,0.9757927438033832,1.0722999071194799,1.21068363614687,1.0875660538093412
2021-11-30,1.4450932003739214,0.7739970659029389,0.7509048302619512,1.4511531175572414,1.1633860577026147,1.2205764069831042,1.2322977489277251,1.453637108719408,1.1031815020142406,1.0773776730701823,0.6557209261777956,1.2722730182150108,1.2113227801170887,1.0,1.1415671396555447,1.1838240121245418,1.3750758801153986,1.1657412617863168,0.8522817997809207,1.4632141856616538,0.9321179397050436,1.2394423632976792,1.2299424758834931,1.0786623871650534,1.108040445613048,1.1185297194933386,1.1557789537538052,0.9575097876782426,0.6147293471993533,1.0500333440775365,1.4025580484281486,0.9932750428988245,0.8553287665980918,0.8908910293781218,1.0045527358199804,1.242295518758937,0.9863814316913848,0.6076106401020615,1.0837380290981717,1.4781133310641685,1.0501525049983518,1.0370728378275773,0.9459937518007133,1.356635991433178,1.2836212848024542,1.0,1.102903805158562,1.3599521466106286,1.1581217833402841,1.375078822906584,1.005073984141183,1.0990212590269497,1.0055516356427527,0.9306892048277701,1.0552560760209158,0.9062457542790339,0.7828609727739567,1.2798080443231994,1.011725394814014,0.998503649641032,0.9705581730335124,0.8347776639681636,0.8965810370258336,1.2596151960793929,1.3824171950628381,1.2359291145681564,1.1916370462553223,1.1726825380877932,0.9981772424916977,1.200050143506332,1.0974140596642454,1.4954519259063717,1.550332920975794,0.9242680280801809,0.8359776035511639,0.9958469786288087,1.0,0.9424117270882938,0.9570924117153915,0.8472753628057107,1.1157874814343023,1.4614929330452766,1.3244374384905946,1.0727907392631442,1.4148392899055908,1.3432136963868768,1.0980967190613222,0.7811876821698441,1.2771909908617018,0.9737261750546212,0.9432463303803409,1.1025069682299404,1.1521215787795096,1.103566505316952,0.8463422778050929,1.053794552588858,1.0508421435580213,1.0,1.2836225853495824,0.7380295387770005,0.8961293855400609,1.3255953225378092,1.0181782940168937,1.5083305825559061,1.2700615907380224,1.295903299894568,1.3461025203112436,0.8195374682482901,1.2902114908203015,0.7811509972679803,1.1199022013858522,1.016611918842365,0.9947666342274415,1.1209456660908044,1.0057239347515352,1.3435774799118292,1.4877209450344568,1.4602840497139182,1.4610998410915792,1.111384284389094,1.2861052032970643,1.3839389648537719,0.9136561053963269,1.0513179320686357,1.0207323561186197,1.2176568502034242,0.9995774433974859,1.0131162176684618,0.9354145303875236,1.1702685550180059,1.01171190541342,1.0380311295055185,1.0652683693448464,0.9480709183011234,0.8947165857902228,0.6995718767247985,1.2082418007847189,0.9569246690269917,0.9643304014053401,1.0801983566985458,1.2491046033730622,1.160752626425863
2021-12-31,1.3740969546622646,0.859101892051641,0.7558906090652422,1.46039794416331,1.1798257052029775,1.1876703312180232,1.1793694257675373,1.4487942468443151,1.063779167294061,1.0791593712628007,0.7813789575867375,1.1299354219165003,1.1377301502516872,1.0,1.140747428681062,1.2181512426528462,1.4362014092204611,1.199433200117735,0.8480288926310985,1.3951109993731243,0.9603863627358818,1.2685587087317234,1.1636895864506185,1.169482137365391,1.0868164917555931,1.110552998431435,1.1066444810574616,0.9783503707996029,0.6321666697319541,1.0253186546569972,1.39963779461436,1.018361049193798,0.8558866708020698,0.8024708053442549,1.0069564728836826,1.2144965660298408,0.98452185748391,0.6079328450868517,1.0159921999825818,1.4672346854423997,1.0523713595120545,1.0379154218013926,1.0571722810182014,1.3113704437882419,1.3418338174225102,1.0,1.0941391917252639,1.3644443769628116,1.217945720794415,1.3728651997252457,0.9477468276973876,1.0215177481062858,1.0047963521196643,0.884699362734135,0.9751401821980087,0.8485082301884331,0.7945984594164083,1.4058017245408874,1.0469785332892845,0.9790732024997743,1.0072347565129165,0.785719932388574,0.9158076404153985,1.2410220159807686,1.381213720848798,1.252054276110789,1.145066949363939,1.0970633271046741,0.9468273260242368,1.1998626786646764,1.0537231711381645,1.47499020837169,1.538986415579625,0.9972634371016641,0.747650097528173,0.9960131403233913,1.0,0.8744336071339794,0.9543728590708404,0.9093955611705757,0.9706351688090863,1.4374648463926207,1.3259906213264316,1.1777993261461859,1.4224874944994435,1.2919915589015174,1.0505279774644456,0.7895936379951006,1.071455801220125,1.1120376363046094,0.8275102010301978,1.2090057752537298,1.3153370763973378,1.2187315718261837,1.1148708889065837,1.0529878771108494,1.061146332431109,1.0,1.2721613371968366,0.6409330605094415,0.8956198693511817,1.3266903933271599,1.0776255139630768,1.3911818501187412,1.2046196507108133,1.3095552970109219,1.368411930812602,0.7558194682376331,1.3417048126208655,0.8252556156934692,1.1613579511386052,1.1424299167432619,0.8771091624162982,1.0845473904127925,1.047629218647502,1.3526065507924285,1.488565496434759,1.4593388720461375,1.4657325860857289,1.1130305644561258,1.2889935550463596,1.3687090377845585,0.9884000456063535,0.8798044168904178,0.9982814571181093,1.2333725260954655,1.067596784796651,1.0984645590207571,0.9196433260915763,1.2338495029860288,1.0114753136986987,0.9529439368612553,1.0128424767406903,1.0540958692368998,0.9794837429548284,0.7193339838266337,1.2098409928214353,0.9797379908029181,0.9414483872336766,1.0846405562300343,1.2761675744939336,1.3340218806293198
2022-01-31,1.420279374293624,0.6968762343122608,0.8157665078489773,1.434813659332447,1.1710344329270337,1.4785535617219383,1.1830030541389533,1.4378445411974143,1.0184507101314624,1.0572395458834805,0.8395059587246227,1.0317878605825073,1.1220626631567732,1.0,1.14131476918602,1.3398064893699853,1.43974572125441,1.1479766035042356,0.8472268814534265,1.481455896370666,1.0237119760862352,1.3215608321665437,1.0889736736111404,1.1388129701720207,1.0670904660591936,1.2607724121146457,0.957829832997614,0.9487909164511855,0.6349355149718763,1.025710568541885,1.42491967426916,1.2336029565854534,0.8570374575971723,0.9162005402493115,1.0096847082661426,1.283594278360665,0.9982473372744548,0.6080232856304163,0.9746220640490657,1.431806763455279,1.0125511469997717,1.0380021511444144,1.0656483875941345,1.3381918378778503,1.3742854832082165,1.0,1.093410363200447,1.2303934507675454,1.3206118367665447,1.3683352964306494,0.9745996909714182,0.9748773185964947,1.003961170327941,0.8153247269652462,0.9369563845813786,0.8474069823588908,0.8026507000888932,1.490575483762095,1.0631427435746181,0.7374734922490069,0.9668508691931671,0.772613829929083,0.92053539083487,1.255935465790067,1.3808977435463266,1.2357696713476154,1.141000830457562,1.0601570493856476,1.0482278408159291,1.1941306564468404,1.033259447776423,1.5704006320869515,1.5452890237040569,1.2095127139347113,0.7774809383428056,0.9958909126959039,1.0,0.9369048101345612,0.9522395387634488,1.2412527728052403,0.856107766224824,1.4553092258968432,1.340297372433263,1.203516762047868,1.467918902495014,1.201979621334499,1.0997773440486198,0.8202874986829536,1.001888480942752,1.183732867182962,0.6117309967361286,1.3106277143409995,1.3643026521175163,1.178286787158038,1.1109586408493577,1.0522639820364026,1.0614634627867834,1.0,1.254776596782686,0.5518259636767306,0.8888813321930262,1.32691765491131,1.043142681147073,1.0803691786054859,1.369450426552336,1.3128353908555157,1.3715917072425428,0.7268864704165541,1.1928808137100375,0.6812080125787549,1.2683490965228301,0.9203531930246729,0.8581899773549025,1.0777164358401996,1.058201774098567,1.3777286515774536,1.4898072309696164,1.438176246144335,1.4669903252946779,1.1134961405776227,1.2892378642600195,1.2299026590999833,1.1481596027969996,0.7753744263708215,0.96869212069773,1.215721618652377,1.0879995168852203,1.1608054990928873,0.9393068077314525,1.2604688106618418,1.0142482660416932,0.9806816053080726,0.9717114878989289,1.0199093882275259,1.1243655955289014,0.6685146285551093,1.210451600749434,1.031979490827845,0.9396088720000061,1.084874493043951,1.277592830462046,1.4017233100916453
2022-02-28,1.3646452138521714,0.6579384524574716,0.8795514035353444,1.3955811693362796,1.1101248050089165,1.5050553703122795,1.2149730166111783,1.458802199399448,0.9907460350235627,1.045326984726224,0.9886502805480112,0.8239522119337606,1.0862877140251368,1.0,1.139975313893422,1.3391766682037662,1.4061971060214586,0.9560867736595839,0.846974289722991,1.4975237374744008,1.0830169671575758,1.3606106123365542,1.052736549358136,1.2480722833821063,1.096801395349522,1.3563133874491395,1.053074731600702,0.9203577125179458,0.6230021415652398,0.9748324610946191,1.4078660315717875,1.264089068252802,0.8458342553882934,1.179501419178455,1.0105986675733838,1.4485661945390214,1.002013004646953,0.6093898824141193,0.9672924174581411,1.4306604548520157,1.0459041190027205,1.0335757145166202,1.076655036446983,1.2992677781084292,1.3722860793553826,1.0,1.0909692788186358,1.2696652651001763,1.2832904301585528,1.3902043646219036,1.0181330257021568,0.9064638638254865,1.003952762948171,0.811633755670623,0.9363243200981561,0.8509476863557203,0.7985434097465629,1.4883165339161875,1.0635390866258774,0.8550722739334493,0.9108302874066274,0.7985676345340078,1.275163987858206,1.2669664828815685,1.3784199829062909,1.2529134651597598,1.1611187936065002,1.0089428136084697,1.0722531906299386,1.1919219931876168,1.1015491855180652,1.5484680524904135,1.565598688861112,1.2392795890585204,0.8560097456450346,0.999821542895079,1.0,0.9678359002470552,0.9520049669608334,1.3732329921223583,1.0713690609189996,1.4473606197104811,1.3032201126807346,1.1380101585370563,1.4705935120602862,1.2639460845181514,1.3172654925381304,0.8306107902113125,0.9428250615896059,1.2303332151852797,0.6066568583635675,1.3287305563347076,1.362962041215072,1.2809228807211102,1.1694163935019084,1.0520585085004264,1.05992364864094,1.0,1.2676415436813977,0.5326008048206745,0.8910749736870864,1.326922525174904,1.0164457054574576,1.0079417082644448,1.2077952573161324,1.3118850708437366,1.3708773569052177,0.8217109714550916,1.1039707995373615,0.8421124306637503,1.2819778593985562,0.8256146726033091,0.8203901065752044,1.1296883268432305,1.0573954487199226,1.3646189267312092,1.4895707185639229,1.2552426235118976,1.4668931624889918,1.1134970756896307,1.2892324637745551,1.1632916049094113,1.1707039593719484,0.9072011136569518,0.9535603268792268,1.2271660887720706,1.0885791020689268,1.2087767660886328,0.9534288622310053,1.259217703421459,1.013285164277923,1.0550476038144336,1.0027353057885253,1.0728555425574844,1.2337393817024198,0.5327725962188334,1.2104922358573604,1.0421133380116498,0.9394592973166082,1.0849069011794172,1.277646111833274,1.416003779271957
2022-03-31,1.177682379073003,0.6909952906960346,0.7497962803575825,1.0487342333543859,0.9138399379160489,1.5043674529293234,1.0918691117524475,1.378196529491075,0.9606326696105991,1.008756452277668,0.8439690216232459,0.7401360676921206,1.0554947802968826,1.0,1.1373643829408542,0.785100880818074,1.1397339802478168,0.8793740473085938,0.8471387525732155,1.4932406145050816,0.8967800865822481,1.2615707248183843,1.1501453445835834,1.2511178296349996,1.0898478301581631,1.2259016812553514,1.0102804554820821,0.9082820552215969,0.6431799240274491,0.9581484706928104,1.3649156633684876,1.2166118787020805,0.841273818565535,1.1404966100370992,1.0099394289848476,1.4781687065601847,1.0048134684959604,0.6077192717740628,0.9219870619501956,1.1447216400764526,0.9531787814297498,0.9993701135421171,1.0545201113097378,1.0243932317116218,1.367289969524429,1.0,1.1390701429597172,1.1353414291772648,1.1566256750450619,1.3742404095955711,1.0484393257195865,0.7850241445747624,1.0024406305420739,0.8222265158988963,0.9573026523691716,0.8453269381632141,0.8003387318477501,1.4699900944856183,1.0611495455436275,0.9182618064267267,0.9696339337958226,0.7988061449702005,1.2782359970231774,1.1705067169845165,1.0655435008541936,1.0172470924305947,1.0459864827041623,1.0100972492483045,1.057663791340362,1.1598626905865648,1.0494911925474004,1.3696083347123704,1.556422107041382,1.1024899124537042,0.8184043786278554,0.9995059966560423,1.0,0.9699749467950072,0.9521892620491215,1.3367103755032015,1.1368940202937121,1.2166102092854418,1.1748012374011845,1.0942649841747785,1.3246111970819925,0.9681474628325419,0.9493825680381676,0.7575642127626235,0.8439013887542738,1.2104984575317568,0.5620067066924945,1.217431971610397,1.3564170457128146,1.2294188758955449,0.930585434945627,1.0522104579629412,1.0463272848971175,1.0,1.0158113934243425,0.5289890250445312,0.895964308112466,1.326918557120945,1.1467362516339665,0.9869070731481474,1.0461986974926882,1.3115185601276018,1.3704841633928195,0.8429115631839618,0.9566804907774535,0.7689050526224694,1.2096654586151152,0.992246657593555,0.8853010942814549,1.1793496301727466,1.0153781425633233,1.3147140032032,1.4863340350686378,0.8095918377846388,1.4659772173810488,1.1134297630782246,1.2891838987351698,1.115634895984255,0.9628934227885336,1.0028633878337487,0.8298687925051955,1.123867679545661,1.0865731469756352,1.3244306422690844,0.93638203421884,1.2470660952163408,1.015580587214071,1.038258892049094,1.0093973817109414,1.0008082486744776,1.1300339408676898,0.47634407636223597,1.2095278144282833,0.9910637106963232,0.9394827513848422,1.0847789734331628,1.2774919423740094,1.3665764308501183
2022-04-29,1.1834004589740985,0.5753728839598289,0.7250193225363211,1.073037547681179,0.8279750663676774,1.5055552134752173,1.0074090591692675,1.3816961704579724,0.9391568296302193,0.9495220889247065,0.9488971829850638,0.7005415680949791,1.021754646309928,1.0,1.1320816536122547,0.6958562178129154,1.0903955520228252,0.8221877184126307,0.8469150430457679,1.496378174507716,1.0595350704479571,1.3053699829052918,1.1453446055354504,1.2726958120431429,1.0722386436848166,1.3181735228598768,0.97323292903308,0.8961937750303248,0.614846924198475,0.9556260189019269,1.3719707713126388,1.2237785225481557,0.8376551433206556,1.248569919712615,1.0101758522532711,1.464488333289553,1.0058871269163374,0.6091395904651961,0.9181918840487617,1.1810849998451511,0.9545501972065743,0.9647411312088878,1.1186465053184804,1.0807382068276823,1.3617480161443103,1.0,1.1203029685712425,1.1891562381680099,1.1282469932591943,1.383468133968717,1.0261480013937274,0.5162253041030944,1.0013008804782317,0.7403443146352522,0.8794043449837641,0.851553424487154,0.8206053726012617,1.280023801401356,1.0622316621682635,1.0099105282294352,0.92216840498458,0.7591815017337631,1.2771570105877919,1.1796075699932898,1.0895153944681601,1.1350153528429139,1.0749069694886855,0.9831400274628607,1.1840797728696764,1.1727288124627668,1.0563878391269925,1.437402920303315,1.5639399823760207,1.0517699045314923,0.8470127456561883,0.998964338330963,1.0,0.9781929328315092,0.9524839008546784,1.4034694721252983,1.0714668562495375,1.1759646955365126,1.2160673783536866,0.6807345660635316,1.2668440396493228,0.9678065951374847,0.9534558451018965,0.7520520563785023,0.8053687249041077,1.2232306239015798,0.5573922429848388,1.2523748155837282,1.3618379545049555,1.142059905438396,1.1046040535355157,1.0522708131833844,1.0418550729053544,1.0,0.8680982918421738,0.5236415855771835,0.8947264927967992,1.326924416227159,1.1467683600951424,0.9636008777280948,1.0494889897084487,1.3118341483803588,1.370864443889586,0.8764135691570265,0.9466338722177916,0.984578746227866,1.1614029147996772,0.8203963783976262,0.848462497342118,1.1544192678050236,1.0564624574586503,1.296122029172072,1.488400279196833,0.7639862186368234,1.465381269741926,1.1134349510381323,1.288996280799874,1.130372458402172,0.9857497854411654,0.9451994749124645,0.8639577028387848,1.1115427401656535,1.082402224056943,1.200339674996256,0.9511879880898946,1.2504717553362035,1.014430977420914,1.0734318592983962,1.0800055320748234,1.1831537931942666,1.2235234628601854,0.446569416199895,1.2088046559793542,0.9080094618182273,0.9394541017411978,1.0732403729872566,1.2735471604935937,1.152779786483189
2022-05-31,1.1852341238502826,0.5451183432909336,0.7419634466397385,1.0242487840636327,0.7944584297607619,1.5077917102770155,0.9460654840043893,1.361844692320569,0.9206847556332978,0.9473250093363388,0.9872812377632023,0.6902054947847525,1.027373235101576,1.0,1.1225892771126342,0.7055371152463636,1.0344562913483282,0.8061099061191459,0.8468680491324289,1.4968983402852156,1.0348408830002844,1.305310998387832,1.0966817507336188,1.2779672516616074,1.076492734941281,1.401376353544368,1.0570042137292415,0.8960037949804993,0.6109459464027407,0.9544382892361918,1.3856326103815553,1.2323010593078918,0.8369393505586189,1.3188844920974585,1.0110373997016617,1.4600248187602574,1.0174407576533269,0.6093538899253809,0.9160588103566725,1.2033753177857212,0.958851661753211,0.9626318326242336,1.078007419877454,1.100364136147961,1.362611236980913,1.0,1.1185029323731563,1.1810482280411385,1.0856260917502834,1.3713540840788536,1.0218805236573179,0.5025874344643824,1.0013908548601127,0.7028637267396899,0.8437117346010516,0.8648234138287783,0.8298823976888396,1.280255993997823,1.0617835918062917,0.9908162677619012,0.9280425264779324,0.8341752877806585,1.3400993486381378,1.1980366928943678,1.169837992234115,1.1517943726235986,1.141308118336663,0.9346195903582125,1.1651927561650242,1.1808667360726735,1.0577201989817042,1.3969244653586053,1.5668899361107487,1.0679913116734714,0.833491255630813,1.000784307731089,1.0,1.0416478419582287,0.9531333957293764,1.3980919920751955,1.00424340502041,1.1681872938470321,1.2351369615643748,0.6674327074599189,1.332911464473577,0.9559767969272223,0.9184004258848293,0.7886434666876108,0.7384663721855695,1.2567388501005272,0.5600317243979067,1.2639644554025313,1.3636573291273044,1.1253204738330136,1.13442653975005,1.0523077949799764,1.0327582685183008,1.0,0.7642546373271202,0.5230839291167924,0.8820859598466428,1.3269225506104068,1.1463769429373183,0.9251466621737008,1.1179153901263228,1.3124431667070302,1.3713042927611008,0.8520354756221874,0.9582366508558328,1.1376622596726311,1.1780151580643603,0.7931300506967462,0.8504496841205116,1.049197028857547,1.0729029731858986,1.2602467286244567,1.487169111998114,0.7617586130535055,1.4653343122453246,1.11343213928608,1.2888085988667894,1.122011109226443,0.9807778521439116,0.8662535339273513,0.8688268241284861,1.1001618933537374,1.080973409581824,1.1083129594660723,0.9692065918926113,1.23944412265572,1.0260923313654893,1.0742320628377489,1.0453330448775435,1.1728527721078394,1.215020909671875,0.4397057295417296,1.2090551522322612,0.9255099149836054,0.9394500267334227,1.0731303069989109,1.2707482611909449,1.1629892746187238
2022-06-30,1.2228694740494692,0.5391174576448414,0.7318819611708227,1.0494259733138949,0.8199328729256996,1.50818457601186,1.0412099483294226,1.3715129562661277,0.9169725654111002,0.9205023153259619,1.0621502122457924,0.6891217760575568,0.9877150221958081,1.0,1.1284819362973924,0.8232650997709987,1.0634658053355128,0.8309763193529578,0.8468507986635987,1.4979054663453093,1.273014426648164,1.2891253556100648,1.0988110624117087,1.2716549552311462,1.091386443291234,1.408982109163421,1.0302438885475915,0.8916730561474115,0.6502414322887826,0.9640758063344735,1.4108584583663768,1.2614770877506005,0.8366706883596426,1.3344613587653142,1.0112067497332522,1.3817937820871664,1.0100664415214675,0.6122134594167441,0.917335132995086,1.2769485421628035,0.961417231269392,0.9622654422975224,1.1062552395845413,1.168527102497928,1.3702803781087989,1.0,1.1619388724414994,1.2224014634474147,1.1059078564151472,1.3601724258907042,0.9466970146724176,0.5074968084638734,1.0013194765517968,0.6405407770446069,0.7690387623273209,0.8727969795181791,0.8377487457183262,1.313421363060559,1.0631562796423937,0.8503050678236542,0.8580788998846239,0.8643477573057448,1.3165882395309585,1.2162411621137823,1.2359674284901958,1.2249514914528759,1.1447137981861193,0.9591622595065022,1.1673130505084344,1.1840038361007192,1.0673564713486006,1.4815686088071458,1.5665771363361487,1.1547058559615986,0.8647361674457875,1.0002559700638356,1.0,1.0282454266344594,0.9528555238421307,1.406619434274172,0.9691051165709518,1.154455423025419,1.243299216667608,0.6110686678903579,1.308392482737013,0.9453573162123977,0.9003788995582596,0.8126719365894857,0.8438192248872829,1.2590475213022365,0.5531713092539158,1.2986914121092101,1.3641385264927843,1.0538458340784265,1.0941932136874792,1.0523463720899542,1.0375484420470233,1.0,0.7179054031035377,0.5210887095954644,0.8812488068357518,1.3269244587130231,1.1459153067893477,0.9085892833883762,1.1583458897185577,1.3127064608077847,1.3715251429424675,0.7945717347450006,0.9348356293404988,1.2155485141298572,1.215328266648068,0.8177658164460269,0.8444432411186535,1.0371270358467843,1.084245500303698,1.2961092360477933,1.4881389147462105,0.7576013370574024,1.4651692100469351,1.1134865712772821,1.288638773311702,0.999147288364522,0.974478170322719,0.873715969691808,0.9067598701077232,1.0701629954307543,1.0839227128487767,1.0877966863420676,0.9818614102829938,1.2432174916569723,1.0323305621435928,1.0275876199710212,1.0153451731156473,1.1668835919954352,1.21733666270646,0.4420284962295934,1.2090054114003472,0.9369464538210138,0.9395758547296216,1.0752625269733196,1.2763454238429695,1.2056234374094008
2022-07-29,1.229619316070296,0.5614689607646481,0.8263710554670365,1.051574882966138,0.7670903334285173,1.5097871558205695,1.0697028777425877,1.3626778083606281,0.9401043074141975,0.9671539882492327,0.9904142286785955,0.6886153730932754,1.0601782181642727,1.0,1.1314374199603778,0.7678596893524751,0.9567140228491249,0.802712513910508,0.8469077759259922,1.4975466120997134,1.3076454513413727,1.2495896181859785,1.1148801107067126,1.2376301679263868,1.078842851623606,1.3357919256808966,0.9272514609238873,0.8891256614972556,0.6654818156770647,0.967517230044708,1.415581156015802,1.2644044993690249,0.8379137064667666,1.3504823990911565,1.0112375926619697,1.239326662780218,1.0161723161045053,0.6125370408037092,0.9229785954052159,1.2814146739139838,0.9608104925744149,0.9623896639380702,0.9736914734054812,1.1106490107537177,1.3661730894635382,1.0,0.9971963327158104,1.189145632820557,1.052453481897276,1.3838945562207277,1.0417916400626885,0.5069256175639687,1.0011782755654965,0.6615403346884898,0.8333122040131173,0.8618836314228604,0.8102137317205723,1.175727072441413,1.0582768050148896,0.9726178223964602,0.8203144994613197,0.8916592016849696,1.2966088736263977,1.2171611648711664,1.2071347211913965,1.1989594291884988,1.144804171613118,0.9379980526204693,1.084140866800533,1.1691582225736499,1.1074252132110538,1.4631052134754619,1.567155759732092,1.0608301262936959,0.9476862599617428,0.999293201363108,1.0,0.9510990841547851,0.9526783915686367,1.4193223802988593,0.9770828769739612,1.1887689761161278,1.1982675427345852,0.609250629895393,1.3135725254445478,0.931048528701923,0.934482602037736,0.766107688116456,0.870505328608273,1.2629689007884113,0.5538413298715317,1.2856073877576883,1.3619520266514877,1.0415334518580555,0.9737294184104381,1.0536711931632416,1.0230007052731191,1.0,0.7175513642177349,0.5360759734259033,0.8880775176499809,1.3269228481134143,1.1448753100316411,0.9347016746224932,1.2558754008185238,1.312668699131716,1.3715112083738992,0.8308777791050944,0.9604751963291183,1.2568187413545158,1.1601725398526783,0.7953080305450281,0.8238341958447317,1.1482048915147844,0.9987857616785044,1.2005831387583603,1.4863207107172576,0.771875619977336,1.4587592194687886,1.1134369486251108,1.288155533153485,1.0203783346495308,0.9534425939842774,0.847185648112105,0.8939342058366766,1.118157297367108,1.078142391943495,1.1135851653156899,0.977358731078197,1.21936419715977,1.031412769764343,1.0002051994504535,1.0446767197378384,1.1815109415198404,1.228736817379317,0.4409252680257414,1.2067184167088103,0.9178636923342418,0.9397756301313862,1.0671035916528404,1.2725761845168067,1.1283597807927854
2022-08-31,1.2122555955022516,0.5501903625617177,0.7993438442720681,1.07510450102854,0.778873064278583,1.5096007784647223,1.032882124705304,1.3332767937769776,0.9226685819234532,0.963424455122063,1.0261500999320579,0.6712095935854862,1.0409495812219847,1.0,1.1252867662743842,0.822530762549892,0.8907281504283293,0.8002559007588221,0.8469631120379691,1.49644045122673,1.2941816163080695,1.2631884128240785,1.109985216736725,1.0822403529169813,1.1669210307269946,1.3364922900589231,0.9303291456976319,0.891391121351594,0.6559555999056605,0.9683820910763726,1.4112526036295234,1.2571654518998496,0.8335043911297052,1.356777026762208,1.0111182281252982,1.1387538204559944,1.0021277730667604,0.6196900196894499,0.917911478178564,1.2869626393013065,0.9587269306032739,0.9617186714480801,0.9488339956861177,1.1125851271652578,1.3633413747290308,1.0,0.9822031245217081,1.1913039438298925,1.036991655593245,1.216281683937872,0.9521216989454189,0.512721183672951,1.0020295314185583,0.644110769118269,0.7659160451003778,0.8619355844214834,0.8264325655232544,1.1530465372051242,1.0572725243171124,0.9842162355882139,0.8113349117082903,0.8919705233126882,1.094600752904825,1.217285637780144,1.2446451156130232,1.2160341787880924,1.1531494388835632,0.8901061756638244,1.1090454481863035,1.053089444067064,1.1392412101754053,1.4725630019491989,1.3911283685225553,1.0553698299786123,0.9096170317645337,0.9983035819868838,1.0,0.9572645443837563,0.9531065233917486,1.4214628161827765,1.0203830968504046,0.9148956364458012,1.1174498637066024,0.543963007362479,1.2908226237525453,0.9020148274265233,0.9499444350352056,0.771934008104723,0.8911139262752198,1.258193056050072,0.5528771190184301,1.2598398804307553,1.3628856277704757,0.9707857420043389,1.0099137633795485,1.0576425972823045,1.015451037987422,1.0,0.7414737446339038,0.5568949120644219,0.8974156566713815,1.3269221065126553,1.1460547827741774,0.9406286861271018,1.1480128839794628,1.312076841796477,1.3712196222650643,0.8629390843056601,0.9421326616735092,1.3694920415715843,1.0730981466083653,0.7739835804252971,0.7476911297479975,1.1017740518920314,1.0224848462036733,1.1189526649792148,1.487087524597253,0.7670763256422969,1.4468198154505258,1.1132632076073008,1.2878921359870665,1.0542386947994884,0.9492535968044117,0.9814568221444883,0.8889018512256324,1.1000394695088516,1.0641048598117728,1.0432290585453956,0.9746867286868782,1.2030849530577363,1.0314297467182583,1.0017415196134052,1.0489381734433267,1.1891767726359537,1.237722208437413,0.4385678339100575,1.2060033853969723,0.8983349881507916,0.9399096770445364,1.0621305017648754,1.2730978262921617,1.1161121324397174
2022-09-30,1.19890638755255,0.5674464059360156,0.7725124183791225,1.0623820906507209,0.757845936179145,1.5056472943040984,0.9530706011744553,1.3240275108920558,0.9167039287995356,0.9435845192864438,1.055522930394772,0.6724846203956394,0.9603596392533377,1.0,1.1240579079311748,1.0273923373215101,0.9062975468075191,0.8035646383697826,0.8470570726766815,1.494360318986291,1.317297015628899,1.249514464498001,1.115517527359726,1.098782257325427,1.1799307828108674,1.3307285496060408,0.9531053847871355,0.8905217331099198,0.6701040360807193,0.9633573077813312,1.402491307006125,1.2467080540900315,0.8352928700594777,1.3200072925629127,1.0111637883821176,1.1127276265785155,0.9918795427446798,0.6314002411335939,0.9152491597143672,1.2633100544920055,0.9522400665815637,0.961722263168145,0.9824035673716791,1.084363343520746,1.361432550172585,1.0,0.9570837820413057,1.1756566170682028,1.0472221576834881,1.1347692223415218,0.9092322726255058,0.5326170962778859,1.0021017520991267,0.644018951375124,0.7641874890373366,0.8638651558877354,0.8582706216517431,1.1817649859128052,1.0581097148229417,0.9903857102649128,0.7681664927583245,0.8918980786579288,1.0919195845204597,1.2061081235234512,1.193231848074655,1.194249174318765,1.1566941083865485,0.8653375312752557,1.1072684933960832,1.0410612341505612,1.1107978831336802,1.428525384652086,1.338024800987456,1.0937782788611496,0.8735938514981678,0.9987354182039899,1.0,0.9292547689521191,0.9535813569062382,1.4190730173013244,0.9836937475820491,0.9138795866808225,1.177662133221226,0.5033442631088981,1.3434860511051854,0.902899482774044,0.91067464233004,0.8188595558532206,0.8571964312475597,1.2625365129894894,0.5544778366388379,1.2771847717481295,1.3627281786914662,0.9689516105487923,1.0477487219967392,1.055676771089811,1.0170765418293208,1.0,0.7325345754883172,0.5549297947110606,0.8883854594671231,1.3269194436059184,1.1444807439221787,0.9202483070872579,1.0846863077936713,1.3123206652590316,1.371372861951943,0.862896825907437,0.9352822936301105,1.385322269039614,1.0912467738314016,0.8063418492599758,0.7483643609182514,1.0810945056067771,1.063187490306152,1.1492892578499196,1.4848709343992275,0.7633788949582687,1.4431954040163704,1.1132216717314303,1.2877639304131954,1.0057833524749604,0.9435295012289134,0.9642138168442426,0.9144838419217501,1.0854181669918752,1.0628424284129108,1.1221151820527646,0.979426863090045,1.1716778330893638,1.0327539852373149,0.9602764038325163,1.0337092511640344,1.1840051557959501,1.2097023209856406,0.4354230718900698,1.2055637576648122,0.9157394704517506,0.9395912526667033,1.0697948886246695,1.274380460977246,1.1428081204024598
2022-10-31,1.2390024754964775,0.5433376671548196,0.7651127374040185,1.0512426488849802,0.6985996700154651,1.5057580115426086,0.9712374426295113,1.3723053573965789,0.9068105677678189,0.9615118038640352,1.0947009363219333,0.6703270792389047,1.0611623769978256,1.0,1.120398979889033,1.3654807988040418,0.8899842568289081,0.8032311572116437,0.8470832329132961,1.4957441207121098,1.3002017647342305,1.3127024341437115,1.1131165477523262,1.0997134068485106,1.238135678750784,1.3380165961059993,1.1878701905988827,0.8975291126252861,0.6887714391294953,0.9829802373170337,1.4178703984755732,1.254441975611646,0.8340845664632474,1.3676591739332062,1.0111811749856656,1.0675749790785463,1.0004756268465855,0.6430361214988176,0.914080951378559,1.2698154606039354,0.9590680362382542,0.9617253673419436,1.0346469427419827,1.1795190001441043,1.358243720243667,1.0,0.975518572085868,1.195128050482797,1.0168321051222247,1.0247105177667772,0.8864016512120191,0.5101422802400672,1.0018943054544167,0.6152363539904449,0.695189269813647,0.8841369311789077,0.8986027199505958,1.2291044251809982,1.059355633208512,1.0075763559877677,0.8768785069766464,0.8704086135555997,1.2577561680814773,1.2295013096671368,1.286565122807842,1.2385423994535243,1.168052111981592,0.8748305556427977,1.2824439983163407,1.1196128919949138,1.157208406765191,1.4958144772392803,1.3498459486944243,1.1042152601903044,1.0579231610278201,0.999670151415432,1.0,0.9234746517110027,0.9532761191767529,1.4267842545720635,0.9704545840536711,0.9008030978548326,1.1589864588362988,0.45922954226209156,1.294903639393494,0.8843403601760789,0.9107442041331203,0.8083357875908501,0.9156774890873373,1.2622608355172238,0.55313264588962,1.3323030738137973,1.3634152052953936,0.9459684933923714,0.9800257138579099,1.05975817473142,1.0131815339364503,1.0,0.753572032741574,0.5468480148529484,0.879087596351654,1.3269239810953488,1.1044203468906943,0.918906994871108,1.0763906630711704,1.3124653489066433,1.3714296759770712,0.8600319721122551,0.8965831939150476,1.4273754343735603,1.1001755040481436,0.958013548442133,0.7779720008627699,0.9070415263232606,1.0795304493587088,1.093205514532493,1.4853451338854229,0.7643994946503981,1.4475237240514194,1.1131819043360252,1.2880025906711343,0.9901067414815364,1.0092937778580628,0.849157998284694,0.9759882550772269,1.126017214275004,1.0793372677115018,1.1098210609720958,0.9778199650121486,1.1657277731488422,1.0327911806951033,0.9818150781470134,1.074003446375399,1.1930268751365616,1.2802238339313305,0.43000598571937754,1.2043440988082823,0.9178966573395677,0.9395030867678237,1.0638558765383754,1.2725342795091672,1.124893089608753
2022-11-30,1.251246461574221,0.5280588596583375,0.719641562519073,1.0348545967614022,0.6439346603691408,1.5088419915951228,0.997550844481044,1.359881839609139,0.9065664224679848,0.9320155379549627,0.9774613835168925,0.6685049534723587,1.1050377540951715,1.0,1.125874260087568,1.3577622039463193,0.7832578998712647,0.7971422175034577,0.8470706986658332,1.4977562569272944,1.3595511824218023,1.3402654818330768,1.0738353254693775,1.0576356981019577,1.2759062717643106,1.3156277611038214,0.94061452288275,0.9061120033903948,0.7192123066122281,0.9686858101554716,1.4205611860006448,1.2506129666082062,0.8326114033838136,1.3760404377761453,1.0111915710237287,1.0378569264754993,1.056426288847117,0.6305799792147224,0.9146915860113709,1.1436064006872717,0.9601504905889579,0.9617004349309226,0.933990520682845,1.2256982120840916,1.3635078726095449,1.0,0.8822153916568386,1.1580706888162253,0.9720218164025949,1.0142064912447233,0.7637654494181858,0.4976922763913487,1.00186243207844,0.5836246756213574,0.58453107353033,0.9140428513672051,0.8689742322865834,1.0429013609827789,1.049002988606293,0.9275861268398997,0.9477370366076846,0.8224993045061554,0.9319923634253248,1.2448597363788485,1.2980014765024075,1.2508123156747388,1.1193869509087138,0.8090760895678264,1.322446315088525,1.1383512070058897,1.1855809154384869,1.5235791655240025,1.2636517018855298,1.0071760206853895,1.0245816029894304,0.9970922158148742,1.0,0.8634358548920141,0.9528957302992793,1.4259914635954196,0.9861417563233886,0.8916275281588834,1.1099816760413288,0.42607258611908816,1.2598773520564697,0.7979798254932355,0.917868994256442,0.8410261046592108,0.938962214417702,1.2641991323666897,0.561917909821138,1.3260542172329668,1.3608164375422622,0.8723157527211862,0.8662547001107918,1.077702350259572,0.9936270013653805,1.0,0.7176840666793951,0.5398944306497462,0.8800023103675855,1.3269248028461755,1.0824053538042917,0.8804661165859274,1.0780516096058763,1.3123060842966572,1.3713607647095927,0.8343871290835279,0.8683224486145583,1.4295034046354338,1.0355391328722527,0.8916922016210144,0.7604022733171979,0.7015021327616465,1.0876588449985036,1.052064763198479,1.4866125549512657,0.7640143300810434,1.4293337782534081,1.1122775040701796,1.2872785733029328,0.9297784571734121,1.0550883057191667,0.7514483792733122,0.9531548762188667,1.1220383143209522,1.0790549639105025,1.0397579149723288,0.9464303708205234,1.1431481324429318,1.0269157725495228,1.0435399254694442,1.0808927019916204,1.1931242670844302,1.2938017340779857,0.4298379313050591,1.1977081689772555,0.8420095680814796,0.9396556865142791,1.0164005965542806,1.2628023169923712,1.0619789845197105
2022-12-30,1.2460051309391003,0.5273292758900532,0.7057002395228501,1.000645178841336,0.6602304003599733,1.5086661309807625,0.9739597359572851,1.357604205341795,0.9039513496150716,0.9288363501063444,1.0039937302006616,0.669867165914159,1.1571276938171842,1.0,1.1219849543988727,1.385015214470681,0.7741741096883132,0.8054641490489589,0.8473788158438501,1.4987186176657237,1.2541336769739058,1.2992531353411487,1.1143497494505523,1.0290947430429391,1.310515303187095,1.3144569226287064,1.018174756950685,0.9076099256122104,0.6898471013085206,0.9641293132967619,1.4102456553687248,1.2430961785854804,0.8327317614135041,1.367245133690341,1.010693765566889,1.0479013845980518,1.054691122352833,0.6447363950173686,0.9146588894378102,1.1082998555921983,0.9591037416058862,0.9616993807235,0.9043121637123741,1.2339249424150396,1.3578510299254531,1.0,0.8659262513595196,1.1408275881232577,0.9770307071123618,1.0107118719409423,0.7741116504735432,0.4987091132950253,1.0023238691607268,0.5892512709214319,0.589954281071423,0.9039982077142529,0.9117021279196785,0.9484009512591209,1.039287697715505,0.9536734468032775,0.9686796480172385,0.8011451357352661,1.0226549374156562,1.2523433552401924,1.3026991151680105,1.254094620317266,1.1511563551203965,0.8115143010616008,1.3261229163921942,1.1492869545539695,1.2174406068218415,1.5102740398576724,1.176407396862648,1.0144720773484477,1.0293195537169233,0.998422203634899,1.0,0.9055268914653278,0.9532627131758853,1.4182725996025072,0.9461124123235956,0.883062294353444,1.1098232776523083,0.40616782884897384,1.2168158121168975,0.7959392274100899,0.8794604054796138,0.883450146299332,1.0075863917299364,1.2480551740541255,0.5649199889714887,1.2718935299960679,1.350201744024064,0.8773935112093599,0.7981218420183032,1.0811566238176382,0.9912262544723415,1.0,0.7333923859653204,0.5372865121333733,0.8791880372261671,1.3269241712951763,1.0884030635800985,0.8851285097608044,0.9502797574516483,1.2949997372467705,1.357315330056756,0.8398697273017834,0.8925875226015676,1.4302806041960574,1.0195720569463347,1.010763363635846,0.7578188252870343,0.6906738979730163,1.0671351484033835,1.0332512039422492,1.481171995065761,0.7642092952708258,1.3316691556271527,1.1097336450107493,1.2860969150693138,0.9422962177651065,0.997267787096266,0.8944176601507533,0.9501692267540204,1.1268307782285862,1.0724193825894808,1.0191007382396735,0.9180045756939064,1.0585370467168729,1.0288125253154103,1.0578093868213796,1.0871652777533847,1.1931453309423015,1.2731468613711578,0.4321385038467591,1.1946468868749203,0.844049244745479,0.939964592992494,0.9925499634100949,1.2512117885798517,1.0299587024446555
2023-01-31,1.2125416210791409,0.5417100774504702,0.6909767208570756,0.9967367342199633,0.6618274479485213,1.4776184010808637,0.8869814079378916,1.2600783743184352,0.9265044171093294,0.9454591725953491,0.9541036121466846,0.6712554714010568,1.2762012918643348,1.0,1.0862576191764748,1.3560942691066593,0.7706434338029773,0.8063061395391545,0.8493578719920626,1.4965242454008967,1.250539795149213,1.1968282347451047,1.0885204672081092,0.9873588681402237,1.2794822454140795,1.171420997506544,0.9486712461507066,0.9034460896240747,0.7062386387830542,0.9591452488786961,1.3632824104557004,1.1513272990805632,0.8334726064319126,1.2604104716555735,1.009883273898068,0.9910059023584554,1.05676427298823,0.6491460755534775,0.9222055330849802,1.0925440101816588,0.95233269271949,0.96171184590147,0.8688447699319418,1.1411388768440072,1.2349524899134177,1.0,0.8499559271477528,1.0197757344267673,0.9311691820604975,0.9280278206139688,0.8747137460642478,0.5138594179191076,1.0024628064533665,0.6103529878165543,0.6000321733434513,0.8993203588672375,0.8621014869130688,0.8507223943232144,1.001337777788946,1.020432099378165,1.0080377523387718,0.8407070914592596,0.9575793151529146,1.2438868437907864,1.2971601966686235,1.2537874687899693,1.0148713389238233,0.8193888484759755,1.3068831516964647,1.1251761832178906,1.0779528724621374,1.4000847937012622,0.9863902994955578,0.9056985520744136,1.010419009836955,0.9978877620230013,1.0,0.8497346555997924,0.9536847551259587,1.3091691649905701,0.8440564476303438,0.8428373665825335,1.1438365563305783,0.5383488196467239,1.0384832256244876,0.8231854030241701,0.9371769499114678,0.8440094526248335,0.9471851298373558,1.2307999956257003,0.5500342374782854,1.1927174948092372,1.1219224434950061,0.8762339482470481,0.8492772249323515,1.078971167146761,0.9908176295133948,1.0,0.7105631685835874,0.5473426256142417,0.8769201082548063,1.3269191196271732,1.1208811757429347,0.9442006942894937,0.90703798971695,1.2657559534973528,1.3334942103385037,0.815166056637452,0.9289991265424151,1.421901786788322,0.923058201194225,1.0411109073032736,0.767409518567417,0.7947036460235595,1.0362679285658698,0.9953242790984582,1.466703816237948,0.8865802987213285,1.0819510457942751,1.0821768296875494,1.278421481889528,0.5690009308819528,1.0109844746863637,0.8950273887173515,1.0031282350794741,0.981066869210994,1.0428090099410035,0.9423886220815071,0.9171398863587339,0.9054797033126907,1.0307400419469996,1.0135609929311444,0.9658032398255656,1.193126450001496,1.2143856952660022,0.4488912249527821,1.1813489444983414,0.8177469035485156,0.9572815043467376,0.9492449206467171,1.1272434434957566,0.9854423077098724
2023-02-28,1.1603042647951896,0.666409323027499,0.6873994251029201,0.9474528326130471,0.6644817951442195,1.4568744542820329,0.8282204373106368,1.2396965958583621,0.9255313017732638,0.9159073415027632,0.9252491030751854,0.6693667183929919,1.248545060392651,1.0,1.0076661513918814,1.3287155497129646,0.8008539665941741,0.8229880450684319,0.8483966297566026,1.49024300856499,1.1793593828990483,1.153122061479727,1.038372464517297,0.9178857658490261,1.2614566440806403,1.0668018721132897,0.8944877045619263,0.8999799496285609,0.7754936958130815,0.9572768937859889,1.0612861074779631,1.139087938949436,0.8330912633789221,1.183175402735741,1.0096286841359843,0.8528546328273762,1.0600335304579707,0.6515655128433533,0.9179572964354958,1.0759427411377973,0.9486128730559162,0.9617040074640846,0.9109444847490291,1.106912210768717,1.210011977751041,1.0,0.8288548116952263,0.9948731773810423,0.9524629548596214,0.8308646217302794,0.81355586856744,0.5197107483165031,1.002591925218906,0.6001203107887647,0.6254952075684805,0.8865953655300983,0.8704181683626193,0.8579591022017331,1.0106523571495256,0.9819623324175207,1.0241183950838257,0.791132162874564,0.8223582793268516,1.2149781404327669,1.1978086624465256,1.2460928712025132,0.9593033690223282,0.8028134439300898,1.3100190738280229,1.137957085229393,1.0543085749309156,1.3567244888119048,0.9246649446584623,0.9197833205885108,0.9731717555854351,0.99717040495254,1.0,0.8807062243105461,0.9534798277522484,1.30684225016629,0.6411819308821102,0.8550681215735791,1.1796867484934612,0.5638533912403645,0.9397874879285091,0.7672966094710534,0.8098629777481372,0.8150658220895126,0.9796775120726301,1.2153976511187854,0.5516041195578187,1.197497428189009,1.1684495244421487,0.8652529389734672,0.7341422678061659,1.077319838144597,0.9982709168724214,1.0,0.7267125333317119,0.5990031017797282,0.8771165114911175,1.3269155588203572,1.1265563136255434,0.8485627543185907,0.8938545854179375,1.239609267466741,1.319020122547748,0.7376439544332176,0.8870626715932431,1.4119330399980734,0.9077638256947822,0.9675821717178842,0.7656500112161538,0.6756966477131459,1.0743171167373646,1.007112880918475,1.4747486908416283,0.8070056022998842,1.2547483982951837,1.0886552497454958,1.2796407782857566,0.5284600469123469,0.9959680294781211,0.7920496654787018,0.9306907650893872,0.9534257521767643,1.0377280550321717,0.9510828513879186,0.9160998612562288,0.9263092212335531,1.0282848916359553,0.9662284552308615,0.9559556650484321,1.1931125102353817,1.1821419805302962,0.4561549358178837,1.186946978133279,0.8306869736335741,0.95679231097704,0.9577496799143241,1.173699066736379,0.9967547234960884
2023-03-31,1.197202827631967,0.6609549910213625,0.6822507103789082,0.9467558810888396,0.720926201974057,1.4189204138502007,0.8131912566311215,1.2252596496409207,0.9153609553608145,0.9036909166996392,0.9482426375579632,0.6690363036737823,1.2962608242682547,1.0,1.0153266508797556,1.4121246732948227,0.8593797433899462,0.8545302501157397,0.8476282834821699,1.478661358882334,1.0851732174844404,1.1685367550937387,0.8446212492007766,0.9355085002154282,1.1840973917753257,1.16260720139857,0.8976657657940742,0.8924721080474334,0.8044138404462322,0.9663196225113267,1.1153186709565077,1.063952800954933,0.8335127322830183,1.1641011560312606,1.0088285062117248,0.8099015571113164,1.062792624163259,0.6379097102683808,0.9174131375600969,1.0744966907070148,0.9498451685617033,0.9617261059726109,0.8897356895678785,1.1503693229944183,1.178939011326493,1.0,0.8198160948405927,0.9813625611446126,1.0230025518738453,0.8307279777421364,0.8288427688401004,0.5077305387066704,1.0025375624458905,0.5899926897482217,0.5773604144541884,0.919756078586404,0.8476939968626426,0.8570257650373754,1.019272038713168,0.8583303872338599,0.9509207885093938,0.7658057946997823,0.8061811375364419,1.2092658482751426,1.1607221977735946,1.2445030062535987,0.9366902182225281,0.7835903739649019,1.314000660173475,1.1406750568439326,1.0296183566442134,1.3382970154093334,0.9708564488160039,0.9159812780523178,0.9294706508353546,0.9970192674815193,1.0,0.8913596137774825,0.9526949020805076,1.3143324275038455,0.5585450135943835,0.870869768917434,1.1479660274566803,0.5571767139444985,0.9833688713568633,0.7826702158269816,0.9089936506037316,0.8226523540423933,1.0262151072376435,1.209168829359427,0.5579656759371683,1.2513455067096715,1.17364745054018,0.8620456241522267,0.904200970543813,1.082450659572544,1.0116199065041596,1.0,0.7269467559759699,0.6121064540949208,0.877460284466151,1.3267817581255712,1.0583689924241533,0.7957274298918887,0.8879577022109623,1.1886141406983324,1.2748158997997674,0.6588268078386921,0.9080044421976623,1.4017195428060218,0.9001576817759774,0.8109812746041535,0.8445414009604191,0.7223125349502866,1.0588727512507865,1.0611114292583186,1.4694576196267919,0.796641283559496,1.2422292265810335,1.0913791229740655,1.2798706066066754,0.5199926246787523,1.0363826616949228,0.7150192202439929,0.9186674922374444,0.9133275687909393,1.0361070610231897,0.7716844117393784,0.916248898641777,0.9266687008445238,1.0267537630413694,0.9763304614115693,0.963711862391373,1.193111613220328,1.2005033187244818,0.5263629570819595,1.1897545786160386,0.850597363539354,0.955849661517526,0.9525925201660954,1.1728624964681948,0.9973097590692872
2023-04-28,1.1987479288493155,0.6472100401816356,0.6807691315311214,0.9302808572022232,0.6615486161873573,1.409025844706082,0.8141475271040027,1.2142727799841673,0.9520004033423146,0.9133520904686881,0.9046105662482956,0.6702426732970032,1.299807658532982,1.0,1.0597115123396814,1.4263103408643234,0.8572927536705438,0.8576212738738171,0.8505539694563632,1.4709263717916816,0.9291020210318676,1.1042313696008794,0.9455069932350953,0.9002694515630987,1.2124060838550272,1.085050443062252,0.8911210782765026,0.8924308505446779,0.8063655253414119,0.9731665637494951,1.1044145889197459,1.0992080907252033,0.8346486597552276,1.123460111833972,1.008157287857825,0.8151986340477033,1.0624340777712875,0.6242751800572941,0.9237970872387882,1.0578799025854562,0.9449227208174086,0.9617825921071326,0.880247348065752,1.1512539059449185,1.142462239020927,1.0,0.829644262004005,0.9366991888723372,0.9926791197718532,0.8031438172286844,0.8604968454581803,0.5255619030625367,1.0024853530581985,0.5953297483707143,0.5874159936887593,0.916160147080405,0.8409701098323751,0.8571109725156628,1.0090970841779803,0.780503580179001,1.0011426056649395,0.7360396545264014,0.8077663125011624,1.2034868668315126,1.105215990559748,1.2389901938100947,0.8848489820924967,0.8049775594841302,1.2739448589142213,1.1314857441792021,1.0315259640857595,1.3097417025825269,0.9140798056307373,0.9050096250122758,0.9184943866940103,0.9964171801186448,1.0,0.7564209944557515,0.9530166638713585,1.188693501677506,0.539090461112645,0.9223528103011455,1.1423870822772633,0.6050170363650353,1.071527674794489,0.7886761406026424,0.9907675232555649,0.8466049167493105,1.151345885558703,1.1942199308088868,0.5612191709782861,1.167120810077396,1.0622318103063786,0.8663557680837574,0.7786353703325047,1.0760059868888752,1.0087623245453943,1.0,0.8143238282427238,0.6205453103826495,0.8808316439308641,1.3261571212223766,0.9745886051621944,0.8083238067206842,0.8828045551310758,1.1364998063701097,1.2129772452531655,0.7074335003580945,0.87948973095003,1.3782018547520596,0.8744519110509449,0.8476286850581233,0.854438569402805,0.8249659492060024,1.0029228140846833,1.053487124882894,1.4353361465389103,0.8017878110237384,1.1608409826221513,1.0745783233476291,1.2785929353066343,0.5255731461626495,1.0005437166683098,0.7841241907694958,0.8919442664956012,0.9125469073922072,1.038371523263357,0.946310598593128,0.9176197844083263,0.8674977838232052,1.0294642009417665,0.9741132279612881,0.9286929223058247,1.1931016246968287,1.1714434030728766,0.5501019406244989,1.176462788041094,0.8424301715397016,0.9596211762156791,0.9587212572936237,1.1915122434982668,1.0070419326601237
2023-05-31,1.1385715499696092,0.830530908026524,0.6991202647347492,0.7959934611505183,0.6981621518824264,1.301445544839753,0.7763741485421214,1.1052868052856262,0.9525869160368116,0.9160582196538914,0.8599278181715809,0.6710971794692357,1.363595116907233,1.0,1.0377503566221806,1.409789674899388,0.8806647270816389,0.8434261452947572,0.8741799043252061,1.4101907460040486,0.865836499657959,1.0643209340516777,0.7971046493994141,0.8936105178335468,1.1317573833955021,1.0834095422443142,0.8447773573619342,0.8891530730825947,0.8776985289552192,0.9764912862931983,1.0263077804432936,1.0204332086313475,0.843617356601807,1.0568949277108635,1.003157271091802,0.8331171883459036,1.0632446795271822,0.6221661305114894,0.9215255029370072,1.0200834767496978,0.947360429937355,0.9619178784148479,0.8782536260106818,1.0374569553072353,1.0849603941601231,1.0,0.8301864273012121,0.8837983732395719,1.0003153184710039,0.8278580284068233,1.0378329466710552,0.5309401568810517,1.0023770693017084,0.6157835881386363,0.6705605411064222,0.9001381013183284,0.8235309912738502,0.8521923865746609,1.0075536992631815,0.7671703229470974,0.9823394655962758,0.6755026183442046,0.7927687236246782,1.1830753955063458,0.9152240115243838,1.177589275391233,0.8015994775781986,0.8115148761577817,1.2472041905633797,1.094213198018256,0.9906939885186054,1.2232403527852638,0.916217730471824,0.8911572093145147,0.8728423458012154,0.9943194453225371,1.0,0.7677174127821469,0.9542191186723661,1.1373240990402038,0.5203056109420343,0.8506710325722148,1.1733737334584065,0.7296361723806516,1.157667488963036,0.7832662195568529,1.0679810143433268,0.8188681709093949,1.095830371673475,1.1076208661356022,0.5556501258318094,1.1328459227444718,0.9646331704565625,0.8651972629001745,0.8416197859152876,1.0805618554413439,1.008239277038623,1.0,0.9046407815043763,0.7833779567945933,0.870201249571523,1.3245699092863845,1.0946896818309133,0.8064621557443981,0.8932624780738073,1.116421366352624,1.182737218411476,0.6266895170836853,0.8354099767849978,1.2920575004526544,0.8554569859591927,0.7965614746042691,0.8548548456521199,0.8603921720625999,0.943558928463618,1.07520235760562,1.3888800237568288,0.8572569276410336,1.1123915063045822,1.0641729621362737,1.2780496805026273,0.5278666841522414,0.9745888628317554,0.7531512249221384,0.8490369844844583,0.8439402587144846,1.015610282275347,1.0455447452865183,0.9199816724219583,0.8383994714045226,1.0308803600588012,0.9357457639368485,0.9302849692766003,1.1930657081483558,1.0991287546863786,0.7503000477213595,1.1683755337617072,0.8456073060883313,0.9881593929779237,0.945253473362302,1.126998196545668,0.9803280864387718
2023-06-30,1.1319070135595317,0.6681647941468265,0.7221504176151184,0.9562521036322212,0.6572893940398147,1.3870916983132968,0.79269394493268,1.1285691455347022,0.9762912004655432,0.9607495229972512,0.7831081234379408,0.6670343793532068,1.3769753767518396,1.0,1.043183257579334,1.387043340025992,0.8528814749439088,0.8437233120565215,0.8526998611605203,1.3809962005997252,0.8614106526936736,1.0654597045004641,0.9127586273691738,0.8894007113821032,1.185490097770708,1.1114484707164882,0.8787338351102759,0.8889019814976299,0.8339343173947596,0.958468437364774,0.9765093078309971,0.958716674579637,0.8418314528927038,1.0584077411927226,1.0073339309126705,0.8258616778137233,1.0631824758091635,0.6150662688857378,0.9315185366009965,1.0462334787160745,0.9421551684199047,0.9620642257828012,0.884196158532915,1.0090244163769486,1.0716410192384034,1.0,0.8169534590738516,0.8768299872182624,0.985509727636329,0.8313045327116039,1.014563517885243,0.5175080831694057,1.0025782042376121,0.6179902903011047,0.6444020581333016,0.8995675984006883,0.831280353969833,0.8362255157178389,0.9945786606953628,0.7421198756379601,1.0151064730001533,0.6869617021005118,0.8114354453331538,1.1897730817415644,0.9918124774956959,1.1817898922663925,0.824237928562234,0.8186994567067079,1.2668286192923817,1.086074195754348,1.0027530804262832,1.182603808155784,0.9126849539175229,0.8645961788992983,0.9110727196440275,0.9946375728153828,1.0,0.7251743402395321,0.9535233984744299,1.1326212222448047,0.5710504819256429,0.8760893898399338,1.1716257468996798,0.7712948400535344,0.9097671673498943,0.7328781695717219,1.2481889806827344,0.817514395896497,1.0770826788941184,1.169466247967058,0.6237463514661825,1.1096819751307403,0.995019744619033,0.8687524768670916,0.823771058348763,1.0699423031702364,1.0037231516500869,1.0,0.7925872663493274,0.7633443311345673,0.8700394183850658,1.3222641387673668,1.0430290776710123,0.8035502928093753,0.918891650633517,1.1079034509892298,1.1687109889262879,0.6236449925306952,0.8677907893157375,1.33716938341257,0.8004093881942737,0.8328049973518655,0.8748035440389472,0.874487033022364,0.9518140945461026,1.0502212519229193,1.4050941079607742,0.8061987781103805,1.1044893388630286,1.0385695814056688,1.2765063962190635,0.5120431881833452,1.009975387776008,0.8068983936827565,0.8303255404851919,0.9275814557916263,1.0009479826685206,1.0530204497816682,0.9185364528544178,0.8544170397363978,1.0304123582797549,0.9687616298579917,0.9533860986002974,1.1930644008217122,1.1395562631500407,0.5899601005212992,1.1777279967934522,0.8355775396061467,1.0027179422994947,0.9315356950636142,0.9192290182210702,0.9528475510201838
2023-07-31,1.1673268128136454,0.646755478826619,0.6883511528707732,1.0604455111703823,0.7663477514455909,1.3929754137185666,0.7918667805787833,1.1753463609350192,0.9593398585461653,0.9640787776634105,0.8324730684056717,0.6665454018464454,1.3775853532380133,1.0,1.0928501867198088,1.4027659793248481,0.8022414512269446,0.8238140750298362,0.8488102863621398,1.4358778438429025,0.8826079061147339,1.071747368318039,0.9603163498397873,0.9388202007975447,1.2610529336969005,1.0085186942702902,0.8556245514067929,0.893099572039613,0.8170069687815299,0.9571144487239714,0.9704933159299053,0.9671263897993002,0.8369173718432099,1.0495381249579372,1.0035380060165717,0.9059248295980917,1.0630347069492718,0.617528865504247,0.9246606755505471,1.079016618055385,0.950350095316732,0.9618541112058661,0.9505259831914525,1.0724855124134756,1.0532197020124712,1.0,0.8019689066015335,0.9475148969239028,0.9860969022406759,0.7942560232137827,0.9199655977484411,0.7866897970868733,1.002563346889955,0.6309657420698647,0.6172879515776746,0.8992395325419689,0.8676211886410031,0.8148708710813665,0.981376327463582,0.6545310042685316,1.0386296494343104,0.6945794177258028,0.7869981405457628,1.209936966015798,1.1736034592928921,1.2382931408861555,0.8893515973287539,0.8145308006349368,1.3030148924809513,1.1457829263610484,1.0119496899576519,1.2492695775167433,0.9301045595081633,0.856879758907976,0.8517874506489775,0.9934054945531284,1.0,0.7495052787054802,0.9531408296765786,1.1341764562304488,0.6161932598755002,0.8990702254185152,1.1944137178429095,0.7234326602440595,0.8633406183887493,0.7829493534194738,1.3523714228785635,0.8135873500286076,1.1098888030456489,1.110219225124433,0.6291083196151047,1.1031831604874658,1.00899328441815,0.8668859443666743,0.8022264046328937,1.047906737051462,0.9929521244708175,1.0,0.8820995491489723,0.7687525880565651,0.8705527196588633,1.325440404054056,1.052957786647137,0.8310879389274877,0.9077729563669025,1.095181653066438,1.1453850353565749,0.6673477895775632,0.8581369453074983,1.3990970911965375,0.8056270131442415,0.8313606976989352,0.8442209134194923,0.772820743353418,0.975503639355996,0.9869418466454635,1.415570820228536,0.7926092884004334,1.0265890344367392,1.023364468127764,1.2758928931885993,0.5151302430476026,1.0231410464162123,0.8201022403491283,0.8787597183062105,0.9131219183505622,1.0202949584225482,0.9648566860217483,0.9226850803962403,0.8475970334886278,1.0286204571577358,0.9723031171464862,0.9367801959446675,1.1931282495548206,1.1319184623841145,0.5857880995566662,1.1621151738729436,0.834547151263676,0.9764982956602228,0.9289240223978452,0.9164938939785302,0.9426601858726529
2023-08-31,1.142280939941671,0.6323815575748639,0.6962482637518201,1.0092423248777544,0.8455784388354682,1.3551872184877007,0.7875882793468456,1.156154249466133,0.9583111436944982,0.9502062759261315,0.8112707742106646,0.6665270978884948,1.37447824161672,1.0,1.045533870302382,1.4220360138585175,0.9061431405088731,0.9331961411149982,0.8477114928772811,1.4099564913948603,0.8794261554489384,1.0535965054817769,0.8646615021298742,0.9458745691555458,1.2042170948785114,1.0389910558265651,0.8840953858665579,0.8903358533178777,0.7975716255159959,0.9582644990500643,0.9854937266285532,0.9511469517102054,0.838439976702858,0.9865454850943497,1.003347075026063,0.8750137440611747,1.0632003067166134,0.6127252898490853,0.9248246839201729,1.0656800395022739,0.9473291240076054,0.9622036719772527,0.9167471266840248,1.0240734949041,1.0970107862461238,1.0,0.8019515007833371,0.9166715936992019,1.0108945508564604,0.7936293713661506,0.9452285129367087,0.6737560694934077,1.0023514881661635,0.6182592607136188,0.6042696360376225,0.9083128521916553,0.8647649414476346,0.8570859140320282,1.0025000630499414,0.6263353996342242,1.0393564700126467,0.7128738581116972,0.8321656690903386,1.1966118435385467,1.1002750882609023,1.218551078923603,0.8211078380271912,0.7981369116966418,1.2984071117008216,1.1296835792147624,0.9828888388867592,1.2095986073842118,0.9018749007853792,0.8836636417027699,0.8155431476649934,0.996529237663784,1.0,0.8303592520683871,0.9529512506576802,1.1066721158033843,0.5959718420643509,0.8344641134647198,1.1833933093267086,0.766647725645249,0.8635874682868259,0.7812991637290312,1.3586257331641665,0.8060471932151511,1.0360204241937248,1.0774532462070487,0.6543132839454486,1.1584522800091612,1.0872699728070274,0.8636927510011478,0.8400882644025265,1.0661105512287956,1.006850320539666,1.0,0.856787087631134,0.7166792119613081,0.8839878343326,1.3260379004635126,1.0827844851273127,0.784761401059487,0.9286663705081802,1.0749821645433997,1.1181937974210425,0.5756702362609349,0.8247353221820618,1.3716445708658467,0.8648336294859411,0.8365702876968544,0.8297956734614357,0.748437498412537,0.8961267814738247,1.0290096115998677,1.4269209229622852,0.7964582181026945,1.1847592369185906,1.0281676796863095,1.2819347748005814,0.507699300965015,1.143958397218583,0.7187314868710208,0.8618456127528256,0.8869821154372666,1.0226853419979685,1.1206577728506502,0.9163500941008628,0.8891949255216703,1.0129567520272273,0.9598324605637837,0.9471326874759914,1.1931200624968727,1.141545558015963,0.5699411700161805,1.1812056749759323,0.8937507293399183,0.9617914728636212,0.9443897161470456,1.04422924885158,0.9695928593794175
2023-09-29,1.1310954800497977,0.6363652304888257,0.69864926632839,1.0095553660638164,0.9177331598602618,1.3023746537334606,0.7848552801876609,1.1502065007882574,0.9412284323276258,0.9578208088411222,0.751834541211297,0.6662575463021627,1.3757092308812495,1.0,1.0729181007412583,1.421306090284032,0.899500773034446,1.0600782668527031,0.8474688794386388,1.4269654006069805,0.8976950823348692,1.0628604822688583,0.7089341043376077,0.9132631020898381,1.1397645527250433,1.009846470144919,0.8904312263027757,0.8900691352964955,0.7905934335353996,0.9567549590031337,0.9984886330680417,0.928120642789903,0.838763491162931,0.9784939716906788,1.0004727546854222,0.8281205195350583,1.0631492734637222,0.6098983128929814,0.9251912933086219,1.104870164762654,0.9538876038305236,0.9627583339570699,0.8814936477714929,1.0388494886609085,1.1270866014467888,1.0,0.802261562204254,0.9121135164094017,1.0062420037222162,0.7894326654346013,1.008790028434039,0.604474248357242,1.0020919141063278,0.6153739747756601,0.5938412103457165,0.9094921204695355,0.8662331374500143,0.8551914389230051,1.0048141742629584,0.5535189763650679,1.0233460686050038,0.8102530345277339,0.8431478192792082,1.1879998693980394,1.1313903860843435,1.2281802762828393,0.7898859523393752,0.7776670690138175,1.285172588393153,1.121357590209397,0.9598568145643332,1.200275696744594,0.8671740369326209,0.8765658670558167,0.8183995592258207,0.9967217056254327,1.0,0.9147914697210311,0.9529661923736286,1.0699745220613741,0.6016769514876368,0.8161971497424366,1.1438036802315925,0.8084912693596439,0.8498398215180795,0.7722256163183899,1.3703921252428826,0.7906271844871702,1.023780607858838,1.0559848491867818,0.6659738173419375,1.1618438256933958,1.083728895348042,0.867367188414017,0.8493810914109011,1.0444426958298445,1.0047345048337029,1.0,0.9153490526973386,0.6720422977486382,0.888178162962844,1.3265848782972647,1.1161888676369462,0.7759910410429998,1.0055321607530807,1.0584773583596396,1.0869541159459837,0.6161037842162671,0.8718391061818491,1.3441989203134044,0.8558223903142432,0.8235279063882636,0.845575941795568,0.7773725832778942,0.8928185969296438,1.0063258495629148,1.4494872056644543,0.7925763391481404,1.2116364071386676,1.0420486805063425,1.2815577616968703,0.5047155920317918,1.1483281061533221,0.7272526657706311,0.8381030930185682,0.9008111742688453,1.0223109453593588,1.0968623662972097,0.915308245542591,0.8993457819510942,1.0117664923984078,0.9356580657762815,0.9511430870432461,1.1931305874723939,1.1272856494062762,0.5061330016835305,1.1806457225738938,0.887209075985566,0.9680230666854108,0.9398824561597303,1.0160634040818681,0.9572100336067336
2023-10-31,1.1069714090330267,0.7922821986926785,0.7321718919287189,0.9261784861278688,0.965956819649849,1.2886907956298923,0.7761410698905148,1.083692358159001,0.9133643600696347,0.9311211339243622,0.7807355741309433,0.666550244262559,1.3542692234672735,1.0,1.058580837606424,1.0239390243376163,0.9659234577907779,1.1529166681404999,0.8474349047174827,1.4271226362237015,0.8853543507565784,1.0292366689872567,0.6947748468038153,0.8884266865712381,1.1375461618321439,1.023397186791379,0.8458546348092227,0.8899979863485408,0.853725145362508,0.9573894979433033,0.9384980773098852,0.9335949094131978,0.8456339416320325,0.9277287143475853,1.0045001139434466,0.8937101642474614,1.0629726544048097,0.6111731657792528,0.9186721714988452,1.098619738121861,0.9528503745122305,0.9629840907981054,0.8806497453125268,0.9804757161241452,1.1739622367700242,1.0,0.8020237560117927,0.8685346087271161,1.0232709850495194,0.7882120916855332,1.0745632585321174,0.821039673198344,1.0027421600508946,0.6134352552833893,0.605791184574082,0.9147921084833281,0.8507163581772147,0.8815578175628522,1.0154517310266147,0.5856635633384469,0.981145290538686,0.9000261799231039,0.8371789669840557,1.1672865397461294,0.9929568065551939,1.1877581577594065,0.7394569335480252,0.7771836380061233,1.1881550822977807,1.0704485687723782,0.9295658291360088,1.1527217791530457,0.8701635822021926,0.9409512105590498,0.6701543282698748,0.9967569507160975,1.0,0.9779668486191346,0.9529008607930248,1.0293762938081057,0.5743252625175667,0.8020340687447057,1.144859615281699,0.8423980013475307,0.8663051584052364,0.7655809541378258,1.3421603101749495,0.7936532198629357,1.001631706775335,1.0763143560376358,0.7608876011017485,1.1386366593973731,1.1003546028417752,0.8653169305295436,0.8655490311514658,1.0539600430355252,1.0113836067517037,1.0,0.8444853857859773,0.7027570425982239,0.8871009277383833,1.3257836110732164,1.131009248572851,0.7602758469850778,0.9167119096227381,1.0645545693164649,1.096656557186856,0.5745475771874261,0.8320196794814909,1.1289101549727767,0.9231762269033544,0.7454048140132892,0.8140487998274364,0.7727024058674933,0.9374198526960801,1.0415882654458686,1.4429429559371774,0.7827095182213717,1.2273335605888795,1.046561155024527,1.282449482174842,0.5047836893266473,1.0296443973587919,0.7345384142659699,0.7917762091158975,0.8407563195239752,1.0032479853411782,1.144975321170537,0.9154630021180394,0.9063692762501389,1.0114261780846634,0.9203590400943052,0.9512124927135895,1.1930306982410739,1.0963936795975087,0.5306655848044454,1.1793361758574652,0.894546414533124,0.9793481472968,0.9453660762784852,1.0753900148500015,0.9610155608966385
2023-11-30,1.0883642313733077,1.1102618399171067,0.7758560930654612,0.9942724341267445,0.9680843045973837,1.2586797335607773,0.7873055779726627,0.9709781278015255,0.9261775516371475,0.9579786265955871,0.725019851348702,0.6671226834288944,1.3646045497063053,1.0,1.0966793247266207,1.0316239807938457,0.8835852445397182,1.0659697948140467,0.8492926781042994,1.3646676310601489,0.8303657005632676,1.030252373913658,0.6713291289239242,0.8598503335789044,1.12936794886393,1.0087236335444665,0.8475779156951138,0.8904800775239762,0.8225426956967729,0.9564883191129793,0.9529270933022848,0.9249772716069585,0.8750450819842963,0.8718168201315961,1.0067278252612,0.7968892798393816,1.0531673483405941,0.614648421868255,0.9215250408783372,1.0549854461534685,0.9528423787725518,0.9622696216995017,0.9985308490888897,0.9373779636263254,1.14656321571751,1.0,0.8020129204909494,0.8320585509279914,0.9910543893260467,0.7870745634246684,1.0894968339949256,0.9422718365377699,1.002774726728087,0.6426114408979293,0.6409637448387715,0.9051342502335039,0.8529638840501719,0.8961816940877688,1.0088265655770003,0.5891990213903561,1.0117880607473373,0.9250000975016919,0.8560243681224744,1.1505866890205914,0.8402528602907805,1.0908707339663217,0.76237178566819,0.7720062438137159,1.1031303592769564,1.0472841190876394,0.9273394043193258,1.1241914661436385,0.9829763123744124,0.9217219042087642,0.6915157008103534,0.9984249446089518,1.0,1.0300632315514244,0.9540788850570195,1.0380239046559832,0.5580088525291094,0.7714828450518171,1.1181689066113976,0.9384967619958197,0.8958416238171207,0.7574868313639045,1.2405112297402543,0.7693311750847809,1.0293940300171815,1.121314032717845,0.7215154582309187,1.1101853409199323,1.0089305453420674,0.850931044039315,0.8381935424252269,1.0549140868839555,0.9979539835454473,1.0,0.9410071400246016,0.8719189022803624,0.8816697691745763,1.3233683030634504,1.1314272904415394,0.7793000843730433,0.9839997794485379,1.1524294408478366,1.2155367405638529,0.7246629423435564,0.8462622555061339,0.970937157910423,0.9248236790152838,0.8013736394386648,0.8373324303162801,0.8295131604124001,0.9401167286800886,1.0081051442526028,1.4073018886953181,0.791528739472608,0.9453072893660025,1.0306088881969293,1.2803782866599314,0.5083578117768095,1.0080998805722603,0.7903943365523617,0.7962072556195976,0.8425477627267344,0.9887027150237733,1.1151319217961417,0.9151902105087448,0.8393818859975625,1.0132760068645763,0.8464361040653827,0.9561040692933704,1.1927395449094678,1.060281175766721,0.6799614608142358,1.1495228172031577,0.8868340641654356,0.9817133139674754,0.9350219329398122,0.9847566755371286,0.9490022048081358
2023-12-29,1.1092837733798817,1.1528762203467227,0.8133920685236051,1.067410204059847,0.9313930064055755,1.3115697259426948,0.8161326062020277,0.951386453562858,0.9599479115187097,0.9816781580284587,0.7064735457199124,0.6687496598650162,1.3670464754069331,1.0,1.1286479163817944,1.025074096530811,0.8524865614812587,0.9675980819978033,0.8514876840128506,1.312482152464823,0.8936761156927591,1.0197995195019796,0.563900804926347,0.8700920468383923,1.0993828582674583,0.9977234967098451,0.8366757932115749,0.8901886237361047,0.861463397107422,0.9574141106907577,0.9358307372897733,0.923797112453324,0.8701053574759414,0.9720147122053733,1.0071649068987085,0.7527062262496322,1.0540679079404733,0.6114641293597433,0.9309459279168872,1.077013697674466,0.9538940581526852,0.9621812365515025,0.9846011013892753,0.9169529708328363,1.1121862201327435,1.0,0.8019842855760331,0.9326450453899644,0.963520247625802,0.7853529047953228,1.0930324838703172,0.9786866953380384,1.0026976888253016,0.6723787336000595,0.7078009905597826,0.8900483701265279,0.8334800493866718,0.875465120054246,0.9897493869733172,0.7923161035595262,0.9721555390208902,1.0581952975627738,0.8101073204973419,1.1785243775698253,0.9025083578838025,1.150166924730918,0.7267660767483353,0.7676178753542771,1.037863175029902,1.0407967672098906,0.9354902095754563,1.1162448863726397,1.0208960728347094,0.8847462846831582,0.7104710079794869,0.9959004379679542,1.0,0.9657418291318253,0.9532900244209211,1.0482052960627706,0.570074885905187,0.7708651965425581,1.1293779075975625,0.8769905090373374,0.9619640361384448,0.8135743675857647,1.162188173832965,0.7278637981863452,0.9703034174606456,1.1042754294238764,0.6928944449684358,1.064547002150205,0.9483554972725283,0.8442443476693658,0.831448120785926,1.0693618505412326,0.9916186680918222,1.0,0.9955056951152379,0.9055358743223633,0.8777907821769279,1.320377876919528,1.1039202693094505,0.8112330188657723,1.0637636686549266,1.0494087078945245,1.0462960880256775,0.8028214785718084,0.8377371021695654,0.9182223883411764,0.8814421364937558,0.7773075002572835,0.849173207124346,0.8711334083716069,0.9536718815706318,1.013397942608712,1.347436282640303,0.7996439022311125,0.8078133235674305,1.0163191217398195,1.2752578639107133,0.5070366200680272,0.9789580267447534,0.7674027535899237,0.8041562614986948,0.9018619367208435,0.9718037479382865,1.0641917192892802,0.9234947102980319,0.8229756778620314,1.0136318767902268,0.8366507960683391,0.9497966898674784,1.191370015532104,0.9654736454410227,0.6735582943515928,1.1439143685602704,0.8572268886173929,1.0008822312884833,0.9248103996405138,0.8550992564495377,0.9133424259958849
2024-01-31,1.0725846877996608,1.1444800244349254,0.7818053923584419,0.8977095946864272,1.0893521658936929,1.0976252152248016,0.7765581698023056,0.8639912939153102,0.9457417835719506,0.9494976653926828,0.7681255548225479,0.6718176110269447,1.3548497850093284,1.0,1.124042336450309,1.0456954945792565,0.9291825869682381,1.0606397363499278,0.8485563857290449,1.0719592618989169,0.8562895095868197,0.932185124644035,0.6025671267435335,0.888287532608593,1.1778839563915855,1.0550968497238113,0.9442685227207062,0.8908046136565038,0.9676879268050281,0.956313348059097,0.9290738477781763,0.9122175915556305,0.845208556174946,0.8072131600254383,1.0067684514400037,0.903412033584043,1.0379243288908488,0.6098487398204104,0.9259340005827333,1.0240480339346343,0.9607765217167273,0.9620288155558226,1.1346453620611963,0.9011822735786463,1.135713271205833,1.0,0.8028604945870212,0.8802217356004125,0.9735608832112378,0.7851384780912977,1.0727115056139767,1.0019263866530796,1.0028294995303784,0.628084142870095,0.6573715054169591,0.9065361162431471,0.8978818504352615,0.876728871928511,1.004879650858994,0.6509252808569603,0.9755645058145413,0.9615553965313978,1.007650563021156,1.1539723511330502,0.7984936514733699,1.0409903817379655,0.7153034307160836,0.7723974287853764,1.0834286944205203,1.0816424275395982,0.9251862953331194,1.0467319848240522,0.9708132841524737,0.9114315887558673,0.7371359936957055,1.0027256118518366,1.0,1.0940150408696794,0.9535236333398396,0.8678842706805238,0.5452878561883578,0.7583387048182191,1.1119201507173226,0.7840376468744884,0.9985955853394437,0.7787993206281868,1.097332798864762,0.7429130474725016,1.0249865475561448,1.0649389188022136,0.6688868124008785,1.0983865636207308,0.9806284073091235,0.8581020637890187,0.8264567397472193,1.0658516807535423,1.0113817035155779,1.0,1.2246754419737338,0.8642325328432939,0.9362250659672,1.2659442098409026,1.1111977116087837,0.6698127348550807,1.0317477177585175,1.022632746576135,1.0019810163600626,0.7059567699940621,0.7821570770767303,0.9346414741749376,0.9012522468823655,0.842123709736596,0.8235353244844611,0.7126238251162991,1.0431201966951833,1.0325255156724304,1.3282511101731385,0.7705670139991327,0.7980424568708501,1.0163036697745926,1.2834436241642513,0.5003593083880985,0.9705479981801938,0.800379806871756,0.7759662965078616,0.8703219706078149,0.9732572536426246,1.1566780612930556,0.9305230672452609,0.8220854522323165,1.0106088203427193,0.7927193515168461,0.9556865600739829,1.1923405636571114,0.9521664435422817,0.5907822894543067,1.1565539633674846,0.9332667087650319,0.9656972266738167,0.93162149051958,0.911425025177574,0.9330669840289871
2024-02-29,1.0626487597472964,1.1316106283707041,0.7703293869741774,0.8972390408689297,1.0625065699901175,1.0418943178499174,0.77619619546807,0.8331295649635357,0.9503160611944128,0.9515365032025737,0.9162463138722124,0.6826376238344689,1.3763579893358613,1.0,1.1189163204380113,1.0766584940303028,0.8768397429753244,0.9971924685305493,0.8564329187644472,1.0540817443467558,0.8230859759765323,0.8872074296982903,0.49882633753853944,0.8781984381936245,1.2393568922539964,1.0593475427669872,1.1165484198823912,0.8905245920346023,0.9173286614723247,0.9617345180037444,0.9572556607649155,0.9027428343818557,0.8482588222576198,0.6904227147574931,1.006664475083426,0.9404548310027538,1.0270942486409533,0.6584540745731475,0.9363627776970723,0.9721861064331774,0.9591597300355019,0.9622697847997401,1.24904147687591,0.8912659287270732,1.1320924116441933,1.0,0.8022688181975545,0.8912803491536404,0.9551469016355315,0.786244975190401,1.0623860460269305,1.0088564426697615,1.0029933094002468,0.6335637541836271,0.6307952245605033,0.9107230796843633,0.8704159872595616,0.8579353090619051,0.9922527841489852,0.6164825218877771,0.9585865338710107,0.914729742041262,1.1266907747674937,1.1770434236433152,0.8786966413944602,0.9908471106614561,0.7101252391153834,0.7705645272488347,1.0627916066245735,1.1062097320578619,0.9270472527691904,1.0460862141086973,0.9755492297323101,0.8767340994902245,0.7240080449157414,1.0020602990573144,1.0,1.0587856201173382,0.9539846750527372,0.8795505607565776,0.48126127925530393,0.8005879536821843,1.0252106921258328,0.6258778856325351,0.9646925507023875,0.7660873616487908,1.060242097927448,0.745346907841843,1.0202691535598447,1.023917460097076,0.6125526695039134,1.0605688339726265,0.933683347411941,0.8595528827949348,0.8693310890325194,1.0366883644364353,1.0060850441961353,1.0,1.2191544987843317,0.9016108518404217,0.9139820837767014,1.2553147066388868,1.0977587980782202,0.7315674963879817,1.1212664276936397,1.0689649047478704,1.0614248033199016,0.9227255120963227,0.7774830304663373,0.9692314174073435,0.883308973780673,1.0261747781166437,0.8788158457183296,0.7887652230182596,1.1048512937713366,1.0102616028931672,1.2870224495208218,0.782231173212232,0.7699055002915228,1.0080283085948678,1.281604758101004,0.5067477473836692,0.977806129079267,0.7236068855287265,0.7719164829310937,0.8924934486834292,0.9731108888695057,1.1444539655037822,0.917705778605022,0.8211369790391032,1.0119561269631208,0.7816482861580596,0.9498365918632254,1.1926818964281019,0.8836980321306374,0.5861830986796805,1.1306727670146528,0.8957470250165235,0.9739701837437172,0.9240250081752589,0.8131716858678535,0.8995420570953874
2024-03-28,1.1457748867389415,1.1255606546205688,0.7471556244842004,1.0097882309071624,1.1017547499182903,1.0590483845408551,0.8454322833141743,0.9177780689450707,0.9805313006536335,0.95325189594681,0.9224077575687342,0.6823402579313922,1.3657680425779652,1.0,1.1391077646332746,1.009886405009893,0.8128898155336132,0.9651166059645334,0.8548491071591477,1.156762666682844,0.8920476728662577,0.8770968728807964,0.4989636910333203,0.8938150915712317,1.3181799560660492,0.9699016853614189,1.0821631707406365,0.895092142208366,0.9122621477333751,0.9570508508340111,0.9513893174940822,0.9407018951949959,0.839528238749829,0.7561902337617757,1.0089737280556506,1.114282865758205,1.0027344086525307,0.6395025114208461,0.9488385605649539,1.076295609119047,0.9582241313239994,0.9618187454798786,1.322410087561594,0.9803620544554411,1.149590896939776,1.0,0.8024160710980159,0.9449599388453089,0.9084204719468993,0.7874445081214574,1.0371531713540487,1.0639575245781752,1.0029830685941818,0.6344313974352107,0.6021613383992936,0.9160623592577388,0.8910646304014623,0.8565318919077166,0.9869487314640488,1.0466044271462747,0.9919621805978442,0.8929908299265144,1.09120825777902,1.197865903717351,1.1051107811090133,1.2078554201028149,0.7421734924921286,0.7680888668180422,1.1231622649114963,1.1298287657042694,0.9363413960854522,1.1292728560528478,0.927822433476339,0.884565260427012,0.8204149935054903,1.0013461708461413,1.0,1.0288649013703415,0.9543322997782689,0.8600524813408644,0.5302840647626528,0.8350307466014737,1.1158910478877173,0.5695544028595338,1.0003358959653805,0.7887310458651611,1.014090220009011,0.7318189916479605,1.0842356224364484,1.0285820835955504,0.6037843899897983,0.9961553887404527,0.9177485768116228,0.8626671004706371,0.7403776475749555,0.9658650693013733,0.9974250371075973,1.0,1.231288262984327,0.9039146358905542,0.9466907334023422,1.28027700877407,0.8624266662772715,0.8024786989168862,1.092708817888056,1.0844557942379494,1.0849819075065714,0.971919144551842,0.8040934615975257,1.1846991072339255,0.8969366888105323,1.1400846118074435,0.8153906755203435,0.6700920552602272,1.1239900590236156,0.9280908941650217,1.2831547370414542,0.79021242086107,0.773507638716939,1.0125518134174805,1.2791860098760286,0.5275925166278961,0.9654719277679484,0.7272226506033951,0.7875613789895307,0.9470670165702555,0.9800392560995336,1.0182405629632343,0.9226325052144451,0.825874350303953,1.0117204880232213,0.8214446432394931,0.9392244609195118,1.1928302835701525,0.9161285253241086,0.4860278667589636,1.0884512558290578,0.8780828109987742,0.9862079709298257,0.9255046409993859,0.8256495142107982,0.9061889089647776
2024-04-30,1.1405131792432526,1.134842418785313,0.7903345875661028,1.0145756260598635,1.0887038426549287,0.9973821854988567,0.8405283945507059,0.9100193719797116,0.9748323221996269,0.9538441142184481,0.8523944619574653,0.7623260120483257,1.364251333459771,1.0,1.1401601486048563,1.0056619079965379,0.8380261508825949,0.9646066632977417,0.8487758113722628,1.0484978263393907,0.958199527988325,0.7706571149951222,0.4782919745174923,0.8448512467206704,1.327004998804723,0.9433913794402325,1.0728908345293509,0.8965681372832599,0.9062554472393466,0.9561450688865091,0.9459864256194959,0.9213544397858768,0.8388485648013077,0.6735633018515504,1.0091981888518429,1.1266913741467741,1.0025632975846444,0.6175985163350315,0.9451954013236102,1.073388841714939,0.9585715500261792,0.9619935539127873,1.324490733454688,0.942524784735671,1.1912919867192582,1.0,0.8020144518118002,0.9270836296532334,0.9111242109342349,0.7892127230428602,1.0388194127081298,1.0394942677977865,1.0029187603375553,0.6316339559644502,0.5876778030834897,0.91837065444094,0.9055141148094089,0.8671392524450442,0.9885056627559344,1.0345813598298363,0.9693875249547667,0.9013147497483809,1.1264748815906604,1.1912301602261846,1.134539353955466,1.2088243183347704,0.7480298921260804,0.7610540491261361,1.0324523302072193,1.1333441862241769,0.9185443101590437,1.083890089884502,0.894952544358468,0.8757487002264721,0.880922188371529,1.0013059197418366,1.0,1.044679691644514,0.9535266068993228,0.7966950318311132,0.6417816742198676,0.8740401554182609,1.0839146792689893,0.5533890230134316,1.0944574557841662,0.8012636171504957,0.959597258537751,0.7346321601504007,1.0320475544945693,1.0288728075528943,0.5960999207054745,0.9827972276225465,0.8981739164395561,0.8623605386318027,0.7297834868799405,1.0269368642379673,1.001190273994107,1.0,1.2112504685722467,0.8857907069889571,0.9635021973410604,1.2164080530913586,0.8833768567401834,0.7993183800905357,1.0693002622191838,1.0684954354858158,1.0605531121073084,0.9348992413999508,0.8198089431335631,1.0843774950536613,0.913209825795336,1.1041780252291455,0.8132106665732586,0.6408387711438364,1.1199096044048198,0.9749918654440994,1.280277104967752,0.7879409812965549,0.7722444656855755,1.0149907606698798,1.280728299821917,0.5257157388272775,0.9640297237853938,0.7034907329072642,0.7881675396472894,0.9420297920357404,0.9705487525917595,0.8416048589956133,0.920065494482873,0.8388428352444947,1.0104899548684665,0.7828749668991409,0.9287401310479508,1.1903405269463558,0.848451671296821,0.46945365154438223,1.1192257459891746,0.8899081525667851,0.9917628682289765,0.9212750926099489,0.7746231829988424,0.8749924500311954
2024-05-31,1.1416208946082627,1.072609962375739,0.7217656071740205,1.074602791823472,1.0662780933428269,0.9302504070893511,0.8792640256365027,0.9438031042934844,0.9700899394677508,0.9481685357706359,1.019248454764691,1.1065416580173442,1.3604714940202194,1.0,1.140299835307916,0.9747915249709231,0.8545248712320161,1.0566253710894329,0.8474041015607454,1.1442800197531307,0.990973933084332,0.725958885580205,0.6916051090803326,0.8370839269873347,1.3825235435540215,0.8616942462301349,1.2174045254066246,0.8976030429121966,0.8606101931499908,0.956483510455209,0.9534984856969708,0.9152255278469518,0.8342949433289971,0.6238353707153093,1.0098708920209254,1.1776005629524018,0.9823346589680272,0.6187644383606642,0.9430193289122233,1.1003538844087377,0.9525870331305523,0.9618207289000043,1.3797222359569894,0.961885481405046,1.1661817518008994,1.0,0.8020630455194324,0.9901934969274063,0.913807339887386,0.7852627252629876,0.9041785241481594,1.0464893766338392,1.00303397201475,0.6131935717331171,0.5476555981456696,0.926306147701023,0.9440794186609047,0.8776215675284617,0.9891469840435521,1.043933979407138,1.0155508460581935,0.922779121471917,1.2411105177728878,1.2041378924079973,1.208627173479715,1.2358113717632124,0.7604535726145114,0.7674734657368999,1.0918200571955898,1.158675783541258,0.9258413121709308,1.1149472779200806,0.8755351351739826,0.8893142751733378,0.9641735624793046,1.003114589083867,1.0,1.0350837684807204,0.9525386880646084,0.760422528205418,0.8027992915496998,0.8946642319546059,1.1029284862668827,0.4606456123938284,0.9672961077460284,0.8244884765079146,0.8373983963526531,0.7539287632709176,0.996469411789856,1.0082294556134077,0.6580657012150144,0.9806745565812727,0.8761560701355131,0.8751014716034407,0.7195101217930743,1.0626135987786713,1.0091442181533326,1.0,1.1867060923007797,0.7576901495534967,1.0252910727834812,1.313693113135591,0.8596830568212352,0.795100696758315,1.0383058195788348,1.0866213129891764,1.0810325519547066,0.9366731963295392,0.9461539180474434,1.2183567196043774,0.9126190035346761,1.1431577374978326,0.8365194408772092,0.6492936770826563,1.1557918703222572,1.0029987082925795,1.3072920800328938,0.776015235408576,0.7688892829518876,1.0297668792935029,1.280617286005306,0.5177521446280261,0.9925180552882956,0.7098627981582133,0.7895911945599509,0.9876245839720599,0.9780076042994096,0.8304348755540076,0.9207124700046925,0.8219135581314478,1.009527495911908,0.7926861006998691,0.9281982945224452,1.1919085268946419,0.8900099562788806,0.4386627687512056,1.1349243628570809,0.8803030950552706,0.9831910906509739,0.9245046289660949,0.7951375339078657,0.8913846540832377
2024-06-28,1.130611385742502,1.017827948448531,0.700719993171742,1.0177954941125458,1.1997411526364958,0.8339380733014389,0.822189336977047,0.9330633564623523,0.9585580212758901,0.9236282662835493,1.071154145062779,1.1873590993879444,1.3435752456077459,1.0,1.1394901423796586,0.9918824772659524,0.8929277286448688,1.0274116055765143,0.8477581565695209,1.3633238568749382,0.8629427507568359,0.679681495314522,0.7732198018606106,0.8547521731922123,1.3830694146888214,0.8533128801838162,1.2303422647939761,0.893771579805677,0.8242411535752775,0.9560531476527738,0.9589107773771164,0.9074991291337441,0.8357249959128206,0.6109213535677864,1.0089410969841095,1.1624814018020617,0.9801585088790576,0.6119266679055753,0.9350462282211925,1.0617008979297688,0.9575582192073837,0.9620338543269582,1.37713483143471,0.947904989357444,1.125995606005016,1.0,0.8019989596739708,0.9488778341124969,0.9460611862489263,0.783375696369276,0.8838897414083589,1.0466393865520935,1.0029999713796363,0.616495574238016,0.5445941708889727,0.9189783923093862,1.023845568382578,0.8991990478009577,0.9952536805617686,1.0562942629006418,1.0287645738876303,0.9181825315764396,1.3153097427553133,1.201135302095653,1.181025328605525,1.2058073268706988,0.9244188188420288,0.7616793879132238,1.0936968735469983,1.1585793605520633,0.9366903991312652,1.104242611891755,0.8992869651916005,0.9183620522137385,0.9383831628862535,1.0057882402843255,1.0,1.1053989551133967,0.9528233024403491,0.779102648614555,0.7167582103447663,0.913936193210825,1.0458881492523897,0.47379068829015103,0.9273209793563071,0.8743490400570093,0.6324116178495991,0.7625716149599047,1.0014876594774156,0.9646382265834796,0.603958439092561,0.9927878987053572,0.8715494158406806,0.8907941877791752,0.7178812608381904,1.071940183733973,1.0166413804868881,1.0,1.190479588824611,0.8078459510898571,1.1258417895915456,1.307876445961118,0.8654718795285773,0.7662720465318182,1.058220439441774,1.0990328103505536,1.0938272596901313,0.8894394987568595,0.9437093576880635,1.1577509632037553,0.9360641077475899,1.1105331433641479,0.8215519204714012,0.628018033497979,1.179120263933585,0.9926336398659664,1.2811111998332931,0.7733847061588378,0.7700285435643794,1.0337583001973583,1.2816702502605863,0.5124720072783673,0.9652620982896087,0.7473672756134659,0.8057253683584211,0.9473967584012435,0.9801308432736606,0.7628747986191858,0.9253709950279343,0.8225178746724775,1.0088123204512274,0.7784678764011865,0.9347953057929191,1.1926236780087658,0.866904093912735,0.4479948397091299,1.1439903945782977,0.9097758631653197,0.9862962024302937,0.926222056379419,0.7966114798777597,0.9023856120504606
2024-07-31,1.1464467596139656,0.9393355169326426,0.6937392843039198,0.9884748709911879,1.1046778326105442,0.7794870614452747,0.811764618985433,0.9109398351671869,0.9746086687990532,0.9186343301981068,1.0542244725435017,1.2507186565118875,1.326739411438345,1.0,1.1383639209630279,0.9635917023808728,0.8845253207537256,0.9921973874191591,0.8479237338536352,1.2519109536709603,0.840274347942249,0.7779054121851793,0.9304134542965424,0.9073045977853296,1.3785980478332567,0.8633903347811145,1.2294512369021413,0.89347387838836,0.807336349910246,0.9561393134756949,0.9542119489109615,0.9293409711396036,0.8353032016659685,0.6075134807505851,1.008889347266923,1.0276969626688714,0.9913676160745017,0.6120051006835765,0.9455751806005055,1.0267255450600439,0.9509992909956277,0.9619882996903717,1.3542242617244578,0.9660282380708135,1.1468118989506109,1.0,0.8020190600070173,0.9770136183235334,0.9406114380266808,0.7857754956739172,0.8081738907477429,1.026565249501627,1.0029354093878597,0.6093392452281696,0.5131217174728444,0.9263886690972636,0.978319084038263,0.9035746387857204,0.9990889598292896,1.0730564681828827,0.9926380876839397,0.8648825988608249,1.3355595128510525,1.2297750246308872,1.2342668465059385,1.226457366147666,0.8497775339988,0.7621197019328331,1.044019945108714,1.1351352374761525,0.9512640215777025,1.1281754541135625,0.9984642932650551,0.9632963985100376,1.0119293245439214,1.0054516201972914,1.0,1.1049631568166314,0.9528709084326672,0.8631353855892063,0.654339197918701,0.9361527050626919,1.0549696037907945,0.5150310616574718,1.0467877206839027,0.8647794028987852,0.5977070248298162,0.7643280374531077,0.9447291181131533,0.9584826948685711,0.5926153745774585,0.9924944073898074,0.8653321323472335,0.8881627260999373,0.7198310056389128,1.0628506630165666,1.0170320215672768,1.0,1.160727742819898,0.7795221565112956,1.088358786593114,1.3046041361242955,0.8642393104419686,0.7306804764601897,1.0070948578112267,1.0769488681859578,1.0716727042294256,0.9153829967678152,0.8737307587671772,0.9562224308890238,0.9401702976878026,1.0731635978854401,0.8120017970756123,0.617408064008126,1.1567999558372049,0.9822372730576955,1.2563836924947795,0.7811775151326814,0.7675181849901818,1.049734762881744,1.2818649713582704,0.5126047069154505,0.9800050433684657,0.7647912697180521,0.7859895100232557,0.9502733859270861,0.9712158183897669,0.9618678025831177,0.9153451541746019,0.8292583207666957,1.0085763270395318,0.7759152108111207,0.9701269276508679,1.1917222737799122,0.8690692715568321,0.450655843275673,1.120144371415528,0.9197864310577242,0.977751282545704,0.9359040885990162,0.8550507450896345,0.9275657653055693
2024-08-30,1.1338521071523107,1.0386032208704503,0.6894517266357649,0.9876752275463537,1.0751347295872702,0.7889104572349601,0.8262084315024764,0.8943562158333515,0.9676050431419801,0.9135207750885788,1.060301073875651,1.306259755870132,1.3314283936226539,1.0,1.138214381375317,0.971183747604858,0.8485759987974398,0.9496328357143052,0.8486718970610427,1.292999968538973,0.8580153322762161,0.746624664331542,0.8062464402904717,0.8714582484127873,1.3755838800230435,0.8512995329071702,1.2215225809428962,0.8942099525437577,0.8472773656572428,0.955948109422055,0.9462170337935035,0.9092654697599237,0.8402759674110849,0.612482116422756,1.0065493992566406,1.0475290129115562,0.9847391003123106,0.6095566136352356,0.9390469829014653,1.009964037240026,0.9550879899854218,0.9618881697543409,1.3606647788882344,0.9646588258145234,1.1350506312122615,1.0,0.8034820431800482,0.9665132848557414,0.9537571531912379,0.7912400082029557,0.8134217916341615,1.0231371401021234,1.0029273823031208,0.6036903289965421,0.5233808161222064,0.9229263907607551,0.9807974206012199,0.8783671430307395,0.991568711234453,1.0548210885138438,0.9953656887535783,0.8695910859737386,1.3380365575625959,1.2212933257126386,1.1972732250867244,1.2036042986597013,1.0248497355089572,0.7621213087217823,1.0166080479997683,1.1133473318524434,0.9416533184473083,1.1084077641669992,1.0009739084743976,0.9099874398790471,1.0222344480394923,1.0059625047392844,1.0,1.1274437916721418,0.9530409582851818,0.8431560923997548,0.6200374938307798,0.9701373799831534,1.0932840403814545,0.4855897153237364,1.0623582431715548,0.8551917414787199,0.703331170901047,0.7538556765400107,0.9852626744480502,0.93353911649498,0.6023421787546162,0.9811408933096091,0.8597370407255462,0.8939751397530085,0.7191668077129161,1.0551554245226158,1.0130120195048293,1.0,1.1703843013145219,0.7775521020380005,1.0513356982323396,1.2861926802901036,0.8606886867233663,0.8362711647936721,0.9747901438776302,1.125499187350325,1.1342357360412196,0.9180269804366123,0.9005937309419012,0.8643171704746335,0.913046130912507,1.0014319971389358,0.8176491724690418,0.6192780538586089,1.170863320043555,0.9289331220980814,1.2386432589441518,0.7693529074928286,0.7665142767554348,1.0439093860131283,1.2818207332800013,0.5072502718994949,0.973757908913632,0.7305608004752739,0.8094787167956298,0.9359400827018366,0.9772050910709398,0.8830599699266994,0.915475002783483,0.8382520556412515,1.0092339417002076,0.7606832248559833,0.9397327162543768,1.1900635955679206,0.868238940998325,0.4588769799452963,1.0819070828331434,0.89247491720168,0.9871887721694025,0.929118061567926,0.7979044872392939,0.9033074450079759
2024-09-30,1.1246954322322158,1.0082349301033904,0.685960406623439,1.0222856745075006,1.0494429629226045,0.808702662339706,0.8335953398318294,0.9669758559651969,0.9725772009010916,0.94451624664554,1.0820312755140529,1.308871308363898,1.3382658325902483,1.0,1.136132095804403,0.963838515025748,0.8401858206898575,0.8441428637424063,0.8489659207368303,1.2481099849094406,0.8147091945134015,0.725395721233337,0.9246812079314799,0.869177626131013,1.3535582020491346,0.8504150793823513,1.221648020294918,0.8928605327994065,0.8613668639747605,0.9573706013688952,0.9501327321488513,0.9158071410357659,0.8381846020276454,0.6074212146885389,1.0056562990679925,1.036925204916247,0.9842457604327703,0.608310429289676,0.9414372247418648,0.9633301213522738,0.9494184577332976,0.961835162321684,1.3577549898174448,0.9279684670735991,1.1021159851991682,1.0,0.8026913473169823,0.9792394080850584,0.9747670904645402,0.7980901559052631,0.7965569353974788,0.9910653594123041,1.0030645872396595,0.6205714961648428,0.5534383685527389,0.9215452824045753,0.9741845902154487,0.8658134516150873,0.9840707333977828,1.0860124041929338,1.0087071289138592,0.8532867517676767,1.30622801450136,1.2303658216234576,1.2323742914105178,1.223831387949556,0.9852599069264362,0.7629193321527037,1.0026813253872506,1.1203610480274848,0.965003876620327,1.0939167155112226,1.0364378382511412,0.8841813152714058,0.9958223561741117,1.0057775602428063,1.0,1.1311382954527471,0.9529448050753901,0.9361890894048958,0.5745871552625097,0.9860003018107463,1.0438272515206302,0.4549225297665369,1.016231229609551,0.8988854222080351,0.7090439234387396,0.7384243544270046,0.9663337675911392,0.9028310100918246,0.5994927284364009,0.9682559659393883,0.8546832479385486,0.8922478059095315,0.7210807232044986,1.0494841770848107,1.0100982117426442,1.0,1.1208958009500296,0.8130263718407293,0.990070693712523,1.25442390656475,0.861563071290333,0.8595791452324529,0.9354091022988622,1.1455075640965884,1.1616453814251089,0.9740332069831368,0.8833825336998601,0.797759312253858,0.8627901424477993,0.9617913278162231,0.7964898924532696,0.6190296704921612,1.1664324256688232,0.897937992648492,1.2090536320490826,0.7831141957601608,0.7658533147466186,1.0414360032437477,1.2788092191230722,0.5383856898073756,0.9673868092599549,0.7685361212018482,0.819390046283095,0.9428605908157722,0.9734911307792422,0.7648653437372006,0.9167747536240886,0.8484979018602217,1.0099379248672957,0.7545055974478007,0.9302788342134914,1.1886233299790177,0.8775767551453916,0.4828041019324074,1.070904448022559,0.8945489152980383,0.9899929422965084,0.9229927955376526,0.7660397188724799,0.8716000471630267
2024-10-31,1.1272462008684698,0.7755048267505354,0.6876932908027369,1.0313424747772006,1.0347235976881455,0.7678402412049805,0.8413945278056686,0.9233008837298796,0.9907637728074586,0.9586058200332996,1.0603269701429863,1.2985990026024727,1.3589226139367427,1.0,1.13798696034377,0.9212629018219061,0.7918919004541516,0.8476039233143328,0.8521278158553769,1.170837445320047,0.8658355095711537,0.6839518883277751,0.7338281867409148,0.9058481484919562,1.3504780781334138,0.8445505211816043,1.2019928780610918,0.8961593746090191,0.8269251506507129,0.9569440554879034,0.9929931310568177,0.9040945476228762,0.8365897411155041,0.5984220742721007,1.003199022327676,0.9281351404784365,0.9883784127472961,0.6086735260976704,0.9467943652549452,0.978113620680145,0.9431820587712724,0.9618148325903592,1.3491241619507441,0.9039543747799289,1.0538214757979552,1.0,0.8048998171685056,0.982580923947022,0.9540198697447639,0.800249838535266,0.7754800402168811,0.8714970452557022,1.0025963519960397,0.6360632821560219,0.5842545773423368,0.9126145060238882,0.9439159855277928,0.8407847924872949,0.9708525353402431,1.087113434231533,0.9986763564732096,0.829418465101528,1.310985583637778,1.2393507234640653,1.24582268369422,1.2251304438464314,1.0538556089596656,0.7592099198822724,0.7829279691354752,1.0845491224252093,0.9674432751252989,1.08061603487664,1.000088316571621,0.8546777539567958,0.8824061050095823,1.0061419116146049,1.0,1.1329059097971654,0.9535747169939999,0.9450025918363884,0.5756774994692576,0.9752190476692545,1.0615295335244626,0.4321904388449037,0.9739989838679494,0.8797238082845077,0.8314578734538083,0.746152087647517,0.9819367785083579,0.906159676780403,0.5804708297392818,0.9288085038724672,0.8495210086682246,0.8900568267810153,0.7186901102759491,1.0079494306453083,1.0013971395281422,1.0,1.060092623393683,0.7743647520944171,1.0124442239634137,1.1592460604463708,0.8564622858293074,0.8850593124186569,1.0,1.0,1.0,1.0483388256680921,0.862703425258458,0.6548549970941349,0.8115646831958824,0.9073428175484984,0.8393352703388108,0.6175293995976916,1.1672767742913328,0.7729792901906161,1.1490341914150914,0.7806312037640166,0.7668624333215386,1.0257324987549943,1.2761710397049033,0.5477547457373828,0.9374871312700491,0.7378979542275725,0.8330582042890804,0.9379982419095276,0.9704178047650628,0.6858862746326946,0.924785530388487,0.8886410075365907,1.0119174982574797,0.7540017267023368,0.9362064835067897,1.1541013514138847,0.8094180252454402,0.47654879800823624,0.9821002670802728,0.890991347196963,0.9965280491504033,0.921296213122329,0.7547627449936444,0.846433658165687
2024-11-29,1.1386081698610027,0.5700466990950077,0.6797345356568565,0.9831565208244916,1.1846981294850234,0.725887173076123,0.8176696508865404,0.9046541898945727,0.9894322858288378,1.010606600770707,1.1455261583310072,1.304169801403885,1.3455963806577453,1.0,1.1386888030606996,0.9196890900030981,0.7968886877739585,0.8390519631812732,0.8519844839144985,1.2045680017946017,0.8926318555105268,0.6673045791960851,0.7295198778634153,0.9060529466332906,1.3632923983334375,0.8162120726720781,1.1968211516177445,0.8970259907570609,0.8346590561369058,0.9787815505881323,0.9537151679818594,0.9146896216696974,0.8344976401695133,0.5928300555248014,1.0015231756768057,0.9430620740116938,0.9924934308974426,0.6077017027614049,0.9523055318271998,1.0107930330455976,0.9423882755605332,0.9617665665726921,1.316200609136698,0.9206902498558103,1.0418361236121274,1.0,0.9638443296203094,0.9825618450974944,0.9622898893138907,0.7987462534979739,0.7396070045133978,0.9167180084159547,1.0016086207685444,0.6911759477856768,0.7160188128612732,0.9049240394777595,0.9453720024468236,0.8488604115572633,0.9701159765187723,1.1078848224080202,0.9378621825510096,0.8361193921238609,1.242246961168921,1.2328428864077068,1.243741468025464,1.2452879490507023,1.006203823141427,0.7589643694883871,0.787266116198104,1.0997899260459425,0.9847247960641248,1.102359901418843,0.9475302559075912,0.854053520797224,0.8880446325639776,1.0055600166893608,1.0,1.1215029607234674,0.9533464253265677,0.9348775758030081,0.6141027945588273,0.9782628835722551,1.0524574598685215,0.42219968439008126,0.9211959565198242,0.8854933666220582,0.8946923450765364,0.7799272171187551,0.984652703256522,0.892851448511497,0.5795145249381752,0.9120878211916765,0.8482875874128772,0.886061926575811,0.7255833562233684,1.0032973745422489,1.0029838249552254,1.0,1.0291311558378793,0.7236225597754371,0.9866247244097444,1.23628127679345,0.8573465144266428,0.8647417298305907,1.0,1.0,1.0,0.9858421337743392,0.8981412878238874,0.6808627234642559,0.817667088231232,0.8314089112354075,0.9012581714328355,0.6769525665484788,1.1614482180769812,0.7849155495175891,1.152974970830201,0.7630971317974856,0.7664441828965531,1.0323238331469071,1.275510678439435,0.5500446433526978,0.9227841273240147,0.7477286247769799,0.8709543262886192,1.0056594362821065,0.9682842001127129,0.698142416873108,0.9231846758087747,0.9116791870794816,1.0171885457728964,0.7559664775445402,0.9307372964044751,1.1517414899522702,0.8294889325485422,0.46460639550653227,1.0214552838617559,0.8738458702770516,0.9802869826339554,0.9220997713854481,0.7566278348534708,0.8671619943195735
2024-12-31,1.1062250824463473,0.5376857925849525,0.6813449397760789,0.905524993416422,1.2133473535473642,0.6112182399665524,0.8015404848466888,0.8505137204271119,0.9803256783153189,0.9985450535579784,1.1046406179196153,1.3210614265409317,1.3325737887525722,1.0,1.1308279058533615,0.9894807502555403,0.934339325517027,0.8492961947476667,0.8514908286980394,1.2917527237507267,0.8369369631823755,0.6591281629172491,0.6907725009877121,0.8671801749004755,1.3683212853447706,0.8179904591757742,1.184934503259979,0.8912758063995417,0.8055743542715064,1.003990605672052,1.0028426081247412,0.9031607658300381,0.8350947564717517,0.5901637142978463,1.0013328977270555,1.1497895853365443,0.9916235571943244,0.6075148511282851,0.9463664763952686,0.9712726195099979,0.9440624985378328,0.9617733942628538,1.3078608106381364,0.8814034021572675,1.0874888982962252,1.0,0.9433236808551683,0.9094601835150312,0.9633448095296807,0.816688844017119,0.7576908549694394,0.8684413973695605,1.0014451516538627,0.7544499670183112,0.6828755618886662,0.8840358722461903,0.9509656836349741,0.8579902711579676,0.9852972313369488,1.0649910722186804,0.898696632052928,0.7680776239449778,1.3354413341282574,1.1899084240821327,1.0986375926721599,1.2028429474989681,1.1326706231840156,0.7636464645099008,0.7050015993762457,1.0896419857827175,0.9456048743426237,1.0486313471092015,0.8875325577496108,0.8658254360529318,0.853297980248497,1.006180942739061,1.0,1.1346244429529468,0.9530044004421234,0.8952154227786561,0.5705505505813311,0.9636043858913657,0.9003065767519274,0.4292257127243103,0.8923645202121988,0.8394299411353587,0.9354310138464106,0.7613710841012882,1.0699145101154697,0.8966314612805474,0.6025288290850139,0.9870817553646419,0.8560845095292302,0.8957870368569903,0.7297048670162443,1.069339789398018,1.0189124976437691,1.0,0.9396847019816155,0.6907477103938643,1.0086508621579955,1.2755852886784413,0.8615834766195891,0.7974329913849126,1.0,1.0,1.0,1.0268653714822433,0.9365579704758406,0.6217582989133237,0.863552593202948,0.7709517313389563,0.8862242391204723,0.6489126294354719,1.1545728677551146,0.9722717692970833,1.197998707739899,0.758358534733406,0.7675570982517868,1.0775106724241883,1.282061280497444,0.5285429949810874,0.951053366386104,0.753324631139022,0.8432693463554326,0.9588993740082471,0.9651438139042257,0.7347116409833754,0.9249153270158835,0.8328609969875354,1.0128279593148017,0.7637017683147846,0.9323693548172173,1.068723150848725,0.8787068356759826,0.4725473055039747,1.1061823670962823,0.8806971792174699,0.9606994926102781,0.9240552399708287,0.7555149571197981,0.8886268848347274
