date,AM,AbnormalAccruals,Accruals,AccrualsBM,AdExp,AnnouncementReturn,AssetGrowth,BM,BMdec,BPEBM,Beta,BetaFP,BetaLiquidityPS,BetaTailRisk,BidAskSpread,BookLeverage,BrandInvest,CBOperProf,CF,Cash,CashProd,ChAssetTurnover,ChEQ,ChInv,ChInvIA,ChNNCOA,ChNWC,ChTax,CompEquIss,CompositeDebtIssuance,ConvDebt,CoskewACX,Coskewness,CredRatDG,DebtIssuance,DelCOA,DelCOL,DelEqu,DelFINL,DelLTI,DelNetFin,DivInit,DivOmit,DivSeason,DivYieldST,DolVol,EBM,EP,EarnSupBig,EarningsConsistency,EarningsSurprise,EntMult,EquityDuration,ExchSwitch,FirmAge,FirmAgeMom,Frontier,GP,GrAdExp,GrLTNOA,GrSaleToGrInv,GrSaleToGrOverhead,Herf,HerfAsset,HerfBE,High52,IdioVol3F,IdioVolAHT,Illiquidity,IndMom,IndRetBig,IntMom,IntanBM,IntanCFP,IntanEP,IntanSP,InvGrowth,InvestPPEInv,Investment,LRreversal,Leverage,MRreversal,MaxRet,MeanRankRevGrowth,Mom12m,Mom12mOffSeason,Mom6m,Mom6mJunk,MomOffSeason,MomOffSeason06YrPlus,MomOffSeason11YrPlus,MomOffSeason16YrPlus,MomRev,MomSeason,MomSeason06YrPlus,MomSeason11YrPlus,MomSeason16YrPlus,MomSeasonShort,MomVol,NOA,NetDebtFinance,NetDebtPrice,NetEquityFinance,NetPayoutYield,NumEarnIncrease,OPLeverage,OScore,OperProf,OperProfRD,OrderBacklog,OrderBacklogChg,OrgCap,PS,PayoutYield,PctAcc,Price,PriceDelayRsq,PriceDelaySlope,PriceDelayTstat,RD,RDAbility,RDS,RIO_MB,RIO_Turnover,RIO_Volatility,RealizedVol,ResidualMomentum,ReturnSkew,ReturnSkew3F,RevenueSurprise,RoE,SP,STreversal,ShareIss1Y,ShareIss5Y,ShareRepurchase,ShareVol,ShortInterest,Size,Spinoff,SurpriseRD,Tax,TotalAccruals,TrendFactor,VarCF,VolMkt,VolSD,VolumeTrend,XFIN,cfp,dNoa,grcapx,grcapx3y,hire,realestate,roaq,sinAlgo,std_turn,tang,zerotrade12M,zerotrade1M,zerotrade6M
2002-05-31,0.9299726844675573,0.7521102070965707,0.9266079268240985,0.7122478215457734,1.0735322453973488,1.0456492391110155,1.2285046809966678,0.6839991832793899,0.7006281633734985,1.120221447294409,0.8687504923191414,1.0289173626691788,1.1605846670162294,1.3416989022711152,1.011785206538438,1.0236665369383313,1.143746543412916,1.0305355325425827,1.3215229335473369,0.8805990300420639,1.1251784920925088,1.0342449167935717,1.1490243442912669,0.8715584907698095,0.7374319980922381,1.0,0.911478827335375,1.0,0.8493352212090415,1.136703544833391,1.5123491098926567,0.6983088916855513,0.6807462118405361,1.0623635401986886,1.3127617999378542,0.9040102866984812,1.088358905547389,0.9972852026665613,0.7456838746644509,0.9637674453214957,0.9199890575230844,1.070006541070111,0.803123406544519,1.0272920264824714,1.0614222079606064,1.071750549587161,1.1061922138003628,1.1813249067511897,1.2769940458637454,0.9358108988603833,1.0409396976138772,1.3833337545448874,0.908012593909276,1.3296853707744087,1.116061608531917,1.3474717872910091,1.0611094015524156,1.178633229139276,0.9623844714204755,0.49066192187839963,0.974010441276587,1.0014711934547915,0.9079469030001279,1.0489157838789969,0.8668349931051018,1.1116081240751945,1.1051007450223247,1.2089061213994448,1.0790063552582794,1.03232603194121,1.189676601559489,0.9321190051298217,1.0352610160719753,0.9751046069456125,1.094822895916546,0.9651203546394013,0.7138590385632989,1.0,1.2928217813108982,0.9704909345818888,0.7829263385389051,1.2213752305717522,1.203899874591798,1.0,1.0752273917923219,1.0949144297555835,1.2937672677732328,1.3353607391901265,1.138203055982514,1.1865901732687703,0.7844989636242703,0.9434299079350401,1.047181045839186,0.9021578230186371,1.0316362622180304,0.8600895444532124,1.0735911948003751,0.6797172359735024,1.3697917088765192,0.48016450100328967,1.171606571494928,1.0800073965701813,1.126499250895377,1.18733613768868,1.0557350107342274,1.0659752068771928,0.9846628729171499,1.0,0.5988550995915128,1.0,1.0,1.0,1.0328658708522291,1.3718080947484366,0.7276054896883326,1.2719699272377027,0.5303289955006933,0.9652939753025417,0.9827430344927344,0.6170929796120055,1.3090156679192,0.7306879159527608,1.2119966760370249,1.240866780025985,1.394599714700289,1.0,1.0896618565822593,1.0262850562173516,1.0757384265727652,1.0518977043986373,0.603325127671583,1.1247513191530605,0.8663343487581237,1.1955094581362806,1.0911867517594518,1.0,1.2284612735313996,1.0362135502087206,1.0718644197005047,0.559976705088622,0.6179702751691472,0.8231448046371784,0.710231082173918,0.7394073016647831,1.017725664638859,1.197831132926928,1.2106937154019883,1.0889995338348417,1.0,1.2664196418335367,1.0,1.0162802885285285,0.9601326661163339,0.663052510838473,0.8017679232645736,1.0240850989044192,0.9715228610357879,1.2448025281750599,0.7291330280493667,1.0140879773153817,1.0101235491275649,1.0223697002700378
2002-06-28,0.8676576337197495,0.7471628637270131,0.9266667065323243,0.7749717622048051,1.0687379257187557,1.0459150129061079,1.2786820868877955,0.7311636666958834,0.74989110503205,1.0501338452853355,0.8282490299595141,1.0206412514432206,1.1588974018356266,1.3133193336825406,1.0118541285778888,0.9928335669194572,1.1478589449167158,1.0305212430053323,1.240847697603462,0.8807797554847769,1.0480716649396713,1.0578102798068323,1.198787839566823,0.8711937064308626,0.778463323770865,1.0,0.9113618179484236,1.0,0.8494377986353666,1.1574020043898747,1.5116040183078874,0.7224498345275621,0.6752290322245668,1.062363385538724,1.3047446735622525,0.9269621995103271,1.1238631837772062,1.0004214436288927,0.7580688870822799,0.9626582518031552,0.960713056161916,1.069914777355994,0.7918525508196039,0.922608090297249,1.0497847763903303,1.075597328679989,1.1011904307744644,1.1374498064918577,1.3274419138964713,0.8892221737325029,1.051832513707789,1.3440001646147595,0.7625583650589596,1.016778070648637,1.1333290077308038,1.3722235577978323,1.0362979735355113,1.1797227894197242,0.9625303875477995,0.4914653428353485,0.9544502021223318,1.0002832917996647,0.9206939027736565,1.1664145192467381,0.8998132726391245,1.1156267937268889,1.1051503663542004,1.2405117849701595,1.0875134994193347,1.001569184549846,1.1406574417408109,0.9414537374443731,0.9743283792259624,0.8653149344844389,1.074892718465088,0.9696558414536331,0.7092211214152093,1.0,1.2936320766474636,0.9628532171238492,0.7264488770840491,1.2210801324208937,1.2042835103384335,1.0,1.0922465298632544,1.1034762572431693,1.287723497979628,1.3350540844382233,1.1269321973980941,1.1848144324346377,0.7559659368981555,1.0658722306875363,1.0475842256643222,0.8741729860229612,0.9107417964472213,0.8593435399824314,1.042587353866732,0.6840954233190882,1.374162851456767,0.47421643312364925,1.197289380017831,1.0799705857354935,1.12698591213961,1.2015139360419995,1.1025476862891845,1.066612588074551,0.9869928018993939,1.0,0.5978368055170192,1.0,1.0,1.0,1.032865870897266,1.3743068591135614,0.8819256514417503,1.2592656771483641,0.534062880914293,0.9938603022656617,1.0137799197910902,0.5635869612407742,1.3346207969441144,0.7809686294955275,1.1220088351414275,1.2472185060390717,1.3497964856236349,1.0,1.1575061820070824,1.0348638013264315,1.0643413534052086,1.0703946758792189,0.6671448748417887,1.126322485871864,0.8652920337789538,1.2070321275488276,1.0868626727644908,1.0,1.2269819839278355,1.030376472959571,1.0796569905643327,0.5464714140393292,0.6221568639958471,0.8228125870568078,0.7154366974399125,0.7111027906953982,1.0526633238554415,1.2530572509474156,1.2360058891627195,1.1087722174288097,1.0,1.2446314735490545,1.0,1.0505113346730517,0.9777126085405172,0.7972102984454362,0.8032080425524729,1.0240878719381232,0.9677176390467925,1.2581301363625124,0.7302411604903367,1.019038701686278,1.0358678876445502,1.0253474618708656
2002-07-31,0.7584512711346996,0.7440096030659764,0.9265838033661266,0.7567060298919694,1.057891897623037,1.0432860435874745,1.2641124525544511,0.7538193234324223,0.7727939686642519,1.0452433562906709,0.7990479913847763,1.0159948218739268,1.1373347671827019,1.289339040090122,1.0119066724313663,0.981411806461253,1.1547878597843506,1.0306305918287448,1.168765027081645,0.8807633892564507,0.9748021018055676,1.086193404515943,1.1765768764308582,0.8711225091978656,0.7376970661263021,1.0,0.9111079142053505,1.0,0.8511052464675009,1.1684668114480246,1.513261114681561,0.7127305161720414,0.6806004170878099,1.0623650367850526,1.3116212066046369,0.9197052616578114,1.1232647443908315,0.9997362758087088,0.7812322539583285,0.9628293884646852,1.1203411092135898,1.0695880601993852,0.7292959438119111,0.9035558354004148,1.0408933727307044,1.143877198706888,1.0752831403371288,1.1203746745701455,1.3401917769181206,0.8863949983779716,1.0617026947543682,1.2842618301783093,0.5949795037666652,0.8173242085260608,1.1732690259992407,1.3740450299565101,1.0159270597823404,1.183660399471806,0.9646715982627552,0.494476853053346,0.9421486027459361,1.0013095673389432,0.9265695358950998,1.1781079129944128,0.8879564772375925,1.1180256260571164,1.1052002277808173,1.2606116938243628,1.105583913907817,1.0181430649045173,1.1070465195237489,0.9649780195969644,0.9106800581095473,0.7790500177286807,1.0695677211780201,0.9597193912879097,0.7071814916558593,1.0,1.249839814469209,0.947031297654015,0.6391001327113628,1.2170629549667376,1.20451428623068,1.0,1.0996188883518816,1.1078508341502245,1.2936701944443443,1.3348608189849742,1.117334304337212,1.1957608419410888,0.7584993205991035,1.1208835916855826,1.0475374905193153,0.9441638865305155,0.8168283995200772,0.8840842618934349,1.0458589370053644,0.6849800316316654,1.3807145844760076,0.4794362882566351,1.1944275335651422,1.080224027897902,1.1268344890556892,1.2004993669500315,1.121154486094031,1.050587921280321,0.9886465294115672,1.0,0.5977753022520274,1.0,1.0,1.0,1.0328658708439589,1.3733987690188187,0.9150570381577403,1.2277610057571335,0.5464537907971297,1.0490758752631315,1.0595641185756897,0.5109320652724392,1.3370205956991266,0.780669563539658,1.1066091259397193,1.2473812873398262,1.3627880356954052,1.0,1.1944812563038445,1.0103279004668397,0.92255947105489,1.0830970612548323,0.6251296526681969,1.115685576286884,0.865045468013282,1.2128861417735564,1.0830303877331544,1.0,1.230426932595555,1.026812758497631,1.0749874996089024,0.5315934470814343,0.6101132402540739,0.8137804704900896,0.7117548598988237,0.7084633200401504,1.0255581705498003,1.2919919135929563,1.280123080797186,1.1268155376473408,1.0,1.1153089819774744,1.0,1.0558823168749523,0.9765230170222048,0.8036581183195721,0.7995718411902407,1.0240936808607743,0.97546540177006,1.278634961495459,0.7837342091155473,1.0292888399106537,1.099324902799334,1.0336785991311215
2002-08-30,0.7356808443622257,0.7454154730482234,0.9265221843854683,0.6547732972684457,0.9442474511823635,1.0431733482586871,1.1904006833736378,0.736013919378641,0.6198639567261212,1.189150204853053,0.82169366372489,1.017949011304653,1.1497666199861007,1.2680040814310414,1.0118823645421555,0.985164832605738,1.117010015921759,1.030567539068771,1.1182927057434844,0.8807739876538447,0.9242784906467462,1.0980615638179667,0.9500287762065676,0.8710864975221412,0.7531569388151433,1.0,0.9118785404416327,1.0,0.852647770393034,1.1665583535853563,1.5129949277349355,0.7000570225535797,0.6837667006209751,1.0623647673849967,1.3114145867801046,0.8987415253534843,1.0602947984127795,0.9906513724995023,0.7592242881604517,0.9632929084558711,1.0966984841869925,1.0697296820578281,0.7593419453157713,0.9042539520545289,1.0292960197723864,1.0599571988460996,1.0715546308814488,1.1192869285747398,1.2861640608208271,0.8903181730997616,1.0627525929712698,1.2116126831792327,0.5918480571217701,0.7862887779179204,1.152129514505018,1.3660366957664798,0.9999558719518488,1.2059031957846922,0.9662486116516825,0.4955690390158096,0.9611143292058126,1.0027330479960581,0.8299060885126703,0.9788828846429867,0.9185024154106137,1.1162115880551224,1.1050450984814961,1.233242131097932,1.0660754923067446,0.9609930214583268,1.064385654997496,0.9615002043259091,0.7588645647114762,0.6247245399492727,1.0179496374510202,0.923956313403371,0.706453764889337,1.0,1.1735391741585226,0.8979679071240322,0.6202098991377589,1.1819304547900156,1.2042675562553071,1.0,1.0924908848902843,1.1026986750455399,1.284922542989205,1.3330167049433341,1.0444568681475104,1.1905317424742825,0.728263034983282,1.0749410215008088,1.04772138548995,0.8997934192082118,0.8396283322840731,0.8872619820423866,1.0460999423886257,0.6829436280058379,1.378333447142443,0.48067325675044914,1.2011575581654657,1.080211430877541,1.1241779061635635,1.1765598714886665,1.1218343858659565,1.0445272650829425,0.9951911950976706,1.0,0.5988475405647975,1.0,1.0,1.0,1.0328658704075093,1.3658051975414578,0.7456594728379244,1.2064162847737034,0.5466452639303365,1.03978037996725,1.0534136059094008,0.6509912952146661,1.2883212602141039,0.7476176439803482,1.0442061174693251,1.2421492669272187,1.210187777700026,1.0,1.18138211054672,1.0318316126585327,0.9267425852629564,1.0674700621463742,0.5720077478579362,1.0913216354422972,0.8741955404103168,1.193391329107248,1.0921964219887483,1.0,1.231957767073722,1.0291981514616562,1.0294109604759085,0.53985733983857,0.6114039956952757,0.8176745732220527,0.707237386898356,0.7119770752215091,1.0135541577134068,1.2771870787436588,1.2421190945059268,1.1025317892582067,1.0,0.9648974714137222,1.0,1.0404642807449145,0.9645996522896753,0.690924634422616,0.7998857623991306,1.0240932736462511,0.9801645438258001,1.2765691170808915,0.8700468263172073,1.0165829516600817,1.0336635842727646,1.0246649233088014
2002-09-30,0.7457979844056695,0.7403519873018605,0.9264927824611181,0.6444636699769924,1.0595059096070174,1.0257956848444745,1.2260181426567807,0.7919169947677852,0.6589429915872673,1.1623476528365815,0.8812286056895088,1.0178649609282882,1.0834959370415826,1.3026353590995976,1.011877507102685,1.031692971541525,1.1604651085812172,1.0302082642007884,1.0934189778886216,0.880781870217656,0.9556792936445037,1.1146954316320206,0.9084213026353263,0.8710849045131575,0.7119760321198088,1.0,0.9272389527572785,1.0,0.8545518355990962,1.1650977509436555,1.5130419196446687,0.6733458051737645,0.7090218967447488,1.0623657114274068,1.3097684897960296,0.8872357879033366,1.0524527923916143,0.9906780231321667,0.7727555936179706,0.9625903009958938,1.1593994719323863,1.0699531427279154,0.7371350680551071,0.901748138615977,1.02160901968259,1.115160805789495,1.088189633819216,1.1377722810528472,1.2148350645610688,0.8882665127292337,1.0613296565425974,1.2347983052730185,0.6459801822727343,0.7770267175061457,1.1194598792369168,1.367568289803547,1.0366510128213093,1.2117534986544423,0.9649823110895778,0.49490523616258564,0.9141881973474598,1.0028629665239297,0.8094789015245987,0.9684973568084124,0.8864178099353048,1.115158889425401,1.104886139359114,1.206440273681667,1.0982996861148788,1.0234448578607618,1.0011048257385087,0.9521919783162489,0.8488812047049443,0.735606868780584,1.0467649024072287,0.9426540634939141,0.7063182057257431,1.0,1.3156803604294889,0.905628694425049,0.611675862952444,1.1898975288989173,1.2042626410636952,1.0,1.0924502703362937,1.1026511743855525,1.2976202214716104,1.332973109681013,1.0265929036340322,1.1425089960222856,0.6820080529987689,1.104751292348306,1.0453768101199956,0.8968350519896299,0.7973766093481935,0.8581386279865091,0.9925728972950325,0.6819049113285178,1.3831878104341844,0.47042971558093705,1.198693581246484,1.080129097235806,1.123141128484757,1.1840844472767023,1.1073363659342432,1.054920541051287,0.9935814111123892,1.0,0.5999891212065138,1.0,1.0,1.0,1.03286586998447,1.3666985309923825,0.6782493544001944,1.2447114890993674,0.7183684295842451,1.1168350390040007,1.0974978003212734,0.5731554706326287,1.3025377240379554,0.7870480927984143,1.024642712598654,1.2420740474853627,1.2222337076933938,1.0,1.188584362225059,1.0222990787568864,0.9679946052346388,1.0581948310584843,0.5691557796023823,1.1076903993489031,0.8818368233742786,1.1911152431782346,1.0932518327479668,1.0,1.2267892792378134,1.0290924806938233,1.0975451503814841,0.5446649646931863,0.6082758154120532,0.8208284010181072,0.7073537049944629,0.7188991935191709,1.0796179455122346,1.271320189959909,1.2575955726560044,1.1061875531204817,1.0,1.0773928143729747,1.0,1.041205574140436,0.9630317999535094,0.6845912834112409,0.8000291424428715,1.0240912594689076,0.971908332310682,1.2737296047581363,0.838280217218308,1.012265231728262,1.010325076645054,1.0229451650776806
2002-10-31,0.8485593615789392,0.7505807411320294,0.9266170339177441,0.6429681971579231,1.0122136655404739,1.0293961740223614,1.2583631343049007,0.805755077531972,0.6736092430851273,1.0974611518921245,0.9155057595794923,1.018103442943803,1.1204438791350526,1.3087294746733569,1.0118538520594376,0.951713547162145,1.128563202563563,1.0303261612509738,1.115030130920427,0.8807196261443528,0.9880617004564866,1.0806679934270464,0.9928939312681775,0.8711009773432291,0.7255857735059725,1.0,0.9114477548478516,1.0,0.8552334927225533,1.1688968145049432,1.512682469207268,0.6687865378694915,0.697670001667228,1.0623640282889126,1.3105657056143485,0.9180995998674855,1.0622625565740262,0.9932370904041838,0.7580488520274976,0.9619089170726657,1.1260684309161957,1.070390601212634,0.8868076358674257,0.9389754924867076,1.0265645068893066,1.0615066230141343,1.0740946873607644,1.1436886994045492,1.242132068462627,0.8838091688306111,1.062953142501398,1.2317515263440673,0.6641032558123544,0.6799604885348618,1.124691117467438,1.359647944687238,1.0538254318198974,1.213376257282844,0.9699819542156125,0.4920300537361819,0.8957565180000218,1.0014432455352271,0.8072206855988718,0.9759579448518725,0.9127445697315069,1.1143398183586992,1.1049209574255583,1.2124749260339753,1.0709174518881999,1.008413309836699,1.0147249048393883,0.9456351489670417,0.7949500750046146,0.7030968197763381,1.0441663498765064,0.9426640322106616,0.7079785558498899,1.0,1.292925120629297,0.9298425824966583,0.6954174723095721,1.2436664889041935,1.2041798198404026,1.0,1.091469044250269,1.1032121136155328,1.2949120652184154,1.3325806390270332,1.047159059014696,1.1534397485341683,0.8067061980107533,1.0412023997164106,1.0476045692563116,1.0267470921833528,0.9815781116837771,0.8795988037329,1.0339829598099874,0.6859708164902409,1.3806910616100598,0.4972644209994842,1.2014584757168714,1.079567972032182,1.123324214282473,1.2061189441360542,1.1030813745221137,1.0440862183766728,0.9956555434092761,1.0,0.6035374091477201,1.0,1.0,1.0,1.0328658704553735,1.371168739650789,0.7463342161123581,1.244492170406279,0.6741526093979324,1.1132392482943212,1.090941803136875,0.6386196901450527,1.338237484226405,0.7613802794972316,1.0337088440345477,1.2490993065145233,1.2185326153044214,1.0,1.19914398077265,1.0220653862285307,0.9679292789726963,1.0596575082132569,0.5309398432412785,1.1075015734307534,0.8984930407821304,1.2078058512353467,1.092832788319462,1.0,1.232481008013983,1.028654606203859,1.0649340346833618,0.5737426858389554,0.6046753085464412,0.8443913410665533,0.7146045448724678,0.7186432389679838,1.0391015313945764,1.2770797041071624,1.2376368717485582,1.1051827282893765,1.0,1.091757336911187,1.0,1.0489137449111952,0.9655896529102191,0.7306456823773845,0.8004363414597477,1.0240753004340943,0.9868397309544061,1.2714218499282908,0.8875492749406422,1.0140838874077067,1.0189059563375824,1.0236898872161757
2002-11-29,0.9431412503317512,0.7984204693686382,0.9265966846345588,0.79747633387204,1.0248733700494506,1.0250574995163118,1.2565598295555684,0.8412873752817435,0.685731176966406,0.9766155987177823,0.9740815158847378,1.0178632358616941,1.1555283107469687,1.3278962301976032,1.0117297105250387,0.9673485484462169,1.1418892471827642,1.0284673700994358,1.0942901804933949,0.880518442521383,1.0596847468382085,1.148857335498011,1.0905200917923263,0.8711489392358678,0.74756032179097,1.0,0.9231377608061666,1.0,0.8545712348929096,1.1649652864354585,1.5102436667068426,0.6658823546341341,0.6763514946122138,1.0623604061285996,1.3130471233987793,0.8924589806661062,1.0525636902329485,0.9997401547873939,0.76388464809047,0.962486242265528,1.131736750836092,1.0708248816039598,0.8708826880721849,0.9242225344012367,1.0227538037803847,1.0721578663400768,1.0985222884979964,1.1228854703848272,1.364512060516071,0.8756000115110666,1.1091706989565637,1.188825346083543,0.5836047371093365,0.72785400641306,1.0855235209776182,1.361513584441984,1.1915053387224595,1.2098739592874779,0.9680023590391238,0.490844473077666,0.955641701809758,1.0008850679469097,0.8206998627305215,0.9782250064350705,0.9086799537088498,1.1105394548841896,1.103951591542095,1.2017039945198278,1.083113097269274,0.9403243462106288,1.1217971552764983,0.9357156181311663,1.0077755116360323,0.9970456175212408,1.0984376711629287,1.0061373208321618,0.7098896535094685,1.0,1.3392315076789119,0.9992525334683892,0.7571100498312804,1.2531008391901355,1.20372796867798,1.0,1.0696062875631875,1.0937315575944213,1.2630066927084487,1.3239460860844474,1.0702424909475814,1.1781704078227078,0.8652960482837926,1.0084889717797294,1.047924114707038,0.8914365200213141,0.9544322211402771,0.8602029296632507,1.0184493288066008,0.7439380378520191,1.3773322753344508,0.4764334188268573,1.2016268407059947,1.0784748906153099,1.0978203602754073,1.1984342876195697,1.1111210528127873,1.0387069824629591,0.9989828244506187,1.0,0.6009582030946594,1.0,1.0,1.0,1.0328658676155649,1.375860687443219,0.8265829218000328,1.333581225922755,0.7302625832987361,1.1013173828255984,1.080864064660457,0.9490141764362264,1.3414028943847134,0.797537637917209,1.093138474561764,1.2344965631330391,1.1881858923492752,1.0,1.182972667640199,1.0691379729484223,0.9778145880353618,1.0565909671653713,0.7442701561383651,1.1273524762391172,0.8988937691738667,1.1954805166841789,1.098030753575869,1.0,1.2314241864373998,1.0279579084977313,1.0767853756265884,0.5456400509847932,0.6392248690746493,0.8356141892903355,0.8047070569374063,0.7299288873272849,1.0764642575255603,1.273382157653079,1.2419457119736288,1.1007631456595435,1.0,1.0379755949909983,1.0,1.0641963096429847,0.9867451989569901,0.8163403579654828,0.7991706537110379,1.0240732586284473,0.9634714719181632,1.2697380542961816,0.8887138529347829,1.0060739146581537,1.0009544668723673,1.0201243789954746
2002-12-31,0.8589165979028135,0.7717199343649834,0.9265633068118945,0.6571906181295197,0.9071245537906872,1.0253901106301084,1.2493608132639635,0.8320236451309123,0.6570961155830213,0.9020947328659046,0.9168981799019665,1.0142197147505654,1.1578033371402365,1.2891764272561954,1.0118545177328893,0.9005975184211858,1.1205330141385854,1.0297971033000828,1.1199686125947397,0.8806241215584442,1.0112433652278126,1.1988176141276146,0.8921767637428809,0.8711151658377582,0.7266192501801912,1.0,0.9244535787003215,1.0,0.8524479852501666,1.1537293456247104,1.5105834529359052,0.7056635967840225,0.6617871291240137,1.0623609148750865,1.3163659343117289,0.8795094646324828,1.0299646108475975,0.9883225614302448,0.7767572713558366,0.9628291281206455,1.1728904334044536,1.0709384522564676,0.9466808869636241,0.9348839509923685,1.0224421404302388,1.0821631160941356,1.0664567081747522,1.139773494023323,1.2915249041550982,0.8774958979625201,1.0781522429753314,1.1799284896864222,0.5883298103973169,0.7580082061953377,1.1069227082785114,1.3752459645994928,1.0723306008977305,1.2191285634557851,0.9686616618410916,0.5015467171792315,0.8899354359529404,1.0034667999935682,0.7842087121350351,0.9165404977101695,0.89312540837776,1.1163265440911627,1.1045558144356595,1.2301146763915052,1.091758319660556,0.9510986701198944,1.0363738310902257,0.9298969980027245,0.8622086733420196,0.9299338694354733,1.0645449040882682,0.9670885821999526,0.7073266310076767,1.0,1.26398245233264,0.9465078181958643,0.7222488837933407,1.2355123356226743,1.2042600164766002,1.0,1.0804056985748227,1.1023911434838143,1.263267814451032,1.330692047602944,1.046694820218628,1.247090639551345,0.8137876150478157,0.9334256680093496,1.0439052312208865,0.9036398742184815,1.0206128538014712,0.8432020846791933,1.0088906052096414,0.7248574298565647,1.3791538077051553,0.47806063950841204,1.197345517847066,1.0726439340743268,1.0997669499227587,1.1980116214497047,1.074868716169244,1.016968325514163,0.9970174711046151,1.0,0.5985348814749772,1.0,1.0,1.0,1.032865869696395,1.371658968903211,0.853649514544773,1.2742458495985123,0.6544609293419681,1.1374859016815912,1.1112779647190751,0.8210554221958636,1.295206161041857,0.7850524132234808,1.069246576204726,1.2269608493049433,1.1999120033007222,1.0,1.2705586194246925,1.1195330720703291,1.054518313270054,1.0143918080111665,0.5622336861222919,1.0928759877763827,0.923897621015592,1.2047463861911998,1.0970388469766197,1.0,1.231422388959334,1.027468371910761,1.0517715403640218,0.5393077885187192,0.6132068533838702,0.8277777738640018,0.7102070503304871,0.7142413657633825,1.0205728705069923,1.2971046057905413,1.2794079372455633,1.1097567053125357,1.0,1.1389116296435533,1.0,1.0478254565834133,0.9695282580146916,0.7363073725956907,0.7987205692487283,1.0240788168380852,1.0188115488311393,1.2864890079192683,0.8773623532493362,1.016043868003147,1.0529908386008957,1.0227266462029074
2003-01-31,0.600086228354858,0.7676597038461204,0.9266290901372073,0.5877590065118592,0.7506827174083619,1.0258003643113214,1.1470899169808972,0.7489457744906327,0.547415845340523,0.841324831115555,0.8075811361865608,1.0192386185313762,1.141122418672952,0.7172556655502791,1.0100832703096216,0.8906041549214393,1.1214026334316758,1.0279947093069914,1.0541276055905637,0.8805390164738178,0.550946570669661,1.2216225526717943,0.7760412309638766,0.8711407569788204,0.7111279735870601,1.0,0.9276393944726385,1.0,0.8506839563887431,1.1540497114091341,1.3953777989973497,0.7170326791552162,0.6466817743236826,1.0338359420220957,1.3157833011529876,0.8795035294403541,0.9973740880189952,0.9869537033621596,0.7526904830204011,0.9621807484585684,1.1504345672513232,1.0710561845301168,0.8087020091277058,0.9452389245074848,1.021781426023715,1.0420898981780036,1.0774926754839615,1.093884494883316,1.0294405634682808,0.8811114707378143,1.0487040992005126,1.1501866222584003,0.5638971182900014,0.7022853803453777,1.0034747856248534,1.2576224551923973,0.9044859151683157,1.2076894464559569,0.972626384739232,0.49963212690378644,0.9159032897477412,1.0029587756540062,0.5688484908744551,0.8046102558354028,0.9168319348712675,1.05617237230306,1.1024999255875663,1.2119600897982419,1.0683810678396475,0.8757472501595801,0.735057049898534,0.916376825200284,0.48880219287149906,0.68727463292435,1.0281037815297618,0.8542241388847125,0.7076280074134405,1.0,1.276770045365566,0.8869430147275393,0.5559657462095982,1.1984213082915818,1.2038243765489887,1.0,0.9840223739763778,1.0240813685854249,0.9916827986497558,1.1295450867607026,0.9790917264325351,1.205176286754808,0.7575738341286802,1.0065474941531518,1.0225167017022003,0.8252977582825648,0.9544183642625794,0.8434239550132969,0.8185862236222095,0.6960463580339034,1.1530208332289478,0.46732716104244443,1.200750505660971,1.01668194108857,1.0423726621468676,1.1612109064927063,0.9718521880344929,0.8969509239254772,0.99518927898696,1.0,0.5980487246014783,1.0,1.0,1.0,1.0328658596579223,1.3498049362962588,0.7057487991970857,0.9177085406965695,0.719189586066807,1.135935796369948,1.1095308849655996,0.8866905344064437,1.3330837454253244,0.7394802249283566,1.054019119906514,1.2051481556422996,1.100320344920166,1.0,1.000391808771994,1.0791520880163408,1.041914833292261,0.9637843494740359,0.44777661552899384,0.8199768901006866,0.8316869209553259,1.1809015896457498,1.099569094923778,1.0,1.2236863338486303,1.0301763588283155,0.9311243291398958,0.5861899810565221,0.626822078958579,0.8193947239603454,0.7070557935061961,0.6911924294992934,0.8018426093037265,1.2630875851320102,1.2633326073243223,1.088990681770712,1.0,0.9735752529495219,1.0,1.0352555699668904,0.9574134297865878,0.7029180606625588,0.7987194627882432,1.0230484056516944,0.979043466152808,1.2446796927303945,0.8650568416975744,1.0048940050042225,1.0241067267531954,1.0197570637332554
2003-02-28,0.5714687386486141,0.7476637826143422,0.926610922606145,0.601772105227687,0.7229993930427763,1.027778798057853,1.041666027275552,0.7861464875331405,0.5390421987935357,0.8321867532492442,0.8046200713804113,1.02239376230295,1.1536339391589194,0.7187322005730763,1.0101283569633526,0.9313728233940668,1.1327903070490066,1.0270836537572177,1.0209025486292844,0.8806424765733677,0.519859139855514,1.2560556046551925,0.6530047605098603,0.8711243119078013,0.6987465296150723,1.0,0.9223262073576554,1.0,0.8512825774086198,1.166753167843264,1.3085660013259923,0.7078396461399397,0.6454050703076128,1.0337384263900995,1.31470928623909,0.8565545575495097,0.963445645269396,0.9855264980949824,0.7535472157319124,0.9630350540129282,1.178878581768485,1.0703814998189427,0.8326595182124331,0.8759582983450408,1.0024483300810803,1.0398571812066195,1.0839390960314699,1.0794002303198027,1.02232671672779,0.8852197257561234,1.0406945970705779,1.1022802339669617,0.5775197996887159,0.7004130501050121,0.982119172006929,1.243791246734863,0.8433931593256612,1.1910747119072496,0.973006647015168,0.5011051638462463,0.9300980735073352,1.0035515130502632,0.5317392343981019,0.7824926963751687,0.935280764124824,1.0579739939863455,1.0998275111978641,1.1727107868814628,1.0628227169934197,0.865666244199942,0.7347140757306128,0.9233738922548985,0.4857985138674067,0.6487888253747089,0.9958530010705697,0.8052818488497414,0.707190033564303,1.0,1.2344306865096222,0.8580135766470427,0.5321064949795918,1.1902221568999227,1.202647011210303,1.0,0.9829521168882047,1.0214856761662316,0.9847721803392983,1.1002048501690882,0.9374360504084026,1.1679942177567617,0.7977815672447788,1.0003995872742428,1.0219370169503366,0.8672768866666178,0.8869384320331989,0.8419878187003896,0.8388796575191785,0.6762825141683751,1.156154413346014,0.4667768792709518,1.1933715748127678,1.0224320710755601,1.000044016741488,1.0954236269134983,0.9678432176533948,0.8654887620105782,0.9911431374956031,1.0,0.5977685509962678,1.0,1.0,1.0,1.0328658275825948,1.298825555817874,0.6908756841279791,0.9243759860341236,0.7508483548220647,1.135978938692968,1.1093952581297688,0.9686033955864932,1.2373567312442482,0.7220980379506781,1.0345998441236959,1.1886719227372982,1.0426564052027933,1.0,0.9854958480943059,1.047060618628844,1.0382044362656926,0.9614622621373856,0.449526228164019,0.7413136142124598,0.8331900488947799,1.147385830489227,1.0996372131857137,1.0,1.194867249617087,1.0299457535792134,0.9059286484921127,0.5866492291777192,0.6283984649456702,0.8114597382447557,0.7066119047324596,0.6867108944435838,0.7778157863850972,1.2652456190859889,1.2587405222656298,1.0876022111420676,1.0,0.8996444268666874,1.0,1.0193335463489213,0.9452280463451858,0.6731660580272838,0.798877580412555,1.022644503498097,0.9545158192903531,1.2450205695831267,0.9373651875404063,1.0037455459654794,1.012116934148946,1.0197191196812916
2003-03-31,0.4934325865605196,0.79583684270683,0.926589832946797,0.5775273193234782,0.7093757888420144,1.024333596829612,1.076949396465335,0.7275342159081811,0.5263559351777352,0.8396108427079358,0.7086169998044765,1.0196880154220822,1.1173818758689777,0.6839739395575686,1.0107652783992913,0.9541427260237081,1.0963989997957404,1.0275134176949197,0.9892675888119853,0.88046703082573,0.43494367075007,1.2184449510928936,0.629876900472017,0.8711039591717628,0.696038302032788,1.0,0.9226407618880628,1.0,0.8534472533481564,1.168280289675823,1.3405435948175808,0.7130936925413203,0.630183834027671,1.033629522983997,1.3148016132073255,0.8568858911199674,0.9616929209150351,0.9851264141091204,0.7471550018032148,0.9625166111009897,1.1463249297356564,1.0704833877265671,0.8320186629505307,0.8758094923866298,0.9887775081357236,1.0267861498380562,1.0759474505798456,1.0411204118130772,1.0026535760046191,0.9075660834157071,1.0560008189585934,1.0746681670236644,0.5054739897164549,0.6399817240782456,0.9915498072339458,1.2643168729983745,0.6716032763128853,1.209005164176496,0.9737785924024974,0.4967862617899168,0.9214429700832698,1.0025576255426643,0.5658228342477101,0.8409206281466637,0.9140303590984518,1.0712294191793121,1.0990110718033597,1.186374849900356,1.0314966279468507,0.8658246188049835,0.751353569131691,0.9362363370935329,0.46080574441709654,0.5267121322692448,0.8711619837732907,0.7031275226783403,0.7070661918355841,1.0,1.166112241918525,0.8249747838705968,0.49089699656785746,1.1904923798376652,1.2032739426843424,1.0,0.9868899228108999,1.0276826168805455,1.0044977758622913,1.1335854878354352,0.8797154099386986,1.1233145778453273,0.6993824571212326,0.951210004611188,1.0269798708502405,0.9011139581913075,0.8086941778852624,0.8426848989976141,0.9449309832211903,0.6771556614254779,1.20192949393717,0.47617638249937744,1.1883410653864956,1.0276175673759353,1.0162658511710003,1.1568543928230604,0.9674603685461748,0.8506851478274271,0.9978326342842375,1.0,0.5973999423294083,1.0,1.0,1.0,1.0328657679495765,1.2365013822166897,0.7321960255662849,0.86205692169698,0.7155893336251836,1.1355650134414303,1.108595700576475,0.9066347877458556,1.2537441427317093,0.7164522344953775,0.9980875054972207,1.2053794393831108,1.0215956678016618,1.0,1.0294064557198292,1.0586495042232749,1.0217123091250557,0.9669986037056989,0.4379457562366199,0.6674090081148807,0.8330736677378549,1.1493890934220539,1.0991826340519262,1.0,1.2162021062987127,1.0321344337075948,0.8026011246721003,0.6247246522523098,0.6151658270253627,0.8203835050010336,0.7064619010324256,0.6805946086012788,0.6804825896390829,1.2750425294887697,1.2695543037027945,1.082100477459728,1.0,0.8290028794195359,1.0,1.0162468576595447,0.9301715415933232,0.6597010276271104,0.7995993821301715,1.0233232065898181,0.9445470663404105,1.2592455256772825,0.883450395302158,1.0062086112396142,1.0261880511232564,1.0211955295609303
2003-04-30,0.4994682025662113,0.7433636311842622,0.926529650681796,0.5603773919100806,0.690166316938895,1.0312216094177848,0.880179300875785,0.6816709425745682,0.5273598098512535,0.8477861948945227,0.8161996012098688,1.0273143231674202,1.1340884733834267,0.7413183921934926,1.0101800433708772,0.95874868502918,1.00835923307512,1.027750068437393,0.9853627035238621,0.8803901049203932,0.4459772290375731,1.2089325310590895,0.6298760777535497,0.8711400615812094,0.7333514125249732,1.0,0.9226436838335097,1.0,0.8576761410313067,1.166582838749422,1.2397000247706809,0.6965746773331819,0.6328751725424799,1.021148308511486,1.3127352319669847,0.8658639769458351,0.9969250989736006,0.985135859054398,0.741038563434087,0.9622043514851704,1.1127012181101614,1.0674647943714959,0.8165224601611358,0.8918436465098813,0.975674266886174,0.9817811225822315,1.0704486650146536,1.0190310797783828,1.0035854010233922,0.8982339503629896,1.0346801909375407,0.8277362370811563,0.4351159075351413,0.6250481230272991,0.9982026634110162,1.1808978599304127,0.5362957979627248,1.1814780223932941,0.9754961411246064,0.49422568188596994,0.8765172538747867,1.002461295422217,0.5682819211410113,0.8410053528756429,0.9313681507684135,1.0480916546766643,1.090043119377619,1.1423327010371793,0.9542574439427534,0.8565946693877129,0.8492129417712927,0.9150889109760886,0.47744064117635787,0.5626018645445827,0.8714427743859606,0.7202640712119968,0.7070549349077415,1.0,1.0305864042587176,0.8317009352542569,0.49648721577430965,1.1501152332499647,1.1972854194943667,1.0,0.9812133103043849,1.0185701272913759,0.9857968526029868,1.0985385849895573,0.8324426423259528,1.0361202820777629,0.6250172392846218,0.8452629844927331,1.0255286058072484,0.9143936278770591,0.789738149712119,0.8527878766258841,0.789872592709671,0.6793589195194404,1.140929004621119,0.5520742226454097,1.1530169416504692,1.0319500927047351,0.9971331042295759,1.07056492261664,0.9628980227921955,0.8415196051524731,0.9920151542661626,1.0,0.5984923375006546,1.0,1.0,1.0,1.03286371524084,1.0099682901798677,0.694490848522675,0.9062849500050355,0.6961938421019664,1.1372960585247367,1.1101126606906688,1.0519997913871992,1.116551992654344,0.6721067907274987,0.9854349683255057,1.1867592204878763,0.9460659188435849,1.0,0.9724310604017761,1.0336914479247952,1.0192943762811766,0.9640181852599284,0.44224195241930775,0.6496334612908885,0.8333011999421785,1.0817811829598696,1.0995543779723473,1.0,1.1864196596929901,1.0447108151663156,0.6865521051258432,0.6090684262334818,0.6170504468606449,0.8374234994157608,0.7065566663520414,0.6941924420317019,0.6391285345608434,1.2414128257259205,1.2193233924064644,1.066279711974893,1.0,0.7628408832238907,1.0,1.0059387823975137,0.9220240702257418,0.6532584808429514,0.8007388902956856,1.022614824462579,0.9292880101489992,1.2453536646011139,0.8680841736455533,0.9957321818905459,0.9705065370677874,1.0149707454382677
2003-05-30,0.4728055913570419,0.791751721503645,0.9266220760662004,0.5642784097564182,0.6915176452985263,1.031269335304556,0.7627695572355572,0.6861104471521491,0.5203038483849884,0.8349164347523941,0.8971866395782638,1.0354132633106519,1.119911096292134,0.7586943878193678,1.0094810140490476,1.0353513185904943,1.0151679005851697,1.0283964921935593,0.9798483650200493,0.8803302866394391,0.48427450336456923,1.230010154618627,0.616838512828297,0.8711277433426019,0.6970633840961092,1.0,0.9290056694857822,1.0,0.8635176812758982,1.1628223522955747,1.1510571703083639,0.7026761043451555,0.6424813850009111,1.0103665644233668,1.3131424201375772,0.8519265193387807,0.9593096051770823,0.9850038529082055,0.738577006004622,0.9624198686151392,1.0602887270169778,1.0682628247338395,0.8145277993396729,0.8793599814889278,0.9812193758752016,0.9708747331877619,1.0463373853590843,1.0436515564757125,0.9626229351280499,0.9135368557162551,1.0116258094562942,0.9519683451576604,0.5345036544282986,0.60599951806765,0.9815563869871486,1.1733684416019252,0.5325085340431033,1.1735373198525123,0.9678766584788168,0.4981802918718079,0.860646686296201,1.0032834860509046,0.5459627603483178,0.8176349457886907,1.034316537178936,1.0300030130814732,1.0838594089841602,1.117809708059957,0.9269536680915464,0.8492733899293046,0.7752499550582144,0.9013719807450433,0.5038768806552532,0.6556934127920067,0.9434684230649263,0.7757874115178462,0.7066579017493597,1.0,1.0569319825821974,0.827683580973821,0.47851828088075565,1.1231108472462552,1.1960109969177142,1.0,0.9760032894001168,1.0139006729003752,0.9807829808122122,1.0746990554393516,0.7671062960367688,1.0435690882177868,0.6296690767103483,0.9769157767607108,1.0226608734142575,0.9289760495110111,0.8407073395337875,0.8458467351895886,0.72392898001694,0.6779222953904173,1.1304449815949607,0.49930137793424156,1.1208540636859938,1.029757250608975,0.992218907633579,1.0186816023914982,0.9552833045480679,0.8528733803991849,0.989758057036576,1.0,0.5988534673718104,1.0,1.0,1.0,1.0328621390799966,1.0428522884465647,0.7248039600197467,0.9648194372244321,0.7120763491241844,1.1373977680835976,1.109768760952977,1.1326141359081188,1.2257004137331045,0.7043182085509551,0.9942077943401508,1.1904812948075072,0.9208233134090736,1.0,0.9474148433082488,1.0164226446898876,1.0144622047007146,0.9524238240723465,0.44923265535974377,0.6632344477237554,0.8333061044003662,1.06339506924639,1.0986620233746571,1.0,1.008220988793682,1.05223513549858,0.7411727109281214,0.6470786618979731,0.6670871954666522,0.8364466297696047,0.7065430129281434,0.6979728698278733,0.7120883696055544,1.2068600708235735,1.1865105848738713,1.06364109162683,1.0,0.7771055399661939,1.0,0.9878875788806263,0.8792398633357233,0.625628707525725,0.8002234764467824,1.0198195421888359,0.9459752753427555,1.2294712632239209,0.8735041691619274,0.9920539057619678,0.9476080436331815,1.0115258326088372
2003-06-30,0.450553262040597,0.7798990806083881,0.9265064050644536,0.552613488961982,0.7101396694087097,1.0310698114715184,0.7090181260059971,0.6792652648948314,0.5197077574121387,0.8409852276778846,0.9654282352614098,1.0488773608232427,1.1001972674918328,0.7922229900876961,1.0085278799358974,1.0276966705140589,0.9919941048523776,1.0267100720256557,0.9817137789680731,0.880944991016978,0.453668119365771,1.21420845217093,0.6127459800769514,0.871121253464803,0.6955430880521725,1.0,0.9300553146253997,1.0,0.8754968293028219,1.1543708500171008,1.0753184827068676,0.6946982866535514,0.6393939826524493,0.9996129187350863,1.3024512715136722,0.8400148558790979,0.8895395199264647,0.9849757461963959,0.7433219660037996,0.9622835487218057,0.9974331668304959,1.0692064923457287,0.801332181910195,0.8738340765930481,0.9837633924394492,0.9634411179015459,1.0623335287018303,0.9712939674491983,0.920919580167081,0.8951557372175809,1.007026456359764,0.8736744562452359,0.5030919202653109,0.6167349229636264,0.9573140180104606,0.928525819685077,0.5395257115930019,1.161759773327418,0.9682113087389094,0.4970375423793816,0.8369801579242478,1.0022133950003966,0.5028317923972029,0.7854662071676356,1.0202546489039117,1.015268245031329,1.061790242657259,1.0998732061386494,0.9105904808807681,0.841296510467536,0.8577790106112106,0.8910350547268108,0.5191318740083627,0.6713298163616731,0.9003993855381017,0.7685844446477481,0.7065963920800176,1.0,1.0205202473305863,0.8008395848524988,0.46201742006003643,1.086014277816227,1.1826259886001143,1.0,0.9712733535708928,1.006228260501603,0.9637453114050026,1.0337766405266655,0.7447734734365545,1.0584590991523017,0.6246084608252763,0.6012067509908405,1.0183828574232014,1.0027418893800413,0.8419089098483107,0.848915051087103,0.6985149835744542,0.6788407516529893,1.0709399076588528,0.4971813442708448,1.0385567649082352,1.0316626082021454,0.9887655376545552,0.989270152375237,0.9472471935218175,0.8889411120944878,0.9861445750723292,1.0,0.6003603510109489,1.0,1.0,1.0,1.0328448905188388,1.0179604764336037,0.6796736572856727,0.9941234627546919,0.6572487358274475,1.1370568049933,1.1095638681678384,1.137610554946866,1.1718377087601635,0.6779384077998922,0.9956930537876816,1.190533775077462,0.8572627045297245,1.0,0.9252992332875019,0.9999143144155807,1.0237637471921839,0.9462139358977013,0.4557919135997631,0.6268355312029178,0.8334888234746007,1.0438935773174793,1.0976169298807952,1.0,0.953102645955962,1.0536886707209228,0.7192741994643326,0.7092917151369371,0.6918466082473925,0.8449702668218624,0.7064627719288779,0.6909740996185366,0.7208550419221845,1.1451931507884896,1.1320395728800074,1.0604165811138464,1.0,0.7571281022870008,1.0,0.9581897644394903,0.8481914756448166,0.6136976798010998,0.8000016774978984,1.0184190113697886,0.9738444612809843,1.1981937498327175,0.866416008534409,0.9887617675449333,0.9291204664251957,1.006461784932814
2003-07-31,0.46511993279061625,0.780781612097597,0.9265196930878317,0.5559024235455383,0.7303098019019711,1.028057721711749,0.7256657857656357,0.6969682386232163,0.523119343775118,0.8372960076390406,1.0301391375100852,1.0625963841611707,1.1687441636798737,0.8877388401437238,1.0072338276738124,1.0017317059407767,1.093469669612567,1.026690440978165,0.9709698053220045,0.8815941318236408,0.5187731430460902,1.2418957823257464,0.6230666006431815,0.8718931047856043,0.701194245995246,1.0,0.9350039304184382,1.0,0.8717270646550519,1.1632664233386258,0.8854458886510665,0.6839158547616717,0.6495483074601116,0.9946322128579009,1.3141258330720242,0.8421502038926936,0.9328987017631204,0.9850593025623932,0.7423442778526812,0.9631056118735378,0.9787523085910764,1.062732976663045,0.8462214351091814,0.8544230550489395,0.9846028513018701,0.9505748273452821,1.0558684124024977,1.0003633100311287,0.9257112787568227,0.8793008517738924,0.9964674653306648,0.9428028021999008,0.5794333183103715,0.5998834177054861,0.9310472559751878,0.8599863235058851,0.6188044255972556,1.1168178876327883,0.966687047291375,0.4940981343659371,0.8591019942684621,1.0016952635233363,0.6020459301199486,0.8027191703120194,0.9976228427034197,1.005517062523032,1.0413766060771519,1.0644798392169097,0.9409168775066429,0.8432418867400785,0.8393665053282033,0.880210866421203,0.6093028278462072,0.8448369639217286,0.9829110180054529,0.857355718659724,0.7150747138661967,1.0,1.09588665517975,0.8367566487565911,0.4652975621981337,1.0494616753255073,1.1562452982363485,1.0,0.9687165296837174,1.0025630254967213,0.9570251084538997,1.0080957044761383,0.7437238467826836,1.0255579977839462,0.6270394665581567,0.5438267852987644,1.0183765116051968,0.9583697494402534,0.866652215192946,0.8260737793839606,0.6196074278797834,0.676782076134424,1.0257270172163908,0.5063256611587637,1.0497848940138121,1.0324009736352517,0.9851705678888615,0.9704889133592872,0.9441131199972413,0.9632145321387063,0.9875299808387071,1.0,0.6098109073733027,1.0,1.0,1.0,1.0328451880713534,0.8923392664088505,0.6726423894917688,1.0555184514977343,0.5781273204870504,1.1309527045456802,1.1079826992664696,1.1520581243715513,0.910172978828416,0.7237645501890849,1.0538588384724017,1.212906307989189,0.8632864731897281,1.0,0.9102172237501585,0.974490583171687,1.0078126001132364,0.9411096104629071,0.5324260301869794,0.7544611445217835,0.8329631019943574,1.033650466368817,1.0968031342599558,1.0,0.9521767180023873,1.0408110350039952,0.880159853881652,0.7444972072608167,0.6950316131537686,0.8614766804841506,0.707518649890587,0.6897351958405731,0.808195025340765,1.0676338964432475,1.077602166628345,1.058334829135451,1.0,0.7545054749800434,1.0,0.9981420657315745,0.9203073841746322,0.6355769515121849,0.8178267968029052,1.0119700200996218,0.9617041235636227,1.156826899643665,0.9369012979266497,0.9837582494735438,0.9128817941211427,0.9955555901114131
2003-08-29,0.4608690880162222,0.7874739784586151,0.9265241930255713,0.5587433650448631,0.7875196050356225,1.028982095582825,0.7123184797581349,0.8100594341042013,0.5230174350023116,0.8051709460353362,1.0588644821956263,1.064975884180801,1.1687255910431573,0.9416200445844539,1.0067209031415436,1.0591662703722218,1.1502517447355816,1.022533604087225,0.9749480102186939,0.8822304487325051,0.5214044016881862,1.2176015746082725,0.6147864719174692,0.871411264036035,0.6988127471474666,1.0,0.9345428810994207,1.0,0.876858567047661,1.1642066686140298,0.8492102995682321,0.6926060484205419,0.635068222713902,0.9926900494629259,1.3131513042539098,0.8385908267123547,0.9105623047511635,0.9849696857523376,0.7470411064043523,0.9640015086789954,0.9646395138217021,1.0554598186993251,0.8580602361144818,0.8244546387983329,0.9583611769984197,0.9371338182985258,1.0650938689430092,0.9627778321066427,0.9658613360451249,0.8760976746351412,1.0016594566659731,0.9837929588888338,0.6224813276220171,0.5830283086041592,0.9231299499814231,0.8195480455381318,0.768938381970366,1.0729895979534192,0.9634049976267826,0.49041721609845934,0.8461592724273441,1.0019179889104328,0.612987011358471,0.7837307997668177,0.932728713964048,1.0019771350980053,1.037628997741133,1.0464923104629764,0.975768469403133,0.8518895081095624,0.789800803458527,0.8714166015996838,0.686906513823603,0.9459299398075467,1.0224173960790925,0.8927242102380937,0.7088988176649877,1.0,1.1561391568644874,0.8555948682295804,0.46360827144325856,1.0542645103690131,1.1506728860187798,1.0,0.9671565179027285,1.0003232593694946,0.9545682012178931,1.002727291268945,0.7314225382935939,1.0600931549592454,0.6134948323707525,0.5442816324793203,1.0111787819034532,0.9415185370884015,0.8911190234238978,0.8200512533972277,0.8573919239278686,0.6765575630833818,0.992969942726137,0.47966907194848607,1.027069039547916,1.0288319152381966,0.9796505649401217,0.9595319027200734,0.9409463744133865,1.0062958661627615,0.9874011779240833,1.0,0.6205883393459333,1.0,1.0,1.0,1.0328292823452392,0.9411625589048374,0.7231839133718423,1.0994154305694992,0.5944985346363534,1.1334149765696573,1.1090814987984292,1.149645673490849,0.9069961808111561,0.7763743146996152,1.0505944927883666,1.2257565082225887,0.9347987093656958,1.0,0.9006566799375956,0.9601809848232878,0.9847419098966783,0.9606828896564195,0.6519314390825319,0.8345290116531477,0.8324205698985585,1.0296200407817853,1.0957803708241793,1.0,0.932567152244962,1.037921105576915,0.971092114821633,0.7713535670193343,0.7063632783368339,0.8662298513196048,0.7076885581625121,0.6879582047816143,0.8749674534578885,1.0449102822030234,1.0613088734138165,1.0574733189298275,1.0,0.7543690899629611,1.0,0.9958987732231025,0.9432356300384243,0.6236113851537699,0.8211465251183945,1.010293300252719,0.9452001484951881,1.1391649437018392,0.9657921060223297,0.9815486162963715,0.9070116102083772,0.990835075461582
2003-09-30,0.5882374066449283,0.7907009037969378,0.9265341573739743,0.5781773392069072,0.756488781437185,1.0398231844743282,0.7345834622995155,0.8596503739508707,0.5357132622727807,0.8621714485543742,1.0742350430299021,1.0572922144681856,1.1076464162238213,0.977420144739941,1.0042206339064794,1.0249580563638787,1.1403924463205082,1.0076641970255698,0.9797278631655562,0.8889523393999352,0.517080015263776,1.1534132031676114,0.625466347262163,0.8711424185624645,0.6925419750598221,1.0,0.9346483947955333,1.0,0.8682441258546785,1.1553400461183227,0.7429093614132405,0.731187863120004,0.609881676849753,0.9768490459401534,1.3047148105134403,0.8398795285527567,0.9375569262765011,0.9851109596033312,0.7594706091783511,0.9697729813930999,0.9270533151984701,1.0661248837441668,0.9606463890931062,0.8720647426179138,0.9241376629414902,0.8953516407841439,1.1082367604634715,0.9382144669927317,1.0612377912166673,0.8744154573529987,0.9965648418398456,1.0376209271749732,0.7104347954020602,0.5735397857124401,0.8340358729726336,0.8115759184919539,0.9189850660221658,1.0242919030413105,0.9651412004264152,0.491444668536667,0.8238390728011913,1.0024459893951088,0.580845163968466,0.7766930172868645,0.8907670329616129,0.9904194965816591,0.977931419562369,0.9662666768505742,1.0352193174543698,0.8266799522160213,0.6555347503534712,0.8613062289222786,0.7772211929658374,0.9307891576123183,0.9832653689686667,0.8980746474730681,0.7081898585771923,1.0,0.9865731349686643,0.8486358006909629,0.5736822153190295,1.0995278172088634,1.0736458517219183,1.0,0.9639064301866881,0.9918992962855918,0.948102486956606,0.9785678687766046,0.7298135242620569,1.0593165256347425,0.7070512708874028,0.5333872097725939,1.0078564630669136,0.9772024918205117,0.9139268247699674,0.8134110430554444,0.7688672724828042,0.6750997961326429,0.9829685788139253,0.5620184005568327,0.9920886347891331,1.0127061491415175,0.967618309573441,0.9505454198967964,0.9233895727844738,0.9649116827149831,0.9968084700064538,1.0,0.6163863412457997,1.0,1.0,1.0,1.032816576985545,0.9914987709175416,0.6290320698144652,1.1433534309984446,0.5309508701496871,1.1076168936408155,1.0957328250737002,1.1739804581223425,0.8433243995237247,0.7441494659699702,0.9676352699462388,1.1932082867988514,0.9552614738089072,1.0,0.8799158060323461,0.9328686235767017,0.9843906421823613,0.9692830014018413,0.8693460153603091,0.877559542587998,0.8322147313180661,1.0280310410027893,1.088972547405805,1.0,0.8566166588706956,1.0293168150197267,0.9802696881445201,0.7970670536678548,0.7469314751148073,0.8473108422013444,0.7101992764855083,0.7055417178969718,0.9209770269542854,0.97228640846453,1.003749538991746,1.0515022469887423,1.0,0.7483308813946197,1.0,0.9402586636245864,0.9259575863993104,0.6259763788630262,0.8395658233245378,1.0001218214198022,0.9844140351734323,1.0251095054284611,1.0049345299586256,0.97965731895804,0.9004736168979356,0.9838796422250202
2003-10-31,0.5283398334432171,0.8179695246574711,0.9265779011300205,0.6310820501662888,0.764241616708571,1.07165862700223,0.7333379992040762,0.9286004523763621,0.539135876064849,0.8619196539213898,1.0731877967115304,1.0620976621702252,1.1217598626827352,0.9993335152390571,1.0040867325564808,0.9166365136084391,1.212225905499565,1.0058565297837616,0.9953458377648124,0.8860166689198432,0.5220969872284595,1.2377457036395145,0.6212212576198258,0.8711538192529917,0.6915711967137108,1.0,0.9263918746218367,1.0,0.8678537477258328,1.1528599525342729,0.7942101375330831,0.7403368528795198,0.611288036190504,0.9795565939350956,1.3110712573651324,0.8434708129869964,0.9120930440050191,0.9850236381096011,0.7525987714072304,0.9660547601311366,0.9361913265750685,1.0651955526726316,0.9384744600597706,0.8543894471074278,0.8981259741129746,0.9300068816931584,1.1234547891768878,0.9133805327162237,0.9899375447878119,0.8748910523828914,0.9846294090294325,1.042479459476198,0.8399203004692252,0.5739373954420774,0.855767466211026,0.8897750205308673,0.927007034647021,1.0545018792804752,0.9808169034139064,0.49371770862254305,0.8640119935521682,1.0032313124768,0.6065762607163377,0.7956737836599029,0.8288586123084619,0.9921130695062517,0.978689192817322,0.9698428987614507,1.0687677396126447,0.8516622018091348,0.6136990306748602,0.86611088880575,0.8741075267951883,0.9956885769204856,1.0266340039362423,0.9121815539031449,0.7067117850025937,1.0,1.0713418523928875,0.8183548618434596,0.5455826402288929,0.9888439176350577,1.084471653203424,1.0,0.9657364496938877,0.9952234108482365,0.9625412186759814,1.0084455648736164,0.7222112742224304,1.0294831923927705,0.6488180282679205,0.46366539676853813,1.009492041635293,0.8462220130382587,0.7889774363601201,0.8058599910305559,0.6278017209478404,0.6750297271539283,1.0224435386603594,0.5259023051916654,1.0096043457787682,0.9962482430250736,0.953333669916065,0.9237321171505374,0.9245745646496227,0.9817140299815367,0.9955168071334114,1.0,0.6162826707335329,1.0,1.0,1.0,1.0327819504346352,0.9755537020926666,0.6516285588088261,1.1521712326049898,0.5400871129459592,1.1262705755750226,1.1059637960582747,1.147595267678181,0.7846111480123279,0.7553934074876859,1.0211791107171904,1.1685394162848424,0.975581407125459,1.0,0.8831068667272837,0.928436864233622,0.9540273666452816,0.9429030698453824,0.9744441798917468,0.9121948177690888,0.830386958365819,1.0206665600118017,1.0891833698793587,1.0,0.7897633633869615,1.0301819689232983,1.0355661291632174,0.7623969030937201,0.6947463446430893,0.8272467577781085,0.7085817290646137,0.7026956579572515,0.9633948277303056,0.9783372086749537,1.0266341407267565,1.0544228968240705,1.0,0.7705543049048695,1.0,0.9778867225347461,0.9762829033640529,0.6202968212791866,0.9989828691605257,1.0002026205956638,0.9855839174815593,1.0497525619610013,1.0259647610105136,0.9811124735296348,0.9045615825571274,0.9853787145024734
2003-11-28,0.44758958085557543,0.7756518680211648,0.9265371223098585,0.5812534884893021,0.7272127216370191,1.0813245552590278,0.7287154627340897,0.8423438661215592,0.5403653853110344,0.8411896210607672,1.0331942406896824,1.066749025297345,1.0424760447298518,0.9209236706993819,1.0055264726761148,0.9122590737734178,1.209099141646447,1.013659550856708,1.0291258469374849,0.8823196391749333,0.4446992493124142,1.176147261180651,0.6186325610398445,0.871137865489152,0.7063942032866225,1.0,0.9215605820583583,1.0,0.8552054286407391,1.16086122401892,0.8939310002717146,0.7514421879815834,0.611783614671424,0.9899079118101104,1.3247456564338702,0.8358616730116909,0.7571420543899028,0.9850006783127978,0.7406055443323758,0.9653834341068537,0.9704710212668689,1.0662306557267265,0.9847191475077834,0.8413173999154034,0.8837892846479076,0.8920278894482545,1.1128617386169628,0.8886710915146313,1.0196092837590747,0.8845210709134287,0.9131852124792034,0.9942623823433702,0.8517918695835696,0.5736924154383821,0.857670018057978,1.188186787457796,0.8589180949416191,1.1189604499601065,0.9826872616765236,0.4886387275877765,0.8187611722025847,1.0042122702749825,0.6092395858068511,0.8043702249671398,0.9042855233617386,0.9970505812133883,0.9971588794481364,0.9926280122450222,1.0535258080152925,0.8548104291025393,0.5363975011924825,0.8617913503490018,0.6320867884610744,0.7153514703668971,0.9404761661239662,0.8293758192552926,0.7066493255681754,1.0,1.1618678933322197,0.6493639535205993,0.47161663673361665,0.7522323698467338,1.0962503712256848,1.0,0.9704949280409941,1.0044429650091744,1.002063414134597,1.104417625610935,0.687752221139197,1.0485262409510878,0.564605457513703,0.46020858048547175,1.0187395969508641,0.6938932520361702,0.6907072705438404,0.8004206495425731,0.5650487723470479,0.6743743687072814,1.157489936044899,0.6646105761428691,1.12572513247133,1.0160769845314166,0.9790652392368641,0.9341986423775454,0.9223268431259838,0.9415017736337697,0.9934195368366154,1.0,0.6069754996298569,1.0,1.0,1.0,1.0328230857730918,0.8369752510747261,0.6290447535230077,1.092702416403202,0.536050816561088,1.13468502057328,1.1097508426209868,1.0332875505625756,0.7370064312687916,0.6765319478142726,0.9727069235105532,1.1241593292133478,0.9998172901983355,1.0,0.8989159688704076,0.9695060527082618,0.996392214776356,0.8933777120140844,0.648561891252299,0.823836085708466,0.8288549552082843,1.033691820071128,1.0952991152243545,1.0,0.8175348183824526,1.0440250629098498,1.0134021570095664,0.7218800295378835,0.6816900810953066,0.8256904082573431,0.7065220660554432,0.6847848101223366,0.9259642211803923,1.0183927149025815,1.047785734347442,1.06323014865875,1.0,0.7811693218101827,1.0,0.9835049016566947,0.9694971605614753,0.6140021055176823,0.869962670077399,1.0118861154280978,1.0653568350385336,1.070968930385189,0.960706890871371,0.9846862600874835,0.913929040960646,0.990624183050735
2003-12-31,0.48715038690069623,0.7405522603506578,0.9265684874774287,0.6155753716003007,0.7405579338239566,1.0774108538312634,0.7801440317904476,0.9356022366015109,0.5950063656512388,0.8317477000573936,1.0623084867152233,1.0618011903304687,1.0489691300468285,0.9516612855504111,1.0043401195038517,0.8830759249408543,1.177873810302065,1.010343375793581,1.0225478601099653,0.8829728023018127,0.5147744703547077,1.1102909949475745,0.6842727242086083,0.8712264853674107,0.7141058937606657,1.0,0.9225487875138241,1.0,0.8529986278332843,1.1629706888032199,0.8402174937043114,0.7308870232520731,0.6155924959598129,0.9808502480554155,1.3275249881620401,0.8371420489247476,0.8366199654291147,0.9853538018940805,0.7464075536283243,0.9697819579351195,0.9388657500366375,1.055087060220096,1.0035529805692922,0.8237008137578831,0.883721431733559,0.9115173847631898,1.1303556918964892,0.8633022177695091,1.038250039980432,0.8762784016965186,0.9149053192420067,1.0351654548248326,0.7878621953247114,0.5787546246671949,0.8984604875661619,1.0156831533076927,0.9498941423041453,1.0661851140265675,0.9840319033712329,0.48818386669897296,0.8166651944885255,1.0043225305053802,0.6544319093877549,0.8034358329128704,0.8749092765861584,0.9926652357978462,0.9999765953691844,0.9769035320280193,1.0618578186035736,0.8549307158230773,0.5426071172215104,0.8582650118540025,0.7602985512702648,0.8270954704514368,1.0008974897161356,0.8909009539734785,0.7072156406496102,1.0,1.092752764082488,0.7314549027925014,0.5083900443162852,0.8096392374254564,1.0884974037974355,1.0,0.9670138171452608,0.9965808152279235,0.9790984267791363,1.0541850430845416,0.6923716852652492,1.0519593277262616,0.7681598117227029,0.46243479823203526,1.017798318118098,0.6721737120056289,0.6652578691582451,0.8034994220189582,0.5749453117637642,0.6743190711451732,1.0785709029426307,0.635276895143844,1.0956097690011624,1.0086144718406016,0.9757211813712438,0.9250613089819604,0.9189449204026509,0.9548867889381576,0.9948962092864893,1.0,0.6100968121445417,1.0,1.0,1.0,1.0327572920864618,1.0045462583294333,0.638408540717539,1.1246605936134344,0.5472465390356436,1.1217200437230586,1.1014106209631205,1.122138213677785,0.8273369626046096,0.6903363691501881,0.9599918553118704,1.1569719293616665,1.0575350239706212,1.0,0.8857515186719436,0.9534430967519879,0.944838744163234,0.9174991931886587,0.8883509112048442,0.8964679090800397,0.8292938680022003,1.026205533527942,1.0906106169353635,1.0,0.8429910187983684,1.0352807647483906,1.0251768958500767,0.6950361241082486,0.7880566810096672,0.820978595790682,0.7074033036339518,0.6881285764144895,0.9618055813657234,0.989179340319759,1.0192451908472184,1.0614808396831903,1.0,0.8028776374043977,1.0,0.9791558459847676,0.9851735841574396,0.6283466109348848,0.8676889965560631,1.0056732136989082,1.0592750718381239,1.0269087540048452,1.0073292432750218,0.9821291564853402,0.9095878054544039,0.9865675246032188
2004-01-30,0.5028066719322337,0.7530638677561412,0.9267563307454664,0.6185941405379847,0.747416519271753,1.0764676691078905,0.8980313296706801,0.990126232748113,0.6202327917261353,0.8348539449958681,1.069790859942373,1.059137574504371,1.037767527042706,0.9687375021926746,1.0039440385641742,0.8680846980693084,1.1569874983677653,1.0071550929754436,1.0145225177987927,0.888756543680994,0.5140824362206589,1.1225682916628892,0.7176556674232173,0.8736187376179462,0.7256861082995798,1.0,0.9162898998501603,1.0,0.8525422384854013,1.1614827976695452,0.8333981093287408,0.7238772951674506,0.6119474420510524,0.979937031726077,1.327717161942952,0.8476973028883689,0.9356478119579795,0.9857760663177185,0.7441179677042999,0.9727355215211351,0.9338998227661769,1.0565549560432208,0.9873315873930745,0.8155312271506174,0.8894139681617375,0.8988384268932424,1.1734012274884802,0.8402205417961529,1.0443586141097811,0.8802812331357812,0.9247897140663256,1.0486949670282502,0.8164365168669786,0.5760845863242858,0.8862016607225451,1.0570262083247874,0.9005634954209107,1.0297911111947433,0.9842963722067294,0.49065396384602,0.8177355221398767,1.0042452606812964,0.6757481840953601,0.806276011355006,0.8612311692981773,0.989914248193955,0.9976180438623201,0.9666049856793122,1.0648726689264696,0.8503723355579684,0.5360816517296753,0.8598105091918229,0.763602398692479,0.829154892358742,0.9991696629881877,0.9000943223911644,0.8008196143741588,1.0,1.1355680063829081,0.7617129598053651,0.5107306557788827,0.7529803754583909,1.109614952218199,1.0,0.9676309332688094,1.0018102025810613,0.9744717673397686,1.0350563222437121,0.6926223490606251,1.0196279402954174,0.7829396940999509,0.4679443313143462,1.018806559545996,0.7169378694878994,0.6577712455992505,0.8015665200353019,0.7249216473817138,0.6743317843775253,1.0511226906578932,0.6379637937657958,1.1086850758851332,1.0051510861557906,0.9732845705271891,0.8965029600807097,0.914224973405489,0.952852862989691,0.9941299991149573,1.0,0.6073896611609355,1.0,1.0,1.0,1.0326941186890688,0.8203966088579489,0.654814486244544,1.138243579087688,0.5394361772232215,1.1041228021621206,1.0881727907408019,1.126233229016657,0.6998125427781553,0.7183952989404561,0.955434181992367,1.1731288371052644,1.0086214940840272,1.0,0.8913192248766509,0.9631266203789602,0.9548389507595989,0.9211323399287632,0.9451686996528043,0.9064542368727166,0.8290962903572073,1.0214993170990037,1.089184459699985,1.0,0.825271289634153,1.0269864528374637,1.0325917262224344,0.637072054855029,0.7852877198373249,0.8244752398629567,0.7097855273592838,0.6919813793116119,0.9644005055280811,0.9815046755753446,1.001608144991115,1.05713964369223,1.0,0.7930764847614097,1.0,0.9944613831157034,1.000618489481259,0.6385208425037247,0.89878247657017,1.005060178172407,1.0603460099593305,1.0106934550026596,1.008417121386954,0.9794816755241643,0.9071524064326352,0.9824699713931664
2004-02-27,0.5446528801528042,0.7571594740127514,0.9268436490514456,0.6236720272691585,0.7711921532058473,1.0664842444593605,0.8628115831414296,1.0299162015410188,0.6897694045397109,0.8176365140992673,1.0746077675113865,1.0563370093351794,1.0376250200602959,0.9640237199184937,1.002820092047066,0.8093400675529765,1.156271514242376,1.0090196051883051,1.0084385814488321,0.8838446342456515,0.5710845073195865,1.1215285193343916,0.7706154978161683,0.8745302562942776,0.734716156769628,1.0,0.9159720780642783,1.0,0.8562307813570114,1.1473763140868798,0.8029149586200637,0.7169056710460618,0.6087937778666155,0.9780992251934616,1.3100220956476425,0.8562863095797296,0.9309638928546444,0.9872727251788973,0.7478418651665529,0.9733144541726959,0.9178679114533166,1.047125815365854,0.9593229986745814,0.7732536871027562,0.8821441726265518,0.8845265419677623,1.1732058259602725,0.8499331810480242,1.0859079996953436,0.8704330269714978,0.9440659248546681,1.0450528719486345,0.7806321949147698,0.5737500344441868,0.8497651295786369,1.0258370319518928,0.907169183645026,1.046401881941443,0.9874850341378695,0.4896363290847129,0.8188416849854687,1.0045026479008141,0.6591309948583268,0.8093444415883907,0.8780156311640378,0.9853401071731864,0.9695162685989093,0.9334112253176058,1.06567470476062,0.8525903919316635,0.5250033537439361,0.8600446980890492,0.7928951880051631,0.8921488514540972,0.9977674402343942,0.9048436729117495,0.8349167759825263,1.0,1.1661373141597016,0.782589058703005,0.5596954445077632,0.7341588101290994,1.1014931846909857,1.0,0.9667803020478389,1.0002929493257993,0.9663445652644828,1.0129105655633202,0.6993836864898928,1.0901689461983182,0.7693867092918361,0.4845237246066716,1.0190367327915848,0.7124246102027254,0.6506209131557154,0.8016435770839674,0.7239050055503289,0.6743038498445384,1.008939683144262,0.6489579505748648,1.0638134125305576,0.9931165893494849,0.9448699621213466,0.8596970002640391,0.9158167036754185,0.9826282776204375,1.0009693123077381,1.0,0.6104898449568001,1.0,1.0,1.0,1.0323474139788469,0.8891403426754901,0.6526524605135438,1.144991843091753,0.5362872151405953,1.1013559856738067,1.0864426723258318,1.0753884797871769,0.6891863606064133,0.7295422273717767,0.9929958879429214,1.186649112438325,1.0324652616409575,1.0,0.8866553947728042,0.9518665060610993,0.9608469439461139,0.9238528908135718,1.0189346580148173,0.959622866565388,0.8293999173996387,1.0083216772444734,1.0871015094690955,1.0,0.7933917821377792,1.021994354683766,1.0431512025713978,0.587232804490847,0.8075141354990341,0.8322370564146969,0.7189999693223543,0.6935850317177801,0.9882853356874928,0.9619355191278145,0.9767943437111674,1.057126061247034,1.0,0.7933188259438679,1.0,1.0009455867227413,1.0091678661750456,0.6639266721049442,0.865126296029498,1.0017038202996134,1.071006740450068,0.9603308997405302,0.9806026460537214,0.9772860447036783,0.8994705035532858,0.9751430493702032
2004-03-31,0.5576824102767998,0.7111808781137143,0.9268286209646912,0.6002189174112563,0.7656627155023036,1.0568322807474235,0.8204626465758922,1.0633505594687107,0.6937424820830795,0.8367508515350781,1.0731133110053015,1.0548501841135982,1.0427046061545595,0.9762101171582849,1.0018896076587525,0.7872342209742107,1.190600234179655,1.0079155486023585,1.0134481281673857,0.8813762847860994,0.6089339530377863,1.0893404637447202,0.7875398867062986,0.8748701261664108,0.7123181241270045,1.0,0.919058917630083,1.0,0.8601742162914929,1.1311201674564275,0.7990716650057255,0.7181006674384267,0.6028100134286831,0.9787024354913574,1.292915798185724,0.8476176511462348,0.8885978314805774,0.9868117357211372,0.7494432249266549,0.9765668980229508,0.9170104894562293,1.0551474997483552,0.9416606967803088,0.8180214695413927,0.8814582529422494,0.937917409925562,1.1851399996420824,0.885290967447687,1.089423848188057,0.8737686984568461,0.9380099378904792,1.0721501716501889,0.8709204017712417,0.5747466343852652,0.8149856165718541,1.028245634857515,0.964529645916168,1.0347458713834525,0.9893574220474641,0.4900819133810187,0.8184431397396768,1.0046473030109022,0.6918365203190551,0.8015952211344771,0.9186594171268053,0.9826763815165144,0.9690384740589547,0.9461353934362149,1.0953473134972145,0.8543238488575464,0.5343809916356608,0.858686486924298,0.8669362300738765,0.9773093771605248,1.0302305873380984,0.9117896963146468,0.809505064336034,1.0,1.1585533514333546,0.7823201328553141,0.5473555158923851,0.6722726255601623,1.0910249221598272,1.0,0.9655165910605535,0.9964949286565186,0.9588656089279098,0.9995838505670129,0.7111927969882057,1.107841223675899,0.8072915103568634,0.46267203608655727,1.017627581591727,0.6658510217591633,0.6643562582052673,0.8068487854127018,0.673768221342641,0.674304320924265,0.9813702118169463,0.6182325887897833,1.081658351402871,0.9987535852291841,0.9216109408494888,0.8473296542227252,0.9167130861629864,0.9610339336783575,0.9937830960577534,1.0,0.6142721254506025,1.0,1.0,1.0,1.0321403811799934,0.7324526888992096,0.6273247983541912,1.160019870014874,0.5333646206427023,1.1211618123673057,1.100133682595238,1.0887107421089732,0.6920797888164917,0.7675842706590263,0.9954483348129007,1.2114228731883612,1.2461299286402447,1.0,0.8817111447239196,0.9490243220542048,0.9505587227475192,0.9521787197259477,1.077757068852868,0.9881584859304827,0.8294673682273417,1.0107776443052328,1.0859026519056105,1.0,0.7810974701158804,1.031324458311766,1.0884457562994547,0.5688259030220466,0.7994437434397471,0.8230752284515495,0.7196583684213212,0.6909831704320673,0.9995204220349964,0.95796678200343,0.9811122076831869,1.055756154438765,1.0,0.8176887009458287,1.0,0.9981702572719428,1.04505701935147,0.6389044483644146,0.8378917760374079,0.9994886596126791,1.0586225292645175,0.9325164215717504,0.9717437121319491,0.9777607854472872,0.8999242104127445,0.9761580191777534
2004-04-30,0.44597485732487463,0.7231095889572607,0.9292975600430351,0.5697185931766435,0.7876320677453257,1.0477614216888542,0.7960324326676276,0.8684826980071272,0.5804265168599467,0.8314480278877276,1.049579879761119,1.0607950978070095,1.0365540996765585,0.8924101504537718,1.0035671476516514,0.8253083143805778,1.1739524334468288,1.022992313203856,1.018385299186461,0.8805140122295831,0.5091742574691887,1.1860522021093594,0.6570987408927854,0.8777101723043332,0.6909149191630901,1.0,0.913144884208173,1.0,0.8392696723768053,1.1230873528703231,0.8303261014624423,0.7252099613305798,0.6021065117583871,0.9810500640867964,1.2598012515951178,0.8448846224039089,0.7148744321685057,0.9850887356086332,0.7471070771028155,0.9832413918941268,0.9241211169518416,1.0615129366547538,0.9469589373783742,0.81316896154298,0.8693561565145774,0.856555895783023,1.1648779364226634,0.8373242041940813,0.9995182675499472,0.8795760670077661,0.8717543043065777,1.0736789757975256,0.7964950045439471,0.5760943889853127,0.8242491153280931,1.0584482014496168,0.8605502759591055,1.1558259824391222,0.9853393084934364,0.5139891461590429,0.8216810269016848,1.0010735347254822,0.6261176375573785,0.7490349179609543,0.8108562931824708,0.99004062573625,1.0178648480244787,0.9949138706983739,1.0495316131390382,0.8590413013790108,0.51426446331088,0.8623646354472352,0.77262992133689,0.9539824494726328,0.9734828884580862,0.8812332754314375,0.7646627977073568,1.0,1.0187167566395783,0.6817192749949706,0.4700069392484211,0.6681535822805549,1.1302072173099003,1.0,0.9652093017920341,0.9957156053716432,0.9536592952443208,0.9961045893569279,0.6981026550854476,1.120051916571549,0.905791671327727,0.45891632386840275,1.0013116581245485,0.7095291372959949,0.661927570834925,0.8179581651380599,0.6663408402682314,0.6742996209877558,0.9404058865594994,0.6070322770251946,1.0537794392779778,1.0015050357174164,0.9336911252555774,0.8448267467249634,0.909380455544281,1.0014989955535845,0.9866860417510497,1.0,0.6087567357748102,1.0,1.0,1.0,1.0292354041715397,0.7395222035794711,0.7984408410690875,1.1234436797717922,0.5389097742945601,1.1166263274251942,1.0960487660158869,1.0187565893854322,0.7316617181237748,0.6882908165543715,1.0247693551052426,1.2269547302732946,1.1905002128674562,1.0,0.8734014360846473,0.9357616817667989,0.9372223906943462,0.9573703798148602,0.9201761353726001,0.7548655444981113,0.8297071856842795,1.0059563065832657,1.0802823500411085,1.0,0.7692026793136498,1.0453488432454978,1.035137569797575,0.6127746501903457,0.8823340852713283,0.826948570041151,0.7100096544301744,0.6785002017925705,0.9441258399656014,0.9708919506465448,0.9789051700513155,1.0394733194279488,1.0,0.9191861017734073,1.0,0.9354453209186313,0.9450196481410099,0.6147603876010379,0.8077091738942316,1.0004295937100498,1.0760396267963301,0.9607377439045087,1.0214437522164208,0.9799120367531298,0.9098624041728127,0.9842573005648109
2004-05-28,0.45451753948799356,0.6872252983226403,0.9280287859155274,0.5762171679758281,0.7646967086587417,1.0682049757296148,0.7675486397666262,0.9912868536474349,0.651009021671773,0.8333230872118145,1.0278461068316975,1.0645313244399277,1.036886005902609,0.8836428792409896,1.005011131694155,0.7751976921028676,1.1742589123972462,1.0210436954527977,1.0159780421948859,0.880334086142162,0.5217773787598108,1.1714135492341806,0.6638642451554164,0.8791370833357729,0.691097241606043,1.0,0.9127994884803571,1.0,0.8234508826820536,1.1423880849519423,0.8995283307790545,0.7314303140420667,0.6005930309455914,0.9891521772546984,1.3228093751408005,0.8442717676345435,0.734512364796011,0.9854194962465529,0.7462348071602547,0.9782529836249534,0.9494431886052244,1.0494433808510393,0.9816968935501945,0.8159737695425657,0.8710821683903673,0.8461017642077304,1.141337874528173,0.8824800211069231,0.9828045496295813,0.8954799125626125,0.8687800950547357,1.0751227563152748,0.7442538744974517,0.587834249580546,0.8680133853888781,1.1973467931135398,0.860593475960206,1.1565528405534498,0.9919531681144911,0.5055894855031225,0.8179108329542955,1.00260163473238,0.6395942573323955,0.7590793403907221,0.8189013714293927,0.9957279033143333,1.0134097273448492,1.01360064421577,1.0495446672909894,0.8661845018788878,0.5142599247556247,0.8708063642454356,0.7317801831455029,0.8513728836599166,0.9321004984187586,0.8673934890571586,0.9124637711703436,1.0,1.0160500861757549,0.6643796157695864,0.47731764394220044,0.7132901254686568,1.1137113568999033,1.0,0.9702444322159872,1.0035311333505876,0.9590854087045249,1.0101832198243106,0.7056912573286491,1.1991087673215195,0.9632240719311547,0.45265950210940986,1.0020700492336128,0.7028936812509867,0.6448898447208533,0.8375578314033645,0.666446746749783,0.6743708315372268,0.9385015244478783,0.5713791088185067,1.04774301459757,1.0035233239698946,0.9353248594748447,0.846306404747596,0.9121958953164807,0.9792266669970089,0.9861308624047489,1.0,0.6095400211147973,1.0,1.0,1.0,1.0281072017317958,0.7177933691591976,0.7761025669206855,1.104083332358087,0.542290446628668,1.1101888379222056,1.0908309445892146,0.9429456728903868,0.6770925313845078,0.701036793443536,1.0075098987830193,1.2201561012795095,1.1834817429739528,1.0,0.8804314592746325,0.9684214513898761,0.9957370440692525,0.9698640451065486,0.8536432247934614,0.7183666712566359,0.8291322835928912,1.0140934095992689,1.0827659830257101,1.0,0.7733139095326584,1.0492519010480237,1.0056507188273824,0.5954467736372452,0.8104530808370157,0.8224358146358534,0.7096525168680619,0.6775720715029862,0.9111146818780629,0.9995343064411583,1.0003650720782145,1.0404966156774182,1.0,0.8822139192053088,1.0,0.9455465178867306,0.9768700988897472,0.6211986225502926,0.8308563794945656,1.004604057754233,1.085474760221293,1.0116798702011733,1.0911582429294573,0.9801644151910492,0.9123670619978996,0.982735293821211
2004-06-30,0.45728011326044815,0.7087622612336599,0.9283290439742158,0.5775829697421071,0.7429856494565199,1.0809581979379093,0.7699092548526343,0.9413854668368097,0.6691870263922257,0.828771182139269,1.0119049309405814,1.0603905579558084,1.0724143626556537,0.8644039580390289,1.0043272911901338,0.7989861903349623,1.167513774229877,1.0191047823066053,1.0153320658550897,0.8798374371369654,0.48618013512065483,1.1866465177284438,0.7301671692385356,0.8867170980871272,0.6995394748297779,1.0,0.9097248208017759,1.0,0.8226320116367596,1.1482378619515168,0.8909460217239022,0.7267967957653372,0.6011580982536189,0.9884979180066357,1.3027466381130313,0.855621364986087,0.7793080543105115,0.9859572696512047,0.7473051928429164,0.9845096790262956,0.9337925841546361,1.0344942782521676,0.9668683409003552,0.8259330914622471,0.8684530783365318,0.8201824918290922,1.1322271360153129,0.8137032198250584,0.9762651083299968,0.877222071632926,0.8714363878046638,1.0872572054435028,0.7914505733725592,0.593556263889826,0.8802521476468212,1.2044974370191497,0.8888571042530331,1.1226069467992947,0.9944182723033341,0.509358585820519,0.8208737926441166,1.0027862107125232,0.7570725286653568,0.739913927308715,0.7538828636597488,0.9968146354985209,0.983934748873823,0.9938847373444093,1.0471184602626047,0.8687890016853952,0.5166428887459783,0.8703767834005036,0.6509310694846304,0.771166705491412,0.9186643976748,0.8657580438133806,0.9859363561362506,1.0,1.0486382741334737,0.6726446595329283,0.47790318902466056,0.6473349469696993,1.1143608053076939,1.0,0.9714788123525396,1.0060656645841572,0.9688884451015223,1.0114147292797033,0.6985170152422713,1.177415473961428,1.0220990449613496,0.46127585757610357,1.014294994208105,0.6486626721096984,0.6472179405641519,0.8218244684442338,0.5471646342458816,0.6743658231164312,0.9660892710344244,0.558173184990913,1.0060603496515115,1.0029568116840293,0.9181217137366289,0.8435152766834686,0.9193661440852233,0.9726895837780589,0.9874319481016409,1.0,0.6143586424091776,1.0,1.0,1.0,1.0225647007741892,0.6814218632107347,1.1671203210218377,1.0862755019667807,0.5424643977543698,1.0834435416792638,1.0687813024802382,0.997358625895904,0.6699404783510243,0.6830217229919615,1.0501828601019259,1.219616980466906,1.1641481907741111,1.0,0.8802704286978738,0.9575518550173998,0.9978534191425329,0.9599213577981767,0.9367509863272014,0.7435989176976905,0.8300263459067927,0.9916792732061744,1.083531412445847,1.0,0.7721370130415378,1.0277573909901494,1.035093438194855,0.6022069916888967,0.8117944151476459,0.8237185235209797,0.7114371935158159,0.6803459206446504,0.924338637632993,0.972715599873273,0.9757212604987702,1.0345353380192783,1.0,1.0121566502651145,1.0,0.9426439016499666,1.0088954823597824,0.6173524941130665,0.8187312770242519,1.0027757395119248,1.0943661727212557,0.9928667253580449,1.1479668062278257,0.9781244449274885,0.9085040274351788,0.9783489014679121
2004-07-30,0.46370547163593645,0.7015662967484271,0.928716637615755,0.5895533839938016,0.7408639745461139,1.0499262542984165,0.7336364628409326,0.9726084582278857,0.6641741031066599,0.8073335433054214,0.9361849579628094,1.0667141587183027,1.072077857217395,0.7711934511738212,1.0050683005401226,0.8125956308859971,1.1294947493471679,1.016355795597981,1.0386682146245456,0.8800576348877482,0.4719479596926448,1.1304260246231423,0.6946653023932233,0.8769807381626342,0.6987471691499985,1.0,0.9098392319454884,1.0,0.8221612875821579,1.0447061579314223,0.9032894751678481,0.7488186095722944,0.5972349853859442,0.982906867243044,1.1603145559721766,0.8526239407011401,0.7568240769736164,0.9857240942017954,0.7571601517983335,0.9770651204802852,0.9035002793716953,1.0492374531395452,0.9198670166226993,0.8470126953522108,0.9188819330876072,0.9206504001555833,1.136972838093416,0.8924971357219939,1.0149873276086714,0.87098743831036,0.881509299475069,1.1240982964305022,0.8824240392991608,0.6186743089361052,0.8826405130301117,1.2305116670404426,0.8129936913677928,1.0672726714493115,0.9968790835151066,0.5095292451806697,0.8205981879243983,1.0035069072294462,0.7136840545445589,0.7297971576084061,0.7559316188791657,0.9985087915024926,1.0051344094629682,0.9997037131782317,1.0650247561566575,0.8709284334710312,0.5393346533939201,0.8644417126491177,0.5902446615417858,0.6858363988295149,0.8413361928835073,0.8285318449613503,0.7729704022448065,1.0,0.9787896831090132,0.654061612465056,0.4915321412326067,0.6440355271275731,1.1098453393778374,1.0,0.9723087167550908,1.007840504874199,0.9758652777546158,1.0133096507905288,0.7047003897952765,1.2067035501567627,1.0658595846469037,0.4648294919441347,1.0175146145103475,0.617121786657699,0.6284559351621716,0.8235181083218983,0.6024509357466761,0.6743413275916046,0.981110708076709,0.5063887281487167,0.9599492985893671,0.9863523241057051,0.9092184869973681,0.8425978327259346,0.9123218177593824,0.9002922593427074,0.9875251116828878,1.0,0.6036557342167184,1.0,1.0,1.0,1.0190800658849337,0.7783627548992996,1.0612046555775074,1.0469707491820444,0.5411473706703221,1.1365951693568583,1.1098258587969174,0.9243639384795234,0.6987738589794004,0.6646160085628334,1.035679872256937,1.2121171778733282,1.1487426051565321,1.0,0.8894110159769959,0.9870537317355632,1.0224244931213413,0.956594012956999,0.7324518286551274,0.6649205262068849,0.829927237996928,0.9419225470026586,1.0693366761577057,1.0,0.763344499210975,1.0156982378262251,0.9697876069224189,0.5645212112189785,0.8172893524481586,0.8123107952073065,0.7080613142080052,0.6800407157227497,0.8847219810058327,0.9699447698435492,1.0047222690634352,1.033071132666123,1.0,1.1565266382966102,1.0,0.9162271954252443,0.9464990835296472,0.6114579370175464,0.7997701126370735,1.0025479362079208,1.0864078327919588,1.0340273541248146,1.116009104100867,0.9798923907410426,0.9196988633309395,0.9790613266565568
2004-08-31,0.46824209377239756,0.6747751904566345,0.9287138145402605,0.5737246747183515,0.6994362328554821,1.0439779139663423,0.7311545415612832,0.8708481783892503,0.6324163045660733,0.8083355677450322,0.8835841602683775,1.0697709596335663,1.077170373102399,0.7193734478581654,1.0060034047490602,0.7430663332985467,1.1125579871174165,1.022104825859309,1.055555573600868,0.8801307216082145,0.46435730312900236,1.096507743928316,0.6543437462256166,0.8754043171626711,0.697949429977324,1.0,0.9099121179640175,1.0,0.8215338415518842,1.0225301369630058,0.9812062894184231,0.7573961119338743,0.5986347408471125,0.9846360605932919,1.1539569126614817,0.8510474705105684,0.8271363212702886,0.9853855374604308,0.7589620858031059,0.9744340525167489,0.9103213392834469,1.0533252013942476,0.9010999281157106,0.8558998200657584,0.9758766789869314,0.929212119161954,1.1322012633670278,0.8979156272099235,1.0056877193019964,0.8737226953495731,0.8726710227897306,1.1367583404055368,0.8809855313963558,0.6301666296962583,0.9048188575520257,1.2393068253746684,0.7555001069154679,1.1132606737390864,0.996789150026867,0.5113360736003366,0.8214510085695855,1.0041427965780658,0.6949542578680696,0.7438585226107288,0.7835137829439685,0.9997760893053793,1.0310981347428583,1.031075036687724,1.0504554078032553,0.8685980777576143,0.5583279040203544,0.8658778441445187,0.5591217920292142,0.6456715083126874,0.8802752893472853,0.7938252044850972,0.7552292261041654,1.0,0.9730755064927413,0.5916777323124056,0.5023751513952369,0.622674944687951,1.1349724101465963,1.0,0.9722578024420099,1.0086721717445362,0.9744775735710355,1.018883774033337,0.697860194655131,1.1883358263789372,1.0529387200137645,0.4532934055268192,1.019014701591374,0.6363299184101702,0.6252404225125219,0.8254777640473929,0.5300421902086071,0.6743321479661533,1.004289209322609,0.5310606482207381,0.9586678232514623,0.9939192806911095,0.9182983231506915,0.8479718273989003,0.9107991400576085,0.8525120347979536,0.985483442989386,1.0,0.5991452497721759,1.0,1.0,1.0,1.0216321156162949,0.8577790008790216,0.7879303039890251,1.011459813495348,0.5430325904639948,1.1315111591775209,1.105162205188399,0.8494078138066152,0.7762098527149945,0.6566028685923473,1.0316088019193186,1.2077015933103161,1.1348649513438058,1.0,0.9004215932718662,1.0006830069387296,1.038164644618601,0.9665760998535815,0.6114368482439787,0.6092446767950438,0.8302049981477437,0.9636637949635428,1.0716909604576899,1.0,0.7682224524933127,1.0265489735447253,0.9114637189361272,0.5511878786998524,0.7865045600176039,0.8050060437678117,0.706800831033174,0.6779291695905845,0.836918587665636,0.9984670026890071,1.0282020279213904,1.0281393299112442,1.0,1.1234102616884247,1.0,0.8959363305222555,0.9085025556582678,0.6094452488954201,0.7992370286570438,1.0037327484382343,1.102153427093936,1.060171802115621,1.0740617093267175,0.9832607454281556,0.9276225658257247,0.9859267890410279
2004-09-30,0.44188666401589405,0.6811507338840301,0.9294117397450405,0.5621703909523933,0.6943997657221117,0.9604655719387262,0.7150239132218232,0.8698618262221576,0.5715003604627048,0.7908257019183192,0.8751134388170032,1.0639804660148962,1.1068005923836128,0.7350122863714385,1.0048207609034217,0.8173524503458716,1.1210448415983236,1.016079906594602,1.031329764768976,0.8801705729214234,0.42310367350016276,1.0921767507781373,0.6387089020649648,0.8745773289356978,0.6907275777603271,1.0,0.9095355748436269,1.0,0.8217160388573134,1.065009070987588,0.9238489733729197,0.7515866860122697,0.6097670635027084,0.9834878070232547,1.1772656782308522,0.8389491699458534,0.7389047730173093,0.9851597501985643,0.7625673734821659,0.9691037577988278,0.8973536216908718,1.058470019184847,0.8969275897722389,0.858139550609328,0.9416907317469447,0.8467768710951438,1.121402539704742,0.8522869556919421,1.034461262088553,0.8719513786154527,0.8703849945988399,1.1248102612073512,0.9124386747680062,0.6445458195481597,0.8784533326641435,1.2938454361543743,0.6868508526702193,1.0766026755328237,0.9968000381977348,0.5033041269368977,0.8297050410253823,1.0040797764542113,0.7080942368553608,0.7581257032399119,0.7644820420757605,0.9968232108448697,1.0011414027301493,1.0006609746506407,1.0391861709272512,0.8656330344273389,0.5503190370210085,0.8795831638765627,0.5307430234146413,0.5784876746589896,0.8353575253618888,0.7635298109204949,0.7251589309461969,1.0,0.986423144722831,0.5710041559478249,0.46344502736069415,0.5474688001656515,1.0760411975746342,1.0,0.972790805665955,1.0116988948907362,0.9775645190694752,1.0118168812561703,0.6890690335545138,1.2034362963554157,1.0203304617833395,0.4492534003413834,1.0162334290362935,0.697415550237124,0.6268164270827897,0.8184842423229972,0.5366225609405407,0.6743161216791853,0.9890585542582907,0.5031993862891131,0.958616671433965,0.9900719980504151,0.898726425767019,0.8422645211849689,0.9159970836704455,0.896187153873831,0.9899187880836874,1.0,0.607193366609195,1.0,1.0,1.0,1.0208332137343927,0.7163514773599549,0.8765176296983408,1.009078460611579,0.5388003444001515,1.1004457301435215,1.0812764649475648,0.7568314545089343,0.8577347800470587,0.654315669048415,1.0636864317140098,1.2115572900368075,1.102681361912779,1.0,0.9032161862881871,0.9871418073126368,1.0136659896575142,0.9757829430032966,0.5909925732491979,0.5854180454549811,0.8288525764459408,0.94472333178797,1.067699275460417,1.0,0.7615662107738486,1.0036959902197469,0.9604721020396407,0.7059544450272138,0.7841969887282146,0.8087962925029856,0.7064427334371794,0.6734233807338476,0.8499046626105797,0.9471650248405952,0.9696257607042758,1.0059258885940876,1.0,1.049053095013993,1.0,0.892424967526697,0.8745879338251603,0.6073326838229249,0.8002338359409311,1.0017584273387568,1.1215061199926788,1.002306390817785,1.1113161623551773,0.9784560954107373,0.915374691216531,0.9760633589818951
2004-10-29,0.4437160121795001,0.6751236688346365,0.9274716078332828,0.5591298252338068,0.693536975082084,0.9005072794964128,0.7086091047671079,0.8157833139143775,0.5625316066798673,0.804552001533853,0.8203729752769758,1.0645589317432607,1.0886091308486656,0.7279699833221451,1.0054342019861104,0.8194322365796589,1.0502601483280953,1.0108757083593387,1.0160536629213757,0.880348260922521,0.4446290878618051,1.072787858999264,0.6364687359610262,0.8737975605886047,0.6888691561083252,1.0,0.9120520199527865,1.0,0.8213290459866143,0.9453535200328601,0.879337643157134,0.7601051917614536,0.6160434202527867,0.9817398739573224,1.0888977957544794,0.8368454784482962,0.7204891578203966,0.9852104291304346,0.762864158758127,0.9668251443035936,0.9021313516626528,1.058159550461947,0.8860397615477564,0.846113905199925,0.9471781196982983,0.8380710984671487,1.1122664735632908,0.8158076214026354,1.0294819499267185,0.8706219723006925,0.8542627835672637,1.1285807258313771,0.7942102444721715,0.650704765286271,0.863836596099328,1.2366636709419674,0.6912780281480047,0.9988307874572153,0.9966732770247706,0.5108999558031015,0.8160619166016367,1.0044622059453459,0.6659460102681434,0.7315181555720025,0.7820659781763026,0.996953414608625,1.0025596855444552,0.996530653471906,1.007057360625588,0.8589394314209413,0.5706545820976054,0.8690303082714741,0.5190018121256548,0.61490306475464,0.8591164386961507,0.7578422171266411,0.7180377749739526,1.0,0.96119926059865,0.5692336633996582,0.4645097369371397,0.5219201645975635,1.071115910179544,1.0,0.9697735796072566,1.0061416829284904,0.9659196130808181,0.991508835482798,0.6957907713608668,1.1912578845404735,1.0251343850627934,0.4619673971830762,1.0129433254189695,0.5789142468438069,0.6057397486148586,0.8125661922170516,0.6071307236698987,0.6743095762758895,0.9602523513512202,0.4854284999697539,0.964118980006532,0.9841242429558142,0.9051638407055704,0.8426016426982792,0.911569645899617,0.8490617683592743,0.9871857048812356,1.0,0.6039830803744869,1.0,1.0,1.0,1.0249792065855299,0.6940245443859352,0.882158797813844,1.0056541043425364,0.532267072839263,1.0791354837331282,1.0656085782613407,0.7257998333751352,0.8751014632210001,0.647681354898274,1.0178865645409596,1.2152086352393856,1.1941767775266374,1.0,0.887032371696623,0.9796217923561702,1.0118551801612368,0.9742281194793541,0.55296646078528,0.5498374334194727,0.8297048806085653,0.9417640049497221,1.0668298050643947,1.0,0.7605584464454049,1.01059283317094,0.8573471053225628,0.7641052157570728,0.774487503211734,0.7886972272660981,0.7063446209994332,0.6737364823682369,0.7982496307358209,0.95899048258094,0.9656140471376286,0.9978042424598002,1.0,0.9627843484721413,1.0,0.8718453500375449,0.8416085855877027,0.6076159502071392,0.7990668286478086,1.0019632142370927,1.1148180086514003,1.0161613654371524,1.0647021497646378,0.9789963991398216,0.9153525080744851,0.9818687885874324
2004-11-30,0.451202739952696,0.6723954833720165,0.9279261514366965,0.557375747905608,0.7064338921933464,0.8734858908410343,0.7156029876031441,0.8936690140862651,0.579898070286603,0.8256110902147995,0.770498551273838,1.0493052328413366,1.1260448532357872,0.6875149994097277,1.0036901518396975,0.782477435923109,1.053679440626821,1.0053200228296635,0.9920639623293491,0.8805047948205342,0.44611643670606105,0.9922568999712914,0.6443630237245945,0.8734425136153353,0.6878195007631891,1.0,0.9155818071661956,1.0,0.8247226263862864,0.9115010615647143,0.7817212871429918,0.7559681471720368,0.6151981170098868,0.9789012009562486,1.131642189436557,0.8374793379649212,0.7254758597071221,0.9853256498200368,0.769260945393911,0.9641047018232016,0.8891135746184553,1.0532625964657762,0.8897427196182017,0.9139399580057851,0.9385345505701151,0.860568499687095,1.136299499712254,0.7909521988594437,1.0160614971480642,0.8718489884322826,0.8489679045370092,1.1651770838627789,0.8790558004007354,0.6373229940131542,0.8601195474048478,0.9246624635806497,0.6334780076075581,0.9598972046254457,0.9938893318882593,0.5743348626552262,0.8153628187890598,1.0046896209774014,0.6740570282957001,0.7331830177299481,0.7461103102964404,0.9949417605486123,0.9549179182952152,0.9468894937262388,1.0263960170349298,0.852037719535467,0.529771312862362,0.8886363719997642,0.48470109512493453,0.5348573467471095,0.8006778934859264,0.7064563502910635,0.7164502066056875,1.0,0.9456469329923617,0.5517381206558838,0.47807995152518,0.5103113170075995,0.9982733795960025,1.0,0.9672990159559953,0.9978661853753558,0.9389977867487231,0.8685746784515089,0.694068948278084,1.1473334780450573,1.0038224278662147,0.4540105586983293,0.9867160913862311,0.5513901340007823,0.599108196136185,0.8119955469895042,0.5425210107293575,0.6742899798160756,0.8010496401065758,0.518735320898663,0.8638574910743112,0.9842768811341397,0.9017533268503106,0.8436803686741855,0.9100064679454202,0.8701107487752588,0.9841218245379558,1.0,0.6242152705038928,1.0,1.0,1.0,0.9807049946851379,0.6705564650192922,0.8006381330033657,0.9719805729308942,0.5303065177392638,1.066976021632248,1.055863327918005,0.648485929157198,0.9757263651170802,0.6900412505566882,1.0172855913268906,1.2164069045128623,1.2562103776070694,1.0,0.8682166488721395,0.9591279064858726,1.012655230103069,0.9838232658469038,0.527196691964714,0.5871624034138352,0.8291351458543395,0.8407657609537323,1.0646706714283112,1.0,0.7592114758732026,0.9712838650326141,1.009045863197788,0.796835919222006,0.7832786917515475,0.7884713905142722,0.7062585119756732,0.6707246063154457,0.841974720850917,0.9047948841116842,0.8986267913461997,0.9816377982490221,1.0,0.9995757420499052,1.0,0.8449587824909197,0.7964516992536954,0.6070677097451075,0.7990534838581408,0.9905726671439077,1.0863437156238902,0.9623502283491389,1.098209752340947,0.9736693758902519,0.8928357254312012,0.9694382341285687
2004-12-31,0.44425665019117744,0.6972764356624774,0.9277375913919279,0.5554758000340194,0.7225205475055234,0.882034004227312,0.7057093845108787,0.8617874248390369,0.552647066098542,0.9157978436545055,0.715841783927703,1.039598053892734,1.115626804432699,0.7037369208082693,1.0031333148504817,0.789969535030675,1.0841249956806476,1.010286963950656,0.9819938758205935,0.8802648211695621,0.42813964940267846,0.9418331589672486,0.6241832892796739,0.8730262076742183,0.6875126575820254,1.0,0.9142327904166938,1.0,0.8300189733762969,0.8848888767903605,0.747301251518995,0.7399799078696822,0.6111164811726658,0.9783354676827717,1.2426965298352404,0.8392509727834009,0.6991804029072927,0.9851821978534909,0.7726485930982238,0.9618701743850485,0.8928350948471953,1.0568851766308633,0.8739799248511214,0.9477383841964937,0.9269436405253184,0.8124305055622546,1.1280818119419134,0.8224944744137647,0.9972477298481415,0.8751309984341644,0.847954911134231,1.1619840764066796,0.843196127979741,0.6023526222259543,0.8092660302414574,0.983965394248668,0.5841134479972706,1.0686647790499697,0.9940711213962923,0.5536062662259,0.816044781875402,1.0046333133161869,0.63651971693644,0.7351665478241468,0.7407329258034778,0.9939019287300357,0.9482673722006371,0.9348717603346937,1.006377785018268,0.851945826513417,0.5255573408207848,0.8960465186197045,0.47655550401306646,0.5186996060305791,0.7618016495735671,0.6774722720197912,0.7194418103431336,1.0,1.0028913747925876,0.523286228412574,0.4746453043361468,0.5205650315972451,0.8908080359834476,1.0,0.9668930178342242,0.9978730238004505,0.9355544644350985,0.8735912016243403,0.6780944703790612,1.091315364962283,1.02196008675213,0.4536691716760002,0.9897405209575169,0.5503138065605975,0.5902535643978015,0.8512130713823897,0.6791863874218649,0.6742864062261732,0.7980369504416318,0.5324019688013308,0.845797381629048,0.986697857203235,0.905927040776638,0.8473476890669953,0.9094313542979824,0.8861113737217047,0.9865764274873293,1.0,0.6147286543908128,1.0,1.0,1.0,0.977481372597505,0.6499343704487194,0.707189013892028,0.9624968744993472,0.5301096600730473,1.0200020947847075,1.019482663210889,0.5404543562619681,0.8986630098416312,0.7050536300204531,1.052023490092222,1.2303083666724983,1.3513837080527449,1.0,0.8624799492423225,0.9326600266702766,0.9810828060573354,0.9757010313445652,0.4906214670289937,0.588155104306497,0.8299450590429104,0.8795931333217122,1.0691787972454931,1.0,0.7595395923991765,0.9579962993357333,1.0045515477270213,0.8339856713608655,0.721178151384803,0.7886783766571765,0.7062406912113603,0.6709720716898079,0.8240090767915664,0.8836313383749055,0.8549952051042651,0.9176104261838438,1.0,0.8858940329160869,1.0,0.8491096831585718,0.7867693030610917,0.6067325022630145,0.7992253707413797,0.9899134546054865,1.0635340037393168,0.9268637303394064,1.054664104951762,0.9714796947294194,0.8747193032384959,0.9630188005753363
2005-01-31,0.4321901065512226,0.6885980239333482,0.9284821939960693,0.5495788638745287,0.7201081594957215,0.8989541018710876,0.6971589779950638,0.8348779848842518,0.5461003540526769,0.8898957080018285,0.685411466155654,1.0496044031029967,1.1972877815348428,0.6626334248667829,1.0044736108967625,0.8356719614531041,1.0770749805967608,1.011364710118496,0.9853503573340068,0.8805026042144753,0.4023578268759377,0.9214270264811519,0.6145479597020076,0.8718933109170882,0.6872369469869261,1.0,0.9180152961034669,1.0,0.8420291200137804,0.8732591470569266,0.822441210848948,0.7410431743370114,0.6143924131590712,0.9839826459957892,1.164744484802557,0.8349108922786385,0.625629263250872,0.9849891417595115,0.7716504315639834,0.9621484672221656,0.8851323375057164,1.0532799117328182,0.8726420762657424,0.9572539712268938,0.9240221878059726,0.8236113172315002,1.1176879443136456,0.7814825582384205,1.0046779815656004,0.8858622894601659,0.8524167426418554,1.1524374943136397,0.8416512856141767,0.6102973995268459,0.8431921421588442,1.106807894718176,0.5423927131288415,1.044600731895995,0.9935417944290443,0.5421486885090466,0.8156645809784839,1.0045443327616361,0.634927633408378,0.759618970274796,0.7415124090113681,0.9966196707628414,0.9575656366821115,0.9797246225697915,1.0136340167712836,0.8611701084981584,0.5429500250484597,0.9277912153538187,0.4619666333688026,0.5004051907843539,0.7367277010146388,0.6313859506905443,0.7104018241405012,1.0,0.9805190671545986,0.49739953499909684,0.4544334071527727,0.4709438092554191,0.8896253915300303,1.0,0.9732970111353082,1.009025476999415,0.9512013316136121,0.8956567860931185,0.658107225330821,1.1252285185861581,1.093357145387429,0.44730791445766205,0.9838538475927349,0.5362536422215329,0.5803274333120285,0.8632740735808335,0.5967260115933446,0.6742875264426262,0.8649885134962445,0.5035605634545165,0.8466093015514977,0.9894188355344018,0.9075437805144886,0.8482453375758733,0.9209585298091831,0.9030563879939133,0.9828479178205936,1.0,0.6091123487580181,1.0,1.0,1.0,0.9786573263330409,0.6518433508246482,0.6755869116356816,0.9126306745780309,0.5298652019243177,0.9935834301655172,0.9974058366187686,0.4211282251253192,1.1623271100759132,0.6950818024513572,1.0328089045325284,1.2203453717706432,1.27122252584797,1.0,0.9095055776173766,0.9677295832055991,0.9849796935917386,0.9788861255612632,0.4624780306907128,0.5569378039316165,0.8300238443807877,0.8959983904955245,1.0769846168181,1.0,0.7601549485799916,0.9738591324840892,0.9700245447816614,0.8458493934109774,0.7281702653626823,0.7896526277133427,0.706211344248753,0.6724896375577928,0.7864439932333592,0.9004714028082129,0.9062187652593644,0.9134639496290278,1.0,0.8844288965369387,1.0,0.8033485397473892,0.7252653806234093,0.606485332103569,0.7986326592359192,0.9950723783498565,1.0539589760655708,1.0025525155896942,1.0409893599682696,0.972990560741284,0.8829205331814056,0.9648048116611181
2005-02-28,0.4273400512037686,0.6842603741536701,0.9287566439588376,0.5498907144025929,0.7004873880424596,0.9014738342659817,0.6964118977785966,0.8166283527253071,0.5328511237761517,0.8755218195212575,0.6820969036732286,1.0475258614960292,1.248727151788303,0.6630787573582373,1.0048516101581633,0.8316371658055413,1.0075666449092946,1.0088297364297776,0.9821148590038618,0.8806547343438922,0.387605337784113,0.9070229344779267,0.610234599092848,0.8714120224362394,0.6871554470723069,1.0,0.9176137747424808,1.0,0.8390235443783719,0.8765688331335825,0.8149465235917938,0.7666329394093487,0.6270710632549334,0.9904019112636273,0.9612908503883354,0.8346516409087481,0.630768421155985,0.9849480303265847,0.7727146919617696,0.9647598366413473,0.8794742405204601,1.0549961751010015,1.0,0.9669560936455763,0.8961250820891011,0.6826357962615709,1.1072034795430734,0.7484425966795949,0.9860724351397756,0.8815865162919666,0.8592204940462298,1.1656912978901217,0.8924309585923434,0.6029210248278201,0.851822471470902,1.1780950887952064,0.5232056942754917,1.0182795998367153,0.9953242730818874,0.5912616997627276,0.8220937768303965,1.0033602734582425,0.6480474843513485,0.7594306413882657,0.7501291158033763,0.9977863230135423,0.944748698747416,0.9950561754424289,0.9662714108687572,0.8947514391259322,0.70188124186923,0.9404147460135862,0.4530578966484311,0.488821640230793,0.7096224564026922,0.6134249245712694,0.7117385585292166,1.0,1.0105622000172405,0.4824052359769121,0.4463377485691131,0.4625013523686655,0.8655900322413737,1.0,0.9796098964089273,1.0154286085282458,0.9632547865259375,0.8974708626806407,0.6501175546362967,1.158055558482216,1.1088679791212261,0.4392111381343312,0.9798487975332837,0.6761571817173895,0.5789751360792172,0.8589981525893977,0.5478337001215445,0.6742938502720538,0.9255787207803994,0.5048146648060304,0.8834058999911478,0.987349931789632,0.9266000009974329,0.8553336622151165,0.9390798330683304,0.8815808752499927,0.9739643260035078,1.0,0.6124451874236909,1.0,1.0,1.0,0.9793446356679347,0.6380675400221042,0.8056219165604265,0.8535241448914842,0.5309185676714001,0.9691542629304144,0.9766024331320269,0.40464432151332863,0.9487508956811538,0.6912246243886653,1.0306123265920009,1.2264832693374028,1.3174558399405696,1.0,0.9400783319825915,1.0069622126648834,0.984755216201175,0.9869280966087838,0.4464991253481687,0.529675468443199,0.8288657119824954,0.9053655367983623,1.0802042551019713,1.0,0.7605480566947198,0.9745326221214912,0.8952869731692353,0.8572724756804765,0.7084363986680814,0.7896371898617726,0.7062069578024758,0.6714375932375225,0.7522823808088818,0.8950750813244869,0.8853155558867815,0.8610617909291348,1.0,0.875048182521371,1.0,0.8028665704219057,0.7278133495043275,0.6059037601842401,0.798362337550375,1.0001602324488643,1.0365828153757004,1.000647463239791,1.102272247376329,0.9718129739818582,0.8752774882062575,0.9620367784990959
2005-03-31,0.42732373515434663,0.6943796397550239,0.9290936645325409,0.5501498777397915,0.6986048250053991,0.8896067571535942,0.6970947003160468,0.8005381454980702,0.5293573688060242,0.8842594243834109,0.668788790924883,1.0463726984894617,1.2146248768127104,0.6585898623755779,1.0048281212809573,0.7998216143252742,0.8655445135345063,1.0058545467079159,1.0039107523338495,0.8807483596275398,0.39543075304059994,0.886087241485485,0.609457119407915,0.8714676383679185,0.6871535385731503,1.0,0.9136349568237534,1.0,0.8308457347550708,0.8637322555249324,0.8041348032737656,0.7588981221737859,0.6186899065808469,0.9883797529840994,1.0678777126621675,0.8347928000425379,0.6366823917903133,0.9849506137905226,0.7669576260014731,0.9631680657535086,0.8886199985276874,1.0478608070002184,0.8631933693941494,0.9431862168656923,0.9046440454570246,0.6493609455927137,1.1112346056307598,0.7462418214593776,0.9507004222583806,0.8776910476698415,0.8522475512139522,1.1798679411845683,0.8576825773112873,0.6547655391672158,0.8786456363297521,1.264555171143259,0.5233284313034117,1.0038954802294435,0.9957056533085062,0.5668468356181889,0.8218806672161951,1.0041475412882257,0.6421173353123484,0.7912905200966527,0.719784012923649,0.997961543808385,0.9497735300955183,1.0095468397203002,0.9425691898849835,0.8916053083873646,0.6324155834352483,0.9432049082885212,0.45553169659879034,0.5047552864961189,0.7268628082456846,0.6131243414268206,0.7127083902513249,1.0,1.0104723786366705,0.48942190342008496,0.4490724446175811,0.5186813955553234,0.8714573309444149,1.0,0.9792156581022288,1.016009573709554,0.9622485916947094,0.8882871575741599,0.6518618708000148,1.1742934762958053,1.101452033516135,0.4404370249952686,0.9908722912140372,0.6653519474221334,0.5778884540549425,0.8427153271362277,0.5587009827866604,0.6742913470361359,0.930653605001318,0.5447627359327871,0.8610124196971419,0.9832842715302851,0.9452532011629805,0.8674355266181877,0.9341627751277082,0.9076406376226674,0.9730750042601182,1.0,0.6073563630110053,1.0,1.0,1.0,0.9826328966690858,0.6443978719625456,1.1293715880765007,0.8456629819799233,0.5308337175336548,0.9556188200805702,0.9662486948932093,0.3924045073804011,0.8937642149194195,0.7059425710641125,1.0211651127175063,1.222618191784462,1.2379890452395637,1.0,0.9338412819976697,0.9959814382381174,0.981937463387195,0.9810932548234215,0.4412936084190888,0.5254824853063238,0.8286365690992846,0.916723948965628,1.0836603347512779,1.0,0.7646303447205457,0.9748348329841574,0.8517286861453472,0.8933434501502211,0.697436702651744,0.7973833694568111,0.7062069260533322,0.6730563894378487,0.7146427737796016,0.896715972967148,0.8645504694359096,0.8630519659834037,1.0,0.9531824379079629,1.0,0.8064424070374012,0.7034714430700575,0.6059234007537524,0.798292676521736,0.9982403426318528,1.0400884511643622,0.9831821390754316,1.071379243807491,0.9728606377128873,0.8915115233002555,0.965634398921384
2005-04-29,0.42527277976227584,0.6810882748360202,0.9279493621184497,0.5478730204725101,0.6721037038463455,0.8819767766871193,0.6968405059417924,0.75294146148583,0.5197278322130277,0.882176669002506,0.6242539565594136,1.0515852061130317,1.2198480365511513,0.644310135083428,1.0059869307403437,0.695198719465238,0.7284191409449761,0.9892892188849586,1.0035993651228925,0.8806885058852847,0.38621892960009296,0.8072846831741146,0.609114583556611,0.8712369569766829,0.6871174640266644,1.0,0.9175920044455578,1.0,0.8298609217919675,0.8574329184751956,0.8443683082534464,0.764121030923639,0.642654854973759,0.9908272351208832,1.157254436108994,0.8378030412584535,0.6622069956875274,0.9849528242704765,0.7699036715303231,0.9607302867561498,0.8901273363314215,1.0432570939427228,0.8721282023798185,0.933326223215194,0.9896180920364582,0.6459853271500465,1.106134358809925,0.6436375102898695,0.980992689441673,0.8730505909153419,0.8969829137116503,1.1420068907603484,0.9790252439307442,0.7491296297312422,0.9458004275197198,1.3125271082735106,0.48972553953660003,0.9170577586557234,0.9966854193516445,0.5379216672998451,0.822672696313081,1.004452921646613,0.5615851989369081,0.7427639865566519,0.637971005128364,0.9985335365878579,0.9685678656481891,1.0376811116430984,0.930326034969915,0.9282787618740335,0.7926249993990417,0.9628681007281671,0.44540745348393007,0.479746074847725,0.6607609883276924,0.5915682555025423,0.7135698078594879,1.0,1.0335699472793838,0.48034035162542543,0.4458710584866815,0.4811937276132471,0.8408184337979941,1.0,0.985852392282162,1.018869005476053,0.9747418228136235,0.914426922932279,0.6495213354385627,1.1182853065223177,1.0662746875098674,0.4396499938762396,0.9941881413968444,0.7354589431044106,0.576824401100674,0.8282648882773167,0.546677368052241,0.675017055998237,0.9506053087594609,0.5006345868621316,0.9462581094559334,0.989118618329113,0.9341698936558709,0.8645604311347405,0.9322937586702587,0.8439431426842127,0.9721894090355021,1.0,0.6085047471139716,1.0,1.0,1.0,0.9976348155109809,0.6343509711956938,0.9358312187415175,0.7798475351278975,0.5305476111097023,0.9934733244507611,0.9971350065877376,0.3689788284988835,0.9080132082884875,0.6680886086199372,1.004236011341574,1.202250857988387,1.1336783671262303,1.0,0.9437458684299652,1.0405355333155766,1.0406698598000053,0.9917941568046653,0.4375867363860071,0.49454765217338903,0.828013580625619,0.9186677490973258,1.0758210602537441,1.0,0.7641663897954492,0.9753595872764393,0.6693841829412256,0.7983869366871962,0.6513820769649283,0.7892458784886569,0.7062065108237003,0.6696247736849767,0.6790871575921577,0.9212944218278326,0.8921579551801576,0.8518380013098374,1.0,0.9066715865758465,1.0,0.8186884453990901,0.709499827310744,0.6064452340702121,0.798498181022062,1.0038274361311057,1.0686879030081924,1.0520930397589736,1.0684727516520283,0.9733094771100022,0.8921761357157393,0.9664712928863095
2005-05-31,0.42522798140836504,0.6823132440136277,0.9309525056374118,0.5491700283866932,0.6953856383954107,0.8668580536113694,0.6984533104908011,0.8240532779668088,0.519750512581164,0.886019677694891,0.6793157699696396,1.0429160301891798,1.2483743779910412,0.6781184928611463,1.0049994215975384,0.7024664544269026,0.8434471209497197,0.9887469312000917,1.0045766907008118,0.880658068883077,0.38426184278886466,0.8892754863614832,0.6104548853438526,0.8714300329893692,0.6870622818479951,1.0,0.9094252417658699,1.0,0.8327993813700368,0.8534214245833429,0.7754178128156167,0.7611963011491959,0.6465848683206652,0.9866467492779485,1.0938093729107186,0.8381454876990893,0.6741824546053431,0.984966588261131,0.7710106319834269,0.9644364473822176,0.876902369131027,1.0344948003893837,1.0675316445507264,0.98015165253475,0.9623946964790824,0.6245365377683536,1.1100186018556395,0.6457114304081669,0.9831824464419884,0.8743282584620483,0.9142612299937662,1.144175375036523,0.9923236407944538,0.6363895475280459,0.9096560517306598,1.2380920215172702,0.5022180206548463,0.9222417228563026,0.9994763215014374,0.5510198063117053,0.8243773130797,1.0048214941981812,0.5822588391033078,0.7567424231323161,0.5970414287971764,0.9958078237337374,0.9623544667807976,1.0037392269497132,0.9481522580557955,0.9212527617574122,0.7548988431482527,0.9456791453584279,0.44698163445617756,0.47912385329410967,0.6411948868063473,0.5921708475100129,0.711284164111084,1.0,1.0410597433497184,0.4798628870245103,0.4444344318678699,0.46423695823378064,0.8459893316669684,1.0,0.9784159888659419,1.01222541981941,0.9687119111390033,0.8971320512755698,0.6506114911735802,1.0436502873622981,1.0237190792404738,0.4379619722482274,0.9830814371243571,0.7464018154477361,0.5841305750313419,0.8138851510649584,0.5533539553088183,0.6744954787556117,0.9489642511808914,0.500104792582811,0.9412884730981297,0.9864314506144963,0.9197024780021565,0.8566527002160671,0.9297278970601616,0.9406004653606959,0.9718487418098022,1.0,0.6146838720077267,1.0,1.0,1.0,0.9948904946660344,0.6305582745391048,0.984659299515152,0.7940090143815686,0.5304447741091218,0.985978283548661,0.9902124660167636,0.37066920593167874,0.9123367270703152,0.676368875986737,1.045151991155793,1.225315865392588,1.2853490966777565,1.0,0.9301715727202279,1.0021474986457182,1.0136490712454573,0.9916187024106845,0.4431669014423152,0.5205137708280082,0.8274916887767423,0.8870769667606104,1.07358206036507,1.0,0.7628065152760838,0.9709118569661537,0.8045776058325578,0.8320910097270205,0.6465750577729827,0.7989322290154262,0.7062077153686181,0.6702576881002611,0.7194921280160105,0.8935013923962666,0.8346575838065036,0.8296436883506092,1.0,0.9242380182567447,1.0,0.8015123353041823,0.7220094117187719,0.6068511944731458,0.7984201630152835,0.9977581026161606,1.086297872585738,1.0145905419506664,1.1193536336767977,0.9727967760955486,0.880402751071751,0.9620937378444593
2005-06-30,0.4254531613493546,0.6625444221637877,0.9315335087531822,0.5506449064333292,0.6892571079412739,0.8601793432087854,0.6979233981042292,0.8183472970497196,0.5195578496882503,0.8903625574448596,0.6514137161944139,1.046750409551435,1.2635039343382712,0.660255165529773,1.0054795381054928,0.6675322376707435,0.8074517222601221,0.9919815084432655,1.0110866035710468,0.8806462285797627,0.3834122490925074,0.8543547315104294,0.6101398467082101,0.8712066149608652,0.6871320334720258,1.0,0.9124599541795442,1.0,0.8232907408868891,0.8524165909729553,0.7856164407611519,0.768173594698211,0.6535789690614648,0.9855629900472668,1.1920731237352524,0.8382692917879988,0.704570200191809,0.9849723802133933,0.774658015098464,0.9617823031399606,0.8804582885158433,1.0355378246359948,1.0100591020435108,1.0408365867939733,0.9856976476414638,0.6163138855186623,1.109772203131997,0.646362236117007,1.0036820305598075,0.8738220508800539,0.9104542308529193,1.1249335757754402,1.010400335330013,0.6200244302914667,0.9057858972874651,1.1765319825822327,0.47933635170979216,0.9280367697487918,0.9996812655775178,0.6308527863827721,0.8213184275411882,1.0047813008239261,0.5066361987139215,0.8151821305306052,0.632953234902607,0.9954024735240643,0.9723718912015256,0.9992800551140841,0.9345207733313159,0.98272206937135,0.8017924283800179,0.9668445800169193,0.4454598109181106,0.475201341152684,0.590929540178979,0.5792219669112801,0.7101998200554769,1.0,1.040708362461818,0.47688947223296463,0.44634729937018625,0.4807448507861065,0.8455306697231764,1.0,0.97777194674961,1.010363340217777,0.9629673089452161,0.8931138767179023,0.6465398656927533,1.0604890295920757,1.020571706014883,0.45009512008691976,0.9702196136325265,0.745741871725679,0.585199488859162,0.815884580119075,0.5395938740129728,0.6746569060789566,0.9277216494554329,0.5184739165811901,0.9490675393331464,0.9862694974012993,0.928950019584034,0.8627139420696426,0.9266449575773069,0.9035709592062913,0.9712546308181416,1.0,0.6151512730173608,1.0,1.0,1.0,0.9957563091273383,0.646789192957056,0.8123439504738214,0.7738153601451532,0.5301850708718262,1.0083397762672355,1.0076589374691352,0.3462710052955521,1.0563727089110295,0.6626799131806791,0.9997388836245856,1.2230961888629284,1.2020049215026463,1.0,0.9252915725633214,1.028922992600197,1.0128123403463265,0.9980395715043087,0.4376604851854672,0.4946871245099661,0.8276780939514058,0.8878516909868696,1.0643867212935272,1.0,0.7741813623815846,0.9746906699702376,0.7123852266638147,0.8158493603543231,0.6363472974901474,0.7933304961431129,0.7062069059403389,0.6695082991350669,0.6985811927608165,0.8979031070996208,0.8331853964071303,0.8243801999185705,1.0,0.9116353975878623,1.0,0.7760712568474637,0.6876997692091256,0.6066686184354074,0.7984859721718967,1.0010376223284658,1.1084893417506418,1.0300897931146422,1.0973546043676687,0.9724729030047792,0.8807127549641682,0.9624335541712046
2005-07-29,0.4284161140581917,0.6747480914169621,0.9286730633225904,0.5559457699297116,0.674268572044155,0.8514900181714243,0.7010164968095951,0.8016523346248507,0.5217097316507862,0.8961147621312929,0.7351653092661911,1.0325539009298197,1.2677611803597122,0.7183072649077382,1.0041571137400749,0.6639634059520224,0.7809250890242518,0.9992551620728171,1.0091614211416644,0.8807484226222644,0.3877075303954106,0.9075333931216283,0.609576612679954,0.8710948193051127,0.6870405431357716,1.0,0.9186852019010344,1.0,0.8192636299601619,0.8500304707795923,0.7780525955899481,0.7641234567667645,0.6732689689391878,0.9840148935224592,1.126793760059109,0.8361102436598251,0.6547662007860346,0.9849726184012392,0.7782372589029178,0.961717670151679,0.8679502607377912,0.9983946279058012,0.986888282307594,0.9594342260067851,0.9203631160633414,0.5873139663621645,1.1258368663968679,0.6791240769861611,0.9741416185637728,0.8867780887482595,0.9370897993243732,1.1379512076327734,1.0156304432649934,0.6394893375542899,0.9259200733400694,1.056968610545341,0.4984771587723641,0.9687309497392856,0.9993136850911275,0.552894242057999,0.8289309467083402,1.0039587516227222,0.46974399235222775,0.8504391449675146,0.6580798410316442,0.9936757550231307,0.9634120242140618,0.9611981328918863,0.8499733795323998,1.0238553597630653,0.7899559689502502,0.9782516904134273,0.44817864937079377,0.4859645523432734,0.6006353809751332,0.5867988018486974,0.7067326123319064,1.0,1.0920559579893265,0.47816704648392294,0.46286913809551367,0.47521411092522203,0.8376566984982416,1.0,0.9746957132070059,1.0051900181490803,0.950919149949674,0.87897746764019,0.6471624369276029,1.0678533700821526,1.0074175822339313,0.44770541783865714,0.9627176955088459,0.7067876850358152,0.5920168096345757,0.8122610140305441,0.513634863572209,0.674899874372461,0.893733056977037,0.5515495663470236,0.9246481926570825,0.9819851450187194,0.922526373903273,0.8607667280154977,0.9432081167767115,0.9436971972666592,0.9707458984912877,1.0,0.6137629364523093,1.0,1.0,1.0,0.9999687613589532,0.632828803401523,0.9267477947503803,0.8188540394968817,0.5306854867496719,0.9369923824326692,0.951302231206668,0.3860255262105643,0.883136285064415,0.6615219516086027,0.8974349270169198,1.2283186192617535,1.1316424751567618,1.0,0.9088582723674412,1.0138182962178237,1.0130629848098516,1.0026219970729164,0.447078986113176,0.5143203833521987,0.8279478308225892,0.867456079750361,1.0547283098935836,1.0,0.7682008600602975,0.9656908062635505,0.7094990292246846,0.8397657892198079,0.6406410902135675,0.7962031383875972,0.70620813254147,0.6733088821644011,0.7555853025640362,0.8793412136911201,0.7577538261922407,0.8141859478759845,1.0,0.9231975143487546,1.0,0.7308952316532584,0.6650663198510217,0.6064246464268435,0.7983331349917286,0.9972963917700498,1.1178505477632363,0.9651843378044185,1.1451180135698984,0.9707006956826281,0.8720782097798863,0.9580275983551934
2005-08-31,0.42844686327057735,0.693441387179115,0.9354856976527881,0.563562245217828,0.6871486813523879,0.8524424686182235,0.7065673196788081,0.8209961807022631,0.5295939777699041,0.8472671621489476,0.7469208840735848,1.0300019425708264,1.2756573042464194,0.73213342944242,1.0039492110136634,0.6370669556541944,0.7811424865748513,0.9966443931864041,0.9996643131920931,0.8807296613655987,0.3839150686832058,0.9453661179173976,0.6106936814797145,0.871107961911831,0.6873184722496924,1.0,0.9139559304553996,1.0,0.818620926478941,0.8505621497946199,0.7274508556170163,0.7639874002521404,0.7117579665438875,0.9841568389801527,1.1760636697982845,0.8355731973335041,0.6226696005222642,0.9849819699634621,0.7668036099343751,0.9708702280177469,0.8707384612078491,1.0504868263957974,0.9867069507575262,0.9443850036123752,0.8859137393905481,0.5865546290060548,1.1215155819737548,0.6867990061805953,0.9568763278460068,0.9129044779422286,0.9448278016513061,1.1415041643687616,1.0246511619399128,0.8025963730679717,0.898080590179244,1.1580825661110714,0.5411639888489752,0.9310191826889623,0.9982024550792581,0.6044618575595206,0.8630123362497175,1.0031091015966647,0.4601684039564625,0.8964676791281366,0.6555916028910447,0.9943007333793858,0.9464604927853795,0.9300343374498499,0.8554011139659685,1.057391767529967,0.8087231656479213,0.9826856834149511,0.45006888091759856,0.49001087564431833,0.590739088735438,0.593904502247962,0.7070077607920644,1.0,1.0844849914112218,0.47942910039487663,0.4602233212707394,0.47863998953095155,0.8334913736232079,1.0,0.978011714675808,1.0103683663046135,0.9598656293383869,0.8861229406810605,0.6557384235237937,1.06470308587319,1.0026415245903302,0.4459080300326609,0.9663985068000266,0.8162241605534276,0.5897471375231602,0.8172300693900834,0.48229675380020876,0.6752249450104566,0.8876920463665193,0.5563713261175353,0.9632971066053987,0.9905181964750612,0.9124014853022157,0.8481152836951211,0.9455412401945688,0.9849878217147934,0.9705599650862229,1.0,0.6122315057010024,1.0,1.0,1.0,1.0047507146311552,0.6274734020356374,1.1814092640189484,0.8343289872115144,0.5300089033177815,0.9592019900242559,0.9689406393244223,0.42401805832562,0.8413728525653645,0.6787593385595788,0.8893436993553229,1.2223493832676904,1.1696615936162633,1.0,0.9106305642743111,0.9791915642529293,0.9714564584976992,1.0035865088707872,0.459575515840964,0.5249613729487141,0.8281733556202096,0.8436298689296635,1.0458534728582463,1.0,0.7629614856491589,0.9649860576259959,0.7138229114662236,0.8372071874794864,0.6641752132604499,0.8098788513580328,0.7062106550448455,0.6719545564043321,0.7896223286982037,0.8744625193164117,0.7462348802476801,0.8171996558837072,1.0,1.078516879855661,1.0,0.744121530347919,0.6682628326588684,0.6075746732871289,0.7983032184036473,0.9957958004504538,1.1061273198624244,0.9500907120702285,1.13905627789624,0.9702561618721958,0.8741048490918848,0.9567684724883402
2005-09-30,0.4285118840392641,0.6906113823125795,0.9369396131326655,0.556791886246274,0.6803165961464239,0.8880894633598638,0.7159316622652436,0.7911579927889716,0.5352579513018949,0.8339621758353213,0.7329743099332797,1.0319589260958542,1.283934380922823,0.7010705788214386,1.0046866184505103,0.6037726094118679,0.6924683659182891,1.0029516286778157,1.0337990489080453,0.8807278400315788,0.3817899453766783,0.9363340301336928,0.6097835048297553,0.871117283667943,0.6876451102161892,1.0,0.9229439836775499,1.0,0.82210421647333,0.8502553067069037,0.7116724401874444,0.7649141086772719,0.7460441978822241,0.9860021313827192,1.1870720288881358,0.8363908911710923,0.6306619495391212,0.9849700172242953,0.765328714055509,0.9704970738653043,0.8788276809371457,1.051205420545092,0.9940910176438977,1.0431203248797316,0.9018108702338401,0.5849680366938135,1.1071669813939085,0.7299954930136874,0.9258527350038629,0.9985003158171787,0.960961115331519,1.1594141005664,1.0359784215778052,0.8864084885940533,0.9381887323999277,1.2362929969877794,0.532246069486993,0.9446541927401129,0.998387941433479,0.7440696060024788,0.8523520010197914,0.9999511316329793,0.45143559971199243,0.9152915644499411,0.6996164870939122,0.9942805763803964,0.950841540865766,0.9556914918723568,0.797299862476677,1.097587621100604,0.9834839685277857,0.9813687230054148,0.448351879644284,0.4984968220128043,0.6165709573063892,0.5968321339466097,0.7069571511696262,1.0,1.1074972101748979,0.47794629373965336,0.4602310542678203,0.476140380014376,0.8326742619904871,1.0,0.9800224121643122,1.0128546921596238,0.9615072824555758,0.88532335716562,0.6547524976019223,1.0446636619783027,1.0519174559166289,0.45171200432334413,0.9786524135843564,0.7452901446305343,0.6173144697714812,0.8265586697288232,0.5400877362413653,0.6781512252239646,0.9053244457571209,0.6072684747902501,1.0138348139655229,1.0185374860381868,0.9059300365121773,0.8469482850930181,0.9543038088887001,0.9560671273137061,0.9699533592016459,1.0,0.6042146695984401,1.0,1.0,1.0,1.0024428244586687,0.6292765424360572,1.050497750205655,0.7957058985868662,0.5300017689777143,0.9265323962056125,0.9424102121385882,0.44183704825815884,0.7669404616889803,0.692302353570018,0.9540813002843399,1.2241485638007161,1.2019170167658904,1.0,0.9108039218246142,0.9795521365000831,0.9483850815660273,1.010627485496481,0.4517426106006859,0.5138336016152019,0.8258539147591103,0.8315738831783345,1.0343778931568073,1.0,0.7709329079660471,0.9690193955638484,0.6175162276097752,0.737675270296468,0.6633964483935665,0.8137196834779853,0.7062084671144082,0.6739702351790466,0.7820246632081489,0.8761460490726277,0.7368108170993022,0.8216375070965202,1.0,1.2086399912461687,1.0,0.7528467080711322,0.6724420015670355,0.6087117232313091,0.7982711959858809,0.9997535110203914,1.1195990646099854,0.9470141154101274,1.1181822426489174,0.9703408878176165,0.8791545347361377,0.9577972595647534
2005-10-31,0.42828241511138354,0.6588077463770227,0.9345657574023375,0.5558777117184592,0.6776333452678954,0.8773901902161855,0.7166508334301531,0.7664117432051535,0.5300096121278413,0.8611139597881765,0.6877868161644437,1.034176248410154,1.2438585180723882,0.675630913630519,1.0052703164678372,0.6005799524888684,0.7395105936218662,1.001796354034883,1.0411279602315704,0.8806982424793038,0.37921028345970986,0.9169930827661449,0.6096442800675519,0.8711198657529564,0.6879471039723237,1.0,0.9289870484440574,1.0,0.8209284295957954,0.85018887119474,0.7226227706648856,0.7543924387598739,0.715966759727921,0.9949291573916476,1.1552207861605317,0.8353202031410304,0.638746624201973,0.9849669939330254,0.7527349041834285,0.9699419746674657,0.8926273135842876,1.063174701116004,1.053247353024563,1.0702821100925786,0.9259667782952226,0.5849265677537198,1.0896891147580607,0.7051279734458182,0.9376122299103742,1.0636872086042326,0.9491481227874813,1.1811511976648656,1.0153525297203356,1.0426069401511375,0.951900166634605,1.2199945083318855,0.5155629360210396,1.034766354310476,0.997923442747269,0.7154838380837216,0.8763046820626428,1.0000361382925975,0.4901351779680134,0.9148185312835548,0.6616662737233341,0.9952228639135356,1.0153198286366902,0.9954819082787009,0.7529676843985006,1.1221279074899788,0.9420931197956218,0.986265134534643,0.4484292871368334,0.500934381692854,0.6134380490681701,0.5970450293864404,0.7068184404462952,1.0,1.037986357392231,0.4800680834136537,0.4563651533506413,0.5014937163329387,0.8364249387379533,1.0,0.9825272236697746,1.013773971783239,0.9631381804438605,0.8890842648229506,0.6512947449979734,1.054430461214255,1.0441392840380825,0.44893311975187333,0.9719324189300302,0.7150310870456675,0.613293456289006,0.8322908482652337,0.4919778049322451,0.6798347041151556,0.9199624467427332,0.7175919374586711,1.0464697007954065,1.039235780407739,0.9339646549940411,0.8494714575103526,0.9541275433232134,0.9504004364377056,0.9694763091759322,1.0,0.6048694702859319,1.0,1.0,1.0,0.9967110503616927,0.6292458312848033,1.086020899168669,0.7740354796633998,0.5296112991009962,0.9503750432043866,0.9622858610028928,0.44298061842150227,0.8337982876560806,0.6904657029174229,0.8997355815256834,1.2361019431610394,1.2928120010116673,1.0,0.913710285974003,0.9821085573329729,0.9478696209536462,1.0130601258474305,0.4541967524923628,0.5127490357052544,0.8258125900686378,0.8607406994739778,1.0484112195577462,1.0,0.8312232631120022,0.9806313480890501,0.6381012233687671,0.6697028746636471,0.6574811096364216,0.8232902729142486,0.7062078128435336,0.6733518960270134,0.7780273555109165,0.8855873309119766,0.7467757720711146,0.8383670512357413,1.0,1.1718595897692046,1.0,0.7660176414278715,0.6803352708910051,0.6090386206960368,0.798269908351145,1.0034460824547198,1.0992419625484695,0.976936085309444,1.1163884379841054,0.9717888960015625,0.8826042868736679,0.9619008784857526
2005-11-30,0.42703505216987037,0.6490234167130009,0.9316565568922122,0.550602131023521,0.6639236459432247,0.9048324871004226,0.7042252287004311,0.7574604835688143,0.5293560602410596,1.02321723008007,0.7151505310384669,1.0386673970368792,1.2425868462494272,0.7231105148892067,1.005887198588531,0.6018217591038441,0.765020935725806,1.0039765201302076,1.0427644730509504,0.8806571898828623,0.3757481897004591,0.8981654675446433,0.6088752551047554,0.8711133700715217,0.6881292219995876,1.0,0.9216239512298575,1.0,0.8165398950264632,0.8497881378658316,0.7221863494680367,0.7644093936810199,0.7151394375344046,0.9966951319638676,1.1856223633078855,0.8348325210186973,0.6200441297912876,0.9849525129867324,0.7495531472926709,0.9686593077209905,0.8921785171948489,1.0601228378290835,1.0976356902919415,1.021746860589849,0.9254402519464825,0.5865396787437304,0.9935350325925972,0.6921306471158388,0.9147110904742302,1.069997585446697,0.9227024604936199,1.1587320379345787,0.9586005374448946,1.0362064945312093,0.986855907916889,1.159998610677893,0.49729694628992094,1.0904341874906736,0.9989643670203803,0.609102180663152,0.9074855331283704,1.0007178856964427,0.47852188715539234,0.8719799501569492,0.6585739302408824,0.9942590517387808,1.0307302167470689,1.0147504455945484,0.7005753473319435,1.0755137798770442,0.9775364889678255,0.980063157648548,0.44648106015300715,0.5002246056801377,0.6344083412371917,0.5920795531393432,0.7065203046084596,1.0,0.9998489507855343,0.47803556666343694,0.44881428253838096,0.5090386400240929,0.8364823790544977,1.0,0.9819896832701137,1.011998349631078,0.9622022460186647,0.8784867302988961,0.6506675537347868,1.0572093158792342,1.1249766935858725,0.44761991143501567,0.973196666146542,0.7023090123613743,0.6243570125881956,0.8332750067846211,0.48190711351667104,0.6801675943108045,0.9295641663182154,0.7111417908193689,1.0537146503751604,1.0488008758202902,0.950828422388721,0.8510792886280685,0.9521013556287634,0.9327492465772678,0.9693769007295927,1.0,0.599794825938917,1.0,1.0,1.0,1.002839132973372,0.6456601882965838,1.024393822724127,0.7259709715472065,0.5352901787968297,0.9276443526619735,0.9432972295292064,0.4075927280669853,0.7784663634513969,0.6940710528221317,0.9336180831700915,1.2412972988993858,1.3520470582953488,1.0,0.9118275128229673,0.9676530966889202,0.927959233991003,1.0069331763390774,0.4445046061309186,0.49313902562494916,0.8274524752751945,0.8858278133029294,1.0548145675537364,1.0,0.8260535381368153,0.995300231833355,0.5535072605033444,0.6362207662496268,0.6243043913344938,0.8256154752600098,0.7062073856569686,0.674706849418963,0.7070155261941361,0.8982135415431005,0.7698544128670382,0.8605354267834644,1.0,1.0136958624901058,1.0,0.7541543468955018,0.6672597005583858,0.6085720063089863,0.7985088174323409,1.0082810270028202,1.1265661789747439,1.0150414008639872,1.1312802496499392,0.9729199290457811,0.8880179522105992,0.9651229079375625
2005-12-30,0.4266168000593915,0.653200489169605,0.9356078283066233,0.5576629645102729,0.6575530665494156,0.8985971975829921,0.7015159890393483,0.7824196054558951,0.5374764456751635,0.8986276264658507,0.7219350335831225,1.040138682004491,1.2687961207627976,0.7004706049798775,1.005818540826835,0.6211527757494473,0.7381871629382081,0.9994050449291085,1.0440937519213778,0.8807050738755592,0.37502831625641275,0.9487076555777939,0.6080999405367185,0.8711284462582591,0.6877855174178433,1.0,0.9203637632118227,1.0,0.8212002566259458,0.849604213524237,0.701173488922025,0.7813005082958442,0.7392299346286102,1.0005089958632096,1.0332111514325948,0.8344248110200893,0.5989192482493253,0.9849452960306301,0.7451620374278107,0.9678450510511367,0.8940613607307875,1.0680897540445513,1.1126550300954179,1.0167917418527537,0.9218250312439912,0.5908874049220914,0.9220095919997502,0.5909192392487772,0.9838261695210756,1.0605304587129274,0.939188527054375,1.1371056852305002,0.9308480628823625,0.934113571521556,0.9640590138169971,1.1753783549953836,0.5132915340936174,0.9725777677530622,0.9989052599240881,0.6779967959042936,0.8842462806695112,1.0005919206353642,0.4715204342371605,0.8772623860426771,0.6634835051241863,0.9939304973073114,1.008516332448948,1.0301359773004453,0.7923969967252125,1.074710995031708,0.9491676223592734,0.9997493670006901,0.4469504091529465,0.4965778970410114,0.5907103538206229,0.5851478272745532,0.706511803749349,1.0,0.9757475953152815,0.48138868600053164,0.44758541651233386,0.4905627930768679,0.8334041075381167,1.0,0.9839292936936939,1.0125498926403775,0.9633231343094502,0.8854490851335983,0.6497493847403459,1.0625465470339606,1.0743786830737285,0.4689356635120302,0.9718196863243173,0.8050631055937726,0.6075723670712166,0.8062400514405469,0.45939223254278505,0.7072511741015656,0.9210897170194231,0.6552682595642976,1.0445331845343766,1.0446935501878802,0.9397198059762656,0.8460575010367684,0.959403788230095,0.9253796960787245,0.9690839032379597,1.0,0.604141364281622,1.0,1.0,1.0,1.013373933509189,0.6313410258207144,1.115752118890473,0.7326824934664848,0.5338950501372763,0.9386285088345019,0.9523969244998739,0.41998761488262026,0.721376762082174,0.7186854009742583,0.810482666053238,1.220792265928764,1.3228173465794866,1.0,0.9096634142539145,0.9630036378143983,0.9139373820639624,1.0078295825897121,0.45367327542110725,0.48663260845917844,0.8271099723129491,0.859107441451653,1.0356193818731494,1.0,0.799110602918164,1.0094096012819929,0.562202983300543,0.6968365696774577,0.6159343309104937,0.8301625850414058,0.7062070715401885,0.67204491959188,0.7494610700109487,0.902914957557122,0.7781976145280967,0.8710384641393836,1.0,1.0519982648534993,1.0,0.7810216776875528,0.675095519706348,0.6131785816295879,0.798543553324772,1.0061012449138635,1.1071524762012253,1.0211391650263422,1.1304567920815682,0.973027378710924,0.8852770975922164,0.9653155007633575
2006-01-31,0.42635227003634923,0.6390179356264891,0.9304942572095433,0.5581401207582166,0.6531189254385836,0.8918657415663813,0.695947335282769,0.7900131123238002,0.5586344796716041,0.9367507205673483,0.874669076847972,1.0284962365842105,1.2305774399515284,0.7956972207082367,1.0048560903858377,0.6724942515595704,0.796210311793173,1.0117146018357783,1.0296442995812944,0.8806937914333426,0.37563974681920176,1.0425767887425372,0.6080736397713125,0.8710772746756439,0.6970425124925812,1.0,0.9251336916715678,1.0,0.8256041203719171,0.8823369706442474,0.6557300231795578,0.830886111010226,0.8148686317853037,0.9999222661519842,1.1077870486943258,0.8340660217589868,0.5933262954618392,0.9849423610578638,0.747157801586527,0.965366117626403,0.8925165871614608,1.0680065334587086,1.088178441632093,1.24258343586265,0.9288620879066729,0.5898864206471359,0.8131049799125861,0.584045417215503,1.1407213012151023,1.0574242040939614,0.9902216027393491,1.1280530965939741,1.0114401039836614,0.969299411184041,0.936968260837308,1.3314180663430257,0.5795090831076835,0.9568568076769328,0.9976646030458544,0.621273815379237,0.9255778567166506,0.9977764123736658,0.4934647273622881,0.8749831731380812,0.6715059976751756,0.9928424363145457,1.022672424450567,1.0192107957369132,0.8358560806742041,1.267227963894584,1.0023224818310454,0.9890883107396887,0.44715236803329284,0.4915848170064915,0.5929683378501085,0.5903892930063633,0.70601844147236,1.0,1.0039167212287823,0.4776436001260618,0.4469641367985062,0.4824020599484249,0.853218038723321,1.0,0.9910824801931827,1.0199915146586103,1.0057721225340261,0.9710911493542274,0.6491630939301609,1.0526993275836665,1.1155244038135372,0.46949032380534894,0.9952719117220085,0.8288399754229125,0.6415436928688583,0.8124457806727441,0.43519892263717974,0.7445599923559623,1.0559411150270464,0.6138412782778142,1.0444952759817647,1.0518170798980666,0.9403878997959769,0.8474838893676322,0.9751624463489769,0.9318305953475874,0.9689823731147806,1.0,0.6027276463510727,1.0,1.0,1.0,1.010893633725771,0.6337882717689437,1.115759522232868,0.7792276089675463,0.5396562557144906,0.8984016576005082,0.917806995834904,0.46753483474180135,0.6489674762235561,0.7527336666355353,0.8367015342131232,1.22677071185265,1.3340060373311073,1.0,0.928579198327695,0.9534444164736914,0.9588759337720736,1.0204431383501362,0.4729155251770718,0.49344104026443303,0.8283195616159772,0.8713225246721958,1.0268542620793806,1.0,0.7736973652554588,0.9975545290961121,0.8410460019663655,0.7475383797397976,0.6337880331910157,0.8304869002856782,0.7062060639685772,0.6866961965100552,0.8405014348985211,0.8842176353654018,0.7358751522879097,0.8699185248383627,1.0,0.9244628125396881,1.0,0.7738718864469868,0.6653080145637795,0.609402516365108,0.7985528640980809,1.0058671609773004,1.1032383357896278,0.9624964527428655,1.1775930486579544,0.9714532721198698,0.8780519724561064,0.9604737607741012
2006-02-28,0.5511946736572053,0.6375520972929414,0.9288089309704886,0.6059710153349318,0.7382739119792747,0.8857763289852729,0.6977052151839676,0.8563204201779104,0.8309645022977642,0.8818746679423899,0.8879671320785165,1.0268851639185006,1.0975380600322509,0.9088564234597994,1.0048710085640564,0.6384504050316773,0.855253906990185,1.0009157735683551,1.0363116534102674,0.8806350222194755,0.6081672574483741,1.0172805401095388,0.6111437040221142,0.8710767350031489,0.688033124387873,1.0,0.9262181123153869,1.0,0.8242193805510825,0.8625553619552947,0.6417148849742214,0.7771639266363836,0.7967439054499742,0.9979435474828082,1.2436303933181396,0.8341853396320755,0.6106731509484407,0.9850676419805524,0.7465114699508247,0.9620274072319286,0.8948264799988169,1.06941239687698,0.9724770411845327,1.1774613026644651,0.9397298078895978,0.9219910776088863,0.7708271400637418,0.9595541624391605,0.8963501020205695,0.9365563297707585,0.9009756377617183,1.1478508291365155,0.9797865242181423,1.304667278633585,0.9006676369198005,1.2197298643001722,0.8600396109078904,0.9845127221644205,0.9948585961100784,0.5770642801036256,0.9060631213155707,1.0014719576442095,0.8588080371008139,0.8374801300848633,0.5922605636096043,0.9940555920043364,1.0383914497760374,1.0436892783571443,1.0628601168353633,1.1393749679476266,0.6366826573139897,0.9725577691975317,0.5907036982299376,0.7093908171564037,0.6923852558607402,0.6897948221984371,0.7060315069201183,1.0,1.0782686032868294,0.5941519646471289,0.7200851598675797,0.6688261870606824,0.9014627609881999,1.0,0.9836117966164696,1.0143568555365254,0.9836279181666097,0.9333702718580138,0.7670979580177985,1.0064520697140302,1.0894790808288854,0.4622436732394697,0.9720037430805706,0.8313121208634497,0.6966321100887616,0.812236685464191,0.6364556754467574,0.6811462903927176,0.9564133328349173,0.6574449779492009,1.0442018970541438,1.031463505570494,0.9438934674139277,0.8569334106014459,0.9535866967978911,0.9571323665285822,0.9734812777810927,1.0,0.6089640585079957,1.0,1.0,1.0,1.0066366582054493,0.6389903817333182,0.8549772800676428,0.6047512633172047,0.5386537503539734,0.9654293413514634,0.9723740917974378,0.4570222891792838,0.6633168983790274,0.8379614876578391,0.8078549860523039,1.2361626259282301,1.4153767752645507,1.0,0.9046762982967318,0.9147578271837922,0.9327000847631636,0.9426074602468928,0.6259756200455573,0.7121117628774766,0.838661210762598,0.901700696235959,1.035913378597028,1.0,0.7704872034128256,1.018964018139183,1.040166610058913,0.8068021532197698,0.6198935600352142,0.8284888841577739,0.7062692095666819,0.6733204986043603,0.9036497021017748,0.908617086432547,0.7992648190519215,1.0077523390927436,1.0,0.8853069012702679,1.0,0.8695081415529251,0.7738337976329441,0.6523289795459921,0.8002531494882277,0.9975394839699134,1.0618273859994902,0.939749069084818,1.1231898276060148,0.9761309058992185,0.8958891888715456,0.9736160874495514
2006-03-31,0.5146004080891151,0.6448369706121767,0.9289277437282849,0.5871935973431139,0.7101892902500391,0.9409066732076359,0.6962373190154285,0.8379308549478395,0.8431225408897841,0.8521337084075474,0.9741815213782515,1.0156112625748173,1.1145486621045626,1.0054726027816256,1.0039675495205636,0.6543931438328882,0.9135084318536737,0.9959875915382419,1.0014403920965254,0.8803455248833895,0.4970470319988589,1.0786809689610477,0.6104251944934782,0.8710742469697546,0.6881868200878105,1.0,0.9283674404825801,1.0,0.8394874276543197,0.8689233155801126,0.6422395069342092,0.7997757244239613,0.8649597292285217,1.006840021230518,1.2714784962785153,0.8340507973894947,0.5952041091728908,0.9850615298735406,0.7433153513169687,0.9622046743236984,0.8979162313307305,1.0706019429657123,1.0275553771647818,1.1820293620483358,0.9090530410669354,0.9060427046541207,0.673328095069961,0.8519092580279726,0.9748610471161683,0.9125211575368471,0.970018539226387,1.0900748209550863,0.9378294222112329,1.137903069352976,0.8507427506078802,1.2857734363844724,0.6945822584240603,1.0038842588799577,0.9955676078004563,0.5635474295236578,0.9274345896429577,1.0025415998665583,0.9544205983191354,0.7632739136683009,0.6033433405034567,0.9926028954911588,1.020111402847649,1.0399497469329981,1.1017115422884056,1.1682140935938221,0.7664043168909221,0.9696793095904382,0.5379342828357068,0.5489346265239419,0.6186126486903389,0.6730713657207356,0.7060309700012661,1.0,1.071105590140748,0.5447144124269296,0.6467456536924641,0.5636217976786861,0.8919370812035141,1.0,0.9854787656709275,1.0197913332554427,1.0092216783058323,0.9630361176091169,0.7131774439751244,0.9589060485401556,1.11048915679871,0.46725559092392754,0.9678278718169446,0.7419621164897754,0.7579527989596913,0.8260802773978408,0.8156144228836211,0.6964473228222914,0.9760314637470853,0.567426573708327,1.0484590265940341,1.0375639462235675,0.9187613546659396,0.8488115495851517,0.9761846500044042,0.9595194527697802,0.9766344572248098,1.0,0.6278237121017978,1.0,1.0,1.0,1.0061996665629158,0.6357777547897456,0.7365069006716799,0.6264850437061533,0.577378359705512,0.9408131919936468,0.9530586789110663,0.5054688650882296,0.6769371355213161,0.872923826213045,0.820823559660509,1.2252006901905739,1.3664333138439204,1.0,0.9163278171156153,0.8978695891214719,0.9405097946076737,0.9031550761768725,0.6709405175251704,0.7249644858432356,0.8354098187972381,0.8681852252559219,1.0252090332142931,1.0,0.7661588966118376,1.008049090836254,1.1247353624348948,0.805752526498124,0.6095980408749959,0.8191049209729089,0.7062969591461777,0.6764880163962763,0.9623144215181167,0.893275701624895,0.7836475001889026,0.979379468772427,1.0,0.7626767039595375,1.0,0.8556301920301564,0.7672137538039817,0.6474395003771052,0.8022967540647467,0.998419244341767,1.0776115004881595,0.8949980146235152,1.1497922031388794,0.9725990346879663,0.8803079647231148,0.9619237422957762
2006-04-28,0.5362744173525997,0.6616911701665869,0.9301146936672436,0.611452012255191,0.7120970433977141,0.8935639733820615,0.7000963573555925,0.8716529533451749,0.9746484619789175,0.8699074933220927,1.047389517463657,0.9985661851933954,1.2291869053910245,1.0367298848525943,1.0019200095330243,0.6743477715662449,0.9984005838650467,0.9942641925534419,0.9959486300738349,0.8803061102271444,0.4768641702859103,1.1134477644833038,0.6101069418962375,0.8710746456391921,0.687352693107618,1.0,0.9183328761154853,1.0,0.8352390080803459,0.9317040006491691,0.6267507212888656,0.8452550827534453,0.9545103454235189,1.0036171977627515,1.2574508479279833,0.8339458523290576,0.5904805514030691,0.9850547058485097,0.7406461176396798,0.9627458146683556,0.9006885976954936,1.070752548059259,1.0469720023968874,1.1482179199523956,0.8742456885496185,0.8169582931124982,0.7576720488550921,0.7823069453492004,0.9674905386528365,1.0157028647208843,0.9536749131143532,1.1488262641178049,1.0375886296551775,1.034700784369523,0.8181391263359072,1.2877288435161671,0.8113363869006959,0.9447332568448347,0.9926191036045074,0.6011685686480128,0.9853931798524826,0.9998173502853165,1.0155531445588206,0.7996351373805077,0.5857828901958145,0.9897439631868881,1.0021813625644589,1.0177674683549398,1.0962968207331616,1.1342996155824079,0.6458672971287944,0.968020277803974,0.6012558155694747,0.5501565813189624,0.6170139079576851,0.7155183311364524,0.7060365556172681,1.0,1.0048925612397572,0.5350929844450596,0.6597342441058178,0.5332336092821122,0.9105522270396651,1.0,0.9814325587504873,1.0150332228058199,0.9974547139769876,0.9307357816298909,0.699324472552104,0.9485658177448336,1.1130378898554742,0.45033831414730396,0.967107586309365,0.7382394652219242,0.8627590258437186,0.8537355652194549,0.8256414843191766,0.6803612981090447,0.9506440672382772,0.6151850324041619,1.0834225490050429,1.03971644985138,0.9064396084489028,0.8451910624417748,0.992305928418212,0.9757069931390432,0.9761832790450188,1.0,0.629159975954835,1.0,1.0,1.0,0.9965023722236246,0.6465657407113604,1.0095085409026552,0.6927516434052357,0.5900259193892421,0.8996027546042584,0.9185210060075606,0.5940353994160303,0.6549092419700906,0.9009534949083695,0.8556372459479062,1.1888038707645658,1.3297098412964954,1.0,0.909319963384934,0.8862711451567329,0.8907410379490914,0.8903481577810131,0.7410673008264764,0.7785554020422434,0.8449239174311245,0.8274717199151469,1.0080608885832323,1.0,0.7687254028421169,0.9952537383835102,1.1286080295566872,0.8416264562009548,0.609275712449683,0.8336883431781503,0.7063530139635352,0.6883764940898933,1.0107628470221195,0.8639970673120341,0.7293235255775519,0.9466013035793065,1.0,0.8042173817672668,1.0,0.8377824944698669,0.7600557131818646,0.6587269957814343,0.8006979757523025,0.9962007788781758,1.0839021406787979,0.7578675162963617,1.1058733112982766,0.9699840906740806,0.8582620301699356,0.9527892938602063
2006-05-31,0.541287263748033,0.6742966067763443,0.9319205136071015,0.5974989042709895,0.7060046433095377,1.0174133603159017,0.702162037145516,0.8026422669627786,0.9148706813134492,0.8150296166533013,1.0297001096645884,1.0171004247676572,1.2251970284190201,0.9813857472812055,1.0041211569731368,0.6758487127610542,0.9126094962668073,0.9904776063487949,1.0341495079239018,0.8804472113683035,0.5593776163181727,1.1097222258659991,0.6091917997915317,0.8710733917078826,0.6871568942319869,1.0,0.9114768492802788,1.0,0.8252517546082339,0.9261911645262828,0.6564354150485354,0.8381137680836038,0.98045162605687,1.0056038576720192,1.2415271100186498,0.8339376163652001,0.5860986768979558,0.9850663100091683,0.747304434025426,0.9608614416402199,0.905703419098713,1.0709539642231867,0.9139421327779552,1.0988027225592796,0.8757299427976939,0.7991256972462167,0.7064619035191578,0.6466335756258819,0.9521421015319211,0.9862415015325706,0.9577598125533566,1.1330318953623812,0.9749555615788226,1.1995990937012333,0.8453019404545127,1.237748614357572,0.6083201546070747,0.8915608636618481,0.9926571041992359,0.7298168330579589,1.020194491545098,1.0013322574362578,1.0402890088297,0.811267754960218,0.5645556341497866,0.9878444924880453,1.017563785094253,1.0552735127995367,1.0839000430902557,1.0839926012727312,0.5913810340685672,0.967022118849125,0.6251775478672965,0.6098148294126675,0.6121923136847196,0.7075740866228479,0.706024547460647,1.0,0.9235936500909359,0.5351549835866816,0.7130716030343807,0.514826781311408,0.9843659565534146,1.0,0.9821134301433185,1.017035461702463,0.992490408455615,0.9335453541263907,0.7055886453590643,0.9094097395424104,1.173122448656078,0.4712959120721055,0.9443156497058253,0.759434796195262,0.8685134374634115,0.8658419644669724,0.8504570142927953,0.678815011441555,0.949842419588139,0.6059821016333653,1.1169248729993115,1.0412289841041715,0.9137496019045724,0.8530996413029843,1.0085284472207288,0.9336517936670198,0.9752754897247699,1.0,0.623938119918896,1.0,1.0,1.0,1.002711604231314,0.6944597272309742,1.386064662143475,0.6425187210405479,0.6052055203512544,0.9513348352350262,0.9610492062602114,0.5688526408001917,0.6575335236497273,0.8837061073491309,0.8356390256741042,1.1101763812175272,1.1281832300335597,1.0,0.9107853829350661,0.9086253537948141,0.8869755669714205,0.895204711363239,0.7611703904998974,0.7698445368553712,0.8378782565030894,0.848508156003209,0.9879640742338754,1.0,0.7764133095662527,1.0557619415180626,1.0916572472799753,0.8948630420088588,0.627632589407964,0.826652799687993,0.7063520654332884,0.6811710962895293,0.9766277283623562,0.913511208715428,0.7545945121620614,0.9930020819153635,1.0,1.118408709665853,1.0,0.8478135427168256,0.733165642935339,0.711784872292557,0.8009223574294773,0.9979578561743281,1.1115793849019746,0.9024583653992821,1.1180289120322606,0.9754948939532574,0.8873590982071298,0.9686247657705298
2006-06-30,0.48670157055071983,0.6705983433750493,0.9313188748793592,0.5701322910108978,0.6694350649130019,1.0976650876084981,0.7000566714967877,0.7600673190521132,0.8336531936100794,0.7720471990564804,1.0219176823313683,1.0204437665252424,1.1963764864668345,0.9347325531648899,1.004533864528025,0.6884837481387787,0.7841089557407301,0.9930365543280992,1.0653229769018737,0.8805053544490988,0.524600582997551,1.1226527174871865,0.6089472555804716,0.8710735178330008,0.6870973175590187,1.0,0.9119719103400634,1.0,0.8330796771090494,0.9370136525302063,0.7418030138350946,0.8145860836525922,0.957775233356508,1.01329520164674,1.1946853464248286,0.8339614804568013,0.584345916513517,0.9850858866252522,0.7470176732915852,0.9604961277810654,0.908120445430549,1.0713737218447055,0.9437242750550899,1.060076625761915,0.8850683660299848,0.7752193924243707,0.6479135437091778,0.5863867285331164,0.9176885691327766,1.073159992882161,0.9877538431523125,1.1414264455989738,0.920284316310827,1.1561820760885708,0.896062822233416,1.218798570398568,0.5365213204074291,0.9147824516658444,0.99262670063068,0.7015465335198858,1.034459302186131,0.9997192284294178,1.0055786354506693,0.7648128877163923,0.5643428780339772,0.9902747687357993,1.023476864055509,1.0635098333440367,1.0609412443594866,1.0222614268074803,0.5511034577184075,0.9500591231414847,0.5496221402901604,0.5742292329110461,0.5987709998695667,0.673274844921256,0.7060237853379532,1.0,0.9355929859827053,0.5143729836555091,0.6114115191677926,0.4890003856942442,0.9944172441935762,1.0,0.9838332227712827,1.0176777466180564,0.9928914257703101,0.9564822974968896,0.7200447099484423,0.8942826308364322,1.149828137939987,0.449030353720424,0.9357115046788204,0.7985271029271285,0.8435168721513129,0.8678681866325068,0.8222475532245686,0.6864226161490314,0.9454987804080794,0.6122819359338656,1.1248298400361574,1.0446254646194115,0.9290101709776523,0.8702626686199384,1.052815809523142,0.9267803253351303,0.9740221508948625,1.0,0.6108255923023546,1.0,1.0,1.0,1.0137074931767314,0.7326694677648387,1.382473263062915,0.5615775334991995,0.6495587826239941,0.9322093024493381,0.9454861670305541,0.5998764376848176,0.652491060143362,0.8743410558909954,0.7698472633700449,1.0748187256341,1.0531386001600311,1.0,0.903239860850191,0.879422688196186,0.8959651618248923,0.914761754405734,0.6782052609781496,0.7157086546460216,0.8348760397568662,0.8695265595824175,1.0017518729904786,1.0,0.8781017118610683,1.0660128016217605,1.043416502855289,0.884115918174452,0.6241543232451838,0.8317872272077023,0.7063862922387842,0.6851740284392664,0.9445633258254129,0.9217891262801566,0.7632647000300562,1.0047592926335418,1.0,1.1173801058341148,1.0,0.8761798970372487,0.7188910222737327,0.7367079155333769,0.7996385459791595,1.0023767016806184,1.0789092569321463,0.9280925646345838,1.117825151526107,0.975020321109216,0.8873695961690609,0.9695549093515606
2006-07-31,0.5267217890785829,0.6600623158566865,0.9331486901766439,0.571996917040144,0.6825586085187298,1.118827192788645,0.6981370751669289,0.7577330558452751,0.932882349768043,0.7563523756050357,0.967534815823042,1.0460035682209987,1.1159008667283177,0.8526774915776766,1.0062368743403771,0.6656554288419152,0.7004470380680978,1.0029912999395754,1.0482882016360957,0.8805960315797949,0.787624869500567,1.0992744760063842,0.6106156946795708,0.8710797078624534,0.6870878827455513,1.0,0.9135417926362437,1.0,0.8276012559892102,0.9009220398996186,0.7552056575890507,0.7872810054175006,0.9403631146371253,1.01344205170776,1.22301279777734,0.8341016311180455,0.5886764058023494,0.985290767321089,0.7465908365706151,0.9600005307298118,0.9118408525231203,1.0697674528025711,0.9776025998036756,1.0768762740349076,1.0006179925095304,0.9536325929814798,0.6008758475155784,0.7036186725580531,0.9076731428867459,1.0134025486977571,0.9817403658234971,1.1333963949390726,0.9692404633457553,1.1331565674762607,0.944541848116922,1.2097589083912619,0.5570439668991957,0.8753815290934804,0.9920788856915839,0.7822622931954838,1.0253663949145715,1.0005872839635468,1.019489219716328,0.8585640422947663,0.6254594018945221,1.0003975048543565,1.035961854434737,1.1220686421886739,1.0883758114742124,1.0383039718021458,0.7067998219473441,0.9198226197774609,0.5842766403399615,0.6419575251748608,0.6609593801900929,0.6605561625964378,0.706033135264579,1.0,0.9405092578200951,0.6050824713983329,0.6857309950824858,0.5555975149578317,1.0496139352147138,1.0,0.9845877593520167,1.0191302994440983,1.008261836795337,0.9828721146511746,0.8221373077797302,0.8829276173674566,1.184228008600542,0.4424224372706421,0.9476644240125244,0.8365970505378351,0.8330976205668682,0.8805290927024712,1.0488601552775754,0.6800230994022968,0.9775624456069536,0.59197638053358,1.1524252773064165,1.0413184245923792,0.9567079591415594,0.9213271785615571,1.017790369262275,0.8866500677930028,0.9728153648127843,1.0,0.6107193897745897,1.0,1.0,1.0,1.0064939215073054,0.8087979810467638,1.3888105768046337,0.5323075263489736,0.6105190901582569,0.9359094070259337,0.9514820389496191,0.5120155172688463,0.6756146716977938,0.8522186633262295,0.7118873945520574,0.9538168085350727,1.009493875530599,1.0,0.9066807257508986,0.895280874468625,0.8884121325165937,0.8933594158422831,0.5886101408217622,0.6564524886631848,0.8286607585639967,0.9464490068980737,1.0278541283237417,1.0,1.085621158322922,1.089431796856583,1.0146620813610574,0.8434343665589331,0.6150360584900492,0.8387465666615708,0.7063746808755874,0.6916058775440357,0.8937728479279772,1.0116945901175016,0.8729569469221528,1.0571560855442474,1.0,1.1885043531613926,1.0,0.8859404710089602,0.721781334533798,0.802566132964103,0.7989011985104493,1.0037395662760895,1.078728791035235,1.0187995336711635,1.0753099720881745,0.985255611446203,0.9241527548417136,0.9976494766579093
2006-08-31,0.6182045437128922,0.6559301125886648,0.9293535353869381,0.5878012294692918,0.6969750188432665,1.1138313412415277,0.6985509637981866,0.7662542497683367,0.9662861320598091,0.7904889861615443,0.9546046405347967,1.0464242232723877,1.053577458052227,0.8789948289799652,1.0064286088306635,0.6232065563619942,0.6707107439481986,1.001127796357957,1.0425512441703448,0.8806216016792525,0.9598745364109361,1.0836091463172082,0.6163273824093278,0.8710887955166681,0.6870143591476162,1.0,0.9115453404672501,1.0,0.8190191417730677,0.8821582745944969,0.756225617352664,0.7727844511594943,0.9034265851638883,1.0140647192632408,1.1176737194073463,0.8344846353856549,0.5946914337820449,0.9867909316876955,0.7378287181862686,0.9589667718061248,0.9068468338679205,1.0698907193115856,1.026988012138673,1.1318939684030167,1.0460604039929604,0.9806645304905418,0.6198703224484556,0.6548479486812672,0.8905361299877457,0.9320732460212185,0.9862913091995434,1.1326702714249526,0.9505038178062518,0.8200351982368556,0.9712758125905062,1.0686937907792293,0.5458774101697346,0.928817668034924,0.99422771886698,0.833799127198612,1.0049857118892755,1.0018007794456623,1.003365070345932,0.8289259640150033,0.6806624870852371,1.0005475650969995,1.0462592072520778,1.1599389494704355,1.1115380883865467,0.9983195124920241,0.7916642641604158,0.8913764417104657,0.6422400439354639,0.7903560223440138,0.7246571863475644,0.7306925064451351,0.706062538195242,1.0,0.9535802388231448,0.692391119737493,0.8295477076091341,0.5784341478314958,1.0944541669214702,1.0,0.980117351828532,1.013387284613645,0.9982678861949046,0.9707908903348703,0.8610188117617255,0.9032013332890765,1.2311405388260326,0.45116374999528164,0.95268093304977,0.8401507757424305,0.8036275677457615,0.9072213168409392,1.0501469913135333,0.6770332974628406,0.9671414768837852,0.5612186744282526,1.123425608079974,1.036171539647348,0.9730938913005895,0.9323952625839333,0.9999277829052805,0.837473330869885,0.9732284440639722,1.0,0.6148700063664467,1.0,1.0,1.0,1.0027072381875302,0.8311108478245486,1.3921050469500245,0.6086593317014295,0.6050622725614114,0.930665579162661,0.9473581144645425,0.4848628114255549,0.7287636681293999,0.830523049636583,0.6160473413663188,0.9122532200328585,0.8335966152482053,1.0,0.8919099095235687,0.9123402146098446,0.9115947695122342,0.9195451242456717,0.5927197346563469,0.6487822210304165,0.8345963142221562,0.9693573175695874,1.0514158092097774,1.0,1.1507198045047824,1.090510680003697,1.0209502785037423,0.8364350765291394,0.6079484206327753,0.8184213169835752,0.7070096960337025,0.6973471507448437,0.8654213627696661,1.0193038163165091,0.8905277964043712,1.0622025932706758,1.0,1.1024054519313737,1.0,0.903196247624043,0.722712251532284,0.7925166778016426,0.7999065603521771,1.0030942799421412,1.0707561125154252,1.0046870038153826,1.0660082115138019,0.9886422111145734,0.9344225028023357,1.004475323563908
2006-09-29,0.6881757621479054,0.6823373743920308,0.9280920299882159,0.6067767266632275,0.7422569297936887,1.083437300099681,0.6970161676051996,0.7726296577076979,0.8590063575970767,0.8506520138100759,0.9657681560868867,1.0438671977339886,1.0154628102249905,0.9403169884071427,1.0064141637654094,0.5845737133480435,0.6311595358161466,0.9930969185324593,1.0516368039287785,0.8803278718722289,1.0055967069306662,1.0803395469200587,0.6138771290875205,0.8710775173649234,0.6870008733051589,1.0,0.9174962814156244,1.0,0.8163486897003225,0.8807231914781245,0.7686150631038502,0.7559742229453886,0.8805695657029425,1.0131439402470999,1.2393852392325528,0.8349161819316286,0.5966892224331577,0.9858661679073973,0.7385524724053614,0.9596063749860622,0.9098595952537938,1.0698836958674203,1.0,1.06391546629531,1.0259142140025048,0.9691549912352684,0.647481979956982,0.7946177285758522,0.8787435991077637,0.9010908538500946,0.9879794831012755,1.1607341843594687,0.910544024997818,1.3308359037100916,0.950817307151746,0.8865410004715324,0.5687382622757655,1.008242704259172,0.9951095375972261,0.704337317999321,0.9975656639315714,1.0028343468724537,1.0104216177669607,0.7800056446579716,0.7219690488861846,1.0006217644786661,1.052115404756026,1.1918498132174764,1.1021610388926977,0.9608446722108434,0.6490800612948335,0.8692464607673086,0.7605228930545463,0.9515737721641939,0.8341874696057805,0.7599078563156679,0.7060533972111894,1.0,0.9554967200883843,0.7550175365486876,0.8571412575917717,0.5454838525437311,1.1073748962614303,1.0,0.9761565754163842,1.0082177075064414,0.9913792466832273,0.9556198940496282,0.857225554674313,0.904605260411177,1.1876631893892446,0.44965139417520583,0.9417717198430691,0.7835891788089633,0.7692081213090336,0.9435530089304066,1.0194769632478713,0.6752334978053323,0.9472703422568345,0.7120699024805344,1.0891220811518834,1.0340442740801699,0.9828234272968034,0.952120999529207,0.9838843401867603,0.8690116469531937,0.9738506677885028,1.0,0.6182876111077987,1.0,1.0,1.0,1.0033113021081075,1.1425529298888215,1.3904701400559651,0.6051472974771128,0.6508181534501476,0.9628054250174728,0.9732376298178255,0.43880258400861927,0.6963790016693752,0.8419887331723809,0.632266946700361,0.971745734620053,0.8948653969488296,1.0,0.8809194639501448,0.9195264107765132,0.9136419846193392,0.936851140126451,0.6011502182315936,0.7523582418433359,0.8426265859244636,1.009795124620114,1.0880412414102956,1.0,1.0834321897001826,1.0900304934579277,1.0362665962740953,0.8444012540858872,0.6047834723442098,0.8299527893845027,0.7074608997865449,0.6873960271488206,0.840659913153322,1.0114160593934032,0.8820439915312357,1.0638079549182635,1.0,1.1122163463357164,1.0,0.9253325696989617,0.8062069692324645,0.7531625445212994,0.8107252510354577,1.0004488741183404,1.0863952550871827,1.013848320612232,1.085469135081242,0.9883701092816235,0.9253182254983416,1.0036896818872927
2006-10-31,0.6981888929904275,0.679437083307453,0.9282792710902708,0.6228706469914672,0.8146054523517992,1.0523163734539145,0.6973518885598975,0.8397942080107931,0.9867642319820283,0.8214486493741195,1.0376806226371544,1.035797507370766,1.0621761809761545,0.980761414284185,1.0055323758254555,0.6645328311800871,0.7961583064369915,0.9974986192630224,1.0497395183701335,0.8803796932067857,1.0259483906568,1.0608609012670045,0.613953275067713,0.8710771315033414,0.6870464712328623,1.0,0.9123131216791519,1.0,0.8212248570113775,0.8886266727953115,0.7821038390931662,0.7604467211420762,0.9101964897209232,1.0075604432709258,1.1938579100384212,0.8342763424696074,0.5936017451135647,0.9859078284453504,0.739133405213966,0.959790136534703,0.8994287842811532,1.0696716710826877,0.9677137530622182,1.0185308618029993,1.0103719740549846,0.9378619032256396,0.8365009201529068,0.7798127954579503,0.8712060405003801,0.8868393811878882,0.9998984967934377,1.14091182022439,1.052565433203945,1.0768157765725483,0.927277672498504,0.7854809612019679,0.6447965824861585,0.9194608701798065,0.9947647430137724,0.7681404487587413,0.9854500228857864,1.0028512059623298,1.0842143110159095,0.791668659940642,0.7154418810939198,0.99913332281674,1.0332626674986929,1.1544706128155626,1.1298806244199404,1.0807220116303806,0.6641653363052522,0.8847186692653745,0.8027948671457468,0.9368678297183727,0.7960958550305243,0.7844308135078628,0.7060488725084773,1.0,0.9677337435944214,0.72716091333051,0.8870033534364306,0.6350044591781444,1.095532812347696,1.0,0.9747452423608794,1.0075194803873377,0.9819660534840429,0.9405747340443554,0.8349645808946089,0.9203214483676285,1.225619607173516,0.45003878474166636,0.9359121995545785,0.8088316446648263,0.7318930415294814,0.927264734622304,0.9937994187573898,0.6747787872617745,0.9269128179763737,0.5852747880980358,1.073166983118919,1.01431213293103,0.9729892348564437,0.9409009876372163,0.9828400863779324,0.889622444714231,0.9738191557432357,1.0,0.612377885387571,1.0,1.0,1.0,1.004381856377077,1.1045071514962423,1.3918876136923743,0.7055242292753081,0.7637291547199563,0.9323646773680527,0.9475791186790672,0.5114884094358223,0.6883354377471864,0.8745319275480069,0.6470285675567997,0.82977839665707,0.9714704041419618,1.0,0.8747861855935771,0.9083749685539999,0.9646456194462834,0.9189111177482244,0.6582150978074903,0.8825051946936878,0.8588699860657637,0.9896891566006925,1.0700847142231744,1.0,0.9302669306407796,1.0826282332848927,1.093807239202608,0.9186173316123646,0.6079269358251556,0.8235166157791303,0.7071770949670294,0.7019702891291002,0.9312178559035981,0.9859469197761949,0.8540554830447484,1.053514296447857,1.0,1.1469567987576759,1.0,0.8869368013379633,0.7512892607162671,0.7287763788840047,0.8077672201977049,0.9972833260501449,1.0909666761415255,0.9591580314467066,1.0944337994590012,0.9824869680560102,0.9105477068193497,0.9890065570278169
2006-11-30,0.568783835491284,0.6995561544305045,0.9330891593546,0.6125618911913271,0.7843699036646612,1.058523729164265,0.6994180624783821,0.7735693199967122,0.958895854616418,0.7364970172145924,1.0393671249909378,1.0371824032344887,1.0413444244280423,0.913006532751727,1.005329042424914,0.7905555658905683,0.7235878555197182,0.998178141782037,1.038629313651319,0.8804917016079932,0.9937342267051864,1.1148514240713476,0.6106485006293016,0.8710747174038094,0.6871092450180414,1.0,0.9112811354747206,1.0,0.8296385246923579,0.8815700591536785,0.7955794377788961,0.7487602666084827,0.9065269208148937,1.0126644107480214,1.2013876878183778,0.8340377289855441,0.5917788194459024,0.9852221428497027,0.7399816414647409,0.9595406189089949,0.9092512182933884,1.0695521175726295,1.081689296112025,0.9769059682252601,1.0154209213805054,0.9846856231386275,0.7481745549456928,0.7477718418756294,0.8677802321098602,0.9096681211011688,1.0211030312945477,1.139101203160674,1.0387462812181243,0.9983095440874663,0.9046192303358175,0.847620752112253,0.7227145090223444,0.8965323600865556,0.9917478248928789,0.8003086246392427,0.9533674362867132,0.9994463964908175,1.0407895852960019,0.8154269245164802,0.7641643629019246,0.9989136644855906,1.0272879677973754,1.1338088632901069,1.1458931878272627,1.090672139122437,0.6076137180330508,0.8728620061498078,0.8325264495559533,0.9119890348933849,0.7907322326830035,0.753299418750475,0.7060276140613209,1.0,0.9926356431960986,0.6457550984770284,0.7175218730390207,0.5171082944509939,1.086046784523098,1.0,0.974223152523095,1.005086649550286,0.9788831990145292,0.9473414117108377,0.7950803591940728,0.8518054200601435,1.105565643952762,0.48222736376500774,0.9302932141670862,0.8151872467354266,0.7187977919322391,0.8828954228576504,1.0053643807243822,0.6748849533475717,0.9190799427832718,0.5253772624920303,1.0901027976965103,1.0258745123543724,0.9599294678547374,0.9181015450365431,0.9900397361648758,0.8797802068648156,0.974270246083819,1.0,0.6009490675254457,1.0,1.0,1.0,1.0105213052536792,0.8749743865773346,1.3912846178408624,0.6869698420167096,0.6550742003545029,0.9700537698610441,0.9778713221644701,0.5646049542868692,0.6645498312368632,0.8255123061604978,0.5220203479617986,0.6300785395967179,0.8840245709658925,1.0,0.8657329912444807,0.943317845020279,0.9782843701054835,0.9520924428019693,0.6321303737290369,0.7801968202842154,0.8544975398805358,0.9734319984134544,1.0661341950440988,1.0,0.8735964398206987,1.0798827657873207,1.0783491445317186,0.8880064965723077,0.6268186575500381,0.82626948130565,0.706355495882906,0.6891819944058502,0.9131539387000546,0.9825294672633468,0.8774005506568757,1.0550831213848386,1.0,1.1573170917804443,1.0,0.9083986978852439,0.7647307884044092,0.6901642657830329,0.8000537460443327,1.0014679795477406,1.0594766296716085,0.9457421453322726,1.086134718969895,0.9818401903653262,0.9116080298832614,0.9913593321296403
2006-12-29,0.9173648185549154,0.6700986090335993,0.9305257508852287,0.7025840628853117,0.8334279941987698,1.0497928820288198,0.7035075985113074,0.7959839118033467,1.0942105088270502,0.7473806360536175,1.0383524025107322,1.0349447315940854,0.9780604329572943,0.9311726180705665,1.005776784938972,0.7406601591858595,0.731877106118042,0.9943204247220863,1.0866181322566035,0.8803981011694858,1.0972343850416448,1.0325332649081278,0.6175291368544633,0.8710794147768793,0.6870085167357622,1.0,0.9089956401986325,1.0,0.824417861010378,0.8971951242807742,0.8402515346171109,0.7438874311821729,0.9109241901551438,1.0032956046109298,1.1667733819160409,0.8352855503685652,0.6975211710348913,0.9857212746169141,0.7391295385307155,0.9595605181730741,0.9081507249850264,1.0696431215480293,1.038162727605524,1.0100898390134145,1.0327378735327812,1.023464371551528,0.758362277040704,1.0115044549908745,0.8525345665184428,0.8961963501041009,0.9852034421995557,1.1783875403935138,1.0481571106007144,1.3252827759053512,0.9117765364948769,0.8609697489081949,0.7814649723329131,0.923006858421741,0.9849210396763122,0.8459521523024661,0.9041457808926698,1.0017436378356293,1.0906357267194087,0.8643698561970788,0.7449436896822134,1.0008249864202379,1.049862948053701,1.193819164411957,1.1721918905767716,1.0583263524760311,0.5856367880549515,0.8623946652370253,1.0570719797835126,1.0306640196564358,0.9466273295178071,0.8370077133385958,0.7060668823469607,1.0,0.9766498220903186,0.8205633328420356,1.0263455483597348,0.6358972153809015,1.1172488589802325,1.0,0.971260206602276,1.0009534442609527,0.9873349136106396,0.9447782359475497,0.9230714712661987,0.8881091212848214,1.1230852728255785,0.5171309068845305,0.9326888059880412,0.8579074004465119,0.7645220389901288,0.9264928894536387,1.0090604878590983,0.6746015099617816,0.9316143787231974,0.6024364050804897,1.1012596389239548,1.019889351056149,0.9790058106276207,0.933307967804103,0.9696860787305714,0.8862929734492856,0.9764747545334328,1.0,0.611811824138186,1.0,1.0,1.0,1.0110767870291757,1.1672815744470553,1.3894024204305913,0.7507224620464428,0.6017377176156005,0.9690327709309825,0.9758670945887269,0.5648356253341855,0.6611741255400069,0.9672262451093147,0.6598219989645504,0.7343808207859097,0.8441617029823341,1.0,0.8854983231559853,0.9341893826772092,1.0201857512517247,0.96687527941273,0.6754965269589994,0.9172667813863401,0.8701269338469348,0.99129713197024,1.0845686391938798,1.0,0.9562676934496214,1.0790912838246347,1.0977955880490244,0.8685597624644198,0.6147526036168209,0.8306701247470758,0.7066919145841422,0.7093024247958026,0.9008689835745696,0.9931312508054316,0.9038350326893746,1.0642225431990078,1.0,1.2176840350361973,1.0,0.9403931626809335,0.8196340540203741,0.730803467961979,0.8083258836015784,0.9963913353625382,1.0504620011992936,0.9170168038371121,1.0617930329516472,0.9856084409980549,0.9248086934400761,0.9969855146637638
2007-01-31,1.0369787938488775,0.6841840794448273,0.9292552357905064,0.7257104017582509,0.8436553085949524,1.0128061889301874,0.7071024635579009,0.7711981078890855,1.0880001240796462,0.7369642433246273,1.0197232382074581,1.0358660506148993,0.9097348088601086,0.9170909175683561,1.006396000473507,0.7091692929545106,0.6471307192117187,0.9898282924421912,1.0992011320394015,0.8804339324971513,1.1460122609138628,0.9188635309419021,0.6358208268559724,0.871090084079547,0.6869860980782899,1.0,0.9082610836819122,1.0,0.815162562647177,0.8653509617323275,0.8367927033804935,0.7293669695119378,0.8519174672684249,0.997845927909206,1.1976386522683204,0.8415230732794976,0.8630483973809586,0.9874011225217297,0.7379564947202166,0.9593374230268571,0.9058721918390993,1.0695882817609688,1.0826805117425924,0.856538274498984,1.0285833067909917,1.0230691894403063,0.8271299996831052,1.0945560525026479,0.7860061851594772,0.8869029088708561,0.9326962030584751,1.1805276108809164,0.950651357364991,1.4661505579313516,0.9362672690496586,0.7657880595657898,0.6980909971253736,1.0471926096513846,0.9873467611955281,0.9491745556353164,0.8771855547282097,1.0039717101477472,1.148355605107352,0.9069395023865571,0.7043183045409463,1.0000606826062897,1.0758640085105835,1.243406124202806,1.16087226563657,0.9015841763163182,0.5252208609964268,0.8608954102892898,1.103667029139447,1.0851183741711445,0.9718989063493945,0.8539929216636843,0.7060916325465729,1.0,0.9509569578502834,0.9136747420572702,1.109969974041226,0.8219255489922422,1.1592176329795247,1.0,0.9654566341830081,0.9943783360825479,0.9715170212479838,0.9166563353641906,1.0103549679960597,0.8720401723213328,1.1027685410576102,0.5383642847906382,0.9311375742207657,0.8355740534646234,0.7133911550490113,0.948585501162141,1.0862940421412244,0.6743968941314917,0.907122474648041,0.6336489795285226,1.095727785749752,0.9990218568514717,0.9922846133186226,0.9537060324518021,0.9527204571157182,0.8752442636344553,0.981522949064759,1.0,0.6234549138755299,1.0,1.0,1.0,1.0076291872038097,1.3304995646826756,1.3912543796395866,0.743636269561107,0.5800259371538403,1.0180892203726117,1.0184580573768676,0.5663710621371905,0.6875755358634967,0.9498610718025352,0.7644934844516661,0.9058276834020388,0.927655009177358,1.0,0.8744014414360259,0.9078739537889156,1.006165841866991,0.9783374355294481,0.694756604887024,0.9872675670056325,0.8639379126232236,1.0148050590263822,1.0897053864970028,1.0,1.058019982841896,1.0831575353901712,1.0458962672824847,0.8748440741873552,0.6052502142781897,0.8298066215299474,0.7077928954000533,0.6826781033402145,0.8798718283833677,1.0120402714129473,0.9118184858661246,1.0759194404488235,1.0,1.3534197695647368,1.0,0.9632529175220649,0.875882644353721,0.7645743201383731,0.8280873148986305,0.9933687759904236,1.0660481097300092,0.9098264084400334,1.0016766435353817,0.9909485048825385,0.9493864007363242,1.0077152529275384
2007-02-28,1.0326835616487045,0.671079238948316,0.93132408812413,0.7028710445964075,0.7858561686668198,1.0006896035552066,0.7076560463406568,0.782446797238627,1.0740627779818002,0.7403007678904484,1.0184295271488017,1.037615355819224,0.9624429070918689,0.8544825807294784,1.0063181011089368,0.7071554022882154,0.7010733003585454,0.983916390394949,1.109637523273124,0.8805873947765978,1.128481667065168,1.0112237421685966,0.6142678962663879,0.8711355093720058,0.6870100776388604,1.0,0.907857505068715,1.0,0.8133014777912573,0.9575498515377181,0.8134248279716094,0.7381784525247357,0.8896383773872532,0.990129741222652,1.0548395987158368,0.8357975432676805,0.7549450956945569,0.9852306747792506,0.745267797772157,0.9592941008163549,0.9116035190214411,1.0696510295176638,1.1404299115211014,0.9335620200193376,1.055968389914527,0.9987229192481099,0.8363599668720787,1.0299466455420805,0.7808720253504058,0.9535552234124759,0.9164327810915882,1.15774879977782,0.990727991961411,1.3436851925571789,0.8874451722166499,0.6911063863237259,0.6477643239374878,0.9411399638168456,0.9924923081693043,1.1283396504915506,0.8996001435284312,1.0020324926171802,1.0395358564353547,1.0360628205880362,0.7789764206133778,0.9994139928722342,1.0645837642070513,1.2155931849624282,1.1623331232122744,0.8997943485238782,0.5346556219537663,0.864926822432382,1.0530559131195751,1.0097527518876894,0.9037081806336149,0.8349600634037634,0.7061481705787406,1.0,0.9415067759767497,0.820883111499986,1.0906960069368956,0.652240437532585,1.140937185341334,1.0,0.9658674869204829,0.9959766780986428,0.9730585034689265,0.902262379725263,0.9263894819308163,0.8735103928871459,1.1402445413884856,0.7648132971127435,0.9262305048989772,0.7727524557388474,0.6540581614636716,0.9565976779214559,1.0066201509273576,0.6744706474277478,0.915123248678015,0.5527069437918954,1.1543003587199074,0.9936644154565165,0.9876900101352325,0.9449232344094756,0.9481421410436394,0.9052025090183252,0.9811584175935275,1.0,0.6437964139286858,1.0,1.0,1.0,0.9953560132961411,1.2440582698693672,1.3926490135373717,0.7211279443879777,0.5734699601387792,0.974266128892769,0.9817700766631876,0.5266804544312611,0.7676072053729076,0.9439550519524054,0.7107110061766249,0.5993575331851762,0.7433569509016241,1.0,0.8642350001962151,0.8829175739635216,0.9995728384693717,0.9733798677132914,0.8395931961825468,0.9670486501934716,0.8346257740967656,1.0010610936131752,1.0772091263932984,1.0,0.9386473273841152,1.070374471112142,1.0273078406912455,0.9084839043982154,0.6296438862587117,0.8233986865892018,0.706709131841419,0.6854534718121794,0.9002871415649187,0.9998537428476252,0.8834328482978877,1.064591761643609,1.0,1.420387173084575,1.0,0.9423504493810191,0.7723931077797574,0.7403529923991146,0.813752034724304,0.9917890035772025,1.0057966073770048,0.9142584991784671,0.9751416428597224,0.9863536853364538,0.9379330084710945,1.0005938422844052
2007-03-30,1.0751779272713922,0.6476968908227829,0.9351235540769566,0.7330459746854968,0.7740518761762853,0.9951486171598543,0.7412221839642987,0.8521951404200332,1.117457106509859,0.7313675731523359,0.9863252610631066,1.0451282016357446,0.9779405921287507,0.773450646127048,1.0067626516959036,0.7484515045573413,0.6354281927383352,0.9866862864505149,1.127803599869802,0.8805717759887077,1.1425524363670467,1.0357626733734724,0.6122433188034502,0.8711749097487874,0.6871396090678061,1.0,0.9105352941881132,1.0,0.8153491774582127,1.1005320994398209,0.8257565297410324,0.7377865606851177,0.9277222168775053,0.9865824541584747,1.1097589010426259,0.8349158132562369,0.693133599309073,0.9851905584552607,0.9047389115753826,0.9612915905254495,0.9446289421083908,1.0703576782231825,1.1499838115033825,0.8381253464479899,1.0579943559050875,1.0170629983420352,0.8543362314058087,1.0269478272413597,0.7374611801928443,0.9909092683920103,0.9011716762289342,1.1588695025912066,1.0516450840869709,1.3117090319072524,0.9122119143558479,0.6958353220718276,0.664071795027976,0.932000416314758,0.9899321818252482,1.2605773091242203,0.8739510462778388,0.9996697365511549,1.0093158181531035,1.1105315823070332,0.7896447489929679,1.0039916796061656,1.0613687416148903,1.2067985544183963,1.1635253363522868,0.8796499088273534,0.5482951985847292,0.8892197281365932,1.0587253284143687,1.041044862152616,0.8574326649830506,0.8185074050480977,0.7061522055786523,1.0,0.9356173591430322,0.7896244726396064,1.1240426592747577,0.6339604168528017,1.1133454594909744,1.0,0.9692238471349418,0.997073019301396,0.96713038931826,0.9080823016133398,0.9505364875540352,0.9036452208690083,1.133321051320195,0.7512878461494495,0.9259608300337293,0.8394160432838697,0.6495673564557409,0.9922499161683201,0.9694494910192092,0.6744026901605307,0.9560856529026897,0.5711949208313525,1.1867914318398503,0.986064060895386,0.9877462394325801,0.9385032657956496,0.9324784434084664,0.9300124519992305,0.9823468561973443,1.0,0.6229984692881776,1.0,1.0,1.0,0.9910649764181144,1.256458147257635,1.3932226632156102,0.7024751391706,0.557073785944715,1.0072414184247218,1.0081367337090184,0.5253123637406909,0.7325063913014498,0.8773068662826623,0.6471548697708264,0.5384450737519901,0.6876020216852139,1.0,0.8524385303182094,0.9104084353597814,0.9865481379962733,0.9924442590074948,0.8500627113256315,0.9393429234592053,0.8302571436087244,1.002199684669655,1.0730007099732164,1.0,0.9686009917994758,1.087898146448787,0.9043629943445619,0.9133500711508498,0.6670631841807513,0.82775746899282,0.7065568204863708,0.6740010599683484,0.883294573837058,1.029008929287745,0.8985846940763762,1.075159415995889,1.0,1.4558648484784553,1.0,0.9422997678071118,0.7868248500144319,0.7701133709015582,0.8151800039667183,0.9940132836039034,0.9764443469374131,0.9569654974999532,0.9720938922640502,0.9922271160144764,0.9698813713122393,1.0108674351971987
2007-04-30,0.9933286849528096,0.637717575494113,0.932843211632269,0.7536131316751359,0.7854841859522872,1.02184067338557,0.7168859597378756,0.8487130009544149,1.0962597733007455,0.722279340091755,0.958027968087967,1.0402683327489506,0.9484181707339808,0.767875120440725,1.006610515533534,0.7770533608080186,0.6186189922245409,0.9886200972648084,1.113695281375775,0.8806181332413634,1.1295199990440778,1.0206068536838482,0.6112994216820584,0.871177261243231,0.6875382630665485,1.0,0.9089207433743076,1.0,0.8193117131353955,1.0475876535433648,0.8329861039691816,0.7347943735951048,0.9024313220153906,0.9852091845466214,1.1414354932946065,0.8346679037215066,0.67396519135204,0.9850896512688829,0.8776918592889272,0.9621525435197587,0.9338574337363256,1.0706088333717305,1.1103204051231315,0.8499184257177543,1.053971216338532,1.0092668823500477,0.8003671093456901,1.0400199877858929,0.6707151712386801,0.9919714998386263,0.9074881983083802,1.1350031383078902,0.9825675645909864,1.3215595357258536,0.9239339978096818,0.6624792627691747,0.6611528455094711,0.9441176267971603,0.9916228670200021,1.2017548407775887,0.8496902437535007,0.9999730269079352,1.009585679863623,1.190183753108605,0.7568169095124374,1.0015474049318362,1.05942484030651,1.190041414810142,1.1560717125070439,0.8682491039114668,0.5547377606947869,0.8935983460246059,0.9837230104372465,1.0218245353660114,0.8441936046792023,0.7893257247736021,0.7062312848554917,1.0,0.9969267302224643,0.7189585513840198,1.0572463632945526,0.6527911424228936,1.0898329619227771,1.0,0.9702757375161936,0.9971271707481907,0.9735674394303475,0.9147711869663556,0.9434050298511304,0.9717135795774656,1.125787643442622,0.9038078895936621,0.9260305576345503,0.8389705816295236,0.6323511681163725,1.0317540597331982,0.932215940184879,0.6746701601934246,0.9871407758612413,0.5206195493745565,1.1923014685299171,0.9849308578752275,0.9866911612916829,0.9485553905735358,0.9233705615640252,0.8832521118339034,0.9846029636924806,1.0,0.6150521635876949,1.0,1.0,1.0,0.9935945862076864,1.2130180933210126,1.3923272562752962,0.6511137527444251,0.5719759397840452,1.0350287696995617,1.0329512418920657,0.6705995325307668,0.7423693317890824,0.771875452935602,0.6298331335863105,0.524467179537261,0.7106512496170003,1.0,0.84763270088835,0.8889523333243639,0.9665870437453361,0.9964110549030236,0.7488928778674284,0.8810111884575038,0.8263946085544855,1.01102964522216,1.075292989787947,1.0,0.9146732632274517,1.088106532183421,0.8449899364699074,0.8543857268139298,0.7182684745259447,0.8201382321245031,0.7063720145173977,0.6709658635488835,0.8838410572371742,1.0194130513319473,0.8880897944452492,1.0695397294484483,1.0,1.4385493255985786,1.0,0.9339922459091129,0.7777711982456358,0.7466725268927816,0.8333314605571691,0.9950577359579473,0.9609524032726632,0.8916732155330064,0.858536475029753,0.9930556949911328,0.9682918338225153,1.0118974654930637
2007-05-31,0.7417941541701938,0.6315583947482093,0.9306234470701563,0.603039652615216,0.7226630900518513,0.9546931488438897,0.7044968532608544,0.7777407810963906,0.985314100949065,0.7467898110307812,1.060287252901667,1.0232945742497577,0.9218557087924888,0.820886398300261,1.0059466834024242,0.8457943841692201,0.5808097887308751,0.9918156499752347,1.0461600897962602,0.88043499563943,1.0451009111578557,1.079626733009037,0.6082874015515591,0.8713970726183267,0.6919472659091943,1.0,0.9149099458655607,1.0,0.8262214675229377,1.087673115199491,0.7579374230504685,0.7386690121779613,0.9638184495344075,0.9845482420378708,1.0896823480675542,0.8342126120687219,0.6207206485168549,0.9849519897160658,0.9501495733053378,0.9623711873591934,0.9428043723999334,1.0699926265274702,0.9305440216741262,1.0660334930073752,1.0308954411235651,0.93000375477388,0.7485331960383952,0.988410356394321,0.5964387447338064,1.0989622720566445,0.8625921832463999,1.0841576477164616,1.0915751198352683,1.1306963598025481,0.9266776251733772,0.7220998391309486,0.5260803244759219,0.9484558885486587,0.9911869182244103,1.1473652391752278,0.8408633347161227,0.9987659893299119,0.965428952362235,1.1722092316894606,0.7769794924900927,1.0001192353774258,1.0409025092094104,1.1448859236954962,1.1078486619998396,0.8650927723818662,0.6117083893048275,0.8792750603567316,0.8459901491105644,0.7980234005781076,0.7293746861985028,0.7187549727947524,0.70646098832629,1.0,0.8749835614007863,0.5776655433015645,0.8642259967518481,0.575702732615762,0.9918966492246043,1.0,0.9699263862187878,0.9972626258564845,0.9839354349765517,0.9330630714123203,0.8715765605688106,0.9037129149992129,1.0974009985963777,0.7628240538616905,0.9261763862602321,0.7811758514188364,0.6367215239957439,1.0457311677077654,0.9386410017700766,0.6756168924999564,0.9746905411526009,0.5303293881597748,1.1895963001776158,1.0104581550308145,0.97604009680951,0.9098746393293904,0.9173534163686073,0.8763557294053825,0.9798109131221778,1.0,0.6081814524116564,1.0,1.0,1.0,0.9757264198249382,0.9245753371725499,1.3882930602293397,0.5815958875982217,0.7688662548687915,0.985843605079002,0.9915237423703303,0.7941250355176291,0.6567992656227355,0.7372085155458195,0.8994349368172013,0.468490379332156,0.7007824758033675,1.0,0.8370204598929781,0.8755855498935443,0.9529654742481033,1.0103245474492186,0.594969995675652,0.6732520144361,0.827984038001674,0.9811685966833331,1.0552692899926623,1.0,0.8238688502045478,1.059834383655712,0.761074942289071,0.8171695595557816,0.8485001137819415,0.842062150595105,0.706237472492784,0.6743262248348008,0.8652778399680324,0.9715785237898131,0.7944245942259833,1.037974439677457,1.0,1.2809051503538433,1.0,0.9030441107195492,0.728257265000177,0.715637071025063,0.8529962774591777,0.9951597241571083,0.9761800261258824,0.7450889448055791,0.8946529262565222,0.9821052691170794,0.9207181461987883,0.9898934881815858
2007-06-29,0.841465499522721,0.6325699773586344,0.9433581038469666,0.6390514897977316,0.7312933497451028,0.973339726344206,0.7270190523899094,0.7917473888099281,1.0996258182835734,0.8127868790948747,1.0641087527711135,1.025033393490369,0.9230142007366606,0.8707908389963257,1.0060360704534987,0.9026031701808209,0.676558814328866,0.9880237411319587,0.9978989401769133,0.8801558947107678,1.0670518475371062,1.0643217550480155,0.609077114357802,0.8720350222689247,0.6956796847954734,1.0,0.9163306217812961,1.0,0.8190136748206964,1.1319623350386123,0.7160484576047137,0.7390389597691582,0.9616288362465287,0.9840201096434706,1.2143551982346188,0.8341834621348092,0.6395361667087418,0.9849662947566448,0.9840053490681715,0.9838793865320766,0.9466525969896439,1.0701419019171396,0.9733345199348823,0.9506500048364565,1.020194838482552,0.9834524989591575,0.842292136267207,0.9560054166495509,0.6469083457673943,1.0161002752075796,0.8587276338124816,1.0349904059632926,1.044937126590741,1.2633073641973602,0.913959657776737,0.7064505998500541,0.5610915472409006,0.9327695339114213,0.9797234032047887,1.402111537764031,0.831467788233458,0.9992372886611351,0.986674043454525,1.3490570496865066,0.688361875186998,1.000222018187577,1.0362070582924237,1.1397514990289623,1.1503315982114446,0.8569547206283121,0.6302290244092545,0.885869598697602,0.9425598537642109,0.8455249091879017,0.7223596791529061,0.7809459743060743,0.7066982129067892,1.0,0.863845474462497,0.6566844684322986,0.9178444607052276,0.87869735148335,0.9910749046050619,1.0,0.9700901323545165,0.9988461141262799,0.9791191660143392,0.9496159919464554,0.9228412517819238,0.8888650515695568,1.0915365212026589,0.7365960746826634,0.9274857300597699,0.7604782425547624,0.6295942374108283,1.042106196356155,0.9618162106274564,0.675359699810324,0.9818549086134202,0.590419672710017,1.1859761844346703,1.0108545946630407,0.9835068789372137,0.9117673748587626,0.9068814537044017,0.9494350034829021,0.9828995367079836,1.0,0.6175809226448308,1.0,1.0,1.0,0.9713805693013908,0.8776632485201814,1.3917216253251925,0.686727011540023,0.6534841897822878,1.021554306815082,1.022480260931045,0.9238322248759013,0.6999586564381662,0.7734724686055285,0.8170571501898436,0.46173373652927197,0.6332610105772437,1.0,0.8444454916671108,0.8863524429846178,0.9692445420319344,0.9935951498534896,0.6465360893726233,0.7021510019058104,0.8289512149816911,0.9864718717512585,1.0528057517474056,1.0,0.7852896555911045,1.0562442660441338,0.8247085210026314,0.8058449064250041,0.9080837747160388,0.8782627711939027,0.706265670987424,0.6724276041922824,0.8595528887882857,0.9690814780464806,0.8277977137228653,1.048160569833976,1.0,1.1193242391734286,1.0,0.8980512822722388,0.739380151345489,0.7581895039733597,0.8752265202414351,0.993424148155728,0.9733941558563395,0.7220517099174106,0.947511043977111,0.9847283590366166,0.9240283787962627,0.9935914980374801
2007-07-31,0.5999487167511892,0.6314498053915101,0.952181163177863,0.5720822877720868,0.7200261998690769,0.9990856197600794,0.7166421763456863,0.7079519311174274,1.066429790805392,0.8592683237707812,1.0975585652933728,1.0195769239499566,0.9551289294117541,0.9293158608252688,1.0060562604870709,1.3264961333367564,0.6505529341965549,0.975504097454852,0.9931049005602486,0.8793909448127805,0.7974107616457196,1.0758601703152124,0.6081423135085491,0.8728978888647728,0.6994183662303668,1.0,0.9185959999583929,1.0,0.8433816780220313,1.1665731884232151,0.6752524966435444,0.7326469396901203,0.9732284210675327,0.9941378632561159,1.2712565916591183,0.8339433043223088,0.5872276720333465,0.9849421118444567,1.0600511495351208,0.9970513655110869,0.936937918106024,1.0704181585614803,0.9974646199625169,1.0184751734770985,0.9915574445304826,0.9472359371178339,0.8231962251388683,0.6358194610975931,0.6319303554773676,1.1906232408035604,0.8451069481943766,0.9968047882446317,0.9877309525988481,1.2756832587665865,0.9022194668415268,0.7017349950244505,0.5214127309140284,0.8893238391587814,0.9792240363848125,1.4021205992484211,0.8228269270426998,0.9994537006015463,1.0354097187073326,1.1621567470139582,0.6005687780713476,1.0277859140065249,1.0193122463818567,1.0958893264480332,1.141758344520899,0.893624928493504,0.5649237882325987,0.9109494617768014,0.7709637645794788,0.6381688657966715,0.5839280572165682,0.7569078083865647,0.7068071954782371,1.0,0.8072464907532755,0.512248874668458,0.6066739535515069,0.7402989659419688,0.9469756047580836,1.0,0.9755577519644234,1.0006195025876181,0.9957043199821282,0.9615663293337285,0.8222336893184266,0.9263791307623301,1.0074888413483396,0.7267897060559985,0.9259009584604427,0.9004125781844862,0.6174815373943034,1.0245393430330703,0.7449289827700492,0.6769550163890603,1.0169935971561708,0.5815852440461211,1.1953267177450637,1.032489602359695,0.9769522609971137,0.8666236066394402,0.898188464437049,1.027132558783907,0.9800600837913133,1.0,0.6487050115866633,1.0,1.0,1.0,0.9701120856502454,0.7548457814986377,1.3914778894162907,0.6953149879121441,0.6171910896664219,0.999810206777772,1.0009335288548444,1.0165667861198804,0.6665797220396105,0.7300332909650329,0.9075810655475725,0.45198301325581325,0.5708493632573906,1.0,0.8355441666035838,0.8849705572133822,0.9766030543759092,1.0062731560136537,0.7329301699662394,0.6657776825480017,0.8263194313605924,0.9081824422583892,1.00498147218204,1.0,0.790886907557484,1.0463166880635018,0.7186156285701539,0.8387088913772972,1.1069942407486986,0.9669427081142601,0.7062272299060663,0.6691725264296042,0.858210004799555,0.9453392038938915,0.7901990394585928,0.9885321705392748,1.0,0.8730522336136912,1.0,0.865706583489177,0.7048782494763639,0.6585894877892824,0.8389843180533348,1.002023972850923,1.0410531324532015,0.6818048287201228,0.9610461326905957,0.98474237968602,0.9152823587838069,0.9872990213539323
2007-08-31,0.6950765170227887,0.6310448724098985,0.9431361388493094,0.5703972070571581,0.7628996257366892,0.99481064403844,0.7140088682591039,0.7027855931170395,1.0874668231869957,0.8666683119143112,1.10429217154043,1.0118868107693306,0.9974670400398551,0.8882010332997861,1.0052776993108707,1.3154075177886804,0.6613386731659954,0.9778115001519398,1.019265413485115,0.8794725077805072,0.8409454166983852,1.0598222013869318,0.6091427154767157,0.8739463131061572,0.7037159395215339,1.0,0.9180347578201409,1.0,0.8484273204855681,1.1579240916828326,0.6988342714022157,0.7599590446687412,1.0185965563144233,0.9924071414425878,1.2882467735394765,0.8340545085518905,0.5957805039459074,0.9849521211908359,0.9874333400612211,1.002007704769846,0.9861272953171133,1.0713466477269447,1.0635439682856882,0.8896699310036534,0.9604233472086404,0.7477548701398785,0.8561669708669881,0.7875911532114968,0.734140176435687,1.1681229578256518,0.8672446494887689,1.0704312254618977,1.1237077382242255,1.3090926717867712,0.9450199565580577,0.6638890268107438,0.5545015440899259,0.8770920682930374,0.9762890114469733,1.2890535862288386,0.8305215705889464,0.9994593304605975,0.9880173215601631,1.1345251382249604,0.6805718973599844,1.007895196421877,1.0202851668541746,1.0487069186372497,1.090704430661681,0.877492238961349,0.5778021587485791,0.9020644238577938,0.9461029337952951,0.6469155284067263,0.6358702738024795,0.7653352127763028,0.7074722876938421,1.0,0.8504498672819001,0.5314389441449563,0.6964227827486112,0.723418047066591,0.9477751643997168,1.0,0.9795142198995374,1.0017078567123208,0.993078215953237,0.9735335061935995,0.7675385318993396,0.7223832140381743,1.0296327418383542,0.5489275000469539,0.926353721531845,0.7263422541878457,0.6456811920998187,1.0078066970491497,0.8923675396067391,0.676468766678289,1.0117288386391068,0.5827085999547346,1.1948128756023313,1.0291101084635281,0.9370003213831767,0.8563870909081194,0.9189303043717085,1.020912177514918,0.9783917239882058,1.0,0.6660684301502926,1.0,1.0,1.0,0.9702633065917458,0.7728981116707127,1.387576705759726,0.7257600752833449,0.7386957314349729,0.9727714366350476,0.9782728596835959,0.9600106003456598,0.6467406338823973,0.7449919911505056,0.9671207417902377,0.4710888045367455,0.678804898217765,1.0,0.8293027616052936,0.8339773263580655,0.9546926292687498,1.0154152615559109,0.8769934313164117,0.747183923428935,0.8230635672397731,0.8876656740651436,1.0041789020409235,1.0,0.7731692682412447,1.0178896219323113,0.8803446831103587,0.8400036482781051,1.065128104492027,0.9934428426027275,0.7062192506889964,0.6711575799185125,0.8938781512561229,0.9343859694189387,0.7151566722707692,0.8936015982470157,1.0,0.8318845942149324,1.0,0.8602877520704509,0.7209032059787415,0.7695228918325661,0.847812968893912,1.0042097848663094,1.0526032922321218,0.711761514638244,0.9587696588541619,0.9797908825720552,0.8869235428631672,0.9756932489781527
2007-09-28,0.6178644849521409,0.6317540401493148,0.9860750431995076,0.5618625796269858,0.6840238066487574,1.0868247857858722,0.7098108629650711,0.6923270631113844,1.1127066802642736,0.8494892582776002,1.107170156703906,1.0087988722186312,1.05547942793809,0.8263916249229475,1.0051937546287892,1.4134104760858732,0.5848505286109438,0.9825816396703781,0.9641725714194664,0.8795743852202331,0.7040993888229141,1.0811947614897255,0.6084669619730501,0.8745826420430003,0.8002528186537559,1.0,0.9231378379440776,1.0,1.10877251016531,1.1541942158729115,0.696528557389871,0.806250997436299,1.0413489151575634,0.9977752489521355,1.1670756702173168,0.833934985529211,0.585448904201886,0.9849490552456412,0.9194249752209287,1.0141041444540986,0.9643837775447027,1.0697913365912513,1.277885486305506,0.9391100849926936,0.9586867503471609,0.6761086620382162,0.876704154308546,0.7425937846541352,0.7521680019784126,1.1817138984475855,0.8539140331850927,0.9412411895612733,1.1245088064255997,1.0032212020398044,0.8865516273815908,1.0815523638449265,0.5526003343059989,0.8009979304314485,0.9685712269513227,1.4542716508183102,0.8669499675604774,0.9985839055793465,0.9512276301063074,1.1661960415340769,0.6909485301909111,1.0284350197458123,1.0099855199093957,1.0059376597280851,1.0789612311879246,0.9702183660338184,0.5297229507847703,0.919058938174503,0.7925011265686671,0.4876667628209225,0.5643435456129609,0.7171639982526197,0.7070948876988552,1.0,0.8067983263913416,0.49077051215226775,0.6325049741288333,0.6954462514788917,0.9324519076187585,1.0,0.9938530165685698,1.0214565353009821,1.0324552058645176,1.037178689737429,0.7177678429148971,0.9093073278046773,1.0267809562247474,0.6642398737610526,0.9585096648159432,0.994908991193787,0.658386735152868,0.976280427638727,0.9689359812350969,0.6805605310837963,1.0625623724884417,0.5242645480415045,1.1971079179895268,1.007323899510491,0.9245995301224538,0.8480811497949805,0.9228227685461143,1.0165893208335082,0.9822403372270514,1.0,0.6485958162720111,1.0,1.0,1.0,0.9723488082623641,0.6715460197812746,1.3886027685955984,0.712534249562333,0.737945162748916,0.9485812167006952,0.9527398565620024,1.1406387828221747,0.7598609205019436,0.7111228152708489,0.9444261922993604,0.45616737114844097,0.5931272710581216,1.0,0.8473482501779691,0.9636146757974324,1.041635862003073,1.0178945971516589,0.8416243337730436,0.6827593990580334,0.8242580999123247,0.8525831621824662,0.9245565305887908,1.0,0.7683933842291615,1.0546961843252058,0.7545179469667773,0.834061672738059,1.200714045104652,0.9440612753188842,0.7062091000016093,0.6866398503459886,0.9424978283846175,0.9194537069525581,0.6884425182671203,0.8366641164224529,1.0,0.7853985882177056,1.0,0.8089424512633488,0.6598921305714363,0.7641993906261391,0.8103829880860678,1.0098384547253294,1.1555009067670328,0.6894551589825332,0.9706719782970906,0.9754377861432426,0.8730730126252877,0.963935624327277
2007-10-31,0.7554307469217021,0.6343438382164388,1.0012488073542312,0.5865052884964865,0.6443495342208678,1.1063885604065065,0.7086815688686979,0.6667520738021611,1.1603508009074983,0.8021681737997151,1.0967907814399966,1.0133612091761854,1.0369854276171577,0.8144077383405299,1.0055742753538688,1.440976517862913,0.528786235251105,0.9782424024257343,0.9639604787529601,0.8804552887791094,0.7060913243966778,1.1192974442349675,0.6102759963322044,0.8741438642018823,0.7992645223774658,1.0,0.9146935813911801,1.0,1.1807555658486395,1.1574473632838855,0.6690845243822987,1.1376715376841113,1.094297491189905,1.000919949128781,1.2469619245225152,0.8339878970542018,0.5853813218688293,0.9850148715085196,0.8794071812894189,1.023036349881451,0.9420604570207655,1.0714263902499872,1.2260343171911714,0.9572811051476469,0.9685387076037321,0.7251151314014426,0.6953160913272491,0.7906901694944003,0.7328048192616694,1.1870389812727828,0.9098627992770124,1.026937110936179,1.076083244412614,0.8988252576457271,0.9217840996329191,1.353381581969332,0.6595524027030919,0.7942414827116807,0.9712537057380667,1.478169044002557,0.8571738601951147,1.000121672009132,0.9278226248917313,1.2230691380061074,0.7610340141644714,1.064794143431613,1.003080282402877,1.0842833907381082,1.0751352542761454,0.9766763853299897,0.5596307507489651,0.9061913663168658,0.870340713012729,0.5037300923651433,0.5796125494111868,0.7389420116500404,0.7102987930856983,1.0,0.8182066354513993,0.5032302051820716,0.7113550011165952,0.5768284595512816,0.9239967102737959,1.0,1.0124756677322189,1.015298400106245,1.0884730394375017,1.0675718092561526,0.7156528855587185,0.7513241838268886,1.0660635407835688,0.7891801120617266,0.9264160065421897,0.8408672030842086,0.6511414176252008,0.9716596410127128,1.1031621094495665,0.7124750251714318,1.1145560939959152,0.5305792704772051,1.1962826289320998,1.0177617581819731,0.9265801939072875,0.8536993787151368,0.9431179132509069,1.050336176422448,0.9796428297225102,1.0,0.7036418843404049,1.0,1.0,1.0,0.9703141545154574,0.7035220501969821,1.3905823554588512,0.7131328131234913,0.7241152833871087,0.9374713421828029,0.9428837858095995,1.1351028354368444,0.6663263797787058,0.7093061229898376,0.9463340737983337,0.4631915226413822,0.5422052067204453,1.0,0.8554541134948845,0.9215029783426459,0.9798635956430567,1.0206032126029214,0.8801111048670573,0.7057526239437409,0.8165317826373962,0.8948783563770831,0.9501968457090585,1.0,0.7718191488497174,1.050981175897487,0.7616326601500868,0.7969712112806961,1.287386326764217,0.9586285110859759,0.7062171465642,0.6981579936201087,0.9557099551935396,0.9241399531383513,0.6977193812092695,0.8551726019175949,1.0,0.7967557585087679,1.0,0.8301578802932832,0.660633441047902,0.8043381920452295,0.814040330936057,1.008826909591028,1.127876995172217,0.6609419106849714,0.990955400107122,0.9761933600638812,0.8731091891917611,0.9680874869835224
2007-11-30,0.7837890600720372,0.6321047501224287,0.9944710590658553,0.5917146513485355,0.627332238095007,1.117020808074333,0.7101622380552146,0.637542437979383,1.1092202975776677,0.7524510795817481,1.0739525845031932,1.0412747995346627,1.0103447974146533,0.7403052252078468,1.0081087899138632,1.3796561362554611,0.5109298428207081,0.9943192156164852,0.9906177000966295,0.880090294768685,0.6995289421315634,1.0618884364872765,0.6156435634770749,0.8801979079197211,0.7230203460772433,1.0,0.9246599577914006,1.0,1.0859161404220143,1.1680636235554966,0.6650340014449139,1.1117405927523574,1.069886616916881,1.0140417434707896,1.2300796628539932,0.8340526318533124,0.5945131233495522,0.9851304447383262,0.8215182376432419,1.0234143621666143,0.950325087467067,1.0695816653912635,1.0370383964527083,0.997022602135946,0.9829692137605898,0.7792751801314071,0.6413299210814662,0.9604789199701962,0.7600273847708027,1.1901406067426294,0.86407183962978,1.088517228256419,1.0077436003395288,1.1900940130268618,1.1497355734847254,1.3527050903951274,0.539658564356353,0.9881539814148101,0.9692426538125952,1.4724342926748268,0.8324780979132416,1.0007803268814683,0.9427534827714416,1.2754277309570938,0.7558824737726954,1.0970960564346335,1.01950349083615,1.0665312539210483,1.0269329723724712,0.9110874605972065,0.5852472552865076,0.8829530910599195,0.831934033953613,0.515925425693623,0.6287228156682736,0.7445971293939895,0.718698145638751,1.0,0.8336974188797165,0.5247420860889216,0.7769143851531658,0.6306487719792623,1.0522198045059035,1.0,1.0281501537322664,1.0260797371601988,1.1304935612745342,1.0752646944202477,0.7808192665528892,0.7618182754827739,1.045021349284311,0.6705775791674026,0.9268112525025346,0.8712815367459065,0.6837475421935068,0.9897093928723507,1.0689005364971023,0.698046736286154,1.119447867085678,0.6132771344038013,1.1941913953307584,1.0129302933434183,0.9837615415201402,0.8855518568899803,0.9526794315967922,1.0449681391104624,0.9782835226016814,1.0,0.7041087462960747,1.0,1.0,1.0,0.9711798633035454,0.7260366455154749,1.3829791177333408,0.6356638571963265,0.6037908060719984,0.9153092306160204,0.9273528582157693,1.1014962506659354,0.6968718214699641,0.7031747467758885,0.967307965112821,0.4844779886925381,0.5969481595940671,1.0,0.8432009712562916,0.9444378944815807,1.0390495887877695,1.0782433084318823,0.8770061774974541,0.6803276524679305,0.8192757763073311,0.9799222660889138,1.0536689552852792,1.0,0.7719262643051539,1.0614391697532783,0.6270608974136807,0.7518725410075027,1.1984273886078967,1.0643601821346644,0.7062495292782087,0.752202649430487,0.8993005532281365,0.9839227331387871,0.746842796493947,0.949540659815891,1.0,0.8705162820033104,1.0,0.8416579922193409,0.6555229694186738,0.8221374020242334,0.8459869027290579,1.0154381478098897,1.0635816613645697,0.9486272215737271,0.962091117708708,0.984259463697465,0.9073286741330923,0.9861928601416677
2007-12-31,0.603022397785073,0.6328156680515982,1.008092990835035,0.7500410796584964,0.5999608622402026,1.1189846708485347,0.712377530143108,0.6159555248893361,0.8263133926918993,0.7194296483969861,1.0822973833477814,1.0356198506695622,1.0935778718291036,0.7277517667048916,1.0074565509421185,1.4762685850065402,0.5197232246142158,1.0082194540232612,0.9304327840819706,0.8811302031138342,0.5402288933067103,0.997003214201687,0.6297380393253027,0.8863013913954829,0.7615186861266561,1.0,0.9275625554608683,1.0,1.280292432809581,1.1691884512128734,0.6478897930012166,1.214967710538027,1.1228416063674937,1.0177149977039162,1.2905615543238202,0.834012913509169,0.5983796072719268,0.9857339696733061,0.825912055472624,1.0327433025679522,0.9404475332755281,1.0696391195558907,1.2184015371331538,0.9708635565735777,0.9540294784131115,0.7173377485249401,0.6119153040520657,0.875075975199232,0.7882665982150411,1.194320274155683,0.9052354991013843,1.0661000405715961,1.0816374946431466,1.067640548263961,1.1512485133844674,1.3298190864441155,0.5844568150906009,0.962548207138266,0.9607972801975626,1.439908744548955,0.8326265523635477,1.001707986464937,0.9341241954354699,1.1581556928613752,0.8443968796676176,1.1015155336332247,1.0073369940886958,1.0639830348587158,0.9263426882057326,0.9758465933819701,0.716108440328012,0.92435041580159,0.8247790520240317,0.5017363277145384,0.6023662566325418,0.6853946326822448,0.7293036937004728,1.0,0.8294723010614811,0.5498710407353393,0.6181437509033951,0.6143033089436084,1.0287220648395152,1.0,1.0286996017401997,1.0226443458050027,1.1082114724339296,1.0596892404258726,0.7533685792361358,0.6663309842484921,1.0196191937310382,0.6354514014316934,0.9259607874466768,0.9330590916716363,0.7264742136313145,0.9673017738324516,1.056510067400831,0.7001880697712731,1.0915473142890235,0.5529315673034044,1.1798401503420388,1.0287106407641422,0.974254424216917,0.8699300246263806,0.9636318967198167,1.0619025004156109,0.9968979185576747,1.0,0.6581880140720986,1.0,1.0,1.0,0.9704082715304093,0.6680159300362855,1.38415633901981,0.6149476602937586,0.5651063769071487,0.9102284959577186,0.9230717539625194,1.188489275508104,0.6797197502568346,0.6668321506509696,0.9776937123406501,0.4749623923291614,0.6256164097645642,1.0,0.841879375164197,0.9799785486825677,1.1115762983355202,1.0840012336452758,0.8556989175779266,0.5976121979281444,0.8182104350931829,0.9580325360831883,1.0323628952020436,1.0,0.7653379998522136,1.0502588828790893,0.5680779239895446,0.7562250598814618,1.3146952866149069,1.0763937356138213,0.7062891208721589,0.817574895647786,0.9028105112224883,0.967031460178114,0.7344513933993593,0.891433891210255,1.0,0.7932527717782957,1.0,0.7465628204282055,0.634824738178259,0.8667852116244882,0.8263584258993038,1.0156958105830827,1.0509466774765948,0.9573039756742142,0.9748878639004261,0.9798415030823058,0.8867346229197226,0.9792759055894048
2008-01-31,0.9361444566719298,0.6315892297752939,1.0102741757986344,0.8598009834084894,0.685515386895756,1.1094388193512805,0.7516976374601223,0.668395375745606,0.8945158156782587,0.7524021860404891,1.0486093052123246,1.045401740948913,1.0805322515478837,0.754920989915171,1.0076480975560793,1.4719741183018387,0.5355788460328512,0.9982000087215669,1.0227486964514982,0.8811698715687402,0.9060760330050478,0.8717738813614496,0.6494519062643753,0.9001081168916558,0.9000346264152207,1.0,0.9205366248935057,1.0,1.2481765602110286,1.1685690478211903,0.6818475747638837,1.2526256913383023,1.119153418988551,1.0193579004633018,1.2304906942000868,0.8341470370251851,0.6087953679607814,0.9859934254761821,0.9036723315766025,1.0342585585445137,0.9891501056536638,1.0697563523565268,1.1573287283472284,0.9933405887551593,1.0600135584610428,1.0368984307925733,0.7161038692921355,1.0930418020254529,0.7468972687040905,1.1943182111654904,0.9067135644759136,1.19311991884518,1.0760164545442128,1.0643331509435199,1.1507123202090757,1.2388190442755782,0.8549224977245033,0.9470050893686874,0.9610296832422167,1.358491834285949,0.8470879169387504,1.0038949055527542,0.9069710849839067,1.0165233347301155,0.9847794768894789,1.0956341213687142,0.9672652368347012,1.0152426849292495,1.0662685096540654,0.8912429997602567,0.7169745142453097,0.9096744158599731,1.1435842716648104,0.9985911600734492,0.9201357560162147,0.8451350566835485,0.8497545400291945,1.0,0.8169792650107724,0.6297533933923141,0.8841112219476347,0.9718799602204833,1.014950845430024,1.0,1.0106775208422325,1.0192725751339666,1.0650648050705624,1.041732986196033,0.7340452441743812,0.6750803027649935,1.0064505693601296,0.6665622033708225,0.925768618329903,0.9874510101630682,0.7078217166477545,0.959648559954586,1.225201727523345,0.6905792488734925,1.0587845234401165,0.696296589531517,1.1945745026018164,1.0327009932433489,0.9435838353731147,0.8539575303346353,0.9460497508125233,1.0604262592589038,0.9912173056357028,1.0,0.6789883425788208,1.0,1.0,1.0,0.9706204852344731,0.6345022484926379,1.3776076375974182,0.8182681243286337,0.5660397027189855,1.0684259206943432,1.0614955205431191,1.1584402680595252,0.658260253104846,0.6595956206904079,0.9664000436744901,0.5243600770549178,0.7514317649198919,1.0,0.8444108146002522,0.9954151078414827,1.1463230272326412,1.093534070123692,0.8471400099509682,0.7095912976510306,0.8332098939523461,0.9330562453666442,1.0189336009274734,1.0,0.7856905506801928,1.0415552051317825,0.5507174123219649,0.6790508519972042,1.4576809861295468,1.0805348132809458,0.7062842547523677,0.7876429701692131,0.846353742177574,0.988650720820542,0.8975823877165117,0.9355426812413238,1.0,0.7998407856125151,1.0,0.8266204449826815,0.6598340599829171,0.9357724377286123,0.9218090507168263,1.012747086943658,1.0504001995138903,1.02218156667291,0.8985890313815023,0.979858821500377,0.8815364329618823,0.98327401621842
2008-02-29,0.6505213709276805,0.6315969421202055,1.0111489089035073,0.7595927487260421,0.6525951725577429,1.109545856303909,0.7079527990906611,0.6222452158498895,0.8301209597018286,0.7577196532667917,1.0720648534840005,1.044876104239523,1.2297631777001523,0.7187322979021397,1.007771724940198,1.4882340842500508,0.5138647154018205,1.0197932314125495,1.0081623864360238,0.8810630297820949,0.5818307135473698,0.8903507548935421,0.6170967053667484,0.8836254665939256,0.9465893019380315,1.0,0.9273760265938888,1.0,1.3041719832586127,1.1670330836767508,0.7036483298018572,1.6880630458298298,1.2327996908916932,1.045122063206368,1.1288437926614225,0.834119600299827,0.6036667506741664,0.9852625506463505,0.8050292312435685,1.035142430891314,0.9344144359443874,1.0695984901272295,1.3650916080333155,1.059280575705046,1.0338586452547223,0.8070290326651393,0.6628605574319273,1.013851776255242,0.712228451056885,1.1980615560304035,0.9388778206912757,1.1280821256372873,1.0587249536089418,0.9513090194733196,1.2242623420809742,1.3718557199151022,0.7785900637709235,0.993727166329788,0.9525046358401685,1.1630355618701236,0.8729947577838008,1.0015761638319693,0.8223691174139455,0.8859326116750488,0.9421879231726097,1.11329059734585,0.9572416503389899,1.0940152877471079,0.9983716960793384,0.9854813709829584,0.6389472656734165,0.9778616778289783,1.066248891106902,0.6932056135263753,0.8039073951651156,0.7308438170345384,0.8199995466609804,1.0,0.8441905451657512,0.5632684156045346,0.6355211285216418,0.7666090565120569,1.064860245060806,1.0,1.1014111996396325,1.0974174593888164,1.191418296030192,1.1046354300655794,0.6982887220565579,0.632819373575267,0.9531912872680395,1.030440159627232,0.9281110003321595,0.9739209923304678,0.740062190022089,0.9480470063167794,1.477352982410128,0.6991802448196103,1.1240262136133254,0.8124417492333864,1.1669066742429417,1.0594327890106021,0.9439500319227466,0.8476794276460582,0.9840749277348092,1.0600923524330874,0.9856906995948193,1.0,0.6550905979561833,1.0,1.0,1.0,0.9718713740893109,0.626793060483422,1.371633860647501,0.7137394608770945,0.5935151432184027,1.0502618587678334,1.0473246215023968,1.1784584133830782,0.6518485138650141,0.662399016096036,0.933210372903555,0.5134523554783345,0.7478003141961108,1.0,0.9389884591487064,1.0618447255303893,1.144583405833605,1.1045816601167353,0.6878692704558353,0.5598315220174341,0.8625830527850062,0.9054270453398977,1.0151780901240588,1.0,0.8280180095995444,1.0594624184840642,0.5359194244505294,0.6722633002673488,1.4789773574228091,1.0448398124454528,0.7062277869595857,0.8281795508726784,0.8509947603290067,0.9663649525071211,0.8262478129156028,0.8526300166924311,1.0,0.731753107686278,1.0,0.7279259793715318,0.6360015998367536,0.8597387409317564,0.9385014560956075,1.0185185150279021,1.0555959017069048,0.9878680134632949,0.9556524498067155,0.976747349461937,0.8748287317261353,0.9769503748667835
2008-03-31,0.6517021372277534,0.632549743118019,1.0027744092635635,0.79184187352456,0.6790407362972495,1.1085158166152476,0.7018127179949075,0.601943336920566,0.7730096247765584,0.7489160729072719,1.0521840856198355,1.0502071135220494,1.1430132833581488,0.7274690339449259,1.0079566011175474,1.4875227533875073,0.6513718673391566,1.0198695143306986,1.011126588915286,0.8824013410587465,0.6863318579418932,0.7896128531553015,0.6217248028882192,0.8799309863451366,0.8352694761297302,1.0,0.9348676001200558,1.0,1.277118295535208,1.1606089380023314,0.696777836581091,1.5539352906809216,1.2033712086316513,1.0502128466714211,1.1565423114967812,0.8341679106816424,0.6348551648491672,0.985331916007908,0.752972984015937,1.0351552344915116,0.8990128695286396,1.0695627015570444,1.3679607632018236,1.0497372499764042,1.0252675460738288,0.8979944967959135,0.6623113573722242,1.009549825413253,0.6914108090980353,1.1968134362704306,0.9106009959811635,1.1372116677465736,1.0227697305074228,0.9901086124935458,1.4057771947606232,1.3776624539381896,0.8240882529229216,1.020687993221646,0.9560870526525832,1.053121301644737,0.9277520200611252,1.0033652703633045,0.7432694611377292,0.824291065173074,1.1413149394050204,1.1106070122143616,0.9865872314282088,1.0780237332342886,1.0784510451630285,0.9984983736614973,0.6684002165681322,0.9995809871994497,1.1002911906819008,0.7866869156776013,0.8596400880448021,0.7750529844949627,0.7877191748562987,1.0,0.8002512427707529,0.6572840614698012,0.6184800539486843,0.8751403091611395,1.1374430661658819,1.0,1.0826102763863084,1.0866482505035768,1.1645172034277715,1.0909023989532032,0.7339061591920262,0.6004013767906009,1.0540763925722516,1.0438116318366806,0.9262526753959796,0.9343664492631548,0.7327048415050712,0.912063514770094,1.5113277316222127,0.7001850361830743,1.0790940790300563,0.6668493219744742,1.101761966502226,1.0562424850899303,0.9422597388302978,0.8525512816238452,0.9784452151912438,1.045777858462387,0.9820857906560871,1.0,0.6415410850487662,1.0,1.0,1.0,0.9713556381969116,0.6268303870392804,1.3330245303680754,0.7453624182684404,0.5835558871869054,1.070732263550338,1.0640022772920692,1.1961033493463,0.6469746453856101,0.7337146980271483,0.974760993714795,0.7354602014442965,0.9212196569589403,1.0,0.9137879469113996,1.0292830570572384,1.1458698115692405,1.0890384822830255,0.6647547456290102,0.5897002268768851,0.8574267510255091,0.9126689578636606,1.0181996200873549,1.0,0.8434468142272395,1.0486553982234776,0.6104423998600434,0.7021327870227555,1.4561191955041743,1.109607041655471,0.7062983782559702,0.8679190013530687,0.8085945308082794,0.9787063310415557,0.9465068030396934,0.850730475136305,1.0,0.7116926065501237,1.0,0.7404241370015985,0.6344755528115777,0.8576243889721534,0.9768457444638694,1.0161070475959055,1.0440997466728317,1.031119539067848,0.9288005504840762,0.9842529210683343,0.9025931753046155,0.9941420576210424
2008-04-30,0.607410247406575,0.6416424212644523,1.017746159576305,0.8158209876509828,0.6960995919748906,1.1056052714614206,0.698958117248708,0.5980924179139895,0.6726779903048534,0.7290418505449303,1.0386191199853896,1.0535190384386879,1.2960749181454472,0.7181795384048684,1.0080878207553023,1.4861791085536995,0.6984414857730084,1.0291400084729023,1.0005415676342297,0.9046725715895793,0.6302755060846104,0.7304614519838937,0.6213880031651908,0.8761289077283377,0.7332571494808646,1.0,0.9343593884270386,1.0,1.2846345409495452,1.1585775766987159,0.7092772361022283,1.5920189229323896,1.1846274201627225,1.0530224312337713,1.1509620664987619,0.834223396324826,0.6279430064499059,0.985484786015184,0.7486350155013716,1.03283031914263,0.9000366150072524,1.0695292299196777,1.4652841447845557,1.032776144219985,1.0164977142490497,0.8691348109962154,0.6081730445978907,0.9921482105907234,0.7791681393777484,1.197362733870446,0.9266193585095704,1.1118504525990873,1.050387371606147,0.9715431285598072,1.375982128799368,1.38420469959305,0.6977199550275719,1.0159188507058206,0.9501860922071579,1.06147636933848,0.8715452947882538,1.0041368109723838,0.6662715134871849,0.8173765367531963,1.2359455735299874,1.113886577838409,0.9849193655462706,1.1220724976850032,1.0753741969185542,1.0572442938953255,0.6354973871754191,1.0733852332017366,1.079852853305971,0.706857318346894,0.7541469743720655,0.7326667794336785,0.7600850745433527,1.0,0.7583258544876943,0.6903884076516822,0.5791969233041079,0.8724103797631304,1.1247342726422644,1.0,1.1069395792363141,1.101960749508055,1.1741820905665596,1.1061308421920035,0.7219248324945102,0.5759371153320494,1.032991045524997,1.0357884021123724,0.9259812332742106,0.9739945586265696,0.6714462797264745,0.9088175968874078,1.519329800383333,0.7547619990260255,1.101443307368053,0.5745257615863408,1.1050070550852242,1.0629302501518167,0.9445355992899447,0.8532947620723255,0.9772302931966773,1.0397913205265832,0.9786205622710838,1.0,0.7189413936874505,1.0,1.0,1.0,0.9705781449797898,0.6268903013279332,1.3473994526365651,0.7030824390301147,0.6252932883071642,1.0846961096496042,1.0772237753206801,1.139889484193597,0.7516684787920722,0.7309630030674996,1.028474664616553,0.7461228738184562,0.9073466031905706,1.0,0.9700443971839288,1.1804236720511767,1.1543084698970554,1.1028986631673146,0.6161338906855552,0.5699487832403126,0.8815231588550895,0.9034674254835386,1.0194288981512918,1.0,0.8942448705614181,1.046167071717386,0.6003678405412112,0.7780590999567113,1.4030080686000508,1.0714082883826164,0.7062789176993339,0.8794985076012366,0.7690348802036738,0.9822894073243656,0.9622232892605218,0.8486676591472574,1.0,0.7118991627170371,1.0,0.725696116980679,0.6303473134167501,0.8462429046414448,0.9835186894561064,1.016785958454345,1.0427111780692975,1.0697372726244874,0.9721959801375318,0.9821147288458876,0.8961398733392667,0.9891539685101757
2008-05-30,0.6296314812224442,0.6433590331992747,1.0395055566085407,0.7616174585375927,0.6332536903742088,1.108046433269857,0.6983886279134468,0.6078535862861607,0.7303040158276277,0.7200106441908547,1.0037184097827154,1.0613349052346908,1.3685894382651949,0.6924328099187472,1.0084748887349815,1.4855494999343972,0.9525047414494152,1.029139581722742,0.9961638548781879,0.8939989304013071,0.671317724919143,0.7115588509686108,0.6555149227847767,0.8871345742732113,0.7494789685326084,1.0,0.9389261089646553,1.0,1.2950476251955698,1.1678403305467648,0.7224577355628321,1.7940334868660648,1.1441320150866068,1.0558023178817428,1.3652855188237354,0.8343695820678119,0.6899947863821978,0.9861818847042987,0.7558552111678556,1.0366937200571509,0.9012699318577322,1.0695620327228679,1.5018337148146017,1.1921014420211415,1.0197136403713893,0.9727992248485741,0.5991833859957378,0.9612405047262205,0.9640347734894152,1.1968395425128282,0.9930902684116671,1.0538613430441168,0.8750742765394318,0.9713318116101208,1.3663801221421443,1.3821430391638818,0.8126678921407338,0.9915420255369748,0.9525914373549491,1.1164074555323524,0.8418804198117316,1.004187755565306,0.7771890850828164,0.8001168061540764,1.171997813708437,1.1195131430043026,0.98485385090927,1.199580279974658,1.1232321409737873,1.154401930590332,0.8766775098670466,1.1060678530373802,1.0990495737638335,0.7687179739030441,0.7550300713039387,0.7548240444494974,0.7776899779532294,1.0,0.7692002960222386,0.7750458589845552,0.5736474614657077,0.8575066253155107,1.1661468374739021,1.0,1.140901389267856,1.1120212196654125,1.1926394965855012,1.088897938484215,0.7966786140804714,0.5684002330680759,1.0133527085682899,1.099054462020856,0.9280770720378518,1.0265030563981343,0.6389011525787884,0.8966761698952523,1.4866772086120141,0.7373356474415115,1.1474087935194266,0.6006024537871938,1.107417297462359,1.056384896030939,0.9546213178086089,0.850507238632855,1.0047131411281467,1.1164037656985755,0.9769530810476296,1.0,0.7304313306604868,1.0,1.0,1.0,0.9705819993236036,0.6271660685201594,1.3814424686274924,0.7629155551670419,0.553511027482058,1.108040289296596,1.093951246438588,1.1730201156364843,0.7057983973068914,0.7564061724508739,0.956342154027714,0.719835728023267,0.8502890286781344,1.0,1.0728112694220246,1.2600008739736788,1.1555933051606002,1.105867261319189,0.645287803065794,0.5698287973243308,0.8730124217085171,0.8829192602464223,1.0250462267619134,1.0,1.0277020737263987,1.0511613402466793,0.6559775145562501,0.8567375592222729,1.4202732825216269,1.0474232447542395,0.7063199574738621,0.909183053213557,0.7691761305278415,0.9941936920421927,1.0303507177783822,0.853378881187263,1.0,0.7210414087176356,1.0,0.7493034953840214,0.6333226786670255,0.8635302682815996,0.9401999604754441,1.0195155301923216,1.0794317402782383,1.0950380438863836,0.9779801082713627,0.9874615968252214,0.9240563994253701,0.9981609117315593
2008-06-30,0.5743316472811928,0.6622906280875827,1.0467690595723846,0.6555844727120723,0.6273429498522068,1.1083146427289474,0.6961257124754249,0.5941492613391488,0.5616964845509319,0.6969314970538498,0.9753089546749623,1.0499305982444818,1.421480545166592,0.6320909253674576,1.0107210204082246,1.48963074756028,1.0140316038270099,1.030087204388175,1.0074162909816655,0.8861080736726484,0.6395520064171772,0.6934424593382549,0.6492957738446838,0.8808864405611514,0.7151966854802687,1.0,0.9417365765729091,1.0,1.3181114321545109,1.167459698410189,0.6639077237430069,1.8398083065067048,1.1470151858214825,1.0604977280151053,1.3498618601533996,0.8341563248132603,0.6720307462245307,0.9855793158656616,0.7453731615303429,1.0365656822053648,0.8823747270189705,1.0695436300791528,1.4999989508083114,1.2233733068861126,1.0178138246495105,0.9704456353200087,0.5914217521399272,0.9731228612863729,1.0835374902351977,1.1985000698467543,1.0608417891224513,1.034461926296254,0.8095475456250084,0.8908409831665158,1.4089295381976608,1.3868065357446824,0.9194339405817609,0.971984293654908,0.9490943832913398,1.237281441461346,0.8242054612703039,1.0038617142998907,0.7248719103513559,0.9249613997818722,1.3824600925007893,1.1220976544412016,0.980896045119946,1.2624921472983837,1.1300999088070436,1.2632491847168805,1.2054946166983365,1.147402012613752,1.0766371734381879,0.6897629271673917,0.7510276826285428,0.7045123885118081,0.7557305593686725,1.0,0.7501867639377879,0.7590377287576956,0.528260438892036,0.6824163000960828,1.172052457569175,1.0,1.1574230189076824,1.1368785980341,1.324080750896531,1.1873866611776016,0.745601572209196,0.5623211465092501,1.1501400070786654,1.1424949384152183,0.9307189442643132,1.0601900725024653,0.6470633732272328,0.8883172284951766,1.4460533176830532,0.8690185410898454,1.3490230263132756,0.5130770532615021,1.0527611630188474,1.0541549213670736,0.9448846008668156,0.8469461322470262,1.1110605624311183,1.118793518122208,0.9755188708770114,1.0,0.6969167331233533,1.0,1.0,1.0,0.9721208252067716,0.6242459134454168,1.3910500054595136,0.6792968348097099,0.5484320233280134,1.1391213720724631,1.11318992952826,1.1628222002396296,0.6665643326838377,0.7900459840796793,0.9425987409946573,0.6598757918898388,0.8178990561288049,1.0,1.3533154899782525,1.245394266389672,1.1526006324849332,1.117703678371542,0.5925703383354213,0.5344995924824261,0.8546460117352515,0.8312965320092222,0.9955298195259934,1.0,1.2241893625595215,1.0544379955102774,0.6361160911503678,0.9349475102977242,1.3934885020429273,0.9540003415670663,0.7062904001323704,1.4523344791017212,0.7810413427047808,1.0474269351255485,1.1079400761088876,0.8294807251834315,1.0,0.7626686462053527,1.0,0.6885128851206476,0.6277425885905059,0.7995125439593892,0.959965582976613,1.0235465098778966,1.0791007464191569,1.1753455314592705,0.9753608545249253,1.0135017784869662,1.1075893180787995,1.0264032670913237
2008-07-31,0.9900996987171468,0.8883095933508962,1.0571720730157814,0.6617932520011868,0.7520609565141556,1.0671761475787942,0.7013967396594829,0.689422081939586,0.5435995815328946,0.6942540804297314,0.9794268918984811,1.0596638695255656,1.4018412837882386,0.6660360790804085,1.0099926605509693,1.4780496623513435,1.1031463426053154,1.0300809604862564,1.0095027836456714,0.9886997162541823,0.841299480174097,0.6492650859527802,0.9393652876904913,0.9368427444648086,0.7548763816716231,1.0,0.9424498186324953,1.0,1.304002990354483,1.1590417511988673,0.736248138573802,1.8366663571935118,1.2564181648397703,1.0604327220697423,1.3624643545612194,0.8359414480313756,0.9264598374874718,0.99236046044307,0.7443653566309383,1.0359641850929433,0.9212801335138402,1.0698894658098121,1.5021987427854282,1.1429954977228443,1.0088779484311536,0.9660135492403391,0.6550739990948291,0.988155103629143,1.1041994446595174,1.1959877106051409,1.0784034605617905,1.5213492790544758,0.9839459912250386,0.9549524540342575,1.3759753274304676,1.386781975696945,1.045119936162029,1.2080604332687699,0.9496026109825633,1.4040957527068498,0.8216782568484846,1.0040815130220777,0.6748572812492185,0.8361020505474808,1.2935374567772415,1.1211299289389514,1.0248608207632144,1.2456810866521506,1.1905744628261146,1.2293512621589864,1.1759956387540638,1.1430227258423116,1.1473314319370878,1.0441024735891415,1.2804425742348697,0.9819575660613703,0.8471180236500906,1.0,0.7848567661992736,0.6623819525890343,0.8507059306333743,1.1568754967940407,1.1976586428166216,1.0,1.1545138084805848,1.1337931535833754,1.3179238349115652,1.2094206878624296,0.9268579220011631,0.5635151343703932,1.1722737253897406,1.0662935965528804,0.9345239053714568,1.0788420853161416,0.8603773323488377,0.9268985879256229,1.4431679369383599,0.7766265175519278,1.352919828964596,1.0277935161700282,1.0571713270995953,1.0359990051093169,0.954589128226493,0.8542230528357391,1.1063015840002286,1.0956958419501739,0.9771909661899293,1.0,0.7069733819769579,1.0,1.0,1.0,0.9741396151106124,0.650789788264176,1.3897856414988494,1.048518263289005,0.5479383714748443,1.1356098054812545,1.111583830643903,1.1648754001441308,0.6462107859089569,1.1746755486945335,0.970685736696328,0.7732233093803856,0.8924247619412883,1.0,1.332718221938659,1.3468570115271972,1.1567452507653928,1.1180267883095187,0.8038118000737376,0.7407160271932541,0.9806572340810383,0.8812446542547431,0.9991177350565849,1.0,1.2176803266934217,1.065297885633346,1.1321217381087763,0.9782756593518782,1.2675837692707472,0.9082477980605034,0.7168542718120994,1.480322922962948,0.7894875136889211,0.9888305193027275,1.0991403237830268,0.8181779087289601,1.0,1.368925258487849,1.0,0.6778583242395675,0.6402558520056096,0.8390956499508888,1.0401997218177346,1.0231899999445653,1.0833154770868991,1.1744528910716003,0.9651079962457992,1.0035897742892035,1.0325254522521392,1.019947950948054
2008-08-29,1.2335447476936532,1.520120383397618,1.055490096809255,0.8111536518183757,0.9354400663442614,0.8664368117104122,0.7248929313056518,0.9048534636347505,0.6083806218653469,0.6917725074297592,1.0543495865699735,1.0642893695575555,1.3270170525576606,0.7764684780265723,1.0087197952880869,1.4647098537553767,1.153332763362016,1.0301374869188233,1.051199109302181,1.0713484973244325,1.1572788959513098,0.6096090536392272,1.1748944702537465,0.9802002978343483,0.7783107410464186,1.0,0.9434793641629123,1.0,1.2730645210248512,1.1411507778580243,0.7430799218757544,1.8100716819515372,1.2573357049653417,1.0560141976779842,1.2965504234720615,0.8372680226041369,1.0091795696074801,1.00124619625808,0.753123663165356,1.0335315939584608,0.9174523302288389,1.0698554442385453,1.4933380443420634,1.1769914434986464,1.0156733739281718,0.9923969347477567,0.8576689965690644,1.1171373031639225,0.9285455402069338,1.1942900560347884,1.0307062108740415,1.5282233459500891,0.932567435906548,1.0386506771585375,1.2472548663055885,1.3855729865695101,1.1173001364455963,1.1794798667559743,0.9618931171309678,1.3203210091283253,0.8350603873220567,1.0041858031942084,0.7883297918550627,0.7987186296012359,1.2323787412651726,1.1189028221767936,1.0432515916193783,1.2300866232370506,1.2275884792144185,1.1438999377080363,1.0758626105759832,1.1291972859280603,1.1952009848562997,1.3065414481702864,1.4014911381100634,1.1019180035250513,0.897447448924577,1.0,0.8506359537330366,0.568496135279758,1.1936491183694804,1.2416104853607788,1.2015766654910707,1.0,1.1373252304977999,1.1047129740005335,1.2782938577201943,1.1127186908333404,1.010600632861158,0.595376608536682,1.0546988525525092,1.0836720200456524,0.928953225683859,0.9585266589622274,0.9321103894686864,0.9862051047031888,1.418722831210667,0.6979718877382588,1.243184075262777,1.1438096428143043,1.045993540521746,1.016423225385086,0.9789721175789654,0.9348965868489023,1.0082419587736748,1.1354849214016651,0.9793264236452779,1.0,0.7463563442699142,1.0,1.0,1.0,0.9733149650557987,0.8183654804007988,1.3473453786143201,1.2398912689240882,0.5452500968557361,1.1357194292336699,1.1109368951792415,1.1459537559161936,0.6467420162163704,1.2548527118774366,1.0212412181215649,1.1686811600735032,0.9830275299177879,1.0,1.2569472823287913,1.4045992516577037,1.1583529585281114,1.116144573706331,0.9469404043834243,1.0573750827762023,1.0156908418899449,1.003052789681756,1.060026101703267,1.0,1.1799480409844698,1.0470192106527851,1.295887725676308,1.0855108347748004,1.2795571377854826,0.9710247593489261,0.8510342347614868,1.180584749079913,0.8716421007613029,0.9420100165211203,1.0841634124517738,0.8096605157912309,1.0,1.51316938069465,1.0,0.7227943882345282,0.6682650233777676,0.8760974204935865,1.1728814336544522,1.0181353282730314,1.050186954981917,1.1656481967531371,0.9171473038333166,0.9938078846802004,0.984790160187125,1.0106203053816643
2008-09-30,1.3014545844771401,1.4899200918780224,1.0463846052072239,0.9376135460380876,1.0317380685864683,0.8546321856702753,1.2551842817842713,0.9692988051537103,0.6585998052979758,0.6919181137394053,1.0346480884241018,1.0641679557633836,1.1935760741168158,0.7772734936886908,1.0084913294813063,1.4396670210421287,1.2297594198763329,1.0301194536205647,1.141345698210947,0.9920435644810816,1.3399197119541126,0.6134724958689028,1.3215365161729342,1.0773277088982829,0.7521716126814462,1.0,0.9440384234101508,1.0,0.9915453511864762,1.1453452194546645,0.8150935693815553,1.6596433641064916,1.2570467599232047,1.0525180720919691,1.3707480585517804,0.8398492487705971,1.164246583117369,1.0068043939724929,0.7467896888388506,1.035695353980397,1.0536091567102113,1.0713632547655532,1.4168246103128594,1.1193719205678727,1.046437473387979,1.0428842060824945,0.9681448309373428,1.1921015692245087,0.8981431313837894,1.1852814496586248,1.023069787929693,1.5287074885203573,1.0524303133531907,1.0304424728182946,1.454533249950979,1.3750469494295727,1.1299685018371357,1.1777757667918933,0.9595928313696325,1.1278410196067044,0.8449056268281492,1.003602880114249,0.7685333039026546,0.8478724154966775,1.3964668226877799,1.1141136335181963,1.1028602171016701,1.221465136267972,1.2382447748626144,1.0132037276559034,1.2949913765249834,1.1145396951835342,1.211330200468709,1.371532270538709,1.4292242842529068,1.1938888574262745,1.0409776601230176,1.0,0.8618990522614062,0.8992570571587516,1.2572162100932538,1.2805511051755876,1.2045896563500347,1.0,1.1055645168238817,1.0674126404322613,1.2183202551873917,1.0847842599519937,1.1412036992415404,0.5789258246893444,1.060163361765145,1.0440829132010225,0.9259187978413542,0.8241831047231489,0.9846401816335176,0.9758823912898515,1.4208318950435497,0.6841842408543115,1.1845227417127986,1.2377839760319382,1.1937607347160455,1.0323261895055416,1.0104079844799616,0.9496107006959289,0.9708001099562786,1.1610035479428542,0.9850135666231145,1.0,0.7475252874410109,1.0,1.0,1.0,1.032706392249135,1.1889884299126274,1.2996949066757888,1.289263193590192,0.5733734561774644,1.1328983728567181,1.10663878440375,0.9856362646713913,0.6436947856164211,1.3602687793249055,1.0358811990309775,1.2784630427719454,1.0330057915116084,1.0,1.1958656830744394,1.3132509158303127,1.1545463680113075,1.1135052837589363,1.0059219699126905,1.1928851372129596,0.9966263013904664,1.036571814178833,1.0751195236922855,1.0,1.2333148384522927,1.0118067850955568,1.3820238443844446,1.105769432981728,1.2060026940424913,1.24425515160762,1.1816632113968146,1.1212392584586637,0.8536349416466842,0.9489107713303889,1.101358097265345,0.8068447777113653,1.0,1.5143626672133066,1.0,0.910534726338478,0.79452381873012,1.0305523377306187,1.1855230664358383,1.0143284591315074,1.0200282239123932,1.1653714336282734,0.8812195773911107,1.004603572124495,1.049914678050445,1.0221666743466393
2008-10-31,1.3195943177671836,1.3434087558309618,1.0055618398768935,0.991561618341659,1.0061782880696681,0.8757490611623707,1.293419052296577,1.0149862981475657,0.6006741109991703,0.6920445298525015,1.0226084992725644,1.0152660491100645,1.0541774186178585,0.6566474035662866,1.0118856202102275,1.4106546175525851,1.2112984143131158,1.0295214264517576,1.3564658903408642,1.0170814755618733,1.3759127513575902,0.5824299223655025,1.3451304587715316,1.0777759633268178,0.7892352316977435,1.0,0.9444087038395738,1.0,0.8765553853780133,1.151379371984217,1.4938819850639162,1.5873617209335613,1.2573880765770933,1.047837119911084,1.423212334846897,0.8457401701656347,1.3056834208703196,1.0085200146963447,0.7541571311960978,1.036160933090517,1.1441500271517782,1.0695646372241774,1.4029300640480553,1.0186398661688794,1.0930931721747967,1.3591583885694716,0.8769742533670469,1.333198538791973,0.8910757292932255,1.1821426823780201,0.9879717421522332,1.528757048509262,1.1114628350837377,1.282544219856749,1.4662457273290683,1.3040104646007427,1.0288885210574383,1.1774428440360705,0.999043479984573,1.0281336337322489,0.8476919146432998,1.0024079323018664,0.6845541148033629,0.959709323022051,1.4407007681982626,1.1208525931235336,1.105265610995726,1.1011858591942676,1.2170008447004488,0.8905831445551897,1.3751419868526553,1.10843334562662,1.214380720636852,1.3830230985418135,1.4322157451956472,1.2194928930982214,1.2134838286468503,1.0,0.9139856675860243,1.022055848483064,1.2783786611823733,1.2778610794216267,1.2047035993406545,1.0,1.079339447963396,1.0616805823163278,1.167585006544998,1.0756314234682645,1.2298575490311596,0.5825544800620934,0.8454382302104684,0.979845373523858,0.9255622853087662,0.7720024757217374,1.1675487588750286,1.2298041670154383,1.4839169642313412,0.6760326148937844,1.1206397213765316,1.3772678210265932,1.194670253094818,1.0800832172807515,1.1184602272930326,0.9678426970735017,0.9495129427109122,1.1534974011858297,1.0048223257212519,1.0,0.6996237134232097,1.0,1.0,1.0,1.0328637770662588,1.3286028116193573,0.9758897089063173,1.2018290778466836,0.6166352899184007,1.13875327604991,1.113374951773246,0.7754555009524842,0.643615062597076,1.3826586904890583,1.0043898720599742,1.2980637484876671,1.1715732633310711,1.0,1.1604199911740851,1.4350417573464505,1.1593297662155104,1.1175992721269064,1.046717426445086,1.1952233337227565,0.9850357239487276,1.1156418144594427,1.0807553690502676,1.0,1.234391867138266,0.9926314875319104,1.369983886762166,1.0655105652781538,1.1524203854572803,1.3175680979574669,1.2555316996197643,1.0595474475704993,0.636814092718617,1.3040811617709551,1.2883729386283616,0.925184831319799,1.0,1.5145845983362518,1.0,1.0152557232651607,0.9359379519711629,1.1494030277165297,1.1980337049967997,1.0180549107351105,1.004632198792872,1.2907881524368219,0.8429118924760008,1.040527551958526,1.2915004243667538,1.0422263400022385
2008-11-28,1.2652104674620315,1.4425833675014812,0.9724004362526563,0.9512357914886471,0.8936330229679248,0.9454870145731804,1.2898828488220089,0.9761713505791442,0.549004637255007,0.6914797847856031,0.9678915388836709,1.0128679690757298,1.024118761725814,0.5996306633255022,1.0119339510378549,1.4542209692787842,1.1583658747191647,1.0294295982907433,1.368434876832687,1.0911458136038263,1.3205428339527059,0.5841005970901885,1.3376501339274016,1.0776281854835632,0.9330283272210075,1.0,0.9444231595214753,1.0,0.8484633539574985,1.1596562138553423,1.5134432438961518,1.5656569678501493,1.2574120273809026,1.0382987020787655,1.428483031859902,0.8440070562193327,1.3144946763451482,1.0076735488661166,0.756205630957993,1.0370944938133075,1.139955217302645,1.046442719634496,1.435315642128624,1.0234805993286986,1.0869217418695083,1.415592422390381,0.7584464400615837,1.3293237297939813,0.8535544922221325,1.193069399413951,0.9487682860065481,1.528757574036531,0.9210669374422621,0.9926635789784292,1.4662125876813137,1.2935162248812186,0.8874996657620058,1.1774609689714954,1.0022829410536833,0.9879460786813461,0.841805795862607,1.003986067316902,0.6170652655513822,0.9671461893405244,1.5039843774707617,1.121754554825172,1.1052960674832442,1.142804274107439,1.272403136412839,0.8953472451860758,1.473137273483124,1.1452107130443188,1.2110018852591313,1.375899922532188,1.432071450082864,1.1741580343297,1.2125541294114643,1.0,0.964336892642302,0.9511004317854087,1.2048263225555462,1.2775188591351707,1.204693215761043,1.0,1.080496569855881,1.0537305391332492,1.1550372421522543,1.0772537094597925,1.1254895927893283,0.5767664262382987,0.6711408336623903,1.09409853764935,0.9255714128110287,0.826308300271607,1.2010769403413375,1.2437693601705202,1.5219887642168972,0.6891882848338828,1.1187708317329934,1.4093312633827413,1.1922952176437442,1.0805935551296384,1.1241095972352693,0.9562306792968251,0.9459113601076282,1.1541082251390955,1.0151891521712362,1.0,0.6407610388242191,1.0,1.0,1.0,1.0328539406642003,1.2399873212297465,0.6435280598280617,1.1357008031780371,0.5574074297320222,1.1429190173498924,1.1125760466195471,0.954634850234637,0.6427395301622457,1.3991304548464614,0.745211715898422,1.2911601353935136,1.0395531662835171,1.0,1.1509638615414584,1.4751665717825104,1.1595211245372845,1.1177833886843218,0.7499808737262526,1.106299941944266,0.9510666515354268,1.1299529908217465,1.0858412428201443,1.0,1.2346042263930725,1.016627348096345,1.3072695282938271,1.1532486349700166,1.5162106833215243,1.4120374301628194,1.1757231630396718,1.0681388901250508,0.5876545041738728,1.310058812393871,1.2981332199202589,1.10311606164156,1.0,1.513622045973431,1.0,0.989805503072272,0.9451936689072832,1.0371334689341993,1.1968465940227244,1.0198939558763025,1.0290310722663325,1.2966315462812494,0.9413137838076567,1.0409959297863578,1.295197796294935,1.0424187326313106
2008-12-31,1.2682270501110242,1.372178842207514,0.9511892808972698,0.7962601909282905,0.9187983626863248,0.8687150145382637,1.2768128133275043,0.9586239192123305,0.5396742389113052,0.7423328422292338,1.0690276958540634,1.0131236298761839,0.9667319703028995,0.7089318428817843,1.0119246174011385,1.3866625207086545,1.135358509664275,1.0294693422476553,1.4621133965406374,1.1170728020319207,1.3454175879253514,0.5866241116156957,1.3429613221574999,1.0776394405157002,0.8483454542584702,1.0,0.9442550209900638,1.0,0.8263054982334433,1.1419342206682612,1.512859514556103,1.6495843889817112,1.2571898633810594,1.0316184546906215,1.4472493177212378,0.8395123718224661,1.3047312378431652,1.0083391850892351,0.7454196067421425,1.0373025411875025,1.1882181229936446,1.0458986370546979,1.411360096988015,1.0315653810080578,1.106830374898687,1.4124526137454563,0.9895204420907799,1.3460717411664747,0.8438603696581958,1.1853124121717709,0.930791326769544,1.5287687734728173,0.731782438288334,0.9510562966910018,1.4660882064433096,1.2314683078953796,0.810061233474429,1.177428472831457,1.0619818561581318,1.0449582336738297,0.8776401068263504,1.003927003862209,0.79246694314524,0.9731269013711437,1.444768438031299,1.1207405463043625,1.1052948657465766,1.0909764357842182,1.2463698302894377,0.8559924542589249,1.4673468405861774,1.1326320214513128,1.2202617175105963,1.3879147042785895,1.4324542066677441,1.2003462712519373,1.2088286113221196,1.0,1.2790260889283631,0.9290189124540199,1.2208106426821805,1.2778429494670291,1.2046801640829525,1.0,1.0592007026166868,1.0317345015590553,1.1193925561474471,1.0649283079597442,1.0201161499545148,0.5684124917108425,0.6664253179552893,1.1568288244514542,0.9255459861554645,0.6870352844300449,1.1146025617389397,1.2424567524864996,1.5388530321375433,0.6871522800333267,1.089610104327681,1.3991305734769002,1.192030710368678,1.0806505927000103,1.1241656065640209,0.9640390997634656,0.9344465533989633,1.1520669305497444,1.0106515633441655,1.0,0.6830444613817871,1.0,1.0,1.0,1.0328650449262284,1.3659993850203411,0.654407229216068,1.179406251778802,0.5428273241579368,1.1390162910244719,1.112568785399413,0.7455779657286369,0.6429152731970544,1.387202145002008,0.9990575091645403,1.2787071779604728,1.017343203914237,1.0,0.9927719184344196,1.4557612630345593,1.1594319021230364,1.117443859930262,0.7348996380856181,1.1307617988220837,1.0084460106035595,1.129431750359829,1.0824216176482229,1.0,1.233793615271373,1.013606862978296,1.3205586601528352,1.1690046419062319,1.5069657642902523,1.3864560286082808,1.2056392065538433,0.9248961780269662,0.5723278242109084,1.308872422675164,1.2955701316352344,1.1112788177476736,1.0,1.5144656764570916,1.0,0.9981327210012602,0.9681450476225697,1.0083887086009637,1.200245309916734,1.0181104994002557,0.969728052636961,1.296331157273253,0.9034300756582184,1.0408865298067584,1.2940074647779845,1.0423584100615746
2009-01-30,1.1204516411670333,1.5761515472596352,1.027720081622581,0.677825038340832,0.7563507071724831,1.0190268989026336,1.1934872647461399,0.8464460259518855,0.5266005105339367,0.7985967463876631,1.0613288840095214,1.0125966583467476,1.1302409129501476,0.6372120499691132,1.0119524449232098,1.4702355519385106,1.167348623037951,1.0293948355858675,1.445178877989499,1.1527104448124637,1.15486568801636,0.6709946835461988,1.3279623106562917,1.0771544317754644,0.7058770123963384,1.0,0.9431314808721513,1.0,0.8408421082918571,1.1606779545998658,1.5115252389240892,1.804499734684103,1.2572284056233536,1.0503176601612916,1.4663523798628146,0.8354575080892404,1.2579367465252438,1.0076539905383803,0.742795818678684,1.0349970829171171,1.131941538414892,1.0711525498297052,1.4589840977995379,0.9347783593592307,1.0426497806199764,1.434122892281279,0.690355120593426,1.174623852306561,0.917307051437378,1.1970110481305645,1.001254978752957,1.5287453414687615,0.8806339253986415,0.8964105153755785,1.4658617638238316,1.26695687856296,0.5424333523538303,1.177436158073651,1.0517064462369958,1.057756037209987,0.8380260299668656,1.0039886562834723,0.8265147394798689,1.1108202783457048,1.3717720826301758,1.1219224112310462,1.1053058510352656,1.1099438310867105,1.3727865228758218,0.9047612910721959,1.4776181278614402,1.1462084956055973,1.198555665784765,1.3723439295070818,1.4314331450998963,1.1169095898315136,1.0670251624178704,1.0,1.2024275280593224,0.9627959211007828,0.9731492681608716,1.2787451215814607,1.2046849906115455,1.0,1.124318019881296,1.0794339729104911,1.2033435435753377,1.0863410828755031,0.97621177039242,0.5814081073448153,0.6004416529012837,1.2319567019810682,0.9256009173274931,1.022273790352257,1.105450380443951,1.2442518866210701,1.4605215472563235,0.6852311570916545,1.1742051378841243,1.3223934542661246,1.1940481517449177,1.0806399537131863,1.124739278365769,0.9537851651433648,1.0938780772861645,1.1711367082241126,1.010921468841734,1.0,0.6402121557861886,1.0,1.0,1.0,1.0328657929131067,1.2828063447102016,0.8259056929493506,1.070578347907582,0.560699339083309,1.133679553752211,1.1053981588542816,0.9402277526423567,0.6437674392062049,1.3853946265961579,0.9561639129319145,1.237985222159937,0.9751800027877214,1.0,1.2067284845947812,1.4515178812444338,1.1590472928278688,1.1185317886660864,0.6190223131781338,0.965368876188704,0.980550487051365,1.1092912929588303,1.0852209610807895,1.0,1.232883652077471,1.054117994946627,1.266183259669049,1.1852912898966677,1.5355535321108968,1.3851115834047487,1.2039691282938016,1.0570441111095108,0.5626917671790368,1.311674279465065,1.300306986478242,1.1451782450290406,1.0,1.5124689854936708,1.0,0.9262624295875203,0.8089423463940604,0.9134342428838997,1.2001525788413439,1.0231406505134018,1.0069936090640546,1.2970274077167254,0.9232231799413222,1.0411126056439148,1.2968951261487343,1.0424792160004246
2009-02-27,1.1316372838618167,1.5180067990560513,0.992377056908328,0.698576890600779,0.7399239994940503,1.0548087847407859,1.1456017975921746,0.7937233126417853,0.5258722345621205,0.8648266812659033,0.9917638671473102,1.012529606796721,1.065273883943142,0.6285567973201776,1.0119608559237647,1.471366426066952,1.143014852908771,1.0293985589521641,1.4571308181959277,1.1968731235174408,1.1587812853935362,0.660656307349036,1.3195012898680345,1.0769087213877424,0.7091079070011411,1.0,0.9417057776234923,1.0,0.8234645932902871,1.1469680131964286,1.5137299011365122,1.5558715622394736,1.2519099624354288,1.0464376334024557,1.5194276227266168,0.835061393873202,1.246167041558651,1.0073973267283696,0.7442859891819367,1.034871221624798,1.150474469641954,1.0703403358921944,1.3792860411262615,0.8501278466436741,1.0505001983125226,1.4169126095087456,0.7265521767887257,1.1996699245853986,0.9062494162577519,1.1950457774504537,0.9742878279839126,1.5287553600845787,0.7687985151413679,0.9466427408685331,1.465543070139358,1.1922885658864917,0.5049966877731804,1.1774230191679056,1.0066683334907514,0.9598141324613851,0.8294574261471745,1.004123672074045,0.8334671319689159,1.1480909131124175,1.3125865801132632,1.1219122039187814,1.1053120750584002,1.0662830075286798,1.3110725771022862,0.8741534154172887,1.4970340041218744,1.143488326642979,1.2028585785732742,1.3801772974776636,1.4321640942191287,1.129292829043559,1.1797382828901462,1.0,1.3480396530489587,1.0074647937891694,1.0472024150083508,1.2784646517967029,1.2046683887991296,1.0,1.0868179493759405,1.0432387054778034,1.1359571943943443,1.0577836426522156,0.98803284056119,0.5786470004115178,0.6121005479539631,1.0732245928671038,0.9254576828266527,0.9726364643114253,1.0775612818048823,1.244164271876745,1.2405466062180668,0.6848050041178133,1.124529116860749,1.4128361351315526,1.1955945733140891,1.0806101864563187,1.1276623168264246,1.0079188386230293,1.0229233506338673,1.1754883967585275,1.0091321699116036,1.0,0.6339030759125518,1.0,1.0,1.0,1.032865752504944,1.3442791578173174,0.6582680330584156,1.0309693628120609,0.8047296237234981,1.1388217330046861,1.1088602100600313,0.6338955777778977,0.6457123577985946,1.381635995535704,1.0024686216279943,1.2474101733668175,0.9744146946810354,1.0,1.0008592163790404,1.4433775265126152,1.1593359406679014,1.1184298450314287,0.5769375025467242,0.9583969637161267,0.9025337763188777,1.1975991543066251,1.0717889327746721,1.0,1.2317568596949011,1.0311359549626886,1.2571723708286417,1.2253390004958158,1.5328464880427137,1.4270898272340293,1.1905991201072486,0.9277371254238276,0.5315577004055727,1.3117243529544413,1.2994733630569062,1.1469793075090955,1.0,1.5123846445054459,1.0,0.9815616850225911,0.9228534196835193,0.8926285475431915,1.1995447982028256,1.0225959216867158,1.002583127150033,1.297155112381233,0.903966956132049,1.041122321256589,1.2969990703422978,1.042478614121314
2009-03-31,1.243876047154652,1.4922105212446948,0.9870492782940016,0.7412545587406082,0.8767648527633334,0.948282820502052,1.0792244184409343,0.8804475130942409,0.5512202933522801,0.9407417418779107,1.1203244525662008,1.0126360391372835,1.0664895693322731,0.825478047321703,1.0119521489849985,1.4556344828325027,1.074606033717632,1.0293897231806834,1.4536689279979356,1.202840190619617,1.128941623525391,0.6377376643823591,1.305757007798844,1.0772470704970107,0.6969485763225332,1.0,0.9413855792135744,1.0,0.8541667698008831,1.1307266730920953,1.5132124438000876,1.6794823585857368,1.2559829624430414,1.0406551923168132,1.5174763184381201,0.8385740195485781,1.2588666510686595,1.0068061745400787,0.7546415546241032,1.0355345174626829,1.1582685851495902,1.0659347778788348,1.3321109806579725,0.8664026358387205,1.089181065596481,1.3781805424568836,0.889705428485891,1.2634134628367149,0.8833193641370304,1.196196837572008,0.9553091906354015,1.5287548390509964,1.0078923791417778,0.9744873039726109,1.4593151500232477,1.0591530858331408,0.5458906435734439,1.1774227020590196,1.053827929709804,0.9305295884357657,0.8688780108007284,1.0041142366699352,0.8441182521084223,1.295665292032385,1.3381478546365841,1.1211972842792806,1.1052642381352689,1.0683347477062335,1.2216509409533602,0.8763723115787695,1.4892223206858402,1.1283586761744122,1.2184497193323238,1.387031645030096,1.432422642691127,1.1661841391550691,1.2184502360225913,1.0,1.3716160936119348,0.9198914661078366,1.2114617264067062,1.2786885842754532,1.2044854941503373,1.0,1.0514549258975583,1.0274117877306987,1.0926862612213846,1.0419967830025392,1.018983203956671,0.5792055789223112,0.5331278248223899,1.0456760086116823,0.9254685309608921,1.0062809098390773,1.2108702185979308,1.2441784466298322,1.2202003027309722,0.6797256492738155,1.0948684696810633,1.4287935517658943,1.1716892854412622,1.080604171391014,1.1275956828395235,0.9959155825999616,0.979401902405454,1.175337246897684,1.0106963820946786,1.0,0.6747595403413549,1.0,1.0,1.0,1.0328654227945082,1.3509717599819255,0.6392376910814687,1.2333701968774677,0.6848786224782548,1.1362846317907878,1.1100443174926347,0.5458895601278115,1.1283151925969963,1.3472744292892291,1.0005003789068567,1.1971119464467452,0.9187254282128547,1.0,0.9569243803947372,1.430043172729656,1.1592947289624818,1.1183070098279064,0.9365233075577535,1.1315461291496458,0.9878767329976923,1.2060770234154083,1.0704216130368884,1.0,1.2264255372382498,1.0212275671951725,1.242829409320289,1.2297628682671742,1.5319855361943355,1.4325752933823086,1.2253054489332262,0.8881388173603275,0.5519790957868941,1.311302860729954,1.2932421723864667,1.1387777990890962,1.0,1.5144539819309695,1.0,0.9902096722640238,0.9642233446106319,0.8737484071118237,1.199404830186225,1.0221643206464495,0.9963143885276668,1.2970159701302117,0.9830671869760496,1.040975612576012,1.296103589172755,1.0424354262031958
2009-04-30,1.3848726600073102,1.5318433747709572,0.9540424045266884,1.3487797581127907,1.5492774739666675,0.9574385078798325,1.2869987723637206,0.8474860040145845,0.5921035370484031,1.0000117564762943,1.2831165180904887,1.0125773163854315,0.9935721647106455,1.3900731318370902,1.0119605399012024,1.4646905345693215,1.1078841769766379,1.0293951736611595,1.4590812830147275,1.1947317094163377,1.070550767533324,0.6938642176593843,1.3491166299560908,1.0776781182089077,0.6975025834059605,1.0,0.9422741943644851,1.0,1.203232084728062,1.1612549042242604,1.5136923780923082,1.8166297265664515,1.2572916388444648,1.0563841302152879,1.5211553734309333,0.8401853124293119,1.3162030723779579,1.0101730630446035,0.7482379669224648,1.0358861490964475,1.1915237056300938,1.069367949283589,1.2125809633244424,0.8957885205175148,1.0981759392517727,1.4224128673876286,1.2134046034865584,1.3861589568995123,0.8686998263760061,1.1880988862250208,0.9718690837677987,1.5287563440244076,1.4355411986650395,1.1504132000031853,1.4524681503196541,1.1141077328105689,1.4654507266872747,1.1774268817873221,1.0727945120306606,1.1301389096589523,0.8792310378173432,1.0040633486821138,1.0472504746324351,1.1593930036483306,1.5063130219551764,1.1196935024042327,1.1053117212125723,1.0243224010545413,1.2709451813752388,0.8508549714156513,1.5008698982272874,1.105639469097853,1.2231863031571764,1.3897331272421378,1.4324930671900005,1.2827547700476378,1.231038299567497,1.0,1.3577052452612675,0.9047241838006653,1.3807828100934203,1.2786995552208622,1.2046367147451196,1.0,1.0223398203178367,1.026669729543534,1.1792769702116785,1.0481625591859747,1.2709727551567354,0.6200710866379457,0.7468108451354509,1.1023760918485763,0.9257689307931704,1.0594502137860078,1.5059494870641572,1.242379237483185,1.1706939776072862,0.6767293213163184,1.1402896757613643,1.423788659472149,1.1775713766124067,1.080681645976379,1.127731827721031,1.0921209809353245,0.974136514166851,1.1757331489977076,1.0113345579654114,1.0,1.3305373103273015,1.0,1.0,1.0,1.0328658198414666,1.381647210657274,0.9774449047620289,1.4733311202407333,0.5766684844495136,1.1231187425271019,1.103994690165485,0.4212184771501073,0.8225608564641707,1.3551239537577642,1.1412495261315485,1.2576731475139529,1.0503215736500897,1.0,0.9130231160064639,1.4707326449218256,1.1588830933237995,1.1179778880210423,1.2386354073748813,1.3168022771418202,0.9388278023167953,1.2055838948252129,1.0614299130129026,1.0,1.229011460398325,1.023730449007625,1.4220638274431765,1.1573895689284643,1.5402473382958959,1.4313269693372426,1.2748195399049917,1.086048787697425,0.8418331180444286,1.3114071994346397,1.292074550049362,1.1367770998938327,1.0,1.5149140128907876,1.0,1.0244531230450644,1.0956100178707033,1.2041442987131725,1.1993952902634168,1.0230409289459599,1.2296101230004828,1.2972577763830047,0.9588605635643178,1.0410132417388613,1.296224623440513,1.0424541869664101
2009-05-29,1.3585393151817522,1.4022750463684281,0.9890325325829753,1.3673781102027263,1.5588306562963994,0.9838720018251955,1.2021063713515052,0.8917486794111764,0.6646944631394263,0.9689357211903482,1.270311335544136,1.0126544499267323,0.980064621305912,1.3884036694404867,1.0119592853188086,1.4499588832560701,1.0092022566609933,1.0293947125606413,1.4528863978424176,1.199801287787382,1.3877414722123458,0.8846598557343431,1.3207595558027485,1.0770826653286214,0.6994845666690286,1.0,0.9343424976502325,1.0,1.128717840139608,1.1457670189898004,1.513847039919712,1.7269439885084283,1.2570828481524836,1.0570891294847624,1.520268249702943,0.8386693571617689,1.2716849623133255,1.0094567002291295,0.7561211618316936,1.0372499206174752,1.1612544622267387,1.0694427809868559,1.0855237148248928,0.7494462044294308,1.0981180250422162,1.4229181231400192,1.2190237099136987,1.3743585964037637,0.8689290342904175,1.1886697773044554,0.9766370230110009,1.5287411977528047,1.2708523689242983,1.1008269913847915,1.4494357263517044,1.176793263118884,1.4465179359236222,1.1774250269032676,1.0401389962729524,0.9168152938721206,0.9343489502941829,1.0028675600783876,0.9742095071878782,1.170411737069398,1.5553540889960102,1.1137262453246493,1.1053171099962398,1.016141391553148,1.2903850122755514,0.8420471991556934,1.500671891524568,1.0616633198911354,1.223223111794564,1.389505260328875,1.432435604470307,1.2114404665360077,1.207200925522468,1.0,1.3962228014516156,1.0116713509457018,1.3718422445262894,1.2787196436127555,1.2045844826664944,1.0,1.0051202633017866,1.023921008701567,1.1369135845879865,1.0528927316855925,1.0128425444402185,0.5867844778649516,0.919178239151441,1.0911204098722789,0.926135025578325,1.1236620450468948,1.5041588597162705,1.2423022456513038,1.377412460000253,0.6767268193785033,1.131873262068492,1.4304815390856616,1.1449753838781171,1.0806784056727738,1.127700735949529,1.045042522662516,0.9748296873682865,1.1753087222396643,1.0124983002753898,1.0,0.9610895965208027,1.0,1.0,1.0,1.0328657415144165,1.3816070048773252,0.6840994301735903,1.4725165761102716,0.5744935967234279,1.1352334930722292,1.1070566680594274,0.5201677145202428,0.7501349246004182,1.3126760419803756,1.064220317807251,1.248029534559578,1.0032546489091083,1.0,0.8956655462678262,1.461579628218463,1.1583371216869547,1.1178026073616039,1.249115873314863,1.209008993444161,0.9658954779803355,1.2065311109945305,1.061539041159186,1.0,1.232238908764529,1.0433211755448322,1.388058218109481,1.2256393799295193,1.5403723819704225,1.4290938343481685,1.2552323261890357,0.9726241484467205,0.8468401031642189,1.3113930605023714,1.29084109673793,1.1446570938065566,1.0,1.5143733733749674,1.0,0.9384225617996825,0.9764568485225817,0.8466393188794128,1.1995557434847801,1.0231396028568545,1.189897683685459,1.29720798393402,0.9739962751587525,1.040871885212204,1.2949108000618625,1.0424303321404356
2009-06-30,1.3948334682279113,1.3945243218748136,0.9393574317297942,1.3825224668338747,1.5576222714377082,0.932646877508842,1.2488192127179119,0.8658346044221815,0.6538951102818222,1.1653644963700995,1.2866672033709667,1.0132032826609336,0.8731059051136824,1.3922003948232087,1.0119442645965397,1.390915585206924,1.0267824174695201,1.0294025836001273,1.4662859694314891,1.2050162371165731,1.4926531716767422,0.8559582375773661,1.3255504269942213,1.0772631499923129,0.7160626653060759,1.0,0.9328706397900242,1.0,0.9288930995006035,1.1421494560875818,1.5139254456428866,1.245138799843141,1.2570228042390608,1.0482532111196907,1.5201550545179092,0.8402883517966638,1.3073549286460784,1.0099652603588922,0.7534645317987707,1.0373115770307497,1.189219356399762,1.0693847975976583,1.115727813955075,0.7337717444973383,1.1056731394460684,1.4094625129139473,1.2576293653896775,1.3873438183890732,0.7474753381605693,1.1477677743081955,0.9229777695158565,1.5287554690211367,1.281772110287478,1.2844394669670032,1.4429621534537038,0.8268206407485785,1.4358692052807542,1.1774209311413968,1.0123754050230815,0.6540064571696831,0.932361305607163,1.0035168809105406,1.0482415663641136,0.9577386199719045,1.527004064546849,1.079423647850231,1.1053261964698724,0.9572093134021369,1.268727551204664,0.8337155294823813,1.4989234247868644,1.0347120082629142,1.2231824108966212,1.3896781408567727,1.4325348339937019,1.2614920973370831,1.2691950166820112,1.0,1.4287526178529046,1.0682243930558508,1.390402495297006,1.278763962823203,1.204605981057446,1.0,0.9869867652433014,1.0040623575346619,1.000318830623692,0.9835260884163928,1.0647423597061416,1.0273581657159214,0.6586920858087348,1.1158107663821066,0.9265251320772925,1.026994226364866,1.5091915254674886,1.2437266760377548,1.1777112479274314,0.6746792205304857,1.0107118749869897,1.4318910871566066,1.1183316019663743,1.080678524152619,1.1277622854172962,1.197660732817694,0.9512719778906772,1.1759161266225058,1.0137395310647912,1.0,1.149862063347309,1.0,1.0,1.0,1.0328657256525353,1.3816275570711354,0.6220900815815386,1.474441412872899,0.6723154374065803,1.123465512468449,1.1067296529344188,0.5562220179288706,1.1055888013733823,1.2987514943241583,1.085573868922705,1.304469193447797,1.0984755723787571,1.0,0.8709797120393323,1.460494786590679,1.159144499514303,1.1118341842614683,1.2677090931496375,1.2811898173698877,1.0685130358912096,1.217543366828394,1.0612326361829012,1.0,1.2190109263026159,1.0129376815847086,1.3954931730279905,1.2657570614406803,1.5399046253068245,1.4331801646203486,1.288822128052646,0.867803562547834,0.830719602399296,1.3107344408694965,1.2764947302780643,1.1460032262130135,1.0,1.5137791944594359,1.0,1.1625625897772531,1.2761275310298952,0.9211891766916177,1.1991539612199755,1.0201651895902866,1.1741900673629788,1.2967747368802367,0.9568651190367155,1.0402048060215703,1.2864250564587236,1.0422969220529272
2009-07-31,1.353604956283513,1.4463022735308906,1.0099434402978986,1.3925586417351195,1.5558223396865563,1.037853966240955,1.2802384987232145,0.8701999774886771,0.7889725968086682,1.1945353835237793,1.294044225623249,1.0132087579899478,0.9668378545187498,1.3923453113825066,1.0119447773176813,1.391083353714397,0.9589762184489233,1.0293967761565401,1.463294495025753,1.1927538333611585,1.5077912366275887,0.8410476699603738,1.3352244228631134,1.0770005705180534,0.9548983540182828,1.0,0.9179994719611267,1.0,1.208614378592393,1.1446019622969703,1.5138059999831515,1.6474865085275947,1.2468603103156064,1.0482088112020842,1.5198770244139435,0.8429020292476979,1.2716884741809371,1.0096649465699619,0.744504652409573,1.0378578337252138,1.1543404932656374,1.069417899856171,1.1010471397640536,0.7207269790822515,1.0889476780602705,1.4040395839388746,1.2127005626209448,1.3772148769813617,0.8799688022949447,1.0985729606449497,0.9318392191969865,1.5286350792378047,1.0368134277079724,1.3852233009526531,1.4361084816243357,0.9094659592986053,1.452219937714773,1.1774266066628107,1.0754704920781277,0.73325169492736,0.9524453385087829,1.002727132089049,1.0419657754641822,1.0346168831010034,1.5139409079875026,1.080543640455292,1.1052693039417654,1.0029570712176195,1.2657529852125076,0.8521224223040453,1.5001738990362206,1.0583718021293858,1.2232234723807662,1.389492412992925,1.4324237983869965,1.2626695829718249,1.2366299717143394,1.0,1.4145551183512053,1.1974984577484395,1.3631727164849332,1.2789501846387048,1.20424397877363,1.0,0.9939842982269318,1.0195001208051215,1.0497496175096863,1.0269249500335498,1.0445316365046593,1.0190374874313783,0.823704885458756,1.1369964881767192,0.9318786523567724,1.0555107427002774,1.502860438850417,1.2431019455627288,1.1360319804930394,0.6760940113087668,1.0874305870719565,1.4285412018250823,1.1604605642527035,1.0806748452242005,1.1276656042603153,1.211105392873498,0.9501668064074595,1.176009839826552,1.0129881728685577,1.0,1.240410574141649,1.0,1.0,1.0,1.0328657416210258,1.381644030910061,0.646952489654232,1.4712406974827887,0.669071053753316,1.1094243360685299,1.098133067997889,0.63986565832581,1.332684770159397,1.0796660993587168,1.0899763405641492,1.3020447154392696,1.1292246576591807,1.0,0.9032083198293954,1.4174342784543212,1.1588225482800942,1.1052113353298183,1.277987771546134,1.3088443895919157,1.0323271592430607,1.215214669260004,1.0612765672710314,1.0,1.2114079351960532,1.0220563207330842,1.3415717085524936,1.257243623954013,1.539508315320619,1.4335531893564375,1.2871607193366075,0.9169868322244734,0.9514022737020958,1.31054039763143,1.2613233568621953,1.143705982320253,1.0,1.511878526665896,1.0,1.230911573749066,1.3190813226802596,1.089973545879017,1.1981901939011885,1.020957642011748,1.1649392801020133,1.2966228381948728,0.9796007655131972,1.0392884934343367,1.2813950064047488,1.0421660402046231
2009-08-31,1.4110815361934002,1.5851126428461573,1.0295820124161514,1.394414791523712,1.554979776491993,1.0533746631568695,1.2959835040406082,0.9276658875003495,1.0177111271140795,1.228093714265481,1.3019729161194455,1.0133116647937632,0.9485031946710611,1.3932449611690374,1.0119367018907728,1.36408294144367,1.141069895222162,1.0294054904304197,1.445114808374362,1.1935673942819076,1.5275655406405437,0.8233779627406506,1.3478271155392307,1.0775193264853622,1.2614611116790364,1.0,0.9437833845860384,1.0,1.277563345419379,1.1612752727706266,1.5136441872882507,1.749187290216308,1.2309314203712027,1.0399656095690026,1.5198056011906398,0.9799281265638605,1.3049270095706413,1.0102639631735777,0.7838420986159673,1.0367144100206764,1.1769726772512528,1.0693954045968432,0.9328258108192442,0.7354812131202983,1.0583454799642027,1.408555883765724,1.2494038915635155,1.3745117945667098,0.9479489274710194,1.1315768910552302,0.966910725787699,1.5284789192526502,1.0940515654359497,1.3584664414707093,1.408868053859271,1.0165278387745196,1.4603027882691206,1.1774446550013384,1.0955443015351842,0.7598223356242706,0.8654194061007107,1.0035712565740886,1.0399685761596646,1.1564026034345178,1.484046649929903,1.0782282199317657,1.1050918846226794,1.0570630499034186,1.3308608005759663,0.861078314469118,1.4996692779547307,1.0676475513068822,1.2232157781675927,1.3894043371760623,1.4324033437058046,1.31839694551838,1.282761498138021,1.0,1.4154365773991073,1.3743754254317029,1.4025531928661752,1.2774796783137923,1.2034145224214017,1.0,0.9926039568052508,1.0202677902212398,1.068833149467093,1.0303256596681547,1.2548994214684381,1.1532149211823262,0.9442279630451204,1.0836873851388402,0.9479438578783486,1.0116881560952053,1.5039955727224978,1.2416282135372945,1.165535089491899,0.676228094307305,1.183976578595355,1.4299926526366742,1.1848614361477714,1.0806635562882174,1.1272073298219114,1.2108476821223852,0.9652722155139001,1.176012375497442,1.015270745035172,1.0,1.2206978051821114,1.0,1.0,1.0,1.0328654649344995,1.3816476104913655,0.6719381186750318,1.4720146825402372,0.6026570415343915,1.1327636624630997,1.1052207365060631,1.0415236580904594,1.348588606218752,1.064096077914443,1.0932986932056914,1.2968139711709008,1.102728603411458,1.0,0.9237971276988428,1.4187863053425422,1.1584776289905676,1.1097905790427158,1.2977035110106687,1.3679555616794172,1.0515914897569048,1.1931719287344034,1.061629736799566,1.0,1.207716761839641,1.034398102993982,1.3692693212689102,1.164859906946634,1.5392722754423755,1.426590395592248,1.2914975648221383,1.0390971461698104,1.1478500663901807,1.3103265236994979,1.2448078082057874,1.1444899208651975,1.0,1.5028497338560647,1.0,1.3782668430395768,1.3944536079852021,1.537115939688384,1.1815539138642566,1.0204641367453102,1.1894677542065835,1.2956954929851834,1.0493066374939324,1.0392986645565028,1.2788699880405043,1.0421913370057403
2009-09-30,1.42099439164551,1.5858024751027533,1.0469339556596016,1.3937866396515497,1.5463871529727005,1.054499211271645,1.2926803072481152,0.9620375011628004,1.065220975766536,1.2065668405670615,1.3251610319597835,1.0138591684372391,1.0169873090447992,1.3944491657801943,1.0119000794015638,1.3471938201807454,1.1320699113806643,1.029428104123136,1.3904126550406435,1.1978103956716424,1.5252533127236785,0.736180458043806,1.3356403720285421,1.0727764978072225,1.3080323304312316,1.0,1.0412110769064955,1.0,1.3083250177067103,1.157107653048208,1.5118656631029477,1.8223032205160472,1.1865798828712715,1.0167754500408672,1.5164505881933694,0.997948545598158,1.271253502533792,1.009755328636867,0.7621803545762577,1.035366902373605,1.0117506190883674,1.0693771577580362,0.9370525829523153,1.029280008255907,1.024388569929324,1.413493291998432,1.2652938986855056,1.3736504872111213,0.977313741447995,1.1500945445142567,0.9740968260830886,1.5274528558553364,0.8182225616355978,1.175187495197699,1.2355586385495823,1.0072892044303468,1.4668506158640806,1.17757649457408,1.099307130057002,0.5720743896560885,0.8342721376022515,1.0032777397412636,1.1008474679325637,1.1156601917025728,1.3942860693069816,1.0542816854742814,1.1019763847281956,1.1446928506197025,1.3693280385319582,0.8998148491363973,1.4974935190289251,1.0613436459985888,1.2232700248583706,1.3888019710069988,1.4318394017056852,1.2978370093648417,1.1998803929756872,1.0,1.4187893110858543,1.3336168769240986,1.4086593602255906,1.2781118346597475,1.1866740111251464,1.0,0.981230296184059,1.0079944662078506,1.0276056989123226,1.0240870332568497,1.2352377032197985,1.1826620889504251,1.0529432849229865,1.0946509842373637,0.9508107256497251,0.8981517741070288,1.494976347661376,1.243127815108794,1.1067788129744518,0.6783487138435139,1.138977757662552,1.4273305932936908,1.1852688960929627,1.0805683600267557,1.1230320000569063,1.2089779392132283,0.9603848452603476,1.1755394615632404,1.0160333677843263,1.0,1.4719035764339905,1.0,1.0,1.0,1.0327184519014156,1.3816425010617623,0.6820071771036671,1.4730978080911408,0.5640515810998316,1.1223524194440404,1.1002326577596513,1.1922898665845736,1.3466240174578608,0.9599170809029814,1.1340916313676332,1.2799729214457507,1.0392454321833977,1.0,0.9093613679308623,1.4423006575571087,1.158600496269245,1.0988623055161213,1.3071821399720467,1.3426110740061796,1.0719931204497466,1.1241721432067522,1.0631345708580586,1.0,1.1159708081690831,1.0401218967921408,1.354795973563398,1.2289351750884658,1.5387597846418397,1.373139821239031,1.2914582366057799,1.0131543474050761,1.3203300471432202,1.3085664467596685,1.1988060816037696,1.1453626752911983,1.0,1.4883987732141166,1.0,1.3081105049840873,1.3625738229260265,1.5039693936364749,1.177051401944782,1.0155054929930212,1.1858908842641882,1.293104696328513,1.1313529785313765,1.0352911216753926,1.242612113333116,1.0414895110144597
2009-10-30,1.4178241206392186,1.5857656678889795,1.0457304235960911,1.3932922069322984,1.552382865161751,1.0001911078307577,1.279502098271818,0.9308496745989917,1.146781060073622,1.3157366071271164,1.3383528398645477,1.022300637888515,1.0628497190438702,1.394868320268241,1.0114598890909479,1.322045827176153,1.1659147277749518,1.0294947337774918,1.3338376487234906,1.1630220377490852,1.5269143143010522,0.7698740232671981,1.3042719853922358,1.0663281611236273,1.2978236856423544,1.0,1.0369860483833049,1.0,1.3059295413151675,1.1360621401634554,1.4926099256874168,1.701788995744999,1.226076301858702,1.0228567802957786,1.513892828087073,0.9654488294763053,1.2148717697946962,1.0091958770783656,0.7524136443380507,1.0371193686144176,0.9947313283537742,1.0693733749288303,0.9813112389012788,0.991301110742158,1.02507645042001,1.2648627302699211,1.27476407070321,1.3130488364249577,0.983451096367602,1.139929246358368,0.9719520876212759,1.5266386346486385,1.1948469783557067,1.0293529809970543,1.1039298895327743,0.7666446199103839,1.4684936503444983,1.1777166103694452,1.095697718040301,0.5421866856108495,0.8837080351115181,1.0030545422712096,1.132673881351393,1.0103596219152495,1.2790013540140512,1.0092226212086726,1.097833167176851,1.1639721404595282,1.3322259608013942,0.8873074401348459,1.4947715890700572,1.09385388830253,1.2232910488864395,1.3886772104363132,1.4305215411438024,1.2960853882094825,1.1025281357943515,1.0,1.4123488838470837,1.316871385426872,1.4052946163858635,1.2781125059977263,1.1769707345486418,1.0,0.9710728662770122,0.9916435020991327,0.9712224557876558,0.9803287408010356,1.1999598705750032,1.2332837222489244,1.1712022027067643,1.032018555100581,0.9366147516956966,0.9206145311373144,1.4876849502692024,1.1966650425688035,1.0408702689223224,0.678450775762535,1.1048864263305305,1.417609442513787,1.1716086646302868,1.0795227553126165,1.1149457148387105,1.2068414249348731,0.943263698432434,1.1756074569872856,1.015109228675313,1.0,1.6285867082979466,1.0,1.0,1.0,1.0327591990409053,1.3816365242013449,0.8656565776286379,1.4741951909062447,0.7180342561861182,1.122852811649268,1.1003973936277538,1.2381659957185058,1.3515744262611806,0.8909399742914466,1.1808225899783609,1.270501413801196,1.0365943764290937,1.0,0.885777806439552,1.3781709354461493,1.1548927969385294,1.0481046098041793,1.3268034733843823,1.3530506771089024,1.0870052064813738,1.1048295448743803,1.06402646980617,1.0,1.149616977558616,1.030709732787764,1.3822267457502675,1.2205806135116621,1.5361388853290059,1.3749224920868945,1.2912800494969352,0.972290175761565,1.3352364751310366,1.263495610799557,1.117478769337554,1.0317877675905625,1.0,1.4849645704151402,1.0,1.2735719504332355,1.315042218977301,1.462451686884928,1.1944083525840898,1.0123651585633584,1.1771264540105506,1.2672544978810893,1.1211467309371677,1.0140728142052975,1.0673741455016688,1.0355894246020632
2009-11-30,1.4224416204419161,1.585558796035,1.040123508691593,1.3929601222509311,1.560408080043761,0.9449106916781572,1.2882301488505357,0.953896904112311,1.010385407716548,1.3799733382492732,1.3399550216405829,1.0397822177217089,1.0644259671535456,1.394979698056014,1.0103940569025662,1.2664602810765153,1.1613262763981795,1.029603568998301,1.329588056064283,1.1702375459943384,1.535203485137272,0.8247640343194955,1.3262473581486391,1.067093246544886,1.2827379212056886,1.0,1.0172377753758604,1.0,1.313703759785004,1.0465294596100656,1.4160418933295016,1.7787243589042852,1.2495118403942458,0.9928025626784966,1.5155244874956146,0.9672653396419068,1.2336350469054342,1.0097720394971599,0.7410342051286485,1.0380165166406676,0.95412445582246,1.0693909901774892,1.1087860225737263,1.0187265772501295,1.0446250570017057,1.2287285665478174,1.2808334666435894,1.307556863023372,1.011697736947916,1.1076895687815407,0.977697581068797,1.5263557559257313,1.4451032588193695,1.050232743521018,1.064838946064421,0.7030127393429572,1.4693700776565528,1.1778276107010035,1.097346594988154,0.5251630096648003,0.9509000533990084,1.0032622955989523,1.1714441940173441,1.010497419718694,1.1574924445483883,0.9956755680039502,1.0907814644361393,1.1276823052723435,1.3382553632287322,0.880268651423815,1.468449086571653,1.0362268382471713,1.223297619433418,1.3891457011359498,1.4312562544425795,1.315432350059323,1.1042218562191604,1.0,1.41035069606556,1.352348370001689,1.4079820074447476,1.2782276127131524,1.1367905156941596,1.0,0.9582405157634408,0.9795304224093221,0.9477349634902107,0.9601299690121192,1.3035303076208984,1.2890386583131228,1.2841875019254316,1.0035574497776139,0.9397132463121556,0.9416427084138803,1.500939706793571,1.1990692555211457,1.0523541243274195,0.6757035263242592,1.0655677122447853,1.3885517365345654,1.1465607853140858,1.0773512733509942,1.090543143415157,1.2080254689417507,0.9346158484462179,1.17530136742579,1.0130408295014015,1.0,1.6641885710671933,1.0,1.0,1.0,1.0326874724022799,1.3816393596621965,1.07626223376296,1.4744039364304458,0.6961723105334097,1.1236543793973734,1.1007114287247541,1.2299661289480752,1.3515188318419271,0.7959459160773529,1.2035410908330415,1.2784699036012015,1.0370321212696114,1.0,0.8780375053896959,1.2913784893864282,1.1475361807333804,1.0290475247944335,1.3301963605986198,1.3671498278466694,1.10000007764331,1.0803582515015309,1.0648783550918715,1.0,1.076619794992678,1.0036127416254392,1.388583218539355,1.1540565049611642,1.522436909289482,1.190569643846804,1.291478536271754,0.9010004179332582,1.3391206064582641,1.2018429623931008,1.0985357214974694,0.9198057875118644,1.0,1.4921727304292964,1.0,1.2779352728422146,1.3236777749559554,1.477131193076405,1.1962237345571534,1.007652838978472,1.1420854014237372,1.2339529310300328,1.1172249748896406,0.9986682044537916,0.9761404998668906,1.024787823007401
2009-12-31,1.4189451796663382,1.5856595667636026,1.0463138138476467,1.3929543468972465,1.5612784562883546,1.016780688869301,1.2950741342671694,1.0016115855975454,0.8685547677124591,1.2334520782172211,1.3384256103119991,1.0360942252866288,1.1596703350032047,1.3949217123454276,1.0105501963674037,1.215607522482965,1.2124045815578919,1.0296577433322163,1.1355611872888183,1.1381786375730805,1.538202532890384,0.8154850268464621,1.3152671926775656,1.0704908283287453,1.3039579323720412,1.0,1.005341531150044,1.0,1.3150199888965255,1.0574367156837803,1.4114310606433484,1.7076738470671502,1.242703810884759,0.9821774484948772,1.512422569940933,1.0445274242696347,1.244574090993941,1.0096673771085065,0.7582849340789936,1.0362038977956225,0.9306891840771163,1.069383077429798,0.9854557008943954,1.1390708342251485,1.0324294936597107,1.2451196253720085,1.2790780959576165,1.2860822120952604,1.0059590032175496,1.0610665224275917,0.9844379174679478,1.524324388302612,1.4009274798950258,1.0238783301014445,1.0891442730623735,0.7401841049708963,1.4697732949552365,1.1790625191676718,1.0917760178860882,0.5163146915246525,0.910832461555831,1.0032066038814005,1.0864199028485044,1.101004607650631,1.226789355088306,1.0008932413672873,1.09233205206935,1.1325215692291812,1.3335218883147435,0.8822741546952841,1.4602662853507513,1.0503885258648178,1.2234109626395648,1.387862139059128,1.4288459934212687,1.3023454744339527,1.0764500640687862,1.0,1.34984204169252,1.375424257078224,1.405134909503655,1.2782001692039646,1.137076829137333,1.0,0.962620674671551,0.9929537792050626,0.9495035547072126,0.9696169137447055,1.3393496131013036,1.2948066351456267,1.2979002372798136,0.9727337624670604,0.9510389621190339,0.9378278193421072,1.5045936697371989,1.1969633422468267,1.0516284816155157,0.6765275132768866,1.0302972971454525,1.371262916758047,1.1806893325222945,1.068566673507283,1.0727139331265612,1.2070906164220623,0.9434820257912973,1.1755574755467515,1.0119367873348641,1.0,1.6638782637891816,1.0,1.0,1.0,1.0312678140206248,1.3816021642626373,1.0222800723219179,1.473867316281565,0.8753853146676709,1.1231283097758529,1.10053045344554,1.2759898790303155,1.3520131626491017,0.8610368152443288,1.1462623809147634,1.3021271535151935,1.0861793833772364,1.0,0.8826692623828302,1.2751270528957217,1.1340542586914142,1.0493930895516934,1.330610810271699,1.3633102498087588,1.0900522017516447,1.0690151885945367,1.0694665933113359,1.0,1.1918976955595837,1.0038533591021976,1.3893581764340532,1.1346883004158193,1.5288659505353301,1.2772055350682612,1.2914934576308141,0.9593032812995739,1.3398785765799075,1.2173964100898271,1.098929188024516,0.9171918141570893,1.0,1.4762526853819407,1.0,1.270566475351921,1.3313259567253113,1.5082710388310434,1.15438532266816,1.00522300426555,1.1331380267168476,1.2331720504241195,1.1452953939153563,1.0007597230801193,1.008763959056615,1.0270841476398653
2010-01-29,1.4309764410605175,1.5848522848300166,1.0163468005167426,1.394208292293837,1.5640560524831562,0.9390301151730883,1.296024587731824,1.0924285060379757,1.2670928956718202,1.0104048708254483,1.3398051735131442,1.05193546515319,1.0237113436781868,1.3949187812011303,1.0084831585854215,1.0799274000264494,1.1866508795252029,1.0295519050079684,1.2782592595341076,1.0992592838010167,1.5293922407878155,0.7161022676901595,1.3223961042835717,1.073690369627242,1.3094339138321274,1.0,0.9505908580873507,1.0,1.315487448093386,0.9885983951636937,1.460183319960993,1.638973506621698,1.2422190206095558,0.966789565507598,1.5090435354875675,1.0753583510991611,1.3118053581447566,1.009770821097574,0.8563662062507907,1.0377324723538162,1.0609117569529942,1.0695447235362732,1.0,1.1514965585906753,1.0165863564264255,0.9183609029635732,1.2707132724532875,1.293174438459161,0.9644970891497165,0.9412217186825828,0.9523308832446283,1.5261133932899438,1.5077142937569323,1.3198452396167977,1.089890339846589,0.8216698597153858,1.471104012600109,1.1790756021259197,1.0915640904324113,0.5196562417417232,0.917452949544555,1.0031566321391994,1.0591201332862081,1.0329360935533725,1.2579727481371077,0.9925936857583028,1.090586383135159,1.13893921738931,1.2160206970121539,0.8707643764068866,1.4700932969894858,0.9986861312663365,1.223545263728669,1.3878838923162231,1.430513209777988,1.3319639119420361,1.1353879012415746,1.0,1.3275727435962765,1.3325109481472595,1.4116308868059768,1.278020609972863,1.1130495974892072,1.0,0.9524223297928145,0.9853225442668543,0.9475231337412093,0.9648395941333922,1.3617174536773984,1.2644952282157615,1.2691596651851516,0.8884737830925806,0.9804729241379911,0.7963545811925618,1.5043585493105869,1.142400450738678,1.033973610334556,0.6779255517218475,0.9971557881185583,1.4180662445607926,1.171926496204563,1.0673231808435264,1.058218123782347,1.2103026280910512,0.9106300368508049,1.1740419420111763,1.0136817765912935,1.0,1.6680841250902274,1.0,1.0,1.0,1.0250400773052677,1.3816274782659959,0.9357355818279476,1.473905283752034,1.1976090016240435,1.1311630484157096,1.1049444032989537,1.2486961417908218,1.3517477498284638,0.9383233087368723,1.169794259845114,1.3041526990127204,1.1107763757259066,1.0,0.8645522026853072,1.3670660278336237,1.136306597980992,1.0236689808584005,1.3322641676035842,1.3785524671829477,1.083432839214021,1.0878772239095753,1.0653963557735031,1.0,1.1659267249858947,0.9877232966409564,1.4091439953080944,1.1433768752391413,1.465785089597306,1.3339314127629456,1.2915211128461468,0.9327140437546512,1.3400765015983844,1.097782695258848,0.9839901829102269,0.8168851244386426,1.0,1.5107941711626296,1.0,1.2880346036244694,1.3727463893089453,1.5410731070514803,1.141285265295649,1.0013529218978965,1.1152803453440052,1.1854672420960652,1.1458813170343314,0.9910608140666032,0.9379326276915613,1.007150327526112
2010-02-26,1.4346872161805073,1.5852355227313157,0.9936603628506627,1.3947437227003403,1.5678691676275613,0.9013283033186221,1.2962573767103334,1.1545365170730129,1.3169305129801023,0.9210713445538466,1.3409801268654644,1.0460475936181985,0.9559257122575106,1.3949542902359262,1.004545868468866,0.9872213181739741,1.2386438885101483,1.0269176697719022,1.207447516898343,1.0140088296488374,1.5366611212574395,0.6948434594652344,1.333304062366457,1.0756270230855307,1.3094198788398532,1.0,0.9327125122723061,1.0,1.3166065998682315,0.9284507424931004,1.3094431148749786,1.6712747700411326,1.240473531325968,0.9595382724869076,1.4668553256039218,1.135082769302289,1.3409481977728872,1.009985128436904,0.8927185062764126,1.0376400751108792,1.0636904043408388,1.0696232517505657,1.0,1.170316332418956,1.023963619305237,0.8442392150260429,1.26760072295329,1.3195699695457546,1.0106339717849862,0.8768531016829009,0.9491012568160567,1.5255963512864064,1.5225108198571031,1.2330966898769036,1.1065256661492384,0.7059761826924782,1.4719177668448509,1.1812743313173724,1.098345291102532,0.5079259311257145,0.9457666744946633,1.0031307647768584,1.0760024507455892,1.0614167105012848,1.2814674363981948,0.9788111955743192,1.0831306333760737,1.1338484474753983,1.2011065262854432,0.8624453914788874,1.4406643828962726,0.9444101239912478,1.2235454628355524,1.3879411164139335,1.4297344515794428,1.3445170811782465,1.0828153310077953,1.0,1.10269846608326,1.286236794902876,1.4103197633116118,1.278491781035135,1.0664828036979033,1.0,0.9310045815672263,0.9592163029335563,0.9223736455855389,0.9285717630788958,1.3690941687033131,1.2961239481075215,1.3236565371848235,0.7887121790756815,0.9786571017824041,0.7701604063173146,1.503502463800808,1.1488866015216814,1.0510722097637026,0.6763620109110817,0.9568144520111967,1.3970607396714276,1.1696993750626823,1.0584275961813943,1.0107666062307963,1.2056438935168772,0.9106182110597121,1.168735221839445,1.0150747400943598,1.0,1.6728678738469913,1.0,1.0,1.0,1.0228441513055417,1.3816099187724658,0.9694698757242797,1.4745116342925282,1.0498259860178278,1.1322517521883309,1.105574679772097,1.3644867069920057,1.3518971604861745,0.9983866820135169,1.1721699614806087,1.3057962091713637,1.169554635842112,1.0,0.8439516782792904,1.321021221505856,1.1310229216451175,1.0154086112857075,1.3328816376609658,1.3868436238474504,1.0923345798673336,1.0454001717727164,1.0714664912481993,1.0,1.1280586588088264,0.9807637317723528,1.4200870948810436,1.1519169023696825,1.3934986558258629,1.1877814826299362,1.2915548039487237,0.9879095347634118,1.3405230322028336,1.0377030667065241,0.8946080668583332,0.8092637167330066,1.0,1.5129132161947259,1.0,1.229501140630358,1.3365536331551626,1.5474039359194425,1.1818593189564346,0.9991187491101015,1.1276404875505512,1.1333675397674787,1.13221239019133,0.9855207234142801,0.9088718612863662,0.993156804204372
2010-03-31,1.42863535433116,1.5856051722894287,1.0005353864949864,1.394721728951168,1.5638684033489565,0.9228432377501404,1.2963706762869112,1.1400799192175697,1.2926165558058582,0.880552687887695,1.3397553580408903,1.0495299591201046,0.952323427124283,1.3948139589083293,1.0068817050375516,0.9957864729968491,1.2289220646531052,1.0242273036913052,1.1632798030673681,0.9700398009750354,1.5472678549579566,0.7330056381688206,1.340086078999175,1.0756040560119307,1.3053367660403057,1.0,0.9473042531585336,1.0,1.3026027580564863,0.9841362487626062,1.419760302392954,1.5008817464218565,1.227023934261544,0.9642811822322936,1.4875761709389654,1.138170889801129,1.3354564005603804,1.0102152577809806,0.926184438898099,1.0373132799834148,1.0557508982568533,1.069558085703247,0.8952439241251287,1.1762080881107455,1.0044159021711128,0.9080859071616859,1.2497649554255141,1.3036034916159627,1.0912163917156434,0.8768790666758083,0.9855242627087382,1.5249488805968834,1.5146699245038617,1.2381587759105324,1.109585293353739,0.6824291638237998,1.4717581980871222,1.1830501744779742,1.0948474355992408,0.5039427676111756,0.8763453269630789,1.002308947425148,1.1377921281738486,1.1173977680129812,1.0906446730519936,0.9912268804428217,1.0904012251001216,1.1744751856745368,1.2639357639984907,0.8624395043726147,1.4497827871085058,0.9470765308752042,1.2236738646819951,1.385820069938329,1.4276621750299345,1.3377249774214504,1.0909669925002645,1.0,1.108567487879887,1.3843105057715401,1.4069058281747837,1.2782796138988421,1.1049594076058318,1.0,0.9563991683538097,0.9979251517272326,0.9553817406673206,0.9687632393730164,1.364961425156546,1.320273500688677,1.381037569103969,1.0246478362313949,1.001870109452411,0.8796538188892532,1.5039211224535909,1.1663412589645579,1.0326491284122317,0.6776196585026262,1.0060573558094759,1.3744558486818614,1.1649782125825903,1.053500018489615,1.0033241927803591,1.2073287178429606,0.9361818346195886,1.1680242763798518,1.0152285988117875,1.0,1.6700869370014817,1.0,1.0,1.0,1.0300479217909038,1.3816095004613917,1.2130289441356286,1.4727092220074898,1.0890644899243094,1.1281959425264607,1.1028200262545846,1.3883833545210602,1.3483857529604537,1.0048890239506767,1.2032259993676369,1.3035786081678518,1.1373375621829283,1.0,0.8528502391150945,1.3783519052488673,1.1335045513408983,1.0445000975025622,1.3322850052699482,1.3702212307873687,1.0579739003570796,1.0385197124322765,1.072994285134694,1.0,1.1009966251889618,0.987258960789901,1.4157326728779285,1.1612114998287373,1.34475980789563,1.0165885624072568,1.2915588469203823,1.0055212784234662,1.3403776038631259,1.1016246063074193,0.9512391035793817,0.8156587108999174,1.0,1.510196472461076,1.0,1.2088135499296806,1.340508680035275,1.550429248018819,1.1742012515169402,1.0026794631609437,1.1718960655867465,1.169053085921199,1.1044609580381282,0.9885452501136751,0.9261222348031124,0.9985518262697612
2010-04-30,1.4078815134173386,1.5855125647287232,1.0468158568251011,1.390888450830907,1.521319382546587,1.0602901878701276,1.2958575822284644,1.15021184812106,1.1979740231837177,0.8447372269210451,1.3301562235552815,1.0447958927926349,0.9483478031423785,1.3917374702766798,1.011085780458756,1.0696681342184313,1.2475099791773838,1.0260935454496818,1.0732278962703425,1.0332887075849857,1.5693311403314578,0.782364279044772,1.3202526230285045,1.0740593571561436,1.3156081296537168,1.0,0.989944858206857,1.0,1.112585504792558,1.050744062329693,1.4988337575798234,0.9132762782763315,1.1310214841938322,0.9807491062952238,1.5098549204203224,1.1266580844380856,1.3131507533896278,1.009559997478911,1.0274494967121768,1.0372676653433244,1.0114424451304336,1.0666102657662377,0.9838037804202654,1.1575793135102042,0.9866814150668847,0.8540306010067119,1.2053046203928703,1.2137279937584056,1.176070073677835,0.8898225836010187,1.0287410455992734,1.5239394499643173,1.4319911568225256,1.1512857226744033,1.1833905667582871,0.9537524058032288,1.4645282692870247,1.1825855649045653,1.088051122712356,0.49439823671190486,0.8599654515014152,1.0018808210240162,1.0842738767189437,1.5277149574432,1.3772320677495353,1.0412492508221949,1.102255856119755,1.2039101842473632,1.3020874608381723,0.9209876685416781,1.0714080677276279,0.9458901025388925,1.2236794568909117,1.3665476309058455,1.4218540937119628,1.2902411565749878,1.1332643070587287,1.0,1.176333601381078,1.494206528802054,1.3923491837243551,1.2780591084063389,1.159999392816858,1.0,1.0027551541601532,1.03263336483232,1.1287230280016782,1.0419722015990036,1.301609955971228,1.2735763992673357,1.3743394651235044,1.097653770029809,1.0469252182456126,0.9330190056732205,1.4272766194924742,1.2118603314611358,1.05064443965659,0.682180354737741,1.176597444673489,1.404189182308416,1.1620126766839682,1.0772976427541834,1.0283882379135605,1.1993164887079448,1.0145001357169587,1.1587097249057134,1.0156834609876844,1.0,1.6192499743905835,1.0,1.0,1.0,1.0244851343159018,1.3808698650701605,0.9134954672741543,1.4549064569222863,1.203274621227495,1.124952953019373,1.1013312980405245,1.4497167545645846,1.3430718373314643,1.0279909591223142,1.0850450542912218,1.2983514977560953,1.0565936647841438,1.0,0.8753805696406003,1.4713481682695946,1.1547982851209961,1.0895082182124665,1.329747280080492,1.314453700620256,1.0623332360884123,1.0407126395144541,1.068612085093086,1.0,1.2291687494638048,1.0080829425951514,1.378938675898616,1.297736720431657,1.5007462284492918,1.0201223525312926,1.2915151434859589,0.8794231860503088,1.3375732885882423,1.2111383576658081,1.0456494899150925,0.8569653557068905,1.0,1.498025749493483,1.0,1.15648871481075,1.302457332096323,1.5416330976594823,1.1767249206794268,1.0118040143138298,1.0552568880247388,1.2310549529729742,1.0944237139286208,0.9987085617100832,1.007668156577114,1.0150463931005773
2010-05-28,1.3803093014224537,1.5855985871041942,1.0006893468690288,1.3831851476244799,1.4659669233719117,1.0620517080157672,1.2962183926404667,1.0970434567744989,0.8719709361088389,0.8719164370661419,1.3189528044797019,1.0348149624442424,0.8524468012795964,1.3891742049466238,1.0112802042925408,1.0585325733215911,1.2464550532939396,1.0258297139142998,1.1225399262943383,1.0216911984514292,1.5669963432145022,0.6684257231837624,1.3215370023762292,1.076063317376668,1.315499156246655,1.0,0.9455708223248008,1.0,1.0365294464904748,1.0376204495376957,1.5068394706651942,0.7744530506427121,1.076246465691058,0.9847826751307516,1.508438219701548,1.0910591631203246,1.2871379715285993,1.0094625740767311,1.0593359122968444,1.0370452542597748,1.0554698340275763,1.0667013528284888,0.9755644491260999,0.992439419949478,0.9932243550048723,0.8299084685902458,1.1806169526409431,1.1523973317627942,1.0690160898103847,0.8840235515484203,1.0200975673699184,1.5242612381003826,1.3638834205759658,1.2060532074338293,1.3006803499964672,0.954429821107649,1.4597109175606038,1.1812323532133364,1.0947285532819806,0.4931363411714339,0.8345215372769045,1.0007021490449024,1.1275763369060434,1.6453714699560473,1.2343039700212872,1.069951197234413,1.1037094358103705,1.1508806934263394,1.2918727559916054,0.9080099894203629,1.005631537297803,0.9551746494989523,1.2230896944023713,1.3557303769094566,1.4207819448814585,1.2701821060164586,1.2146545940957136,1.0,1.1116165947193326,1.492373729966086,1.371266745874646,1.2779959972626882,1.1729896486751459,1.0,1.0064477002986356,1.036946769967941,1.1689814695385035,1.0620535602417527,1.3042039021644762,1.2978363231177186,1.3452391288037184,1.0697301028949162,1.0487946927717178,0.8801134066570984,1.3624227351175786,1.2117445240669946,0.9992899047622821,0.6846456221573023,1.1904867006334285,1.383796032652026,1.1617490285238607,1.0785814458562852,1.076351488405606,1.2112614023032715,1.0220595244363873,1.1680067126665767,1.0158408068645213,1.0,1.6334048170340305,1.0,1.0,1.0,1.0267728758136703,1.3806770499265024,0.744019672466955,1.439073471548432,1.2049786614215177,1.1303590706733349,1.1044132444848505,1.399674304934047,1.3477170416139874,1.0674912390706939,1.0978802237790735,1.304947179219,1.0801524672929537,1.0,0.9129116652134464,1.4653645144823817,1.1579664672212726,1.0750785783994372,1.3274811259715802,1.3195310616206257,1.068373877993389,1.1142050631262295,1.074657125420975,1.0,1.231523825905974,1.0055405207265875,1.3706692958124191,1.2246728069936967,1.4036442079098532,1.12456169035045,1.2915128161904301,0.8641817180971212,1.3313204192190096,1.2418116776805679,1.078825578734926,0.9094955413739071,1.0,1.491653632894721,1.0,1.208894112936855,1.3143219154863954,1.5422157090633792,1.1842923498057143,1.013368796627091,1.0495462740705221,1.255658921419236,1.0245573820291791,1.0110580715876056,1.0731080173079102,1.023877004381056
2010-06-30,1.3196982903689933,1.5857187799672627,0.9888343994759136,1.369200254897357,1.4274708640266398,1.0670458230330433,1.295573959502304,1.0940349410733246,0.7440998452666591,0.8539015960674613,1.3099730834145291,1.0394913484704815,0.8117090251403021,1.3826019335027313,1.0103349137808324,0.9954672800852026,1.219581473280147,1.0222655091638553,1.048175135157546,0.9429072595390553,1.5445684641577628,0.7203204715483382,1.310297405678555,1.0750853832736942,1.3147536337996346,1.0,0.9508674826989262,1.0,0.9729151973611819,0.9529088433687586,1.5062937130103933,0.7511423597326239,1.093936643915281,0.9772272402766238,1.5018520311929182,1.0697037131891827,1.25864462094089,1.0087232353093558,0.9613680742461563,1.0375062158353465,1.0164812536276948,1.049443398242912,0.9911929921253194,0.9834667723741746,0.9963069932172632,0.8618379049564082,1.1337711000676363,1.0753467165161248,1.0272651054427484,0.8975816167634062,0.9941547241401185,1.520732658795494,1.310955762513221,1.0750482181141894,1.3024525601331693,0.714661724275679,1.4545016767491241,1.1840301285031714,1.0950619000189945,0.49468394195297083,0.8508319742834701,1.001408252621493,1.0342625796483658,1.5189281018087881,1.3369423125844693,1.0444633290602987,1.1037971009149636,1.1228748369082164,1.2607530280896242,0.8429318009609446,0.9044963879203092,0.9004840335586051,1.219326080408866,1.303598822149823,1.398139169921941,1.2169363697683937,1.1299516250819557,1.0,0.9334749657609223,1.4730810797904734,1.3146257462254551,1.2781727022242517,1.1747588978805044,1.0,0.9837918180243393,1.0146188017002613,1.0756133366394631,0.9843419467649285,1.2576322240501994,0.9849181181794744,1.2804505431944153,1.042097425356667,1.04573792927178,1.0938794200790154,1.1838290755934477,1.1687509108076908,1.030297562837518,0.684145761647668,1.0906304437950107,1.2907463415991367,1.1617980683040534,1.0786286095207651,1.0625449567576792,1.1910043677715225,0.9814279015993457,1.1578328514367844,1.0154405839257923,1.0,1.605120264620683,1.0,1.0,1.0,1.0232615370775837,1.3796460303012288,0.7275205747487457,1.3985123630161604,1.221714267855505,1.1339260175838302,1.1067173114609012,1.3954220505648038,1.344849323412491,1.0353100831956012,1.0643409378892295,1.2664346356959255,1.0095583327573412,1.0,0.8654160511211006,1.4710075063074888,1.1576725072663812,1.048008403855033,1.3233244158106063,1.2593269360458854,0.9894747846474422,1.089102185584307,1.0572669871657512,1.0,1.2266026821093972,1.0005842673032301,1.3449266010300462,1.1446441684548077,1.3351169887815888,1.0333635465151625,1.2904547671652227,0.798192215153637,1.3263237628150764,1.2582958060447162,1.0779455096941941,0.8920944748340562,1.0,1.4744016651867025,1.0,0.9834508776511344,1.0770086803386343,1.5318118061799884,1.1891239247057064,1.0089181330481645,1.0597293782509796,1.2407930154968116,1.0148670934566084,1.0093620612339198,1.0503025179075804,1.0216757731243495
2010-07-30,1.2556036362378813,1.5808190849838513,0.9378024968744968,1.3246644120060185,1.3612662043761592,1.072331872171599,1.2936332424402353,1.0174037248128203,0.6455897304928395,0.8557921575395105,1.3090756055960042,1.041307169949151,0.734933488630316,1.38041224822169,1.010661493599216,0.9890279820073453,1.2212678824432959,1.0229895797212218,1.1767973496905302,0.913629479376149,1.509357697564612,0.6554956852131968,1.181799816597445,1.0747652540936583,1.308393827127434,1.0,0.9186565802824438,1.0,0.8781724232095676,0.9639148935828548,1.5016682352845656,0.7311259073677245,0.9990513456220746,0.9837208265348647,1.5001232745149666,1.0263011115084153,1.2182349245689674,1.005849426303594,0.9569867152426473,1.0367160126755308,0.9545073917281299,1.059016792777833,1.262506573946995,1.073172576146489,1.0032390691074773,0.7703284820135342,1.0858521847835774,1.037822049059584,0.9984193310193954,0.93157339345373,1.003797349332419,1.4412857728287987,1.2013071833075881,1.0032960733241558,1.3216053164744428,0.7003081542173326,1.4414433078628168,1.1994931379717815,1.0832260710460655,0.49317754616796416,0.9714809350566718,1.0019517799806208,1.0294139458802158,1.4616349529549024,1.344880538176254,1.045591806647164,1.1023194553657,1.113547673351247,1.2044828996181403,0.8245653175260992,0.8882410589542276,0.9344431352668171,1.2151994239743233,1.2772350817696128,1.305993367137292,1.168483371139475,1.0754513120647604,1.0,0.8935645437763398,1.4446405978716148,1.252260509612707,1.2771369107006478,1.1595262511680413,1.0,0.989863809984201,1.014701326669285,1.067991628760241,0.9687868941928587,1.1443893507734417,0.8719748590167358,1.1941471254773548,1.045212404730062,1.0413560976670688,1.0852235524058287,1.0545118460990395,1.1560542199447459,1.0269865808635208,0.6811490024616902,1.063075906105708,1.1427214812006103,1.1618328150100379,1.0795091290119356,1.058242675997157,1.091752615179601,1.0097910287174716,1.1457864634131592,1.016063256027861,1.0,1.5504987804821395,1.0,1.0,1.0,1.0215457012108613,1.3692376709269105,0.6766423253186316,1.3593055193872554,1.227077227738969,1.131085985666722,1.1048572046367027,1.3776254172835611,1.3054878526746636,0.9114122346568546,1.039038941056021,1.2530723781354522,0.9893479260853252,1.0,0.84599690299054,1.4643395209198418,1.15677631834437,1.0630108029071264,1.317135558686711,1.21804233230835,0.9279918878370231,1.0675696835374424,1.0551369496978125,1.0,1.2290787371541847,1.011349414405111,1.2533178360965032,1.133443705341693,1.3228546274840634,0.993347087702362,1.2770302098521271,0.759175487070212,1.3112933498554693,1.2603291720484335,1.0704876663881784,0.8812496232584128,1.0,1.3593575961066475,1.0,0.9551538019476293,0.9675352301288122,1.4963854455328272,1.1960064899807994,1.0098490025162943,1.0473381301773,1.2385660515209402,1.0225390747962277,1.00885325282174,1.0541543737277725,1.0210931422271627
2010-08-31,1.1669468458360384,1.543718128923242,0.9332930572585578,1.2044839790525577,1.1857331764015628,1.0626435423532343,1.2444140532980252,0.8962611012923882,0.6062746006888593,0.8406980576720732,1.2906654794153671,1.0301898261530706,0.8152637173752546,1.3679557653192964,1.0113868394083967,1.0313062006600329,1.1121780079196906,1.0246373302387082,1.4096177816293785,0.9178312796129362,1.4602469155086735,0.6595578448807855,1.0044723438640857,1.069222204619002,1.242724673313472,1.0,0.9267565188859747,1.0,0.8530965538225428,0.9110072698959703,1.5071427268245872,0.7149481156372011,1.0319044641149098,0.993709542605479,1.5064133001841458,0.9247100500168991,1.182945259959925,1.000488478457791,0.7865614235117036,1.0320610810068687,0.9337896898135102,1.060560142034918,1.2447976837837262,0.9092085569707801,1.0154725168017107,0.8042791685613134,1.0096554433290066,1.0294859473073816,0.9602823081009128,0.9927193468432148,0.9852758150033829,1.3906517142273862,1.117619824936217,1.007350500240017,1.3634219026193286,0.6895737170738717,1.4110588544294385,1.2032755349269983,1.0480563313374482,0.49312237913721046,0.9746874955001705,1.0027748437453552,1.0076864969504056,1.3950113265604545,1.338468294719779,1.072906829601998,1.1032801782197927,1.0746660882868075,1.1577588227923108,0.8238720971937249,0.804418569120347,0.92603103202393,1.2097365743655302,1.2586082820177915,1.2580400910765468,1.1158918456033082,0.9870258779462868,1.0,0.8906181969700188,1.3498013437732932,1.1674819181309402,1.2659605580454147,1.1770111461666555,1.0,0.9958569787450204,1.018854286559202,1.068833876536821,0.9784545333556578,0.9977532663214438,0.8252310951119629,1.166791219124781,1.0888017315959986,1.0336123279879241,1.1009791484068492,1.0983215102451094,1.1407688722327363,1.000434304051706,0.6786018954113493,1.0317683524023487,1.0511429890830009,1.1673074852749807,1.0801555676352168,1.0889761648271226,1.0288754029340748,0.9943852762769564,1.1574053496702232,1.014503648996094,1.0,1.476224123087074,1.0,1.0,1.0,1.0276803832977026,1.3604249679471008,0.6352265910879926,1.3063434840904924,1.312618485453969,1.130579659902904,1.1064244909816963,1.3205208765858736,1.2348182742983949,0.8603747695568091,0.9630702621051214,1.2328693069814272,0.9358703583213405,1.0,0.8458195451878119,1.4700147668154084,1.1586931713684738,1.0424351129862637,1.2954845761151563,1.1652436324817594,0.9376380344790181,1.076815041611161,1.0411854764513175,1.0,1.2293603833290039,1.016668411541853,1.1647107940342925,1.1699587120040937,1.4748266624238417,0.9930718084528618,1.147100747918194,0.7222464480415948,1.224980270715005,1.285789337386659,1.1030633560002234,0.909324362807697,1.0,1.0177750203128426,1.0,0.9102291405587164,0.8822114525106366,1.2074176642044545,1.1906099095523317,1.0133865246773308,1.0162907803569865,1.2614914444840786,0.9767263041683912,1.0225133821423733,1.111418656444514,1.029187925416562
2010-09-30,1.1481443328370085,1.5431900740364186,0.9382433436153761,1.195377527252532,1.2051852374284038,1.0574014203292326,1.1572616602846606,0.8783606768223469,0.5679310822647933,0.8948070365235707,1.2919219007758382,1.0335587358281413,0.7343480959603348,1.3659220932204765,1.0112481174242334,1.0290764986253116,1.149574479138289,1.0249653790837527,1.3959673985092096,0.9964325411172749,1.4267889985569713,0.7054645177365124,0.9775373580960142,1.0467025564637344,1.222867417052553,1.0,0.9229420483506707,1.0,0.8435751394214457,0.9258386785108663,1.504650801509932,0.7035793802373149,0.972379601341748,0.9964354678302259,1.5077760993480207,0.9800082465133886,1.1424385303000755,0.9981981518331592,0.7987673984147544,1.0287739008027248,0.9120980355446365,1.0525872812446764,1.2431040562155085,0.8216584156949786,1.0034103246966213,0.6634040642518226,1.0285515368410851,0.9890106447699738,1.0061846374284154,0.9588206925787083,0.9958872899381249,1.295026102465796,0.908804537429552,1.1336618258593578,1.2912789024463267,0.6847908646505422,1.372084565811528,1.2082220197879725,1.0333962083594364,0.49539714707613935,1.0217510731121615,1.0020372725470015,0.964481984062311,1.3497283736920758,1.273276616598939,1.0675528094994118,1.09233344190057,1.03447460463637,1.0959799895830715,0.8162335687099719,0.7914204414167533,0.9407342111166097,1.2097068493570693,1.2604777998324854,1.1983031630139271,1.1187100154675105,0.9853025441778975,1.0,0.9044367472181326,1.3351482718691692,1.1526293916505477,1.2253050989723637,1.1305317141765763,1.0,1.0050131481596076,1.0191418586618228,1.07161373195704,0.9658989713173709,0.9786332125848747,0.7753089733504113,1.1452608748649438,1.0615522961869053,1.03257255183937,1.0816948286589056,1.0679762980065424,1.1231409787548559,1.0447145023622457,0.6842773022119949,1.0308851615849395,1.043195080711104,1.1754087068821566,1.0803052915192635,1.0790255815273653,1.0149010859374767,1.017642968123983,1.171384692127168,1.014517110584475,1.0,1.4200196991485305,1.0,1.0,1.0,0.9887941616149878,1.338664157834922,0.667882695864215,1.2976647772942367,1.1173497572853837,1.0011469253272873,1.011128666912773,1.2858421878465578,1.1764562584744078,0.8644314344674935,1.0402080023443923,1.2311399284638558,0.889766473507502,1.0,0.8390574599966879,1.4594966514397407,1.15730997948081,1.0618490554590343,1.2961235599122913,1.165688200660499,0.9440230997047843,1.0901015228872282,1.0454894940477262,1.0,1.1738351184115066,1.0004433930755652,1.1663770013345083,1.0981532828480758,1.4245013063896388,0.9916083655992565,1.1632546116466893,0.7239494525364999,1.1449257932405343,1.2750255012703695,1.081795378824547,0.9009986577120401,1.0,0.957987685085089,1.0,0.9143939563220242,0.9043900168268,1.2580119802901213,1.1920926229411066,1.0142266724123454,1.0184830047007498,1.2507531843939317,0.9654649805887583,1.0167378035591672,1.0676719492323739,1.0237385086707806
2010-10-29,1.1592209561420805,1.5612225357198573,0.9413554163657013,1.238574068783684,1.166646564535151,1.0762372457633471,1.1683409716618753,0.9331465787761031,0.5933439450171399,0.8703409132152318,1.2288685480953512,1.0573805820456825,0.7150438937819696,1.3476816408442691,1.00844318574859,1.013903640817753,1.1425067590531008,1.0158540683954402,1.3618820281936501,0.9569537750123243,1.4330878769800324,0.6404694849535463,1.037508537888291,1.047040751043079,1.213215108745568,1.0,0.9209957834218532,1.0,0.8413186760482896,0.9017474094305922,1.3714480184642959,0.7055338378455926,0.940981530015563,0.9945379537835511,1.4965629801089437,1.0080541911198804,1.1320594229300336,0.9998409161934544,0.8266469999870948,1.0279290723933234,0.9124551837917191,1.0541683427359807,1.2209668809293515,0.8316577466707239,0.9674507226944717,0.6115087568354103,1.010136935581895,0.9978126613725377,1.018415840659191,0.9113222723849298,0.9959458632268258,1.2674743906860835,0.7805506213361086,1.1200438603712641,1.074846839833187,0.6801807692069286,1.3703372778446608,1.180737513467455,1.0384727234210032,0.49422634661748266,0.9931366799567918,1.0008905923322,0.9331540628065624,1.3756099979792227,1.1787996059835701,1.0256371263638628,1.0648435465420687,1.0243469473466316,1.0934325246299839,0.8167316871276287,0.7908718679880588,0.9228289145857538,1.209109377013769,1.2587241016889252,1.1951281551894464,1.1226543840522327,0.9616825725859919,1.0,0.8953504936518726,1.360693964546594,1.1574778550680043,1.2241306804816507,1.0916448969657448,1.0,1.0019200213312645,1.0178718556387871,1.0658646099084512,0.9559385831683407,0.9791817588846892,0.782346732734787,1.0768270604695127,1.0332637311537827,1.037240112749884,1.0578508955918617,1.0924977036141397,1.0029305079093274,0.9954451278654073,0.6802191220475626,1.0339203236453227,1.0298141487810901,1.171003309202346,1.0782283962251327,1.0210978989658146,1.0049194400469807,1.0086289449419834,1.1710755240091504,1.0133370976040876,1.0,1.0182299113073316,1.0,1.0,1.0,0.9883843955986376,1.327735790890293,0.6363040078251213,1.274938009248448,0.8543363843062977,1.013366351870337,1.020963484568032,1.2807118438728793,0.9040934276079594,0.9105486313800573,1.0238114407859316,1.2311030514730736,0.8655688272622588,1.0,0.8341464881260214,1.4291964186672395,1.1392918998184658,1.0341000219254928,1.2087484070213435,1.1542958743947194,0.9279401504964566,1.0479655446768652,1.0330694639599405,1.0,1.1519032052933564,0.9923036498420642,1.1621583054975668,1.0734397887619596,1.3067703911864414,0.9744278187747416,1.1929604587632716,0.7355915765281973,1.064674848756208,1.0875189063810793,0.8907797399228018,0.8117111820320353,1.0,1.0167920286275285,1.0,0.9185789901568779,0.9159143749262721,1.3345162457362167,1.1301586550552325,1.0115883931852439,1.029502714513557,1.1744249981207262,0.9790890832223803,0.993023580025258,0.9584607615563326,0.9933750185238476
2010-11-30,1.1292914942322496,1.5735363611633926,0.9621402152810148,1.2438576405808426,1.0832578165039013,1.0766386941359596,1.213850446466493,0.9334541292103301,0.5713058237010928,0.8293672626417546,1.2118658716102857,1.0561633629465674,0.7516819654161353,1.3172025383942794,1.0073417605449957,1.0059134547716473,1.1593909315174245,1.0098553342113046,1.304128792965314,0.9309266496045989,1.4152219613305552,0.6115080381244289,1.022410915756774,1.0555039497170697,1.2890894569439357,1.0,0.9189100561737792,1.0,0.8407649667649099,0.8741974052544985,1.282714364174682,0.7023414087896189,0.8964828801773607,0.9934541938197576,1.4988426284127656,1.0493248415244112,1.154780460915346,0.9984787666880677,1.128432899057033,1.028078998170553,0.9297590750776465,1.0486575074161777,1.1398244706602867,0.8006247742128578,0.9179269643390906,0.625823518100076,0.8949042404538194,0.9657323000236472,1.0171035920591351,0.8769968205311661,1.0008162788893349,1.2765227598891153,0.5834077180600227,1.120831906778774,1.032483344630623,0.6778462075753986,1.3386931588304196,1.1796306201081794,1.0558311716573137,0.5020828970946876,0.9760581678152518,0.9995898603911094,0.912947353875583,1.3920383178505307,1.1749593795855984,1.0128922525262078,1.0562520113979668,1.0065778346719074,1.1064162996209368,0.8181566408862319,0.7786817718940333,0.9088418025026651,1.201037451568533,1.2236426840887749,1.1517567227040943,1.0934861863638696,0.9879796187821112,1.0,0.8963888275486538,1.3409624771613164,1.122962468689092,1.2082098966676622,1.0652535311223708,1.0,0.9997635449257112,1.01808756502002,1.058211666068816,0.9520304816665218,0.9324822403023313,0.7027199668288209,1.0231850935657847,1.132469647900321,1.0360222906231116,1.03461163441768,1.0093357905537796,0.9850357049545551,0.9831057271326763,0.6768679273273677,1.0200373512212055,1.002175854102904,1.1635948262968552,1.0777804227794365,1.0029947738228897,0.9848508813447578,1.0213593447611327,1.1742540162867068,1.0126388528350356,1.0,0.8130351956234434,1.0,1.0,1.0,0.9913969693031245,1.3201164033037311,0.6498809295377216,1.2216662417103292,0.9131627825776246,1.0163720857710818,1.0248995181019862,1.2358071673393665,0.7732663701885516,0.8937156147346303,1.0829414165007598,1.2373082847936563,0.9001174604610915,1.0,0.8341495766973992,1.401124676864447,1.1328390230267782,1.0459802156414282,1.144491238700983,1.1312888484612507,0.916431981663797,1.0378929379812307,1.0339446403779187,1.0,1.0693636753276567,0.9650609921093677,1.1403901942266979,1.1579184435687027,1.0977751903562014,0.9282153821067812,1.1499935125647947,0.7239427411459403,0.9749188406991538,1.0627102131786068,0.8908904082372763,0.8115281370608252,1.0,1.0155128291839812,1.0,0.9291172286384223,0.9258169104737655,1.361167299352756,1.0794264719968136,1.0085748990351817,1.0112467919197583,1.1594004891676035,0.9700654068138722,0.9878944047960516,0.9414512728873288,0.982339082347826
2010-12-31,1.132574429502172,1.5717894718147893,0.9700929393182293,1.2111467067208121,1.039791721566441,1.0631196328268646,1.1343763589021547,0.9336496801761314,0.5934519274966119,0.7662869745459273,1.211742384699346,1.052877144430854,0.6985845326944744,1.315622452598965,1.0086365008357805,0.9794556042897892,1.1585212103894127,1.0087909664840797,1.2091796212054644,0.9266534970599513,1.4127493004117992,0.6059723760331397,1.0501926982211582,1.0552251420908263,1.2988766430101122,1.0,0.9138535503687373,1.0,0.8361411460979382,0.869879247406714,1.2989232125315304,0.697663622510063,0.8940400991776317,0.9934103990331152,1.4714812747684747,1.0235808123151247,1.1487317733045581,0.9989284404335046,1.1780981826896968,0.9952408449266594,0.9411525768778584,1.0430382736324362,1.0,0.7513461361552629,0.8991135562825378,0.5955044161885072,0.8736132670486911,0.9333697971028957,1.0337219489296516,0.8741490426833632,0.9947397017964394,1.200715951544079,0.6270640380966646,1.2049083858996894,1.0189752898721254,0.6560220108169051,1.3016166861177474,1.16228875891397,1.0445128554167782,0.5014312770363167,0.9724710459362954,0.9987424625190449,0.8863101505852886,1.3011875257554029,1.1678299424155125,1.0068049278275144,1.0570340314166768,1.0270014644507623,1.0705702181515062,0.8162139591819462,0.8055731659751966,0.8966037892308514,1.1991286522860305,1.2051427286213123,1.1528620007358128,1.1019992139673125,1.0150097441947263,1.0,0.8071879597196218,1.3435313618418898,1.122334984910277,1.1981028131110647,1.0505023470562687,1.0,0.9980021923562522,1.0149397367015571,1.035746652902258,0.9390639507223142,0.9209869258440103,0.6794154830270165,1.031066875252805,1.074631919206608,1.0257128525805483,0.9964310210085157,1.0669740891471962,0.9988994066509536,0.9627006839948303,0.6765485994884028,0.9932167736589532,1.0604922045485272,1.163555393999913,1.0761887151765732,0.9996857140344707,0.9710550649611581,1.0128667603824795,1.1731081250431332,1.0125728187811793,1.0,0.8355185142738478,1.0,1.0,1.0,0.9748571494502256,1.312541743263413,0.6647575992732009,1.2141553233673765,0.9778291193359383,0.9762331719479679,0.9959353962478271,1.2445914299513852,0.6989484465050446,0.8780921321813049,1.1257031005114613,1.2289935139933847,0.8467788572865131,1.0,0.8319580543992983,1.3831671088849347,1.1272053154739814,1.0506402471531622,1.1627850990680413,1.1268426420282431,0.8992692692813736,1.0362295874528273,1.0297873313277448,1.0,0.8841845781070347,0.9653781764019297,1.124824100245089,1.316784180321705,1.0630879916733535,0.9366015285016389,1.172004332659722,0.7094334697579833,0.9583662697865359,1.0417912899808446,0.8273852658317848,0.8079151919696663,1.0,1.0535755048253914,1.0,0.9408281506383342,0.9465936846573788,1.38021712984195,1.1280768592636188,1.0078462405601734,1.0541993784546415,1.1461245275120175,0.92678315648505,0.9846762931399328,0.9247842951206218,0.9746111585223183
2011-01-31,1.0466675068352982,1.5520547930485453,0.9529944195658373,1.1316714629859992,0.9717439317867007,1.0587367596523507,1.0478409672033877,0.8955164867107934,0.532240678755882,0.7440970636136466,1.2021986299487566,1.0401414370419038,0.6542719692264855,1.3195702979320816,1.007455290796584,0.9645596202568241,1.1470796391100537,0.9921305481471945,1.157438256821028,0.9244884714426743,1.39272029094922,0.583246168094129,1.0301477497118132,1.0483258684731291,1.2776274912250813,1.0,0.9193075700597367,1.0,0.8316062603464404,0.8675505219255604,1.148272086907781,0.6937013724009432,0.9034949352934157,0.9927913798891865,1.4522822647517086,0.9903899705963508,1.0464792436447736,0.9985117361704696,0.9643757937002613,0.9871999660048648,0.9035333416298542,1.0329555448884304,1.1217342501937122,0.7583935265001271,0.8852634800830339,0.5805877902165437,0.8579859926072231,0.8548072242540833,1.036034804102001,0.8763632817135353,0.9819562840451153,1.1366361201475472,0.4530577292882263,1.0145047427668223,1.021078947991002,0.6440242776751868,1.2099113530979413,1.1584336967436744,1.0440920364079884,0.5092388782669428,0.9525921961020654,0.9983445020464727,0.8835306383608417,1.2724209448708668,1.1792889106156461,1.0069130013439538,1.053442829076099,1.0153682390948537,0.8759247225538955,0.815469674627246,0.7674525629350175,0.9053122280683389,1.190907609320343,1.175520471193801,1.0386681768079293,1.0555550790823687,0.9744302798773319,1.0,0.811864756398023,1.3321639709268251,1.0269614477221813,1.1739943804126896,1.0308821694554549,1.0,1.0001659055658694,1.0155179545778412,1.0366311437189089,0.9391579391865005,0.9052337447483465,0.6577237665853217,1.0156497986265873,0.982978953011908,1.0207015380489228,0.9053814580724571,1.0323012385421573,0.9960800915309604,0.9705377595432875,0.676984957500345,1.001708494462553,0.9160790918076488,1.189655856118465,1.0757139102422866,0.9971181948793161,0.9601093577778045,0.9737071328882252,1.1732616932960367,1.011787184220643,1.0,0.8634433957985557,1.0,1.0,1.0,0.9728374242985172,1.2556358543661448,0.6533131622979487,1.1991548447058353,0.7276187697620577,0.8737451234254776,0.9082714676352995,1.2600124906570114,0.7636145991247105,0.8379885602434509,1.110121534714912,1.225825315231324,0.8091764297328342,1.0,0.8290419962088058,1.3572359099001865,1.1209398641235677,1.041662283599366,1.1360439843064198,1.0999776148000626,0.8935006155102145,1.0290750753465419,1.012881554337837,1.0,0.8878506223924708,0.9526575107145078,1.0972393248791594,1.3557625036445033,1.0483221657336221,0.9312375726060045,1.1478016134741627,0.7043072877516399,0.9499851127311987,0.959887882128365,0.6874323107941024,0.8036197792731372,1.0,0.8343841657680808,1.0,0.9219907888476822,0.8910649212668119,1.2316060818855474,0.9918179835581782,1.005697194632443,1.063657241149879,1.1089932318341762,0.9201501870072207,0.9749059940311239,0.8708521571163214,0.9544366201875242
2011-02-28,0.9556625649069205,1.55165991450031,0.9677784215009283,1.0023336048269411,0.9409134151123443,1.0686573727231,1.037132257131268,0.8612961342674227,0.5244823098154021,0.7265669024991056,1.1827813476527995,1.0315283504285013,0.6540673741319791,1.3047113759273534,1.007100731422265,0.8952018151898197,1.1360055256516741,0.9835879816466808,1.160481728747432,0.8885443811417728,1.353172663670331,0.5751350236726303,0.9578356634137579,1.0484324405047336,1.2884421852667167,1.0,0.912176747108446,1.0,0.8319183083319659,0.8620961195667458,1.0006556846326602,0.690908367883881,0.9012467809322594,0.9892029832102766,1.1638982261513835,0.9187261975118151,0.9790745470602775,0.9956489952798789,1.0431759013129356,0.988684599949376,0.9033435411746208,1.0283225323165566,1.1599129059164779,0.7508928703821036,0.8721928137833201,0.5810336581673312,0.8019355003404344,0.7920039817495743,1.04473162444239,0.874846361326726,0.9818113344560215,1.1164530495355618,0.41104750763304543,1.1758094796461087,1.0116001308405056,0.6596208043298065,1.080241442758543,1.0400535435770322,1.0626116398984948,0.5139165993580306,1.01407753388792,0.9985419997547637,0.8696109667830159,1.2397953090232936,1.2038997693211213,1.000165943479691,1.0535008866398916,1.0014413958842,0.9101513599891822,0.815507420312049,0.7392237083207818,0.8822649690001361,1.1814385273309544,1.158370571059857,1.0293056255294564,1.0359326585167175,0.9931136036792909,1.0,0.8119696646652362,1.3213961132344918,0.9341944314697069,1.1832593735034196,1.0226949193620865,1.0,0.995874849702951,1.0145975305380854,1.0447604078298787,0.9382235988483908,0.8864049929537603,0.6385908765401684,0.9610061897390008,1.0421777755975565,1.0265663993891128,0.8792582509367208,1.0614345358736512,1.0573602919837508,0.843862183030686,0.6763677657446008,1.0087137112858988,0.9055867735976996,1.1889075821856736,1.0721805644414941,0.9583257444399546,0.9544032034235459,0.9806222075109491,1.1641402620310886,1.0130538927758224,1.0,0.816725685345379,1.0,1.0,1.0,0.9733968114392709,1.2495192157702708,0.6647653259767599,1.1837842651099442,0.6792261858034043,0.8732558494858965,0.9076274572941542,1.208608760417073,0.8009233089316441,0.8543755918234991,1.11109607875342,1.2244984504896388,0.7762866183035931,1.0,0.8310217378190681,1.3409462312320097,1.1265997295180576,1.0369189730960413,1.0924902670521188,1.0829802228728653,0.8852101669146284,1.0210363551601538,1.0113152727122832,1.0,0.9359999625920273,0.956454149524076,1.0898753511921317,1.4040189770940479,1.126349483617107,0.9256863306802259,1.1216894708015333,0.6990671565949887,0.9303946341389178,0.9488557167791756,0.6826935349546526,0.8034469011868972,1.0,0.7975176069384581,1.0,0.9131493923103227,0.8777661838856894,1.1723859355493087,0.8858043628023455,1.0059738503439752,1.0859503742376266,1.0862471104972924,0.921811914737183,0.974422237224094,0.8626035579369672,0.9537394180606007
2011-03-31,0.8891754512021769,1.546156409768403,0.988084939567935,0.9288885940392027,0.9058057609466572,1.0744635032395236,0.9703297697581749,0.8209851406132563,0.5200996405371059,0.7311643682271012,1.1616887834881204,1.035363288107584,0.7110822681682583,1.261558389479405,1.0073138952248832,0.9254752663894482,1.1261660686971178,0.9830302818740143,1.2191521328764066,0.8886754060270656,1.3127960142588944,0.5750842148901336,0.9018159500813894,1.0448348909066953,1.2889357948587437,1.0,0.9123082685926387,1.0,0.8260471400452203,0.8575611304976888,0.9773127062542045,0.6954038656324724,0.9093884855928127,0.9877308169177479,1.131745278806588,0.8989830667998409,0.9690370869237772,0.9927969767482084,1.008677332372659,0.988901439994531,0.9029575373583256,1.0347650787837184,1.2094849434140125,0.7469272943039162,0.8724457052220739,0.5807004057666112,0.8095735987379361,0.751448987056663,0.977017364748582,0.8799779581468834,0.9627185618693413,1.111398863450319,0.39810151262515825,1.0710062576285084,1.0165116187735888,0.6978270038090295,1.0061448667031012,1.0264223619770982,1.0492846912222147,0.5347883227083732,1.011423091746049,0.9994259150256875,0.796617794804297,1.212622409899119,1.1785888209828683,1.0012114818937423,1.0519021829876625,0.9582118802828946,0.8163331512839256,0.8156843340766352,0.7413654219480122,0.8845190882163024,1.1715962227961736,1.1352732698821055,0.9750445752635621,1.013265878577498,0.9819176805398987,1.0,0.7962152217629739,1.2465833745369967,0.866437491134404,1.1528678871716926,1.0111958100036016,1.0,0.9960175775895678,1.006815436928253,1.044976862856188,0.929425320771293,0.8640836838921183,0.6177838775491047,0.9136473962436723,0.8357403167359017,1.0277284041215478,0.7812660715526125,1.0153692038481565,1.0500443298939377,0.7592486753472014,0.6757709111791721,1.0135784602727596,0.8040418271692971,1.19438489302636,1.07334132443104,0.9556640953248414,0.9494139044006341,0.9658605517389988,1.1673180417767544,1.013018734643759,1.0,0.8110243853452117,1.0,1.0,1.0,0.9716942117562593,1.1953855830702407,0.6485079521263442,1.1523619417212467,0.7008706883356349,0.8535759089381313,0.8852732037288988,1.2125841948878535,0.6564114619545458,0.8411998599318908,1.119884324596458,1.2256343740772089,0.7883532781095732,1.0,0.8320241914828348,1.3213808571553431,1.126763627171239,1.0161558046235992,1.0536272944334428,1.0437092525048202,0.8719318606762441,1.0219744957370822,0.9990627921509636,1.0,0.9594078103785966,0.9550664319968619,1.0781599420824177,1.3915384355582905,1.2483698877632305,0.8992239734421412,1.0589915980689697,0.6977282271847289,0.9124316263761474,0.9436124988865494,0.6801384087058919,0.8036051110023267,1.0,0.7743328184509483,1.0,0.897225582893527,0.8402777564587081,1.0796112882198887,0.8597575043345413,1.0047684662184035,1.0328701327730831,1.0928882344230106,0.9194055299360328,0.9738316019749199,0.8570912785911332,0.9537183469193335
2011-04-29,0.5950642454280586,1.5252536312881402,0.9427611936625283,0.7094499939458191,0.6645444716608975,0.9191765407982909,0.7834610576869856,0.7803639981913937,0.5165794100637533,0.7361727092995869,1.0127535075728433,1.0029130776855424,0.6752772142553634,0.8339622470268115,1.0013898840347524,0.7537481391732389,1.0812488069333575,0.9760958979562965,1.2404309148814117,0.8800410909297371,1.0140426983838862,0.5741327767376718,0.7656559614778685,1.0416837120104976,0.940341524019087,1.0,0.9127110942082365,1.0,0.8088819379677119,0.8489980141862451,0.7828199298670852,0.6656315049461321,0.762727502169841,0.9744277136948568,0.7478892942873931,0.8745627593124274,0.9184172077028908,0.9868657535983789,0.907160018784355,0.972385335272274,0.9025033861236584,0.9046298995499548,1.074206766005067,0.7509418008712784,0.8709823903048866,0.5800919789936785,0.6585189267457172,0.5038795292348799,0.8127004925209448,0.8773044737444469,0.8363777271510566,1.0433320581139691,0.3809325347419815,0.9767258006393272,0.986962180870679,0.6055698671582889,0.48279359305751246,1.1488775035435617,0.997059936225838,0.5168570775844153,1.0243797956765746,1.000050387612127,0.5161355818483598,0.8230599409407664,0.755816226317572,0.9421294903928503,0.997011577885311,0.9135337189648709,0.6541744948411023,0.8099023199970812,0.5110033961305346,0.8831170198656253,0.9739684175669808,0.7549901010321625,0.927701089342306,0.917517856760835,0.9551778761004203,1.0,0.7726724850326457,1.0360998646231816,0.5928921584560578,1.1162317893236489,0.8883421123860368,1.0,0.9401832394494349,0.9255625378923485,0.9017568284270594,0.8016585152646933,0.7312244444555726,0.6621866776857634,0.7669652239671011,0.6822372642775484,0.9335851512304573,0.7365276084432982,0.7044109432649124,1.0221289695790232,0.7115222652354865,0.6748265990048776,0.736765845995803,0.6919057111837488,1.1906000892176203,1.0231204034599668,0.9343061623558438,0.947213117977599,0.8993742975232855,1.1665732251089338,1.0123412556431644,1.0,0.6380604161003951,1.0,1.0,1.0,0.971777971919419,0.6336399196583005,0.6200919917095336,0.8041302061217775,0.6359139078634207,0.8426343747713996,0.8710894518527135,1.0872917664568347,0.6482468713092979,0.8222815439597722,0.9958019521345685,1.224463710208236,0.6327154490753866,1.0,0.8224221163462905,0.8944887554069748,1.0240865614918304,0.9902700911472412,0.8093048239942274,0.7694070770540059,0.8691479233038408,1.031136690026062,0.9294490506759854,1.0,0.7909274262649599,0.9231550784875272,0.7731614283673721,1.2605550522682367,0.9280045712392149,0.9075690333284017,0.9308522212661922,0.6738490438819804,0.7793816196098394,0.8684963906814405,0.666868560028724,0.8028278539599601,1.0,0.7281276886710542,1.0,0.8668256389114203,0.784287524917003,0.9075760207710122,0.8263265317845547,0.9928462443478567,0.9206405314054913,0.9098863324737656,0.9036285433495799,0.9690774618554105,0.7936399483468545,0.9484252430685366
2011-05-31,0.6104729505139925,1.508124612563842,0.9371498696309052,0.7669279359857675,0.6603474019197649,0.881506186739785,0.7478971561819792,0.7876507256967619,0.5163621561609344,0.7232465072010583,1.0210378887590297,0.9996376694769138,0.6653496216826429,0.8330724133666397,1.0011031642423338,0.7347939913148629,1.074997282116367,0.9814632928411381,1.2335935884279905,0.8803886581403152,1.0204126206416801,0.5786852276409766,0.7737552360541176,1.0305363152066098,0.9795924733185474,1.0,0.9143661522848605,1.0,0.8086864941596321,0.8487952800594571,0.7870065280558866,0.670421907971153,0.7295357355959504,0.9734488308095988,0.7142290351463934,0.8772853783975759,0.8957886615030043,0.9868295716721612,0.878731088299392,0.9682402824151604,0.9003988035877598,0.9166714690070014,1.0199415271694756,0.7388323525918863,0.8707669246499333,0.5803296958241978,0.6558146116489842,0.5006356336684367,0.7878754523787649,0.875260224323226,0.8371460294496518,1.0458643358463926,0.3811475254701626,0.9902990458275084,0.946445518774689,0.6054927257448321,0.48743270404987415,1.1677144706738785,0.9852164603942717,0.5144094479058138,1.0199463997892175,0.9994610128666834,0.45616267109754616,0.7599948972090881,0.6697122236445964,0.9279170038229416,0.9868879484024615,0.8991137685508376,0.6789622825547662,0.8097401482398617,0.5182490618052628,0.8807980938618327,0.9559197134404659,0.7326998011968403,0.9277422921616072,0.9259654226317484,0.9042804172493137,1.0,0.7597595087192772,1.0431843302638288,0.5976220100760349,1.1079976743293314,0.879519076369818,1.0,0.935637549594751,0.9152650667140884,0.8814118763268131,0.7979628281585412,0.7335406719068928,0.6587186125225549,0.5747021203891565,0.8291101655387914,0.930824586627716,0.6695278875233426,0.6815385200769021,1.0312536488601276,0.5300019368755088,0.675059941490209,0.6951474289014902,0.6879500792357818,1.1901301509077997,1.0182398340045524,0.9142327393560639,0.9102589322243219,0.8975648427715733,1.1331850792809128,1.0126893041871032,1.0,0.6268229084104957,1.0,1.0,1.0,0.9721201827564009,0.632260403499763,0.6192677723354082,0.7801043977650672,0.6333745407045681,0.8416069743534774,0.8692061144481138,1.0889658881935085,0.6487802273763036,0.8036513171532742,0.9727027846621659,1.2120661850221333,0.587233585224666,1.0,0.8188737822904111,0.8921778675889852,1.0017523028134336,0.9894865236434628,0.8165254639796486,0.7734162262850202,0.85931657652409,0.8996918108016732,0.9145260467634708,1.0,0.8327180587568447,0.9217407970846045,0.7987630310066619,1.1524601653267774,0.9187563095868356,0.8753510593861485,0.8868391192316563,0.6726895435568121,0.7791142329964161,0.8702241515102433,0.6678925366190651,0.802807561338737,1.0,0.7280110634552757,1.0,0.8207418716133825,0.7622026317349717,0.8910961144254927,0.8611493811152484,0.9928534530736036,0.9143565784128033,0.8920017971043233,0.8724176615161112,0.9688786069278862,0.7928892721801473,0.9483916625551359
2011-06-30,0.6450342691055932,1.477392424158771,0.9376637920265206,0.7632662468280381,0.68190389812651,0.8769419571833023,0.7767758613433391,0.8138482205337134,0.5169974585933647,0.7133672058193805,1.0459327835091718,0.9923563575849041,0.6609994586571012,0.8742206543056149,1.002409653132504,0.7274242477433165,1.0984222214436279,0.9792859186093912,1.1534925086797734,0.8808900442571115,1.028906253466524,0.5707671098407956,0.8119000938679068,1.0387288811801627,0.9903140137978943,1.0,0.9140689642758365,1.0,0.8089925182169991,0.8486415941969664,0.7765370454961442,0.6628716731027504,0.7286645306185138,0.972898995429875,0.8148292450486421,0.8954767268079583,0.9134471932638053,0.9874413072460005,0.9028406808379911,0.9664713690846604,0.9043448268098427,0.8886965952209755,1.0518631156541358,0.7663574364584758,0.8673023141557621,0.5799836815296076,0.663345261753918,0.493779454054439,0.7799693492873271,0.8755215195646072,0.8412321262651801,1.0721589177540094,0.38921985817690896,0.9796870509054502,0.946458386859054,0.605519049267522,0.4995059228763248,1.161759528548306,0.9991401047510777,0.5022370482167777,1.0132610320517887,0.9982649118713901,0.4760327474296885,0.7781509876473535,0.6254721131451184,0.9234403009143364,0.9836975666197307,0.9097338368436805,0.6818893769340189,0.810090210875208,0.5219507199486686,0.8867552134002916,0.9571193319429153,0.7123414806159961,0.9316383117043416,0.9428535186526864,0.9106513166026013,1.0,0.7692014587292213,1.0703816562502118,0.6190906825531767,1.1496315387861962,0.8669675106737944,1.0,0.9397953720449113,0.922199574300801,0.8820162153684233,0.7988009416440534,0.7418430005372119,0.5850928142642116,0.5879242506451994,0.7902400979439305,0.9346859252601162,0.5970660163016761,0.6673548802802547,1.0272271701880116,0.48027731629756754,0.6756108894165547,0.6881290014039232,0.7068596216229416,1.1930817096590618,1.014006749602521,0.9099653411461097,0.9151267993735532,0.903620368931566,1.1456967596474934,1.0126798685628287,1.0,0.6302205227685689,1.0,1.0,1.0,0.9716318997350817,0.638704271316924,0.6168965730795646,0.8016915565486078,0.6145831416403444,0.8453327615789998,0.8742986441522816,1.0301101186611592,0.6490829906325637,0.8310401175909655,1.03360472027359,1.2147473218438811,0.5844931108650502,1.0,0.8192231212859918,0.8736755314422922,0.990266322119998,0.9948949825364253,0.851343021550283,0.8383163445395013,0.863960871169721,0.9148752825425105,0.9139767834191826,1.0,0.7983251938848485,0.9161216575443685,0.8943060512500145,1.1124016872556226,0.9022589041791618,0.8757290317988662,0.9821535309130749,0.6746724171266474,0.8141459314892756,0.8577979866741381,0.6654892662383864,0.8027269456227359,1.0,0.729018018537591,1.0,0.8290905939719364,0.7769781822863391,0.9242865083026353,0.8362947786656125,0.9933343806900741,0.9113112832747714,0.8590698488766183,0.8740140700658078,0.9685410761475496,0.7905588222747272,0.9477491230793221
2011-07-29,0.5567954895107345,1.2771949685542074,0.9352009517963003,0.6675151281641536,0.6734237622220245,0.8855356689900904,0.7435676459962756,0.7859139525737217,0.5156164123997082,0.7126790270644278,1.0097516027369893,0.9986780294529423,0.6656187556452996,0.827082113197367,1.0026994788663222,0.7374104659323546,1.1091976151130085,0.9816440325214211,1.1072859084701132,0.8791801407792499,0.975689522974182,0.5794667508936515,0.7126232554077583,1.0246411142424299,0.8178434203741248,1.0,0.9158096544987735,1.0,0.8085666130525697,0.8484549238651221,0.7984987120450114,0.6552922758195563,0.7305411603212426,0.9720223037095237,0.7360985639844534,0.8599366767562784,0.8951236128049297,0.9864511105764281,0.8207086528779903,0.9650510276781583,0.8968459538209204,0.8858558483171737,0.7535618366564936,0.7716804997246125,0.8673567757497356,0.5804006469621686,0.6540144774019572,0.446579374976787,0.7664947453929255,0.8780073368568992,0.8390867290849731,0.9564286135520983,0.38526731941122716,0.9770794554023423,0.9454790957266027,0.605586765896537,0.484283723526411,1.1844402740849713,0.9646215051009637,0.5018146867121269,0.9201840125948446,0.9980265392754313,0.4652296703640516,0.7740690208475024,0.640017608269145,0.9272874767492458,0.9829822297418406,0.8976544189729989,0.6755595577978033,0.8103074381156146,0.5129753715924152,0.882631624250734,0.899123251335101,0.6728424422490091,0.8894306263913876,0.8885116850526008,0.9040861387843424,1.0,0.7718515820860856,1.0407484992200036,0.5490349359610068,1.1639522006841043,0.8728823118202063,1.0,0.9362500015595925,0.9215343318365579,0.8830590045755665,0.8005129759922802,0.7151839539849121,0.5795266697247361,0.5965435787264486,0.8266248951910419,0.9303690153168348,0.5333145626476823,0.6642041292659497,1.0244261271347046,0.4607677522441991,0.6751560137160966,0.6997302091791495,0.6616177159475279,1.1772703903719264,1.0112289398042151,0.9180749999843432,0.8572312837158834,0.8973702317883556,1.125042521760198,1.0120882317568256,1.0,0.622736929223213,1.0,1.0,1.0,0.9714641156543621,0.6239775486236883,0.6173666613702018,0.7736134676358533,0.6220016938066721,0.8424765460406619,0.8698850533294721,0.8982494560282679,0.6492969751059797,0.8275741427816887,1.0366058401303069,1.2121596549178517,0.5486425753669143,1.0,0.8188670936617399,0.8724824873682123,0.9979645908257574,0.9940002976119275,0.7892656452908972,0.6885247513526462,0.8442162958325284,0.914862621603477,0.9228308211094897,1.0,0.781126107715432,0.9135349739432502,0.8398762762698077,1.184976581407813,0.8920498440053011,0.8722677775854889,0.8911282172215438,0.6725002646151577,0.7599253455028394,0.8631465521668864,0.6675418887148823,0.802778411924621,1.0,0.7357393744164686,1.0,0.7817629706294977,0.7127760853507766,0.8543309785588238,0.8446129407853017,0.9925749492636411,0.9139093213819454,0.8687767693088633,0.8455646204167787,0.9687225350468085,0.7917109575443687,0.9480355705765107
2011-08-31,0.46419781074356903,0.8372140859616556,0.9364266592775057,0.6225044853649884,0.6719727329325778,0.8794536645743679,0.7001715682496836,0.7370518195080585,0.5152750493464726,0.7271015156310201,1.006147771364802,0.996341922682724,0.6059834161515868,0.8280819407966831,0.9980332173406062,0.7628126281951125,1.0383269613727961,0.9853009766490547,0.8004678629792255,0.8789349348363257,0.9317807063204836,0.5746626967161766,0.6523261121862163,1.0231117666199954,0.836020450941541,1.0,0.9173751186325001,1.0,0.808454510390408,0.848370474481974,0.8425147266837802,0.6532508332380614,0.7073327496317048,0.9713123143487543,0.8638675154720145,0.8493360793495561,0.9078435529055489,0.9854470200325717,0.8172101215411323,0.9618368523946907,0.8983926949899963,0.8743171201474733,0.711076868603985,0.7483104417049407,0.8672218987968879,0.5804882543049901,0.6698274278859285,0.4501968202982346,0.766929621563071,0.8773420434798804,0.8363277100075512,0.9967282723904134,0.3833584286669758,0.9783069314424973,0.962287735353091,0.6058352428176432,0.4724304353338441,1.2320704564719296,0.9495767661835554,0.49717372319837894,0.932031758505542,0.998203803758341,0.5273856268874166,0.8159482024584332,0.602076214296722,0.9211745825483361,0.9860635778163584,0.856767873817372,0.6433107495078154,0.8105615063218442,0.5082532733680644,0.8874148096683039,0.8195303329518951,0.6518941892772379,0.8674651860510143,0.8370404291630897,0.8604827097465084,1.0,0.7708364261614192,0.9650850014725154,0.4723772465924767,1.1054390799989915,0.8815879718197692,1.0,0.9307864129897645,0.9147952449350158,0.8870532084670749,0.8047573578390286,0.6625850590812326,0.601607218812575,0.5313074187755555,0.7900893631501212,0.9302764919253229,0.5085112746108689,0.6568704069982352,1.0074140251638786,0.4523445713799421,0.6936732831915597,0.7078462294613003,0.5959128234412736,1.157131306253758,1.002705939609043,0.9323479821177953,0.8558370545339561,0.899711227645177,1.130893761879532,1.0109156357378304,1.0,0.6203296409927475,1.0,1.0,1.0,0.9707154296851663,0.623417931639156,0.6169311334763458,0.7265570361366697,0.5840917231572809,0.8400632022707886,0.8670204756229553,0.7877684169683435,0.6520278544742864,0.8427909138595417,1.087801532861135,1.2221235242366633,0.5689909543843221,1.0,0.8189394756131951,0.8736031952498685,1.0169316880224584,0.9888034540002111,0.7367498322141004,0.6284022877221384,0.8410707438913636,0.9975466656779481,0.975664399973095,1.0,0.7761870364676398,0.9137080371054906,0.8166007875369208,1.1605155225170887,0.8048718480329136,0.8797583128676008,0.7308123080484363,0.6718124684678589,0.6971625280638272,0.8613642313209694,0.6676466346779593,0.8026862643929528,1.0,0.740992731527251,1.0,0.7301953913622266,0.6869830246684814,0.7721608747404636,0.9318391658683404,0.9922723910872411,0.9123379006084991,0.8588673594732155,0.7761861288748667,0.9686630110012212,0.7926533913931326,0.9482682169719657
2011-09-30,0.4652945901820458,0.7886233670417659,0.930611664724204,0.6396999386930189,0.6674786725280097,0.9245443060897562,0.6987611487140584,0.7380747695376209,0.5153152195669792,0.7154738198776274,0.9262932049203448,1.0183434977552277,0.5419782220386008,0.7551548894900421,1.0031940727452833,0.7630695429190797,0.9820572891049525,0.9908202983814838,0.8755752156388991,0.8791512605042299,0.9404291757449208,0.5712787850937278,0.658279022040495,1.0067338458377615,0.6987701668936024,1.0,0.9275359858217362,1.0,0.8084194675019096,0.8487597962291443,1.0251219769324635,0.6418742988433253,0.6892533667767147,0.9716489205935197,0.8165569924732807,0.8461579348712249,0.9079883939184296,0.9855658218783104,0.8010735512832773,0.959903678570717,0.9007874887484824,0.8757689902676953,0.7004039466375953,0.7390336410923619,0.9028623053969288,0.5856066749839828,0.6739242871912743,0.4962373074852726,0.7110111898963634,0.8851692979478738,0.834440887373761,1.1327640822534801,0.38490146601232933,0.9224404420559247,1.002060937832462,0.605810636657333,0.47202792076853217,1.237000988129669,0.9485628935057182,0.49780513380148816,0.8826919515477751,0.9984617307214341,0.5159577409894236,0.818844600440948,0.6131511514495533,0.9373342152512801,1.0068260271685348,0.8308216801193882,0.656186524636849,0.8095353660675575,0.5295352212372405,0.8830573440925596,0.7871257278844568,0.6163998310905787,0.8463918046309751,0.8057112404875485,0.8390545551466788,1.0,0.7582703041195067,0.9379526652838455,0.4750515506267069,1.1559243039287441,0.9424274356764315,1.0,0.9205100425965065,0.9123282439531726,0.881577613850961,0.8119320874567195,0.6658131977280202,0.6469929019614595,0.5137693379089957,0.7487100582971989,0.9289279310952674,0.5338010890603189,0.6598236839996281,0.9958379052981001,0.43025553472087263,0.6783599098059939,0.7072880475362526,0.5675605583681221,1.1492692489835226,0.9976604966148249,0.9667678220023854,0.8948863440110678,0.894507944268744,1.0935634625085398,1.0091760442471764,1.0,0.6112460127363724,1.0,1.0,1.0,0.9706785735401388,0.623902998614244,0.6166010617006177,0.6786292318594196,0.5976197998545363,0.870465044294922,0.8997854321674197,0.7644995552895051,0.6966107339294357,0.8597767234602788,1.0313368459465575,1.218078129628272,0.5621642540474552,1.0,0.8187674719943204,0.8953924159262275,1.0327302334795672,0.9820745100859973,0.6818064344480536,0.6054404570605313,0.8321085898214475,1.089886309770831,1.0437304503179488,1.0,0.8166718404294976,0.9206118656306578,0.7286662497851546,1.167742266155139,0.7898371046428958,0.8786340931069336,0.7248648655128209,0.6704296680321473,0.6367609290609633,0.9073283557364137,0.6822534250799057,0.802702895958533,1.0,0.7386649869927898,1.0,0.7068941456008513,0.6673051499520407,0.7596163363293209,1.078657245613625,0.9932469625731949,0.9054354547363097,0.9569853815012719,0.7270229447963928,0.9707143169169017,0.8082276329140484,0.9544741572372475
2011-10-31,0.45691120501050775,0.7924147992232748,0.9340494843313261,0.6188712631124187,0.6604164679417875,0.8852345498471421,0.6978236379033547,0.703641241960881,0.5151158920473875,0.728518933121463,0.982091763656003,1.0148891666013344,0.5450670725299476,0.8118493087895385,1.002290428227476,0.729909774495977,1.0674543575596163,0.9899093008539243,0.8237962916036364,0.8790612827081955,0.9328685340017521,0.6306513824842201,0.6407003050306066,1.0087437941548363,0.7040861694065681,1.0,0.917476528847027,1.0,0.8083350065968853,0.8487667906517071,0.9947855763194913,0.6642419298762381,0.6849665987939028,0.9713468745577171,0.7944791467628717,0.8436745012594972,0.9050501506098347,0.985455541757347,0.8536778338858935,0.9590464675249338,0.9085075389643589,0.876373178540889,0.7162531360392235,0.7381011045355667,0.888758055821519,0.5834913445976428,0.6564459674826175,0.4908258078820501,0.6857261276739931,0.876084985617414,0.8363963874276878,1.108319290490397,0.386316932551665,0.9327362210723402,1.0070330695905703,0.6057674924995122,0.4697811448894551,1.2212719630118618,0.9485543193819881,0.4959987663973312,0.9103728459436393,0.9984725421339044,0.5023172178969062,0.7969437521985046,0.6174747779762901,0.9356915921075366,1.0038313942411197,0.895382296012545,0.5827409017834744,0.8095518596289406,0.5245888254011077,0.9261701931494448,0.8197803134595443,0.6598218891534954,0.8615228491483953,0.8119763395447152,0.8465905530896869,1.0,0.75834498939253,0.9397895302155267,0.4716877062099528,1.149816842948363,0.9299853660230106,1.0,0.9219314208540537,0.9135042194616949,0.874548829549856,0.8106783985961897,0.6658794864864314,0.6276220341622296,0.5419376172999887,0.8297125096577254,0.9278211082157606,0.544135394900769,0.6449538076861895,0.9797750314274406,0.435943772241565,0.6833117513370655,0.6928649615920769,0.5875597889979091,1.1525896267863813,0.9968569838529237,0.952811192320306,0.8944783598242676,0.9074333203668701,1.1197711731825224,1.0084173095420685,1.0,0.6242062933810764,1.0,1.0,1.0,0.9717174042981207,0.6241446460486383,0.6162359854626049,0.682012819819046,0.5872069730280766,0.859705777173838,0.889450068399931,0.7977900538287895,0.7381926073624143,0.820036328312361,1.0669119426630993,1.218570734587659,0.5893296508602228,1.0,0.8187313330091568,0.8959301529095073,1.0394999836455427,0.9795200176499433,0.6748115375333406,0.5997044435635897,0.8742105569563783,1.072004741342195,1.0449690380851018,1.0,0.8075975680710441,0.9184991148648739,0.7072491550214305,1.3842197084084775,0.8125705245856019,0.8820056217290132,0.7225537577942511,0.6697221992802964,0.6618599315448417,0.898893586392123,0.6808166319363935,0.8027229915523915,1.0,0.7395587436627885,1.0,0.7345479587814012,0.6851845833958499,0.7440034750357901,0.9785042028382799,0.9928372403881941,0.9070449151326864,0.9435680252647071,0.7915385546374615,0.9703736737193789,0.8065992442110959,0.9534126051759764
2011-11-30,0.45765111041203876,0.7565327453987152,0.9295757455813305,0.6110753505164244,0.6669203074037179,0.8994639568955742,0.6962614639059952,0.6886535347490357,0.5152930527028101,0.7279496110806718,0.9510104411568723,1.0202435399969236,0.5465691402845176,0.7807152217087154,1.0038384220775782,0.7066502908996912,0.9916237373354608,0.9963402586449376,0.88086252589198,0.8790254622701422,0.9395324128379583,0.6137301824318153,0.6330997574577268,0.9881010522000759,0.6940870887537112,1.0,0.920886266945312,1.0,0.8084117343910179,0.8494027312863655,1.036059994393016,0.6563622926530792,0.689787267676996,0.97124589935588,0.7470547953139703,0.8392215700125196,0.8820177133384467,0.9853851322226935,0.7657465659594196,0.9585510480175742,0.8961679375751026,0.8780509928463547,0.660039779889604,0.734089961543311,0.8947505273332974,0.5849757327180041,0.6845554408584741,0.510666961173448,0.6753428415884417,0.8810590975830959,0.8354742436155096,1.1286645291656745,0.38827225841543034,0.9499351355337092,1.0269271564873232,0.6056776669429937,0.46972520315696575,1.2386242144498354,0.9495627397764512,0.4940388811896905,0.8921803525872167,0.9986066108828617,0.5395374997640767,0.8154857219569731,0.6087564842205114,0.9394990736661053,1.0106979803310108,0.85089605203456,0.5625335159169369,0.8096366605862849,0.5243080358290748,0.9071750495794357,0.8094082461878511,0.6473015618526461,0.8582110562359924,0.8090889882353457,0.8196707691717992,1.0,0.7510052527581705,0.9204695878580857,0.475739106516719,1.1781257058578405,0.9571802599874477,1.0,0.9201950030895084,0.9123106545957996,0.8751005155288837,0.8119991312959135,0.6714255215484173,0.6902370924378849,0.500307900138998,0.5665194126494291,0.9272163770728472,0.5987606031958917,0.6383173258838579,1.006982823762909,0.4341656921610849,0.6811002302822965,0.6945768432505286,0.5840314944966916,1.1230047144557225,0.9954554023563229,0.9654781531499423,0.9258384318207894,0.903034703511297,1.094688452332099,1.0060119220198598,1.0,0.6132604260689559,1.0,1.0,1.0,0.9712236633054326,0.6241933081239679,0.6157796038226973,0.6641355719048027,0.5833789687146189,0.8740756892357334,0.902810233554332,0.7753294899818799,0.778386644972366,0.8386450929361319,1.0282203449305498,1.2132030564229062,0.6450230920153257,1.0,0.8187684581979003,0.900824270517238,1.0574531295589513,0.9706758369821474,0.6359735709093759,0.5966400714472602,0.8688839502644756,1.10533627272927,1.0573826125211987,1.0,0.855862875240482,0.921147383226452,0.6598156432603505,1.3084884985571559,0.7888592741270666,0.8910310171412296,0.7175143739606362,0.6701896844279784,0.6433976434041381,0.9105379311741834,0.6886957200326764,0.8027262205728511,1.0,0.7395404476533762,1.0,0.7162793719863557,0.6763343459141584,0.7381629790657246,1.13857635119303,0.9928263469216329,0.9186123168888044,0.9692446028430896,0.733184977997275,0.9714034915106852,0.8149754002043026,0.9567397603009973
2011-12-30,0.45228574171952807,0.7347768879644796,0.9286078670701996,0.6071530794969625,0.6747318158654225,0.9183830281974138,0.6960697665923654,0.6667692039058251,0.5151882125904015,0.7086472930046576,0.9049507994051506,1.0299361374381346,0.5281452520034589,0.7564137929092917,1.0029524001814702,0.741171277485027,0.9337950394389921,0.9979242453643734,0.9203525601021205,0.8791660708700917,0.9565720720294189,0.6493037509509734,0.6259684334891951,0.9904779212290677,0.6899622206198326,1.0,0.9278586464271026,1.0,0.8085947175935867,0.8489531647430819,1.2028098479286342,0.6571082746811362,0.688933851714329,0.9715301744447642,0.7246990639098023,0.8376512088842468,0.8818561366507328,0.9853153106705895,0.7517056648127332,0.9583466976402393,0.8946574142067414,0.8741988860598269,0.6458434470366996,0.7369138326955809,0.9153766424404574,0.5896448988275749,0.6489570379169534,0.5021766664921983,0.6443114037096915,0.8856397526270603,0.835546803667585,1.139218437763815,0.38955570650903826,0.9089517833434566,1.0409043911698532,0.6056753571545404,0.468378444460129,1.2423206999431498,0.9531559384167742,0.4931534379439867,0.9254627123738505,0.9995198063465119,0.5273467130866152,0.8162974791075908,0.60861126056866,0.9480503691906506,1.018428231847227,0.7884050338000177,0.6333922259592777,0.8099199069379674,0.5217690555019536,0.9125967532716106,0.7761919251840614,0.6362876832802298,0.8687793315732741,0.7923755142896374,0.8161146862359077,1.0,0.7366219578433526,0.9016196635257,0.47121064985088335,1.151492114068555,0.9850436899313124,1.0,0.9247978025612491,0.91690402876935,0.8795717323053086,0.8128653028637545,0.6615079001563084,0.8512378415991964,0.4839906717224096,0.555195373897038,0.9279048649392856,0.6108750192976489,0.6119089026521651,0.9946557134374735,0.4245171020644557,0.6821278580071923,0.7096590409882682,0.5558138461372981,1.114957783082077,0.9942193889937502,0.9693012095079032,0.9486366538402142,0.9021970811328659,1.0755508662904556,1.0056271612547323,1.0,0.6044776449292841,1.0,1.0,1.0,0.9718655192578809,0.6243239234768672,0.615766379004297,0.6291194440528998,0.5578183980704623,0.8921090502939866,0.9179298420320042,0.6177384210375376,0.7430985960985946,0.8145478134057891,0.9534625362947692,1.2085393539821314,0.6790017565678486,1.0,0.8188451062864288,0.9305744215886862,1.0921191892091886,0.9557400129536687,0.5885340412494339,0.5752308875297902,0.860157300971981,1.1426842564829143,1.0577200491478933,1.0,0.8500744717108473,0.92074106118436,0.6238760604513209,1.2018754458061964,0.770341131574523,0.8802163811531988,0.7127134430115728,0.6696990166132619,0.6251011812405193,0.9426811811437702,0.7068771965502115,0.8027213751565272,1.0,0.7414845233066576,1.0,0.6989236633838609,0.671202103328485,0.7274634108870379,1.1682576077773315,0.9940856375080228,0.9192507567398293,1.0222995772455306,0.6986964617082567,0.9738362766310362,0.8315147120582019,0.9621233194080733
2012-01-31,0.4418652923299551,0.7549256610953372,0.9283880074788187,0.605450370787604,0.6790922656588938,0.924071140191686,0.6961116484162999,0.6808363416003376,0.5151077530552391,0.7042623941214926,0.9377798926247956,1.0283071543052134,0.517748538452719,0.8030608163766361,1.0018060446706767,0.7390875151134118,1.0554529857105286,1.000658594163858,0.8411405248360218,0.8831213904025044,0.9111851124998013,0.8629724195694458,0.623959271177096,0.9821097275687234,0.693794132635856,1.0,0.92096652485849,1.0,0.8089232524159331,0.8511842615586899,1.2027456904649976,0.6512498009638477,0.7023795117521996,0.9715763418834905,0.9439462308303039,0.8365954337671893,0.8521382414030956,0.9852643225870619,0.7600393562470512,0.9584439660122609,0.8993443088383563,0.8773662737920077,0.6255701150163326,0.7478667529757477,0.905093422263871,0.591488213298438,0.6585986757552347,0.4450441885712567,0.6105503159716691,0.8778045334057515,0.8366969773965995,1.123898024004078,0.3863606953801526,0.8610811160102001,1.0356043867504297,0.6057289336688245,0.4690235023226632,1.2464890755032434,0.9555375967878404,0.49013305412293706,0.9279091335786376,1.0001417734396947,0.5289084465402631,0.8080009001004369,0.6123303793587801,0.942480856585386,1.0141149399158944,0.8801290827072221,0.7088696104382148,0.8100175323765063,0.5254293023438794,0.9155501587242793,0.75591626236886,0.6476004470989659,0.8478616501148538,0.803769576200698,0.8207206925073451,1.0,0.8031328933364359,0.8714835961045029,0.4584793659464842,1.1230453751085592,0.9738054191279502,1.0,0.9221715258612067,0.9157586078792284,0.8717743422279162,0.8110208111484998,0.6536738428689427,0.808603409540962,0.5225377774186297,0.5425007523214362,0.9269848382061062,0.5712962670207362,0.619339729755018,1.0372217979643388,0.44834985461047805,0.6805222104464737,0.6952064691220792,0.5785875026748324,1.1238191835762479,1.0004581751011803,0.9644402998160512,0.9479091384896982,0.9053968685284899,1.0772626943742927,1.0054084514853892,1.0,0.6022253985122887,1.0,1.0,1.0,0.975216458139658,0.6242071166494667,0.6156710964268495,0.6737634155508523,0.5575888165609004,0.896950722698028,0.9234603916865621,0.6845753822232932,0.6948094279871032,0.800133338366222,1.0069861767892978,1.202884801004151,0.6857155564930966,1.0,0.8191879637559871,0.9304475477612866,1.082521772174893,0.9457333006687375,0.5997166204169561,0.5814657179829152,0.8628062806998693,1.1334999300939215,1.05560182764213,1.0,0.8318427887126765,0.9182369915465325,0.7115291325245998,1.2950930853181417,0.8166772266391074,0.8736349500525595,0.7118892472665397,0.6693217101033409,0.64838407312878,0.9342757350169215,0.7039353516569986,0.8027143258502449,1.0,0.7495409763144611,1.0,0.7131492962253457,0.6785599856256674,0.7088196488245622,1.1162658034733364,0.9943377270357813,0.9140564750362101,1.0178182560056288,0.8304173945005335,0.9728618990281422,0.8235362692412701,0.9593623212227452
2012-02-29,0.4416573255761046,0.7308300318088001,0.9277476111018595,0.6016409024350347,0.6650755944583393,0.9172041987956777,0.6956394963623963,0.6779535236190355,0.5151364885057901,0.7175755194465094,0.9270488455425749,1.0285321621067496,0.5619663420306298,0.7996990826375914,1.0006353334266258,0.7288143144405087,0.9584726202621343,1.0015651096656275,0.8271490546471079,0.8815954057012129,0.9092510780098797,0.9284037707268673,0.6243305411763614,0.9646791391751578,0.6955595829494714,1.0,0.92790656364194,1.0,0.8088497388606484,0.8517430376806838,1.2761847611214134,0.661043902723774,0.7056886775876157,0.9712499872207274,0.9262259308492987,0.8358797220528137,0.8510071780013566,0.9852705223292123,0.7488310962114252,0.9585754703510742,0.8977143370774784,0.8758905849596056,0.6172043181082332,0.7566675491310838,0.9073577194985689,0.5878987289624253,0.6700036196349192,0.44753873398121025,0.6145248731985948,0.87691661836124,0.8370768333219047,1.1180451812756222,0.38891269297336184,0.8393740766729926,1.0301087789956427,0.6056501383403268,0.4685197354006496,1.247143093787041,0.9666638214364505,0.4931976592076299,0.8749251567711553,0.9999682259818994,0.5085104547087461,0.8009102341855396,0.6021994821911287,0.9419042280658287,1.0124507147087312,0.8918193388537251,0.6166010945950258,0.8096515620831157,0.5314315843158517,0.9231762153963874,0.7508386156247215,0.6395355922939338,0.8516932145778815,0.7857765314120732,0.800081522407059,1.0,0.8021576027378496,0.8474142541763978,0.4584501708232722,1.1099997059655295,0.9665284794369553,1.0,0.9250216587966761,0.9147712988854858,0.8639160634137713,0.8106414687419689,0.6554935766130137,0.8023305558088204,0.5168753071526259,0.5070125985805523,0.9266175088650359,0.5653665348649348,0.6211942216200352,0.9822013535277428,0.4827007747551645,0.6845728633184505,0.6900455236387211,0.6041698405793106,1.11093168632492,1.0010002135427993,0.9720376733222589,0.9471342454742248,0.9031376163519118,1.067334658377248,1.0019288209582913,1.0,0.6014428918511681,1.0,1.0,1.0,0.9735535778990683,0.6250905466309321,0.615579110262729,0.6471954314411641,0.5664700609261462,0.879025094191562,0.9085639506212153,0.5896382008819709,1.2888952677121552,0.8061850393425242,0.9639100053531094,1.199900168617363,0.6489225366465814,1.0,0.8193251900512041,0.9348881195796523,1.0834244731211997,0.9551370697410219,0.5751697935393519,0.5656002195290777,0.8664833603212284,1.1132861356554846,1.0506215059589232,1.0,0.801759250565781,0.9166835733549779,0.6437150960396656,1.2091415148171394,0.7645498893226803,0.8786005167363056,0.710319708785908,0.6696386026224872,0.6529608930377407,0.9329229550046962,0.7044781768290329,0.802726277592081,1.0,0.7466364727902506,1.0,0.7016079022757133,0.6779390652714485,0.6921684443278285,1.1664403176250757,0.994009167162768,0.910253655398579,1.0182535271652868,0.8091208687276458,0.972251782316002,0.8164787764080464,0.9575372993004415
2012-03-30,0.443165128697813,0.7068805270729206,0.9272120699533085,0.6045862565463271,0.6784856497971279,0.9164796124131256,0.6955424968675057,0.6919308881000154,0.5150925853377093,0.7334741594502755,0.9244983599606272,1.026547045185892,0.524593326932054,0.7957786099365929,1.0004299823238083,0.6933847383047742,1.0077961413078065,1.0042508561991115,0.7600261920146978,0.8852349651341771,0.9225791946879675,0.9758670978122213,0.6248607283432519,0.9657309976237956,0.693386096055691,1.0,0.9282376304882934,1.0,0.80925244979425,0.8707598112157455,1.3499130283055805,0.6568407331340043,0.700036459008682,0.9710826667671602,0.9569188803938856,0.8364430984835514,0.8755203990529465,0.9853065097096139,0.752822360927991,0.9589667540112308,0.9026824014876561,0.8716599716481633,0.6088812443092877,0.7764831650076451,0.9069282515903235,0.5889134488848133,0.6847573771996258,0.46965109158434015,0.5878380198536353,0.875939421253186,0.8366010626294784,1.1241842664134296,0.4042023324333268,0.846319853619336,1.024550848613976,0.605647022000843,0.4689597291835046,1.2279120460041373,0.9609622767466733,0.49275697119079853,0.874760487281836,0.9999369598801965,0.4742744357282197,0.7668107115309952,0.6224652572456664,0.9400665177838337,1.0153732880633848,0.8832412610426419,0.6255928721961947,0.8096805002335551,0.5273968055966543,0.9132384690733912,0.768495058358442,0.6582061124672572,0.8923835041016845,0.8020034319943926,0.8234289279501819,1.0,0.8612282284406769,0.8432260179041704,0.4599456681943114,1.0617855079460656,0.9721518393318082,1.0,0.9223795422134958,0.9127528323888492,0.8600023287686798,0.8128511734731186,0.6603109925776329,0.9268588729940419,0.4746352235855362,0.4844099290141961,0.9263366999075344,0.6046773394433387,0.6166637662118993,0.9845451416084388,0.492904415065056,0.6866509869565883,0.6780274618927973,0.6345684288115497,1.1424941335420795,1.0000597819615014,0.9724654288402321,0.95126523516905,0.9050805646444037,1.0409945535621519,1.0009442550636114,1.0,0.6001328843284974,1.0,1.0,1.0,0.9735574208425685,0.6247029124442571,0.6154936545107357,0.6560345127948735,0.5750891026459894,0.8789354858883864,0.9092261532608302,0.563778032848523,1.3045201248305855,0.8007527987989864,0.9184179975504025,1.2127307459531669,0.6797693031338846,1.0,0.8193941652813392,0.9317542489262943,1.0853544788412814,0.9507597101790025,0.5843663045772001,0.5729922379719792,0.872155851469822,1.0975951164277598,1.0640572233738295,1.0,0.840793491693295,0.9162840306012637,0.6764248541837575,1.1833610202710052,0.7176423776982557,0.879090316393946,0.7108896464586743,0.6695070108187835,0.6548584956605584,0.9265885262521618,0.7007937420887397,0.802712735099691,1.0,0.7475408021813004,1.0,0.7180725163768937,0.6967126127077397,0.6887123388846264,1.1915879321192973,0.9937417034766985,0.916360790951654,0.9958890690043445,0.790011767402297,0.9717765653191661,0.8145847988953698,0.9568136417397358
2012-04-30,0.4430260532303716,0.7049677664264233,0.9269241657683146,0.6083971690616702,0.670898785475446,0.9103492160863074,0.6952196708028076,0.6792043105934948,0.5150376922307964,0.734589870854111,0.8941465618102685,1.0291299712918913,0.5297427818430636,0.7878107756679258,1.0011289722639627,0.6944093065075829,1.0680512279113046,1.0026235346608574,0.7262922401202885,0.8834799319229965,0.9044979529346976,0.9196641667910126,0.6227860104887719,0.9564013293793252,0.6977508297200516,1.0,0.9306765264689119,1.0,0.8089155606064283,0.8786911920274738,1.3959010208281493,0.6570673776788583,0.6899582521332008,0.9712478479091469,0.8635728158636985,0.8365358729437662,0.8987368993146084,0.9852783781684801,0.7458806162300184,0.9597438652353938,0.9010548722874075,0.8700598926003063,0.6158261433295933,0.7725409770028108,0.9134543064699951,0.5942437696143524,0.6972847399023723,0.4733444059008314,0.6081549895273655,0.8766949595583323,0.8368196636492392,1.1184505329896317,0.3950683063186674,0.8455651258200678,1.0188064162608068,0.6057038288532015,0.4702334118587287,1.2335535862212295,0.9586655340799953,0.49197916295968214,0.8658217465235032,0.99898148051594,0.44881702773654886,0.7600435480675607,0.6137676835424759,0.9412516261410114,1.0179002539405364,0.8748970895476722,0.6497115816301309,0.8096124858631853,0.5229208764328948,0.9231434231508913,0.7920293809785743,0.6598056713334499,0.8834686630266909,0.793939848064886,0.8334098242038264,1.0,0.8625683026987934,0.848963948025342,0.46061118510510946,1.0602142061366258,0.9887851144201458,1.0,0.922221327853465,0.9126873730014338,0.8551101933227649,0.8078286951240274,0.6605937788049823,0.8342438775232829,0.4588052457684343,0.46729771709833834,0.9266508336190605,0.5872564053954716,0.624559409327503,0.9723357928713814,0.47495287286599197,0.6828280405392638,0.6684192459706716,0.6355142383853887,1.1253723170787084,0.9933810183945588,0.9630891321120927,0.9400757236160892,0.9060021595457043,1.0215966284873383,1.0005017948477253,1.0,0.6009040090660867,1.0,1.0,1.0,0.9728128032124617,0.6242267428048012,0.6154589137207189,0.6385165056799255,0.5633719809097895,0.9043213212086867,0.9282286236270328,0.4957863376307894,1.328189932667255,0.8251963577887756,0.9029252345338137,1.2177237090454904,0.6914029357187002,1.0,0.8197824347585778,0.9272766886749172,1.1002077839080242,0.9457329545721912,0.576788851455996,0.560583397879846,0.8714233249757388,1.0867742382418533,1.0641963908092247,1.0,0.768599748527637,0.9147374771746302,0.6227965810144479,1.1678804615972436,0.6987632379513625,0.8679697665665134,0.7099134221266553,0.6696807077191973,0.6371459011138729,0.930759852572975,0.7145940055010488,0.8027301965874374,1.0,0.762181955065748,1.0,0.7198071022826914,0.7039659714543457,0.6674063469933924,1.1965328100812442,0.9925136504997435,0.9042979609766097,1.0022098546292533,0.7552448134298946,0.9721878988780432,0.8199387928052329,0.9582912271552402
2012-05-31,0.4443236235111917,0.7086056680448027,0.926917041919651,0.5971987376454333,0.6860638800017155,0.9329681658746434,0.6953294136369375,0.6800476348904029,0.5150446902813356,0.7380513308794523,0.8621871500340337,1.0371482730053467,0.5472862583653726,0.7626605410391382,1.0043787677200322,0.693390071132651,1.0776476449339467,1.0034475344057554,0.734403138907152,0.8816400047682775,0.8873258394246183,0.8059425732516691,0.627291133577183,0.9563277878053427,0.6957796578269606,1.0,0.931317275984767,1.0,0.8091411673641989,0.9435836555577737,1.4075022788744982,0.6625140776676445,0.696345958685235,0.9716456429850459,0.9749361137060938,0.8372327180726811,0.9173218565672225,0.9853605994978416,0.745548056123819,0.9603551722123574,0.9045085478548478,0.8651512467801477,0.7620746067695027,0.8064491695466006,0.950162789463313,0.5985139486990094,0.762292963673684,0.4674084087524164,0.6445302215727438,0.8776877793338751,0.84120005507188,1.139309504735511,0.394013759954169,0.8242879287687498,1.061203038769126,0.6058212944524379,0.4713008359085332,1.2389430312714844,0.9574398680281262,0.4919048245319003,0.8514355817752333,0.9992207281230475,0.45124836464523466,0.7534205802422929,0.616233426704321,0.9616018800127033,1.0325249208969012,0.8688003299786725,0.7016140955515888,0.8131756815473581,0.531428043932592,0.9529350733935792,0.7647178245296096,0.6283249576608456,0.8743389699963459,0.7878537391792393,0.8535580493910662,1.0,0.8662885451771412,0.8789522962372114,0.4610112424018328,1.0376697294833266,1.0350084329205786,1.0,0.9304006332951138,0.9241626157708708,0.8528031812372794,0.8137392109734563,0.6607731761092829,0.879676853516886,0.4516021644127727,0.4619922720848615,0.9268181823283111,0.5940313220230463,0.6202360018291668,0.9628759733285843,0.4697358616747963,0.6883843579585447,0.6920325778465861,0.6038577951479778,1.1276030653394384,0.9927364270058598,0.9595688361843597,0.9416241503086656,0.9034097610583276,1.0102472041731785,0.999700576026184,1.0,0.6009147922273702,1.0,1.0,1.0,0.97181303585139,0.6241459235208651,0.6154463539048486,0.6287828305773278,0.5578682177602758,0.9669948199728122,0.9719873779552375,0.5427218143060593,1.3247114227099417,0.8199567461338798,0.8901885794096234,1.2274180351844173,0.7746103390318436,1.0,0.824997159411299,0.9701131627223014,1.117272847192211,0.9527710737451914,0.5846773637684208,0.5677972066009103,0.870903580631331,1.097189718350185,1.067952547881235,1.0,0.7612172189655042,0.9182324561493413,0.6274459445226128,1.116501896677794,0.7032136276835043,0.8667636039194611,0.7128413757116974,0.6702912257301565,0.6295076580790417,0.9540798945771334,0.7278883577388937,0.8027518720487163,1.0,0.7470304203148743,1.0,0.7271488357928173,0.7223245294616915,0.679212918519054,1.1877766307473372,0.9928907421482581,0.9008566147124265,1.0364723961086886,0.7808503590424024,0.9745669004942837,0.8486058774721924,0.9633564600180161
2012-06-29,0.4437461057267549,0.679922739958478,0.9267265798630788,0.6164964203224621,0.6806351248022344,0.9735372917217736,0.6953333046370181,0.6855244263436274,0.5151499704405553,0.7271219459060368,0.8671220421785277,1.0293696378790496,0.5431617696639204,0.7497054352808693,1.004509371678432,0.6870826198603173,1.059292187640336,1.0008308136929414,0.7027401614305399,0.8808010251491266,0.9423674793936377,0.7314366496997884,0.6203014171385449,0.9330906528550412,0.6952982900052658,1.0,0.9347976914012541,1.0,0.809247623329401,0.9473997422854029,1.398697658253665,0.6624623968732393,0.695930248557036,0.9712938197095738,0.9792655008612305,0.8354300816427735,0.9189613122350314,0.9852402657913761,0.7494315558974629,0.9606388813176855,0.9067146270752022,0.8647365946864186,0.7634605941566318,0.8005849587311773,0.9540972184908115,0.5876641534458915,0.758709444315701,0.4700644265508075,0.6649008043863053,0.8764665267008456,0.8400232684109968,1.1229497740551064,0.4073614527357482,0.8112541491260161,1.0760351645294273,0.6059000562406203,0.48507469235512357,1.2350351777141906,0.9599710394392956,0.4926584814341519,0.8509481616401496,0.9984994527046559,0.4261813182678925,0.7217117152474078,0.6570592160729309,0.9555550901055625,1.0327910510322593,0.848908719718319,0.6554352418408981,0.8132239748205493,0.5337713104703434,0.9348637715103706,0.8055726076304235,0.6768520266148188,0.9203275641617794,0.7966330783084172,0.8669095468785255,1.0,0.8443448223271983,0.8679531888985335,0.46075570406344124,1.0108326124890714,1.0354137460339357,1.0,0.926241844906856,0.9213987946288034,0.850090071333162,0.8148257952520006,0.6590570763945249,0.9635295812922491,0.45729672469685057,0.4829998978430635,0.9263178427242589,0.4912717534334764,0.6341938528480305,0.9838221322802994,0.4663855343852197,0.681605894048792,0.6774053539377829,0.6258581498480101,1.1322766136896827,0.9906755369843964,0.9448361082659122,0.922521284045358,0.897276059807222,0.9443283510478484,0.9996697844693101,1.0,0.6053755587279157,1.0,1.0,1.0,0.9723066084094789,0.6232260815944592,0.6154329840510233,0.6583018972571234,0.5748737559803503,0.9319849424553162,0.9481429306768506,0.541980724961385,1.325945695168174,0.7920028452504548,0.8864568469311882,1.2283249230840738,0.8299223394233796,1.0,0.8233310483149323,0.9589827091731661,1.1149708167462171,0.9565169803282676,0.6161410758657757,0.5467651597998304,0.8653333973719256,1.0773693157717248,1.0594963230117715,1.0,0.759977781941642,0.9125000530739147,0.6444623338247581,1.1833888368286796,0.7292465995280903,0.8605035552807828,0.7087677457167638,0.669636808559995,0.6288272566768265,0.9279726875005007,0.6954290892017547,0.8026872767989434,1.0,0.7472299219227676,1.0,0.7099038926258767,0.7212172724124026,0.6660359692257003,1.1846254698831633,0.9910198545893981,0.9264282616292328,1.008619722379069,0.785143680989326,0.9717388231394612,0.8313334151857474,0.9565922438409863
2012-07-31,0.44537761570016754,0.6762680609114028,0.9266782755356795,0.6083506157041806,0.6809278192331173,0.9648427326000772,0.6952927025531661,0.6585919359086514,0.515028750601475,0.7159212510092505,0.8380166807645082,1.0331248524159782,0.5423528407058636,0.7416051191386035,1.005273272776514,0.6578727093761048,1.0397208556736757,1.0006888799160853,0.7400103684338026,0.8804755970885482,0.9391381604998372,0.7162384141165864,0.6204431006036415,0.9027150150307233,0.6904520093597372,1.0,0.9350064484115721,1.0,0.8091265341306474,0.9486801373591501,1.4669496259343786,0.6889025364044424,0.7131180661543478,0.9721746893607356,0.8845925848086617,0.835521631705519,0.9298716819059122,0.9852808652700328,0.7442612210243061,0.960878344921393,0.903266501767712,0.8647276023555708,0.7577986531480259,0.776427123067861,0.940408570385417,0.5877348206676452,0.7288718731042545,0.5028367143662115,0.6516049788006975,0.8768352532604293,0.8409620053387444,1.1193367163370052,0.40145296379321393,0.8191762850409232,1.0905858704501181,0.6058371298325058,0.47896573583984703,1.2289010798875672,0.9513323932281179,0.4908886292961452,0.8361725364221042,0.9989637321677954,0.4257844015209038,0.717937081566653,0.6561465829835769,0.959925822713153,1.041272786396287,0.8156266064238357,0.6095796210351512,0.812682407969026,0.532325043175758,0.9220514629425651,0.7897207561050907,0.6609442306367068,0.9239191233419176,0.7856696932401548,0.8500265423052672,1.0,0.8346388192396383,0.8525078577066014,0.46399664960968756,0.9125265317708904,1.0538157034562365,1.0,0.9305186517956426,0.92636315515253,0.8551381188360381,0.8123052549957127,0.6590510053239655,0.971204523503475,0.4576478409817627,0.47334899233186023,0.9263349961945082,0.5051654630717552,0.6676099826133466,1.0062183495289874,0.46753489497763867,0.6857433270053634,0.6945175346008726,0.607231734811868,1.1078701893313005,0.9883108310122737,0.9453868096992646,0.9265947059146987,0.90719235799812,0.9519453088316348,0.9993693555759746,1.0,0.603979074780939,1.0,1.0,1.0,0.9762281193924457,0.6231734241115519,0.6154095644180057,0.6357155854951295,0.5742819157700474,0.9456611216874883,0.9551099694038562,0.4944129416548563,1.3306664944673012,0.7691220679871574,0.8480828236016583,1.2320609743984197,0.8189645011915112,1.0,0.8228624944845014,0.9746426058040558,1.1309295097398422,0.96745291671013,0.5860432615949882,0.5511522747658135,0.8735868962752179,1.0811654804631727,1.0619071431267526,1.0,0.7606251366158657,0.9171673437306079,0.6134983367772868,1.263972702909876,0.715065312039163,0.8557681183384207,0.7089303832337095,0.6698495490359359,0.6207762810566926,0.9398880589516966,0.7049314925589476,0.8027865444332867,1.0,0.7439997426458224,1.0,0.7089226811699569,0.712726274434587,0.6600769616929223,1.1839891897749617,0.9923636650102604,0.9116071954309248,1.0491963016459485,0.7524841288189759,0.9731155044376764,0.8491388197934346,0.959458959801663
2012-08-31,0.4378205899627201,0.6892692665409953,0.9267345878985104,0.6018917209701357,0.6670852927256844,0.9694275091580159,0.6952128827860586,0.6753777507951944,0.5151734542761142,0.7888976673865755,0.9262590704603824,1.0232017201775627,0.5622429359538763,0.8120514531309774,1.005933104829638,0.6566274611246742,1.0455834568013127,0.9929293350320232,0.678439809312172,0.8839698124035962,0.9087062432877789,0.8025075019919048,0.6168628433972834,0.8903405777224851,0.6974934974971776,1.0,0.9368257210504608,1.0,0.8089919022046652,1.130586803756929,1.4302175180081633,0.6873469227504769,0.6964414780739976,0.9710860641102103,0.9650319494927292,0.8343102364276683,0.9014512263844403,0.9851494366057266,0.746024264851501,0.9593660426696707,0.904409695569873,0.8701565841893477,0.7854462456417777,0.7773564816835805,0.9058472980187837,0.5826805296851052,0.8737959537553468,0.45051631664148717,0.6591375952695369,0.8796473946812563,0.8417741135993988,1.0643075886873925,0.5358817356490997,0.7601082692742324,1.0487719059283944,0.6058500731193506,0.4765241953624073,1.2270380798503473,0.953604788832692,0.4979224499720305,0.825179240200803,0.9982016235813762,0.42075813441005305,0.7028809854491456,0.7203441119893013,0.959820619914291,1.032608851991215,0.8217171869132338,0.6015802868875508,0.821301751792996,0.5176926409466771,0.9238662229147988,0.7761983243748214,0.7811144103215578,0.9851566302931635,0.8204976753743163,0.8205982991777798,1.0,0.8223095125392805,0.8383295536881519,0.4529214983117835,0.8502563301730102,1.0185822828644315,1.0,0.9390849302249965,0.9375795382407388,0.879914779467444,0.814241841098327,0.658129080872104,0.9442741591818937,0.4625761360249403,0.4722894467459924,0.9263688769585083,0.506316497347346,0.6796787313503496,1.0188008772181638,0.4536424588482476,0.6766085788858038,0.7356523656579643,0.6567403945070052,1.1118642332962645,0.9881369832569031,0.925530335904797,0.9101106903454803,0.9031548574851119,0.96891785420669,0.9977877861268141,1.0,0.6079945346680267,1.0,1.0,1.0,0.9783996918635751,0.6228498943361733,0.6154149994503488,0.6648151260216919,0.6093843752707281,0.9004595241833535,0.9224625960570642,0.5015213097194602,1.3418779752771313,0.7652533643763357,0.8738844568698099,1.2328624344648729,0.8802207582685511,1.0,0.823156617295296,0.9563637848026678,1.0902626080908937,0.9885498952478518,0.6467597506101892,0.5607997549786559,0.8663703800765997,1.032289423114341,1.0294867183680738,1.0,0.7617755701708707,0.9128289342985738,0.6409628146966793,1.411707600147411,0.7430382568130061,0.8852063253678645,0.7081769172746701,0.6690552891337349,0.67529517734059,0.9086207235432342,0.6910228545807009,0.8027967506536736,1.0,0.7567261351356918,1.0,0.7323170287682471,0.7230069492061856,0.6309620226234506,1.1531435557591059,0.9906308043954376,0.9082756313091475,1.0091706135109775,0.8029174025671394,0.9712948039971554,0.8341750255731356,0.9547281468842963
2012-09-28,0.4453342697401922,0.7038661232919161,0.926765443205242,0.6594971487385792,0.6981834500607731,0.9446684808642926,0.6952168859593323,0.6810999285733955,0.5155987411077041,0.781939268033389,0.9736399805617708,1.0102953820612293,0.5967667299509566,0.8474919032761303,1.004761604642661,0.6521742192420326,1.0755396118756873,0.9884662244444159,0.6250896944539233,0.8802591537827044,0.9454773423544234,0.8549864232148564,0.6157759845642683,0.8917218627235257,0.7259883547494359,1.0,0.9344944155122207,1.0,0.8094154636333589,1.1087994977085953,1.2912682828719881,0.6958996089638396,0.6913768520642001,0.970729269400303,0.9511792520033762,0.8342002198923103,0.8836488233279405,0.9850776033448925,0.7529329792661258,0.9599365734268225,0.9071494158420182,0.872038257772521,0.8360043043780769,0.7485233534537008,0.8785194179666258,0.5807283863684147,0.8963549777640542,0.413024954053235,0.7812917434009352,0.8898087654966563,0.8469271163224392,0.9390560789734275,0.5461020612053755,0.7142998187058278,1.024495295700185,0.605812865409407,0.48203037395269,1.186043793163765,0.9619734810867492,0.5050481879843118,0.8187266028198635,0.997766800329705,0.42591381375416304,0.693675683923988,0.7120407598882874,0.9481675098642796,1.0265582765868742,0.9039191405083586,0.6322153836174502,0.8192748758860897,0.5112212054643506,0.9577557526346251,0.8646272240273382,0.8051978607555776,1.0004163101528039,0.8529329243477518,0.8405080230949412,1.0,0.825775081297378,0.8776706653283258,0.45725075739211773,0.8387250328769097,0.9812800128478717,1.0,0.9420144110116083,0.9426225367354336,0.8794913747295378,0.8089895652504069,0.6585077722226715,0.9101685066609497,0.4855454215627921,0.5057646105162412,0.9276969913157742,0.4935563636945921,0.6800560766670019,1.0590909407673768,0.43699919464245485,0.678379026627334,0.7309086799565918,0.7257775922817217,1.1096559326581326,0.9876904043705351,0.9022559751906114,0.8822703760924417,0.907774840322841,0.885238660194821,0.9971249466102192,1.0,0.6292617381736612,1.0,1.0,1.0,0.9798952576268555,0.6227245633470064,0.6154154865532568,0.7452500609284106,0.663475111262862,0.8564377151849298,0.8856692059013008,0.485783809051479,1.2985320726510654,0.7700470278310216,0.8837620056573282,1.231513077793205,0.8867086466127992,1.0,0.8222155200168542,0.9313554113994902,1.0622670933652576,1.0007732031902778,0.7063699104023349,0.5687596942639679,0.881327477712478,0.9765070415795241,0.9884878627185987,1.0,0.7950852983556675,0.9101983189276142,0.756877168818624,1.5233131243587743,0.7778782590981789,0.8783974681133322,0.707757676049142,0.6691043570692176,0.719359104354538,0.877783582699255,0.6786651420263576,0.8027748277010318,1.0,0.7507199171895951,1.0,0.7390835833635774,0.7368498044491095,0.6212548199778192,1.1045262865801897,0.9896875480362212,0.9183660173188146,0.9594077340721864,0.8028153219522908,0.9696757849520438,0.8175646851197552,0.9506308660533578
2012-10-31,0.44370964639705635,0.6887051034963731,0.9266880834299999,0.6484464891538366,0.7122052915874493,1.0460530482027892,0.6950947227899344,0.6733119879397571,0.5176924016992882,0.7561140539689397,0.901886901813312,1.02060377094427,0.5754376890967965,0.7667372467455721,1.0058206234047575,0.6605418272083179,0.968531661804219,0.9923755687949606,0.6198755877537631,0.879423676203782,0.916703053679758,0.6778331645931643,0.6135287265298561,0.8934809222219755,0.7190634214799911,1.0,0.938484680860319,1.0,0.811161421346159,1.1145840225736527,1.377519849451074,0.6776302795624599,0.6818635557446446,0.9709018709004583,0.987720791621291,0.8342890007715218,0.8993867277219629,0.9850335945119226,0.7444163803828674,0.9603356403243273,0.9061662111860207,0.8973310902544593,0.8105642237709394,0.7546332514653686,0.8850672608829095,0.5823295408514553,0.9347760038709597,0.43511260200034085,0.8511891083274271,0.8804009433501636,0.8443931245680314,0.9779828902766169,0.7725766067394624,0.7368951427441621,1.0408202909852458,0.6085785837210791,0.47635917775574166,1.1932573799103623,0.9611294654513161,0.5082796908741412,0.8161720331017177,0.9977992775407517,0.5037094816812553,0.7590807685223407,0.7207325256376362,0.9638397569813629,1.0317376919412886,0.8523549881154237,0.6873492450671448,0.8289565009427684,0.5412650830667596,0.9217146927222629,0.695239657172287,0.6575997035451294,0.9571251756177757,0.8093051438321763,0.8301998387675716,1.0,0.7940318774296218,0.8243841893876251,0.4554470315604965,0.8766545434208275,1.0148646306185003,1.0,0.9580296358779309,0.9676089504192518,0.9234376947684836,0.8290308582342952,0.6533863968859284,1.0098639203562294,0.45600965501094015,0.5141360465338534,0.941781028851081,0.530301710636496,0.6796646639550755,1.054005068150782,0.5237688674219985,0.6753102410918166,0.8021546220253716,0.7293984356156507,1.0885605613413016,0.9853300347101234,0.9189119452966237,0.8861803820360461,0.9116112677935951,0.8433722940368509,0.9953237113513362,1.0,0.6123071534269328,1.0,1.0,1.0,0.9998391687785326,0.6227028150516247,0.61541652820564,0.6840935101057058,0.7878092307420911,0.8937152519083887,0.9144441045611457,0.43594730711569285,1.2884473039224993,0.7789430300551375,0.7758524653448979,1.23046591830605,0.8550308361383768,1.0,0.8254993965490258,0.961453913943126,1.07213704531708,1.0167116393018754,0.6530402247731372,0.5432306467140537,0.8499295981170728,0.9878555597683122,0.9783273683656863,1.0,0.9603139357608124,0.9153668343050132,0.6667948439358549,1.423754989236822,0.7726050542317471,0.872402518280778,0.7072724803667908,0.6706937637658144,0.6873154371294641,0.9018224649528799,0.6834401583923113,0.8027380519476514,1.0,0.7501036908498641,1.0,0.6992599881845827,0.6977950044770758,0.6166841238999559,1.1545098141165087,0.9918403659062452,0.9279557630609747,0.9963794099191973,0.7326408256116137,0.9709632215433199,0.8300290465618974,0.9532280879719719
2012-11-30,0.4371526149449132,0.6924526110357787,0.9266578345326959,0.6153438821542816,0.7051536905716731,1.0736396901511078,0.6949630301242968,0.6671840072944479,0.5189504221584856,0.7886909061166284,0.9205761720066389,1.017884779948521,0.5791953923206474,0.7867531867009736,1.0056236410581987,0.692309032626275,0.9348816283761556,0.9888804762286135,0.5982600026237453,0.8873042049142938,0.8588756700620126,0.7865135875334609,0.6112857035126065,0.8896477286479254,0.7194846797977539,1.0,0.9366547414789189,1.0,0.8119502491911935,1.1356454240441787,1.3961985462314035,0.689443505396528,0.6877655146585879,0.9739753542984481,1.1337528289859518,0.8342024810900359,0.858981579867057,0.9850049288954312,0.7450141982724021,0.9611427599004891,0.9030828901161023,0.8972432843424205,0.8138249644253456,0.7621286372131764,0.8801868878144805,0.5812250461289676,0.8771147723470849,0.39332676293431323,0.8935802125891826,0.8832200742190303,0.859319558125272,0.929564671783472,0.7998967053432542,0.6859929372454356,1.038499568703993,0.6154782737641209,0.47573034336070974,1.213397896449225,0.9622238149934226,0.5029681288751469,0.8185140546016179,0.9974506945254134,0.5541991659734775,0.8059329460192936,0.7231447485743328,0.9684872298408638,1.0269507337247226,0.8882705846677579,0.6708046949172641,0.8601097951903806,0.5441114783777456,0.947562986072015,0.6136420732126238,0.6278630081012994,0.9389391213331691,0.800541395547838,0.828690816408402,1.0,0.8178220582236094,0.7989647352598828,0.44746474686347926,0.8261099196525872,1.000839214158521,1.0,0.9654029170606904,0.979598213020721,0.9356927090089293,0.8406313071520818,0.6485666305522501,1.0119699829182771,0.46155533162140727,0.7522517556060158,0.9470811398661072,0.5102848908850102,0.7079445541782257,1.071363630614552,0.7575886860574286,0.6756801279332829,0.8108239765633314,0.7694711693672562,1.0547389595387888,1.0149828432767787,0.9145331596914551,0.8626913121178826,0.9209623231048923,0.8880934810131292,0.9921022241328115,1.0,0.6142470967765699,1.0,1.0,1.0,0.9909065916134833,0.6226423455418602,0.615410860631479,0.684730126201629,0.8130455199842372,0.8725863963314721,0.8971190739986954,0.4512664085491984,1.2811545355117366,0.7770949888632863,0.8431964077180121,1.2299851063072222,0.8813817842082576,1.0,0.8308315585930847,0.9562816408998247,1.0475181589783185,1.0314065254487244,0.6422390384803056,0.5606924944771475,0.8466868522044928,0.962411751776551,0.9446805165036943,1.0,0.8903433316588656,0.9153252214197424,0.6768834442630144,1.4406873430046725,0.8308202878776292,0.9109623370225082,0.7071566294731909,0.6717211990109708,0.698526776610868,0.8939688709958286,0.679133226986625,0.8026849651569663,1.0,0.7483505063763759,1.0,0.6906118665271287,0.6811037284099106,0.6120766650440739,1.0533774980701738,0.9931611511955974,0.926568137315122,0.9732437925895926,0.7430195262527469,0.9702366541666955,0.8201477851617224,0.9516070365567673
2012-12-31,0.44889521163838864,0.680198894303801,0.9266128095315167,0.6337648286969954,0.6961755029202097,1.0487572605079747,0.6950095014801263,0.6865963536633306,0.5444760577145231,0.8023036566928772,0.9831099231330835,1.0059626132304984,0.6385911350703493,0.8377017903303092,1.004901718984025,0.7245157800071615,0.8713089883930628,0.985363935485703,0.586210642166819,0.9001445896826782,0.9037931142475336,0.7614989618405348,0.6111555439597987,0.8870661617371416,0.7137337724697802,1.0,0.9374603299773858,1.0,0.8111950185482258,1.1214188757965198,1.2558627216988385,0.6786502550318069,0.6858026521885656,0.9734035709936395,1.1517867548184786,0.834038773469585,0.8233874106554935,0.9850337740338055,0.7496859600036005,0.9650427371553061,0.8899378795376679,0.896383915925376,0.827410394587415,0.7582059729156478,0.8737630653489256,0.5806146668762517,1.014302024835049,0.3997992694872311,0.9192890233054254,0.8876546920229272,0.863082501650517,0.94560684784575,0.97496940161453,0.6872028762016162,1.0377807095629277,0.6130238922332896,0.48132578757348987,1.206676036857179,0.9690422383340608,0.5188849538524587,0.8142933997572444,0.9971647951086503,0.565423150019783,0.8061828415424791,0.7176163015675283,0.9579847208553325,1.0204318904549332,0.95717030809022,0.668158951819773,0.859419782907781,0.5622770776891637,0.9473759713936133,0.7194504255676285,0.8527552627950855,1.0050684213063474,0.8578682216036543,0.811941353830949,1.0,0.8113345083354195,0.8142777403428,0.45644669573891383,0.9506644003497915,0.9758815854602952,1.0,0.9638449897283279,0.9779258271586019,0.9321581869722062,0.8384073410068189,0.6568833280955815,0.9642306798005035,0.5541342817398441,0.8177268767632049,0.9412249522406241,0.5536703787700454,0.7973738796136002,1.0856279145011554,0.8179016343853535,0.6752586754442664,0.7937808375168196,0.8285839010423213,1.0336002498641845,1.0151069729491276,0.9086019248415413,0.8486841481078033,0.9199073731213496,0.9084205581662806,0.9929148254648398,1.0,0.6157297084838993,1.0,1.0,1.0,0.9861232401538975,0.6226287961115076,0.6154083548895106,0.7358623201293623,0.845249479038428,0.8552329392510148,0.8816155904734462,0.6606202992886974,1.2744721452422259,0.7926781373784184,0.8884782510997353,1.2287963925721912,0.9310769634279787,1.0,0.8273901867593183,0.9294048471921346,1.0021713349818964,1.0397864520732878,0.67262269337051,0.652702517864666,0.8469745846946566,0.9141938686726611,0.9294075386533444,1.0,0.8927318698370438,0.9136544913030605,0.7602369743017987,1.389882411170636,0.8910106387238969,0.9371546292988521,0.7069104836602296,0.6718509894427066,0.7208861169111966,0.8647002824178552,0.6708501657805734,0.8028015648061846,1.0,0.7591970952082416,1.0,0.6833428686271519,0.6717803302261673,0.6099277217578835,0.9454776329357815,0.9917298224116863,0.9296787971723595,0.90006374339334,0.8522465638217429,0.969026835229919,0.8050986155816906,0.9493249633999188
2013-01-31,0.46768174017532893,0.6669389391590459,0.9265829711138869,0.6328309210034757,0.7266675717076087,1.0473569274323593,0.6949737297543594,0.6989050514809048,0.5502515363208356,0.7948353446717132,0.9798862405809693,1.0065369939742295,0.6351706265360169,0.8224001640029865,1.0050798236436056,0.732835589383249,0.7341638869006959,0.9863708414487324,0.6466108063938476,0.883500447224229,0.969454664130588,0.7165707046411456,0.6136963009752937,0.9067369957556279,0.7036554501604035,1.0,0.9398955963394517,1.0,0.8122712081350216,1.0826344958652914,1.2751742123892342,0.7082024771814537,0.7120236912832325,0.9723480650732067,1.0851655841754333,0.8340730848727083,0.8263644767670323,0.985118115322731,0.7518757201908072,0.9641230479486694,0.884811982210677,0.8952585494066443,0.8208091847653373,0.7348958090884932,0.8817815974455271,0.5804704213062316,1.0085983647541485,0.43537005690188657,0.950837122428161,0.885144492757789,0.8596183936350341,1.0945457827906901,0.997853273079422,0.7766014193585152,1.0734389395905286,0.6195528789364317,0.48819571532503336,1.1990506823145304,0.9705676115955761,0.5221340711295324,0.8155379091492276,0.997066291690958,0.5864310338239949,0.8494013732447949,0.6972832260425279,0.9645685506743457,1.0284775596489857,0.9083398201123274,0.6635522238717304,0.8636670438405651,0.5833075649164255,0.9572323502611747,0.7138607818345497,0.8895759979920307,1.0503961404750524,0.8713633264999604,0.84059227476037,1.0,0.7909329136486357,0.8314344977829004,0.47649396160981106,0.9699296443257794,0.9937221123989105,1.0,0.9666280406067203,0.9799530882052424,0.938988449922326,0.849074632928392,0.6668733788799077,1.0150245140060423,0.5048404727671356,0.8097878673617531,0.9513254175204492,0.6137627115483777,0.8152132468330519,1.0531039474874608,0.8935966811101701,0.6760284636271738,0.8098535016562398,0.7995332334810523,1.039978855941557,1.0082264513680488,0.9174439970007697,0.8503026033029891,0.9247208769643264,0.910755857497929,0.9926088675210046,1.0,0.6103304534279292,1.0,1.0,1.0,0.9879685223755913,0.6226573426792267,0.615409351087562,0.7351892102540625,0.8497471901955153,0.849605420987117,0.8755426915534968,0.5459720235191159,1.249399909074844,0.797757137505368,0.8715199280268819,1.2289619701958352,0.9986473319694321,1.0,0.8333199920341975,0.9275452345902696,1.0046988975782138,1.0766542188146744,0.6636265529889028,0.711563123312107,0.8477611652937653,0.9555150161184981,0.9447186737687561,1.0,0.8601521099961257,0.9154115745483409,0.703209549991711,1.3229557905078462,0.8310429541435548,0.9357016167165335,0.707445233150361,0.6734249433719515,0.7199666355180157,0.8710448095706699,0.67045059508903,0.8027886693597124,1.0,0.7474411786010912,1.0,0.6744206872325578,0.6693774102296767,0.6121863928993339,1.1735288787269196,0.991531413310197,0.922974566638601,0.9238827142513728,0.793526975606992,0.9693800259974671,0.8065587058759152,0.9500540979741444
2013-02-28,0.4743656130679058,0.6607394441765626,0.9265330172944024,0.6417752578745801,0.7331463220753223,1.0788955355558387,0.6950130645128763,0.6906736783581764,0.538891423764405,0.773161102302611,0.9530597483441665,1.011841140874476,0.5516129351747496,0.7918770406995861,1.0053568404696769,0.7333315569431764,0.890406396882699,0.98755569452147,0.6942573766576727,0.8820822745915595,0.9879275591940501,0.7069322420728927,0.6145586725245268,0.9011562156707902,0.6927335159854244,1.0,0.9413914676492391,1.0,0.8115006671655046,1.1196827130541125,1.3257747958969914,0.7058487233656555,0.7203507373103702,0.9753778674116292,1.0782009625848958,0.8340563561698627,0.8675058819205129,0.9851561791077607,0.753815009686797,0.9630520904038731,0.8972487164461589,0.9509530588742207,0.8335700790481646,0.736138202179351,0.9029134572711457,0.5819753053708779,0.9672656606488014,0.4375460571154147,0.9818268847643539,0.8851297023913571,0.8723092633952606,1.1374118107120963,0.9590579357714724,0.7610677326199946,1.110236226645865,0.623746771281283,0.4905522326304034,1.1943400489021856,0.9784450109090707,0.5100987794644887,0.8124642518410795,0.997327456287531,0.7377798208927048,1.0397489108644413,0.7095287477774123,0.9723067896401265,1.0345140103047636,0.875723110215272,0.7610573263634886,0.8644539426784764,0.5760262712671175,0.9543998667158888,0.6845848484467518,0.871009350207166,1.0664700224886983,0.8721304029484466,0.869545332542141,1.0,0.7809426911088576,0.8340732986177182,0.48264002170570697,0.9523953429636846,1.02173946099148,1.0,0.9717732433145732,0.9903642922185328,0.949913346238579,0.857585597518829,0.6626820123307136,1.1279358337799614,0.5108160033340929,0.8193705886488617,0.94884686359569,0.6062153069602689,0.8051116433446729,1.0360285847229505,0.8343312546658589,0.675430280501461,0.8385781514535879,0.7821834063002476,1.0679760551406563,1.0179327038178518,0.9174135013613973,0.8574803908431414,0.9293436044010488,0.9247241145048921,0.9887455542347662,1.0,0.6109515900041208,1.0,1.0,1.0,0.9953298491457989,0.6226388563593801,0.6154262459846834,0.7122371313102617,0.8371011167768069,0.8573002204892464,0.8832670077786641,0.6044921298744338,0.6434628092632292,0.7906460130521995,0.9239449126327526,1.230440619759573,1.0452089637429614,1.0,0.8412494600774516,0.927489513193311,1.0028921946136666,1.0837552792413367,0.6418883438381384,0.7572815068308836,0.8390024775057277,0.988350238764179,0.9754466707065601,1.0,0.868249949708649,0.9202420590797442,0.702327238873413,1.3087690201482995,0.8013648299704373,0.9306390986705263,0.7079716941624516,0.6721205278241846,0.6912925008468321,0.8857217826204725,0.6741567089000529,0.8030795161073846,1.0,0.7470699249398643,1.0,0.6956630536770113,0.6862525097541858,0.6175799146061159,1.1583100881100996,0.992233439682804,0.9205902331270875,0.9539422741813555,0.8122994768574358,0.9700948873798841,0.813135374644097,0.9514232439580803
2013-03-28,0.48425220581500705,0.6533267693375959,0.926537420393885,0.6566180423606778,0.7432807720652529,1.0819147534891582,0.6962770653782977,0.7320736819465058,0.5370663173027703,0.7331292749261206,0.966540489859515,1.0098221587836815,0.5936564874984682,0.7932272144435626,1.0052571055690411,0.737939673810082,0.8942356158983659,0.9858752748648816,0.710312114007384,0.8796640619840913,1.0090987450353868,0.7101121968178306,0.6219419705201995,0.8955570484316124,0.6995414914492621,1.0,0.9428992523145465,1.0,0.8123051100217606,1.1107581555060893,1.2417664043997634,0.722670126007135,0.7482683818518353,0.976839748413823,1.0629293805681206,0.8340188972043945,0.8600724001502398,0.9855293665381573,0.7454102446580348,0.9698698050961398,0.9028626146085804,0.9678202269099,0.8652525942919065,0.7355723402257952,0.9077694326391487,0.5820187705787742,0.8916569734270439,0.41370210355096537,1.0743120299842872,0.8844554498172714,0.8871617080871119,1.151250367560773,0.8683424305973075,0.7259159422512563,1.1060152338992912,0.6279684499028055,0.5005359066818076,1.1595133457162756,0.9754466541661732,0.5114250085832066,0.81315134235512,0.9971531424554225,0.7435372069738824,1.0542172531273515,0.7141540850471766,0.9746713976345972,1.030717574824006,0.8944710079080687,0.7579970650203782,0.8620369401701591,0.592110427972154,0.9620067218269635,0.654613915533849,0.825989950776129,1.048001408922056,0.873656606380568,0.9091541473401665,1.0,0.7554670392787737,0.859295391897846,0.5035619344304785,1.078553049494662,1.0147382711179225,1.0,0.9727731022797238,0.9957614356064973,0.9480589091455643,0.8662209766495874,0.6609137397651037,1.1462017546922603,0.5053985990151739,0.8474328777609325,0.9605119590509851,0.5575237641610964,0.8056544164432555,1.0352422615622503,0.8633485744481739,0.6757955554927153,0.8429867628046546,0.8280066755543459,1.1376867838928748,1.0152617773615946,0.9251680382041343,0.8654112677645518,0.9376110051662009,0.9215676527653424,0.9888215266660968,1.0,0.6114299086198394,1.0,1.0,1.0,0.9968391142720576,0.622646383202477,0.6154376282187384,0.7411777423779522,0.8308820033304454,0.8603405502716694,0.8860103812607746,0.618221026210402,0.6431697207466713,0.7889445454437777,0.9081237647676111,1.2294024889845074,1.061581003108184,1.0,0.8542824965244205,0.9318344766753582,1.0002613615742608,1.1087308355680618,0.6578910805631589,0.8340192742317474,0.8357165295096939,0.9995238956403734,0.9604757631576717,1.0,0.8144699719725167,0.9206831946289532,0.6868562749230906,1.415402863496644,0.7889089554294282,0.9179990783071668,0.7096715813171273,0.6722953163397469,0.7142808723665979,0.8836428599035505,0.6728532879393724,0.8033375536405406,1.0,0.7527962426704348,1.0,0.6987526980927141,0.7158145643301701,0.6206591993545489,1.1008623261817623,0.992212570662361,0.9113885395326502,0.9599327624923715,0.7978482851817335,0.9701354705264094,0.8125089594342325,0.9515177829314023
2013-04-30,0.4995023159493336,0.6681727352990774,0.9265559187925655,0.650919692707117,0.764965622619187,1.074342707379163,0.6968397924368619,0.7320445458599936,0.5469871169188698,0.7365843766230054,0.9836713683490688,1.0071916870949182,0.5556751460444687,0.7927460107354759,1.005249011929118,0.7085427924939969,0.7763748812512219,0.985462461709109,0.7565916331183346,0.8815144591170558,1.0306428382645318,0.7691755128465716,0.622458420608746,0.9037502282869787,0.6926404697387953,1.0,0.9420623805137377,1.0,0.812998403607079,1.1547236311985065,1.1602248373456432,0.7311279144993148,0.7523772884792459,0.9755351042172352,1.0909989233797717,0.8346637042688255,0.908598190390345,0.9858125431703908,0.7451318083086257,0.9695495495927683,0.9051382811837267,0.9590484351288215,0.8671444074122319,0.7339646999140418,0.9236229191315767,0.5815814204526883,0.9257950556866116,0.46795821824758443,1.041175144382254,0.8905150177390794,0.8813651795739038,1.1870331420124884,0.9363238713623182,0.7988406108753178,1.132836049050372,0.624798768684396,0.490797199137453,1.1334835313482712,0.9764301379482129,0.5176445423515239,0.8126501174358322,0.9971873705139883,0.761869267443867,1.1443102017350613,0.7517493051584607,0.9727079554615129,1.0329488668948394,0.8940885918420041,0.6957639655844808,0.8577038426075475,0.6357054042664836,0.9571640485591263,0.6420429690309041,0.8455795660041299,1.0576848783821244,0.8775151991015827,0.9109810340223046,1.0,0.754495580411369,0.853428179489609,0.5296699302799912,1.0512261540711183,1.0037017788778042,1.0,0.9742193964024876,0.9991694401849276,0.9563880706635463,0.8756279798718293,0.6594626180511656,1.3097101760533676,0.4875985760416983,0.787860023828315,0.9817201841209526,0.599429020461373,0.8061087845281252,1.0291079070015494,0.9069473094318715,0.6754462373253436,0.8705116575528954,0.9908476204892295,1.1329186061582617,1.0110722501574945,0.9292225646428605,0.8849677566648319,0.9356643366518987,0.9248818967129855,0.9894114589002095,1.0,0.6100533661823692,1.0,1.0,1.0,1.0074759689720327,0.6227066870847464,0.6154685409686049,0.7493518633665944,0.8493180698159605,0.8476879297680567,0.873958339689622,0.6630196523064265,0.6428275640197796,0.8043557376285695,0.8998476518859484,1.2329348086354754,1.0674587462986973,1.0,0.8475522144281638,0.9297874433112061,0.9845365976058293,1.1083619154728632,0.6682351897325136,0.8926083261937713,0.8397575842932701,1.0239600371390385,0.9745225269179444,1.0,0.8324285499851113,0.9192701667490784,0.6650165672947974,1.4413046063372503,0.7898312644586445,0.9163073106321389,0.7151337048668126,0.671586067934421,0.7274150231812477,0.878535290439353,0.6697110033698481,0.8034472498975285,1.0,0.7679714938257642,1.0,0.7155325437886355,0.7279918769742724,0.6253375552584872,1.1042941416171188,0.9917482108443945,0.9469303216609809,0.9364794593589858,0.8146243198914134,0.9696735014841249,0.8063361427786038,0.9504953509160299
2013-05-31,0.5260048218716181,0.6690248116903557,0.9266182994706078,0.6877899363828648,0.7959480034318329,1.0418544122602542,0.7000496858994988,0.8116237135190797,0.5631878981981889,0.7505556684422682,1.0707825368412072,0.9873611990496566,0.6017697207621215,0.9070477350105376,1.003066269119941,0.7018175544399441,0.9071073241889993,0.9863289523689552,0.7467231373357824,0.9166204807590519,1.0478304796869717,0.7508739627230852,0.6197737549278294,0.8965382996291225,0.6952589066246062,1.0,0.9421705200832367,1.0,0.8132671330491557,1.135836734669462,1.0007923558019916,0.7626991746862686,0.7458073715556025,0.9723788823973515,1.1645202495869995,0.8344976638823343,0.871120224255463,0.9858812800088209,0.7450091827350391,0.9815698712671951,0.8998695373370827,0.9463352335273347,0.7677708773416635,0.739410228753317,0.8894900124610612,0.580059448295136,0.9645970849383622,0.732873874040667,1.034784831615628,0.8943181541238289,0.8773766472674946,1.2009147952540427,1.1480847605140378,0.7828579027178325,1.0644967662766636,0.6740205867863597,0.5482352710537449,1.184416824155336,0.9779065799558159,0.5399699085405634,0.8129473943096956,0.9967590170094542,0.7634734849076198,1.1960130552399282,0.7659701155904485,0.9583791465733686,1.0214118552635754,0.9889300914265281,0.634527861362133,0.8583394521077017,0.5818121866958164,0.9398284772100146,0.7722530650332128,0.9935400434125773,1.1079567240536092,0.9081779473471232,0.9034073716483961,1.0,0.7372609418979256,0.8463142232646955,0.5674853078527278,1.0650285364734995,0.9553050354346748,1.0,0.971952609351995,0.9992828624296932,0.9613299952529776,0.8817312729340522,0.656587832179529,1.2975149755557782,0.49398506904297934,0.6976827724518715,0.9768087857870763,0.7040352249523048,0.8243757302256794,1.03516518378687,0.9629053428809153,0.6749631043406732,0.8705715473227309,1.1995447399164112,1.1592825228101153,1.0079717327004765,0.9255982149136824,0.875980915828754,0.9354358537654293,1.0535026597667705,0.986623963513857,1.0,0.627538908151937,1.0,1.0,1.0,1.016495735892281,0.622664015037205,0.6154308325373854,0.8100078338167258,0.9249408445394418,0.8383770008800377,0.8631074966073546,0.8056138794136387,0.6431074810052222,0.8876343889274787,0.9469930175813548,1.2272652608477277,1.040096932380549,1.0,0.8402437421866775,0.9274860847845228,0.980530766506241,1.1061515103063362,0.7340735515030654,0.9502340851293447,0.8479612802215636,0.9980965117651437,0.941839776419909,1.0,0.7759460733517205,0.9160401527724124,0.7788646432118169,1.4549688173297761,0.8728974626867405,1.068577867074642,0.7112280851615409,0.679594898119801,0.7916004438150512,0.8428460294301958,0.6641116769369446,0.8035570462401241,1.0,0.7513083436766248,1.0,0.710200501578997,0.7288671213501122,0.6184646298042775,1.0678690471167882,0.9902598006227744,0.9448536852603914,0.8177591629035794,0.8659791094042925,0.9685039905499592,0.7920059562158758,0.948103610140557
2013-06-28,0.5552649795330986,0.6785403081427963,0.9266103708564785,0.6671688425145428,0.808968839260738,1.0245929939874574,0.699469458923814,0.8106087179757032,0.541883872913521,0.796002448025532,1.0688642058936533,0.9909810612978155,0.6486936989109737,0.9039336682466873,1.0031042107086054,0.6835292005732118,0.9560928253224027,0.9862861612347087,0.7882122517793115,0.923274202994561,1.0330106426450503,0.8499053141608832,0.6202815951452306,0.8949929901381176,0.6939672346436006,1.0,0.9418086951913195,1.0,0.8126891397174183,1.155091876330218,1.1044467551294586,0.7796509001148658,0.7324466175708793,0.9741196619561538,1.2023086852127312,0.8344875518231764,0.8928905295869499,0.9862078100928849,0.7445984327981947,0.9837212943755167,0.8987877460063236,0.9490657289742755,0.7543722323569533,0.7496801683369987,0.8901180241181978,0.5801720846433878,1.0059807061472952,0.827442417550841,1.0270226679949466,0.9033835336525631,0.8689579652501278,1.2234167597890597,1.1445948823650882,0.7682517505061119,1.0320010285813854,0.7611333481631986,0.5139629828727348,1.2145837494749572,0.9763461841583515,0.5340797708520945,0.8117977909170814,0.9966768448869281,0.8076867312765735,1.1950217275882518,0.7419904117116938,0.9594906706452072,1.0224677996672913,0.9768490711267216,0.6572983796599783,0.8595138551259512,0.589318657610665,0.947332000829205,0.7357857501203846,0.9394617954641603,1.1095801098465414,0.9077893266346946,0.908754391577556,1.0,0.7503852736342016,0.8480454195900601,0.6108733159088287,1.0942949291006794,0.953457261175487,1.0,0.9758886826017283,1.0075268525445593,0.9675104049715867,0.910896557387358,0.6522246904023218,1.3751230075123002,0.49838775288592807,0.5799278031752065,0.9920111710874402,0.7266809137182593,0.8044956577638431,1.0214145703800923,1.038628977190267,0.6750094667539861,0.909170962917763,1.2497427644373331,1.1611813076851276,1.013644006053817,0.9354221857122861,0.8961507534779413,0.9391663535012503,1.0840001659198768,0.9892053376343893,1.0,0.6215765861389522,1.0,1.0,1.0,1.0265242126207441,0.6227262365612489,0.6154290148018751,0.7912844724289474,0.913983038973841,0.8395728751603764,0.8647504529507952,0.8263909125553651,0.6428379732876306,0.8806999062719002,0.9411011922347345,1.236943218352365,1.0750607152270863,1.0,0.8418396380272821,0.9233430897706643,0.9784809762260499,1.110224074796168,0.7021031726375169,0.9655237032340087,0.8506379155315034,1.0107093848500177,0.9784792018476645,1.0,0.9268617731275802,0.9213939420041823,0.7769248526442422,1.369628047422472,0.8550622494491766,1.0980763284353625,0.7128621641213335,0.6848256624200373,0.7871846626084136,0.8521021019881546,0.6639251658060275,0.804740798687469,1.0,0.7590419405536966,1.0,0.7426811918024192,0.7518016800031638,0.6209626217276257,1.065203751589488,0.9926622970216156,0.9220724078295712,0.8296570897585362,0.8590157746892731,0.9687863227029206,0.7953755926447644,0.948669238802776
2013-07-31,0.7255866624574977,0.7211409349275295,0.9267419521401608,0.725441260257274,0.8093466017242532,1.0407746143010088,0.7067641584591894,0.8460112775279307,0.5567260431059193,0.860589352459265,1.1089294117054287,0.9742703580048738,0.5880759272198575,0.9360511129832775,1.0003254722580668,0.6478429888690161,0.9667520196141342,0.9828660255935007,0.7358185668771468,0.9741065762646508,1.107350824373638,0.8760806397827707,0.6372406232339017,0.9097293075878937,0.7049412349101787,1.0,0.9401396194761605,1.0,0.8154777750181422,1.1648518534555685,0.9551786011117996,0.7617386616634442,0.7308285811167421,0.9714715421504853,1.3105084626391887,0.834838036074794,0.8866844206330238,0.988554403021476,0.7581892065945881,0.9885300255416724,0.9152172440045374,0.9268506388942794,0.7389050341166592,0.7489029904617477,0.888124043508105,0.5798207879458421,1.1075477439548573,0.979725274929335,1.0262083031476243,0.9181145595272941,0.8629251278145942,1.2783409478351695,1.1981693746180186,0.7303543358794427,1.022713657702467,0.7576731918573558,0.5344178820906519,1.2342487954671628,0.9847144792781651,0.5091879534885184,0.8107592824363229,0.9965773324195425,0.8374792661757856,1.1995000399979843,0.7262422238266559,0.9547846015334696,1.020508202829703,1.0075043340092562,0.6548450527155971,0.8682749558012222,0.5744878107249884,0.9300102510036008,0.8436961805643524,1.0162584555964786,1.1810689547104534,0.9407409421755332,0.9409260562554667,1.0,0.8096252646186982,0.9018963139238317,0.7919136463419245,1.1830888540500826,0.9377124630213309,1.0,0.9715646703388015,1.0037930314423376,0.961143597457139,0.9088100841761892,0.6568759914998235,1.389803699001214,0.4724636053936613,0.593550448058778,0.9887215787892198,0.6511014460326824,0.7877470299346532,1.0053518006847695,1.0677193302399584,0.6744552978189757,0.8721616235796367,1.3995154003108545,1.185098808529805,1.0133180065006762,0.936944769847134,0.916969637098918,0.9283928136596162,1.1211602057212084,0.9982182861579697,1.0,0.6301199254382815,1.0,1.0,1.0,1.0229098710079185,0.6231899240267498,0.615414292028903,0.8597915465812639,0.9719545456673888,0.8372841606737704,0.8616575443626453,1.063366699243009,0.6428332156524379,0.9581992994000175,1.0200859975711196,1.238219768137968,1.2337358367581455,1.0,0.8620322954889641,0.9260168218061416,0.956216736035145,1.1057460079051034,0.7719493039758762,1.0321139694581587,0.8541734580057784,1.009719938134837,0.9884346945504996,1.0,0.8618992636032483,0.9154147507730409,0.947496943530746,1.1975826778527923,1.003901027722178,1.2184660169411907,0.8293792053295439,0.6813628783020915,0.8101414902362853,0.8317044300321509,0.6618183384978427,0.804941877577794,1.0,0.8083160862207566,1.0,0.8847437026368118,0.9111624402545706,0.6316336692481674,0.9428974109427862,0.9898123904548962,0.9228276564908837,0.7112992366377099,0.8497038699744763,0.9682862146750397,0.7892283908457327,0.9475272672851578
2013-08-30,0.5564117057902553,0.6763143344191946,0.9286056815090422,0.6897107899807481,0.8007708133807754,1.1090666896251158,0.7081016422617494,0.8077851917340952,0.5587380806339751,0.8575424368995617,1.0811108517304717,0.9770173309461965,0.7173419955068248,0.8778479590900294,1.0012271397647798,0.7711268454116816,0.8875211333113382,0.9857966938104304,0.7534270323033345,0.9239335911749105,1.0887520864050333,0.8158220731749026,0.6203687344274,0.9293588991599725,0.691551970962587,1.0,0.9337776424594525,1.0,0.8266476656701657,1.1622086688165132,0.9078655266169815,0.7722018227132783,0.6518724459812855,0.9756558793394148,1.292848704573532,0.8346871576448477,0.817251910330241,0.986391473443075,0.7496358035217077,1.0036817861460268,0.9095255946943869,0.9123283329789849,0.6713816972849236,0.7761042354350538,0.8849317060226266,0.5798304008520563,1.0941346791373134,0.9265495619520878,1.2796566657905972,0.9355795711012146,0.875058040892562,1.297176737811907,1.1070055890265633,0.8214706662523539,1.026535148408158,1.125824058426661,0.5168406825290708,1.1784469241679512,0.9851230344221585,0.5066613614900894,0.8106995359361292,0.9965568359768632,0.8330892320851015,1.2668898130630453,0.7027187776652346,0.9685388442500951,1.0171702087057894,1.0550601333093277,0.6836629274328496,0.8898577855632905,0.8250823041699866,0.9507946285598811,0.7192493645877667,0.828885454859799,1.0633006983533062,0.8931705240868196,0.9257327824732554,1.0,0.7385179527777115,0.9889245696598233,0.609877712396142,1.2426423370219608,0.9163875443390876,1.0,0.9746562829944645,1.0122328538801855,0.9573695568023519,0.9282863881655075,0.6484614501359076,1.4022939011311524,0.5458280017503659,0.7393215691121061,0.991578021926776,0.7768060205521896,0.7108216453556899,0.9886209206541245,1.0854109728697694,0.6748437825223625,0.8708388948737787,1.3804372892157968,1.1736386046410954,1.0158463837311253,0.9302227793767047,0.9139824909610885,0.9352735269651155,1.0984498034788306,1.0065247442429364,1.0,0.6165474923720092,1.0,1.0,1.0,1.0178860608841955,0.623136312408656,0.6154543471769598,0.8046008421538506,0.9340696333622771,0.8373990499063346,0.8616410088998421,1.185013467095202,0.6427199062764423,0.901594234597941,0.9715316403587025,1.2305648200980874,1.12347501622591,1.0,0.895201040703697,0.9226134348410923,0.9311758953101331,1.0940058019424308,0.6530797455902424,0.9533158967771643,0.8345744393785544,0.9521132641327376,0.9673146727541995,1.0,0.8798317164221667,0.9176835719434107,0.7928429419764611,1.0702419824246565,1.0454218011783296,1.2171040637712314,0.7573483834455866,0.6931852032311998,0.7802078317824659,0.8376449141241143,0.6613861478562492,0.805490205886803,1.0,0.7836530363594297,1.0,0.8012396174008816,0.8336754965069143,0.6259989911318801,0.8398659258044636,0.9917297961435283,0.946745787834157,0.7037395397912887,0.876562223708168,0.9682662042575212,0.7922785159881971,0.9474315525605457
2013-09-30,0.5287523114491809,0.6779708047656503,0.9282068553916341,0.6721546712048281,0.7803778360104794,1.109991308839873,0.7084357178332812,0.7920401469577546,0.5629768727137199,0.8781619305042254,1.080216829773232,0.967586425082261,0.6980404008927598,0.8747048731851375,1.0002006152024696,0.7440178250413794,0.8129125836594987,0.9827157957604054,0.7281020103279737,1.0021731043950945,1.0765461053335228,0.7838061959345812,0.6324715535131737,0.9144089000384678,0.6879351356871367,1.0,0.9355718739946108,1.0,0.8268696132769751,1.1602395889616044,0.8884431233139987,0.7884778555201893,0.6632812354551365,0.9783690736376028,1.331907780269822,0.8346324569242458,0.8240719360128965,0.9871660116814055,0.7459902312055106,1.0018476007278463,0.9119461191856845,0.8948125989374602,0.702064835396899,0.8026498325130477,0.8757178922332564,0.5797522984521888,1.0608485798846354,0.9020210778432654,1.2181709300122179,0.9416585858414511,0.8772767870814498,1.2962019802740754,1.0790069820683152,0.7940944721155236,1.0214951620785633,1.1364379013649861,0.5045473232657998,1.204659414120869,0.985742582180521,0.5140613502679807,0.8106831466714564,0.9965472745922552,0.8228788537320877,1.2765478719663306,0.6992776325638075,0.9690801748413694,1.0145675505447935,1.0197082375370599,0.8358446628368608,0.9220810084728206,0.7634776580671498,0.92599535578504,0.6216404492464034,0.8069675965396257,1.0556300033847876,0.8721666340180949,0.9204062726953991,1.0,0.7448076786461802,0.9572849503585491,0.5874564595126457,1.2214559835516492,0.9001762419348189,1.0,0.979304905333294,1.0215202574835065,0.9729346983549109,0.9483525035989576,0.6467769019530345,1.3970546818817142,0.5055635273470966,0.6172595199546635,0.9961207353211263,0.7784114408939486,0.6955013051768626,0.9465620418268643,1.070988840895159,0.6749049179958169,0.9570812735923518,1.3890577292153539,1.1774239356700398,1.0183225218992793,0.915367739871299,0.9027088873978067,0.9363029216871055,1.1135368830968222,1.0058444276216547,1.0,0.6081347498992569,1.0,1.0,1.0,1.0218059858448592,0.6231637527170213,0.6154340883031321,0.7744543127609037,0.9196480863984664,0.8370547237813205,0.8611599429111316,1.2505278815512297,0.6426659267510122,0.9029643016028854,1.0362504270169728,1.2515260486446866,1.3433733126032772,1.0,0.9024295241258963,0.9188206455470925,0.9332873597933308,1.0931913989762458,0.6840342961527596,0.9508971153806453,0.8295478242761458,0.8407347833580194,0.9590112373712458,1.0,0.8647427988385974,0.9149897370473924,0.8162253152606893,0.9301905755400613,1.0656098054367462,1.228673708206584,0.7811688618168433,0.6974405819704494,0.7517414205266197,0.8308871525223189,0.660987713563226,0.8070841274098042,1.0,0.7490258508203933,1.0,0.7892536293707643,0.8202948221436166,0.6274813775318688,0.8187901328576743,0.9933705267255108,0.9489652473846207,0.6623772920129993,0.92582967517964,0.9680763125776095,0.7895436680542145,0.9468429675325611
2013-10-31,0.4880639384096517,0.7110688879421302,0.9340003875698981,0.641855470903627,0.7591200073296958,1.1072272351422998,0.7003036552990294,0.7690209035338451,0.5456624522940335,0.8706999758143785,1.0805907074601697,0.9637881449791526,0.8236354124945607,0.8834592491784464,0.9990304903474829,0.7454344957468833,0.7382916088134548,0.979119063732654,0.855976034049851,1.07252809131523,1.0697862053592218,0.6937831056969532,0.6196083370458474,0.9094649305025263,0.6883778662265049,1.0,0.9263270078434029,1.0,0.8359449130669614,1.163587706032328,0.8618607146318427,0.9068217521275989,0.6160776952014797,0.9773419562396881,1.2997044737707468,0.8344535495090651,0.7104975445674603,0.985649657288673,0.7455346613395801,1.011726136259552,0.8965685212740444,0.9100181774839933,0.7215127436245279,0.8989149566710072,0.8701350051496015,0.5796373677999277,1.0345196571472626,0.7735854512257502,1.2974886855936538,0.9336770699303556,0.8986750905815077,1.2750316919120293,0.8979621661970089,0.7193807864175814,1.0179058096004676,1.2111772264658234,0.5418447812557787,1.1525803601484204,0.9849524184773433,0.5315313761225671,0.8105295091419517,0.9965925705033022,0.890686158884935,1.2408711495897184,0.7086416198478971,0.9690646988489561,0.9990268758103457,1.0274258172085826,0.9060116044651351,1.0121950160213096,0.5634864133427782,0.9080356544208833,0.602891311142309,0.7618104730428814,0.9981682858328297,0.8616848460923492,0.8985881097776555,1.0,0.8349621117404705,0.9218947671072217,0.5606305223067033,1.2043892516597643,0.866109456493533,1.0,0.9762788424565725,1.0172437049695078,0.9571136099991044,0.9280186624079422,0.6454553717459284,1.3874397520959174,0.64793573645527,0.655428482454667,1.0169756061934472,0.7809316480083661,0.6577011488143026,0.9827388408845036,1.0385270452723372,0.6786387355331718,0.9330181627399826,1.3690746183570937,1.1743106025790693,1.0136274692726717,0.8994809807100426,0.896332721474262,0.9299251043798252,1.123641290568178,1.0046517980426763,1.0,0.6287005451482595,1.0,1.0,1.0,0.9722086733913695,0.6229572653041335,0.6155498950986318,0.7944313355135674,0.8660892092908159,0.8426494636360581,0.8675696171432042,1.3304694145617444,0.642611569681022,0.8274887304833972,1.0710143640136522,1.2463616341961734,1.181825612232486,1.0,0.9073460095837095,0.942082408995388,0.9506607924048351,1.073499641127404,0.6922950501379979,0.9452858851044084,0.827237417012114,0.8102213065931885,0.9229644931825387,1.0,0.7650114447145439,0.9198210880833394,0.7813423241419879,0.9479322588050753,1.101629755677569,1.2269066164176625,0.7559053621954954,0.6859988518294615,0.772935556312739,0.8253028160867368,0.6608561181079728,0.8384888557714969,1.0,0.7791577375239402,1.0,0.7254043634741856,0.7625315514576112,0.624955389969923,0.8057750193112078,0.9928570317454478,0.9336276690350666,0.6563079495783111,0.9440730144221756,0.9679217141931143,0.7861212355003044,0.9464598661203848
2013-11-29,0.6346933404215683,0.7258400087141901,0.9389715674925374,0.762682904860339,0.8027577063548019,1.0561917004428456,0.7026186431299495,0.8582857754346904,0.5765374733211759,0.9299594670718271,1.1288257205274872,0.9359962785353406,0.8444003108736989,0.9540616438569806,0.9937234948739768,0.6676636878189133,0.9369406186465732,0.9741891651875896,0.7708304080558532,1.0725379310646113,1.1357444751781371,0.65612705558637,0.6292953956616726,0.9000377833800047,0.6880826549166466,1.0,0.9111956064761109,1.0,0.8423991667771844,1.1667870787695354,0.7758174857482041,0.8454566560199845,0.6872850951637101,0.9729063056556535,1.3048736407901673,0.8356283816233215,0.6412965396730722,0.9869189826097823,0.7769119212608421,1.000731117937709,0.9132034302828906,0.9084107393249187,0.7426139548682269,0.8989313993141214,0.8675874035084097,0.5794444530805227,1.103078537606431,0.8063011080206925,1.3465530175876277,0.9447334750698895,0.9496121119509939,1.2688771227193882,1.082845175253338,0.6336696042263524,0.984840721541024,1.1230373640204805,0.7243692612496669,1.1338557031044794,0.9853639933304535,0.5191504203372683,0.8105521943366754,0.9966000077111159,0.956729047631281,1.231236673560483,0.7028640428505808,0.9526463029609987,0.9804033273720987,1.0638394309357968,0.8404954339103621,1.2291219740399295,0.5423476876312551,0.9114017334782037,0.7593986106711383,0.8254980376650086,0.9247083581438313,0.8976007317145046,0.8508399140479183,1.0,0.7559377628926656,1.011463584797812,0.79929072476222,1.1933123671448942,0.8532526204943497,1.0,0.9745222073978446,1.0113322655408654,0.947457865003648,0.9015161867012521,0.6468923759801586,1.3859322834051873,1.0047004177933447,0.5086651896620203,1.017780154611682,0.7470116488491902,0.6148273092959083,0.8865664560273604,0.9377068886856533,0.6806266977396846,0.937753297080957,1.4066951747073522,1.2012572775341008,0.9935533563676783,0.8971525152752637,0.910196503162276,0.9300073243482537,1.1574379341858294,0.9996817350563071,1.0,0.6988203231878941,1.0,1.0,1.0,0.9796051643221426,0.6241773302759002,0.6186125260019004,0.8413024214039442,0.9525880961984783,0.8456520548170692,0.8705916507138828,1.3679231126917362,0.6437631691918184,0.8057767239215909,1.121805198289973,1.2565651012768306,1.4009570357143113,1.0,0.922083255134247,0.9228747673332744,0.9009572495662906,1.0288163483639876,0.8900072307059713,1.0716836963455108,0.8284507862777923,0.7781754244355976,0.9031506161989163,1.0,0.7656564481866827,0.9149079216385467,0.9710558945433663,0.9247273789524022,1.040719108085341,1.3259680056031395,1.0168998926116504,0.6827964482263253,0.848736483216855,0.8050628352019957,0.6598880377835039,0.8118209579515813,1.0,0.8750389611590068,1.0,0.7498178270626812,0.7915382685881687,0.6881205734239895,0.8005476670425189,0.9896219195988404,0.9387732322667964,0.5379353536546785,0.914896488592825,0.967794218997084,0.7821513656137236,0.9462053618165275
2013-12-31,0.5695160750718324,0.7502832191623233,0.935063829547701,0.7668460636006016,0.8080455733469859,1.0778504868202845,0.6994309077293754,0.8563162623865441,0.5370321809407432,0.9551256451394406,1.1169958969122276,0.9416927485225821,0.7686927355578363,0.939662328424031,0.9970845899752605,0.690967146698541,0.9947220344165884,0.9793537873840711,0.7489121809960888,1.1154296779315918,1.113736086078593,0.7265463066039756,0.6330758086233901,0.8838176046469283,0.6874841628072759,1.0,0.9095029630520552,1.0,0.8460014195504981,1.1692005728983865,0.8346273697430534,0.9501157945380206,0.7143313131774378,0.9784150454638237,1.322537652276302,0.8366283823586795,0.62576366022737,0.9873649452551536,0.7775531421841277,0.9944026268652059,0.9157594563104927,0.9162999526542801,0.7652802093850866,0.9155023430706973,0.8670430463406258,0.5794453638645967,1.0526574818142467,0.8459591559002138,1.2654575811682003,0.9417621519480446,0.9660703475939593,1.2539718056827938,1.0159718634828219,0.6100560670310021,0.9787604424986104,0.8942166498738463,0.6969397301731712,1.1685557184951205,0.9828996654814675,0.5044470342860841,0.8106185635263129,0.9967056351826393,0.9657545657639843,1.2387017512640275,0.7262383670304996,0.971681551305355,0.9824483725857921,1.034387126203393,0.7821709594389148,1.2512417110017382,0.5344956106541187,0.9322123145619461,0.6250019691513424,0.646707156484031,0.7819460879599636,0.8651436135079551,0.8386686128301302,1.0,0.733205357404423,0.9910483929473677,0.7510049715847829,1.1070009442505488,0.8535642612686443,1.0,0.9796905242564682,1.0147772313489476,0.9556398506647719,0.9017701887802577,0.6434033123952281,1.3767385063096789,0.9832880317592054,0.5691704646989114,1.014479647760113,0.6355645515354428,0.5982457303716753,0.8966433082213818,0.9586049222681152,0.6890698454512458,0.9663915137108243,1.4122938671908067,1.200702320035061,0.9964954811342467,0.909362051176516,0.921103756027138,0.9427334952437493,1.1651915477353185,1.0008671885138438,1.0,0.6938468836870428,1.0,1.0,1.0,0.9855532334586815,0.6298819629155914,0.6166521281235335,0.8149191850619812,0.9377616263239326,0.8583914723185226,0.8828151984770384,1.334637227201064,0.6446153967501926,0.790781147679275,1.0703858256481158,1.2589459467371837,1.4277214829684381,1.0,0.9435769894012882,0.9256512316741442,0.897928814028161,1.015081121703563,0.8478056047867054,1.0571707444448932,0.8271076638250616,0.7850570015230776,0.9170038104346536,1.0,0.7749922229941535,0.916321865109583,0.951650544909593,1.0195168184811634,1.0519561426628852,1.269728765140159,1.1907550927508896,0.6781398093903852,0.8390570715537738,0.8095306203519762,0.6599092780597794,0.8153105316914474,1.0,0.8134200403988652,1.0,0.7568729701398159,0.7987405368000828,0.6703063818324991,0.7994427370986297,0.9924955557763787,0.9349149144564762,0.5564479770812479,0.8565058888538326,0.9678050519607055,0.7829258016588294,0.9462140174973103
2014-01-31,0.539699255588145,0.7593868371625023,0.9400353899615624,0.8148487097535082,0.7757568303626563,1.098046213297869,0.7004064946859669,0.8379728771339081,0.532202598748993,1.105219254990442,1.0996678458337232,0.9516074263544574,0.7666694427161616,0.901369092014607,0.9985429876567787,0.8980858858051374,0.9423462779535547,0.9786117915267311,0.6572473569130655,1.0203073880587727,1.1296893652997562,0.6320346987205525,0.632181410521383,0.9322265121183813,0.6874206752374541,1.0,0.9066171809057102,1.0,0.8392698607182908,1.168919471475824,0.8129499019480525,0.8044751528375481,0.7157247107851465,0.9898693670070288,1.346173939703691,0.8411449941045506,0.654499355103776,0.9871974721330253,0.7767540062729296,0.9945611641861578,0.9287367118948371,0.9126640584968924,0.7935089390646014,0.9204585917347266,0.876742136790206,0.5794970998489722,1.053079461877985,0.7930920809469478,1.332370249153855,0.9413499218604717,1.04796812847752,1.2476552960949023,0.9402894724287157,0.59919033172529,0.9510087171275972,0.8795576092320999,0.6359776459519011,1.169339179692385,0.9780883702117485,0.5254502011068793,0.8108298176248095,0.9966436524065474,0.9741686778075058,1.152960055254674,0.7138960557944256,0.9647923197616207,0.9685689205884389,1.0089441638190266,0.8653367439852035,1.2383064105699728,0.534672919663693,0.9219114884854281,0.6283044958633335,0.6856467306653418,0.8037216713159138,0.8569789407588777,0.9111768635857911,1.0,0.750494671864732,1.0029795893254412,0.6927384143274292,1.136414440644574,0.8505938251497004,1.0,0.9772650294330903,1.0128253124682545,0.9526614118400156,0.8915354241678889,0.6429609301823759,1.3807222912420807,0.9932194388965486,0.6970699472025814,1.0074236795606142,0.8028286283684751,0.5918215967391836,0.8770661366157153,0.9331297867820302,0.6788491244471071,0.9851230891761411,1.4036501241334336,1.2001263440856949,1.0141750945868588,0.9066197472309551,0.9237238641008307,0.9381249589318049,1.1642451729315169,1.001593355095633,1.0,0.6947783390235354,1.0,1.0,1.0,0.9843904687367189,0.6295941625039696,0.6416674374760796,0.8067248286907392,0.9294714929277593,0.8737642714140345,0.8977242102806224,1.3903703543533963,0.6461676701200527,0.7949786675971835,1.1078218881494,1.2576457513948622,1.3863912867687977,1.0,0.9250258535094099,0.9206888814353615,0.8972934349462565,1.0120619056054765,0.900787000573399,1.0294150202304428,0.8282189406196679,0.7547499495883266,0.911310594906542,1.0,0.7833071861946322,0.9207621381186964,0.9496996487798791,0.9511378134259342,1.0444179420496078,1.2738114167696468,1.146472756366585,0.6745677415790514,0.8177192619475051,0.8176324959725348,0.6599699225860074,0.8173342078327089,1.0,0.772259284538023,1.0,0.758475278409506,0.7827932038380153,0.6829862737333067,0.7985127533194333,0.9924235684758299,0.9319486338970726,0.5771536674782376,0.8254779202896934,0.9678163585224034,0.7836326090194485,0.9462247640988366
2014-02-28,0.48422478897485466,0.7889006134525509,0.9504864294855135,0.7408747094204183,0.7778690368667116,1.1047913222413148,0.6986365301603955,0.8246613290940775,0.5339813089672674,1.1612487390393897,1.1050072864509533,0.9566423243528175,0.8285126737430973,0.9422024946840518,1.0018182299019454,0.9271559495740208,0.8597704297670827,0.9898584741967944,0.5998191294089048,1.062234373327003,1.115399045103442,0.6535686897700179,0.6518760467016975,0.9002918298451984,0.6873285439949919,1.0,0.9063930604353873,1.0,0.843828527984458,1.1682089275717378,0.7766462024761359,0.7974481358560247,0.6929839604814451,0.9923687020609252,1.3422428728831888,0.8368124863763603,0.5989159940274849,0.9874560071907028,0.7625305040065886,1.0032438734549716,0.9174074325164622,0.8968312651774812,0.7940855770219911,0.9230549542326378,0.8669508519042683,0.5796212408816266,1.0629905481793434,0.6977079564198407,1.32846285894332,0.9386162254542906,1.0399044102498407,1.2110152138123274,0.8056195204764096,0.5840111564206485,0.9472376617668481,0.7384890599334231,0.6014613574282246,1.239606080262892,0.9822054334217145,0.5592593125542997,0.8107974216726168,0.9966306594608755,0.9295919965049839,1.084289018862259,0.7688886642363006,0.9697329702628368,0.965899817661912,1.031505432780935,1.0516588649198735,1.2388401292841325,0.5217045533983753,0.9294340505128341,0.5637521819190114,0.6093618767294565,0.711119797090177,0.8490041381285919,0.8182319763653725,1.0,0.7471569515287305,1.0634902599270595,0.5865004533039455,1.1466413065087906,0.8480170918300862,1.0,0.9776676442244008,1.013519426535244,0.9477689523964927,0.8881317141562822,0.6419653885608794,1.3359367217838292,1.0127081163361027,0.7900416742070322,1.0127665803626784,0.8603216351615759,0.593506414441406,0.9020789922311344,0.8550586706349874,0.6797409399094291,0.9524132093899049,1.3964949477835182,1.1942722080536208,1.0115519323129119,0.9168726207358114,0.9226248695351665,0.9486102121665978,1.1692581695761681,1.0045263867015546,1.0,0.6564149568426858,1.0,1.0,1.0,0.9923573313350382,0.6281731527163286,0.6192802624113275,0.8200396294747937,0.9160305143434586,0.9161360038424903,0.9344624210841993,1.3782081919451799,0.6450586638886587,0.7753576661773376,1.1070219257744247,1.2561739610323848,1.3391486098294214,1.0,0.928578312134528,0.9087940853310127,0.8858242003841588,1.0210125061191204,0.9191473642956793,0.9956440977670425,0.8278523227828545,0.7460157105727847,0.8835826960089687,1.0,0.7921358834485809,0.9205304595822547,0.920556782936604,0.9114935775543567,1.0769928032489133,1.278573453029106,1.117809176845699,0.6753992845024297,0.8405710452267922,0.8212001487622218,0.66040636285761,0.9144937180101957,1.0,0.7453585246722874,1.0,0.7211263493407835,0.7444821846316396,0.634990913836557,0.800288794720619,0.9927112868233343,0.9332460745718455,0.5988461648334444,0.8132438011282471,0.9678578269507905,0.7869572490186076,0.9463318232883179
2014-03-31,0.4790313184432815,0.7691391126743796,0.9535503141517575,0.7141573920232398,0.7944551096272954,1.1055109462737729,0.696624947092532,0.8094106538264143,0.5436472785121096,1.2548367779734417,1.0895283684183186,0.9686000945531792,0.8995734452675591,0.9261993267956118,1.0025207164939411,0.9344986149898646,0.692746479107158,0.9960292042882044,0.7002973344322573,1.0345082087474886,1.1441214093690772,0.6675534019936971,0.6351917885237185,0.9052848615585899,0.6873519194200612,1.0,0.9115976218430806,1.0,0.8362834522777234,1.1649951804327634,0.8169644427772713,0.7707826448781575,0.6906102718297262,0.9958932251587689,1.3653473734858201,0.8371408876463938,0.5948067145699303,0.9868718875045953,0.7549907541762588,1.000007386014924,0.9146731822209395,0.9116723658414274,0.774891668883505,0.9242012590048061,0.8748743358841538,0.5796781690224364,1.0761617078678125,0.7890717539733572,1.1987655795150611,0.9345565600621378,1.031664895205337,1.294552932366826,0.9495148412154444,0.5949194186780162,0.97829132938198,0.7349352139868258,0.6267518337968614,1.1998987691457608,0.9807036086713831,0.6184941762900555,0.8113079691922478,0.9968004013925764,0.9474915859140324,1.108891038796301,0.7666593542152994,0.9745289478586541,0.9870630458142924,1.0136051599954352,1.0439636461261936,1.2400127944228025,0.516026111100705,0.9330977587538348,0.5461020106964359,0.6785759619244329,0.8102589598658085,0.8347254984356204,0.8205251889913254,1.0,0.7306391015779771,1.0599485754621258,0.5551597115683833,1.1390972838616311,0.8639811361957126,1.0,0.9802796503082507,1.0161308042464032,0.9645476590813277,0.8915827300643289,0.641372956122325,1.284305688572985,1.0785402736124081,0.8243496771148442,1.0145465344823612,0.9082954599026997,0.6085949920230364,0.9403010263622875,0.9490393179316431,0.6773597826474183,0.9814667375684827,1.3836052959546286,1.16242167434644,1.027266105175478,0.9233788431147245,0.9318422909599735,0.9508010170919113,1.1721798005955495,1.0014419073901804,1.0,0.6537523767387872,1.0,1.0,1.0,0.9905507868271498,0.6281539977217786,0.6188454976710642,0.780644195134578,0.9243865880663615,0.9069426586445046,0.9261746898760899,1.382916252878745,0.6457846597155894,0.7714901754347468,1.094422398403887,1.2486682912243539,1.3374091228516993,1.0,0.922823988829296,0.9308918883353929,0.9376997944393818,1.008057151373371,0.8883471397621601,0.9724725229777127,0.8308521661485984,0.7483964111309496,0.8856590203053505,1.0,0.8194945686955419,0.9219905380278564,0.8707159628636842,0.8793959356750799,1.0881492950336522,1.3264026693107906,1.027970741366339,0.6756031920290557,0.8134173736307001,0.8276679990221536,0.660893297476949,0.9332990923767464,1.0,0.7670214221164088,1.0,0.7154291681629632,0.7183958390591809,0.6365200803794363,0.7997901229848964,0.9979443681705307,0.9302322410789013,0.6318887042269848,0.8651755970630883,0.9679402496421844,0.7931735802859797,0.9464662344452381
2014-04-30,0.5662571512311663,0.7689038036853149,0.9574296814992954,0.7557784888404032,0.814121193922872,1.0984893744110003,0.6961178168484261,0.891889190078039,0.5726924813646339,1.166468808217559,1.0922800407744173,0.9623894367991855,0.9307341713914815,0.9552147999514036,0.998952186542448,0.9110099291087667,0.6601590671381301,0.9925024332626878,0.7473540481019962,0.9910473582627526,1.1663524547860484,0.6054425246396864,0.6339607315853621,0.9067595790396158,0.692036114687515,1.0,0.912295152010793,1.0,0.8403462145713171,1.136004925508274,0.795373234137969,0.7606659005195452,0.694137535977781,0.9913653557166207,1.3442667949214022,0.8427537394976115,0.6160511614730362,0.9866717118354641,0.7590761259238862,1.0051494318113616,0.9169885750265114,0.9108230282357191,0.7580728329807541,0.92138313308944,0.8915714023744894,0.5796013833020011,1.0810722870285956,0.8577005887608913,1.0668208169266966,0.9358942072163227,1.0260290821843936,1.3592257365063927,0.9999825325576639,0.5988449915650071,1.0212313526283059,0.6870751928570067,0.7882012670985545,1.1803334297263712,0.9629001515220978,0.6212320314598352,0.811317721008441,0.9977437999423593,0.9099570192911164,1.0487145640882904,0.7888773053460929,0.9598534533304736,0.9796833256882022,0.9916451670741686,0.9475177391226227,1.2391161660312795,0.5489914343519648,0.9003486217996851,0.7008461266360464,0.8492733032892877,0.9993112153366392,0.8676664703824674,0.8759411970764683,1.0,0.7385099927005735,1.0289815654527823,0.6513765038025592,1.195863572843068,0.8636187085236408,1.0,0.973362945974868,1.0038363786816122,0.9492297229367765,0.8678024925252301,0.6424325196526971,1.151489102808555,1.064930263959138,0.6962613646090126,0.9926920585176395,0.7008952574229973,0.6260447464201808,0.9360138575891079,1.0070249384712127,0.674816097878899,0.9308581299843989,1.3790902815487787,1.1464716777276243,1.0324565380708841,0.9294356482578388,0.9161778049132079,0.9441996763289637,1.1726907865708274,1.0025243780067432,1.0,0.6668268811810409,1.0,1.0,1.0,0.9719715923721215,0.6268234287428507,0.6179028447177979,0.7983785640944785,0.9099265071249839,0.8767468727472705,0.8999349920239166,1.343423657497885,0.6893376395799091,0.7588681673884311,1.0914619448239924,1.249444004516972,1.321235022085622,1.0,0.9014481149784103,0.933925263382612,0.9513175273293543,0.973526115831648,0.912941503579749,1.0417729972001026,0.8360461002571493,0.7537755340819048,0.8865543436945768,1.0,0.8318853643676523,0.9203318385667896,0.8933454726935233,0.8780487279953767,1.0844142975503277,1.3547935001748797,1.0267323665465817,0.6809358453468887,0.8117662632253749,0.8186765000670897,0.660326800310842,0.8764599834470055,1.0,1.0272417933042743,1.0,0.7429245270710363,0.7453606795286003,0.6430619926965154,0.8055315674061454,0.9951152543102479,0.8630124609121768,0.6137389201724255,0.8821556837419301,0.9678813131170739,0.7900891353516319,0.946368914074355
2014-05-30,1.1041089922427878,0.7857439390785038,0.9397265473806413,0.9326149914143701,1.0420720827431487,1.037016072934903,0.7662942338648501,0.8343254430127433,0.6333895536244543,1.2584284910880605,1.1288150355635402,0.9345865594259678,0.8783943556641622,1.1712081606615596,0.9908676177265903,0.7617458604073502,0.5877033581161186,0.9762659221547354,0.7857239812381411,0.9171209681386913,1.0843731717949205,0.5863835530189384,0.9546783159675136,0.9589974285263423,0.6877944906467905,1.0,0.9163606735659401,1.0,0.9181729641398102,1.059998516489055,0.7499569480163775,0.7756412849927163,0.9038755262245552,0.9910303292837286,1.1178602243468758,0.8870547122787471,0.806914590672819,1.001160351584203,0.7466351017588023,0.9857952360943669,0.9240382223137722,1.012828759062127,0.6621237235411266,0.9115511122746043,0.9047417779760433,0.5797491142972684,1.1273532574647436,1.0165206183546356,0.9602784414475872,0.9470633089011825,0.9319152059215632,1.3744845234847838,0.9614317001272751,0.7186511297418362,1.003148005454586,0.6071716308011854,1.1017083099299396,1.1362992303399757,0.9472615186517089,0.6286370361923472,0.812320606192725,0.998371602006629,1.1355620400531943,1.0104180829441576,0.5686239500531065,0.9152775002020935,0.9106784700639547,0.9229531589744384,0.9040420049144278,1.160969514052623,0.7544704182431777,0.9102386080755673,1.1181581260698212,1.102953094881331,1.0651936559271407,1.015710211389213,0.8749405740907346,1.0,0.7259575192331448,0.9652731386102639,1.1248262609255169,1.1708902813717263,0.8352950173763656,1.0,0.9581467218639409,0.9884421412790836,0.9342633764908255,0.8378806765541565,0.7175825278808035,1.206662054852017,1.1663761974448557,0.6984332953446414,0.9808982777146202,0.6144463916541036,0.6689979771161145,0.8891923804491462,0.9237876822530782,0.6753627025195732,0.832197362904423,1.2462121212938153,1.1386224201960802,1.0084849582428936,0.8947862725544392,0.9510045431441397,0.9251076730697696,1.1732912670794797,0.9978653034721291,1.0,0.7963186851943187,1.0,1.0,1.0,0.9729422752913135,1.2909034131319574,0.7100337493824787,1.0803375542939229,0.845624150644859,0.8711263867793109,0.8963559902898124,1.1882679322332623,0.7177900580439893,0.7445242392770464,1.4323747195871552,1.2498264779795458,1.471064765439775,1.0,0.8664049708727141,0.7904416490083251,0.8627793657055676,0.8826177390606432,1.031017003348878,1.2524491834915168,0.8375444924654378,0.7442432706198125,1.0109921891789866,1.0,0.7967482931094251,0.9144597470719249,1.1470210532367666,0.8511447583737718,0.8548496612103091,1.146500119606423,1.2294709540358815,0.7024685625659232,0.9569636512361755,0.8044947212271442,0.6599032657503205,0.8185991415327296,1.0,1.1678996922013622,1.0,0.8631741788706273,0.8705867508057652,0.9297891974781126,0.8054421132905007,0.9917118535205219,0.949937362043072,0.5194720123166331,0.8349008702088354,0.9677811891447439,0.7817834997930708,0.9461908260980022
2014-06-30,1.1424627611492335,0.7793833084450006,0.9610837623115421,0.9838348931875656,1.1447401443461362,0.8887430172695868,0.7476949458815338,0.9805093423857082,0.8607078783096888,1.1350057273758591,1.1729213440377146,0.9256966271088967,0.9232433582990486,1.2752206844682117,0.9864374600002681,0.7895264847661845,0.5981764897511639,0.9753389763399324,0.6814178398039025,0.9259634322673593,1.1388065236840734,0.6001137463862478,0.9570107205029642,0.9147267043565459,0.688295146122579,1.0,0.9416809493305354,1.0,0.9404194165218602,0.947901047687616,0.7020589586534066,0.7801622213504308,0.9954834783283214,0.9827699294123599,1.015714388454808,0.8905034119814761,0.7002672737761894,1.0012794517335724,0.7446930980455679,0.9922540993700169,0.9149334795304995,1.0003269044013232,0.6344301646010723,0.8862059479133544,0.8980591292978533,0.5800604920331482,1.139108991772112,1.0902751435840499,0.9842321560079262,0.9471235173403324,0.902128753775378,1.3482860028691264,1.0588986078043523,0.6518389444783856,0.9176014445040478,0.6055321989221558,1.1128150383538482,1.0951121417651482,0.9509675775734803,0.610618087415479,0.8127866701600068,0.9992330360698018,1.0137268936515103,0.9331338123197305,0.6205129657594386,0.8904388064500972,0.8928714729473434,0.9994910525222236,0.9721420656381691,1.1539234522631299,0.6978781502250343,0.8836126140513083,1.165186733280018,1.1692343628877413,1.051492971310124,1.0455524494768866,0.7964250935717081,1.0,0.7207941469850296,0.9979858744301519,1.158254975629873,1.213266468675456,0.8290664235162889,1.0,0.9305447918165579,0.960956929438584,0.8844462462798728,0.8104894977427735,0.7578989819808108,1.071766395387202,1.196365287746289,0.8282434277585893,0.9456718016956444,0.6009712575988064,0.7595128581000565,0.8841439636225236,1.0119142989606624,0.6756835905743352,0.7653885534359358,1.2373614600473775,1.114996262267741,0.992410771163071,0.8826803131862645,0.9190376406913862,0.9038994709255285,1.1590805182325568,0.9948193686657275,1.0,0.7689222979761346,1.0,1.0,1.0,0.9703927536576791,1.2180972561533243,0.861809390745388,1.260162776107864,0.8385701731086506,0.9113938610713336,0.9358646261196881,1.2584928885077928,0.6957590393805894,0.7422157384428316,1.4447220665495935,1.2404921008757772,1.4500673788538658,1.0,0.8322062989728867,0.809924398299545,0.8476042247235875,0.8923476858140299,1.1009918019815057,1.274488500680162,0.8479236979839856,0.7298814220537553,0.9373357807942079,1.0,0.760451244336351,0.9121094211828115,1.2313205247863477,0.9455655239816166,0.948429114063927,1.1132675121484357,1.2181351143180057,0.7191893078873886,1.107935110382997,0.7998522288028064,0.6598670279363495,0.8092785334019392,1.0,1.117986009150023,1.0,0.7953550184425999,0.8465188651104715,0.9070540451129214,0.8039808030929021,0.9865744793097923,0.9792594807402469,0.5022728163988606,0.9063174991721386,0.9677707169831293,0.7812203371187099,0.946176645388543
2014-07-31,1.1333173075968281,0.8254240154163557,0.9582257949184816,0.9747709615608842,1.179501177374943,0.9140734026020055,0.7311204220609533,0.9612634913357649,0.8617055274286254,1.0829988608289465,1.1430363864403112,0.9328764120017881,0.9347483838449071,1.2560534105098313,0.9871953042700521,0.7363285169149411,0.5478374740186471,0.9787046207892766,0.6487455246614657,0.9125648981508849,1.108452471390077,0.5846777957064943,0.9696613663649722,0.9392771071736551,0.6878823180073975,1.0,0.9335670981731925,1.0,0.9614480666975406,0.8850111349357319,0.7343707259120901,0.7599180691999586,0.927765529738919,0.9796451769055723,0.7057851309544165,0.9131518867929049,0.7289205484275896,1.0015844722032343,0.7395340886008985,0.9796318680642306,0.9156634230112227,0.9368052229057819,0.6528945970439721,0.9231297391601331,0.9111005652297952,0.5810711648690052,1.1153049185093131,1.1434549202202762,0.9995173516708462,0.9458881532002916,0.9344948934485139,1.3332248389212271,0.9548734003701291,0.7210223913060454,0.9504176598914482,0.6059534199658791,1.115586596054784,1.11503650501922,0.947554902323868,0.664082144942832,0.8146620091702065,0.9995397550132646,0.9946439132402611,1.0080237680422564,0.7418289928360345,0.8869967635206815,0.8961616554252627,0.9644890035274665,0.9247937240722885,1.0558918243457096,0.77353176630904,0.8731534966998884,1.1567849000645736,1.1399237299589777,0.9459326131333299,0.9830209314253381,0.8469173836732324,1.0,0.7123204567948678,0.94857916357115,1.1654263010446995,1.1561160749566035,0.8384011535200768,1.0,0.9360779119512612,0.9660570316533161,0.8897595731970186,0.8117555594528049,0.7045460345301235,1.0211692752665464,1.35659319141071,0.7135187582084128,0.9419701797872715,0.6999676689312897,0.6781273050870378,0.9006781776698831,1.0699793463435403,0.6772786647195891,0.7689087612343721,1.1985441406859512,1.1122557093676357,0.9806628531099145,0.8815189407538147,0.9381738978590419,0.9089686583143892,1.1283782070250041,1.005694248468149,1.0,0.7593813505361574,1.0,1.0,1.0,0.9703476044022369,1.3466769122672098,0.9280702366822177,1.1899795016761805,0.7798683324046617,0.9432390076401174,0.9636266923466952,1.1514358491131926,0.7110178233587952,0.6994667370292331,1.3443057502692808,1.2420578914491909,1.447469850331236,1.0,0.8260591510570292,0.7967967274610769,0.8531963825979283,0.9074756092352998,1.0558488603218394,1.2678881101855661,0.8476214025267849,0.7427549580233814,0.970440134392295,1.0,0.7660762129253634,0.9184912904445477,1.0625507085972872,0.8703938844274328,0.7860461682226739,1.0436950887249208,1.1425521018864193,0.707820886581385,1.0868967939696217,0.8034816183370911,0.6599031600396215,0.8066157101062593,1.0,1.061911358384163,1.0,0.7639043493456258,0.7868991869514541,0.953850741846443,0.8397291381654165,0.9891663369216165,0.966495263067606,0.5124126581744255,0.9461513265735043,0.9677734925361012,0.7813701495186868,0.9461815590039535
2014-08-29,1.1109267656043174,0.8057029025620636,0.9496823237456998,0.9831942710488617,1.177266461766342,0.8964482439524879,0.7066741297145753,0.8865531392274427,0.6470647608765678,1.0004042997231664,1.1279722759584132,0.9334022793979209,0.8766060660348063,1.189799439738568,0.9886983145985191,0.7158302122035258,0.610621497675305,0.9819605938522791,0.6463346739778936,0.9161898623066665,1.0723182633498833,0.6064630293678697,0.9308291438478818,0.902468602420661,0.6871559953119684,1.0,0.9244615065238805,1.0,0.9218541040038131,0.9175957537313791,0.7300459001193587,0.7743421459875913,0.9036511704647227,0.9782860426977933,0.6787249727904447,0.8916987034126862,0.6572185922828055,1.000782268582607,0.7403059270377866,0.9748852713887559,0.9125852479867216,0.9604289831217985,0.8691790717091145,0.9659373798071212,0.907243530970478,0.5802686118929883,1.0401070862869022,1.1066547069370194,1.0177522807464134,0.9426058681506231,0.963034862347742,1.2415912111350242,0.9451963378986715,0.60272627956947,0.9830758963629491,0.6055993905344204,1.0978872507546171,1.1064514535297343,0.948344370428289,0.7601005457584737,0.8222716970118077,1.0008350613660035,1.0288106885580979,1.0789910901035238,0.8325835174077394,0.8941263704282352,0.9045088958592028,0.9136469559325396,0.7336732697924353,1.0523220736308943,0.8305385935476521,0.8867895251220298,1.1251845237829554,1.0934641929141944,0.8345714053889868,0.9187984192978802,0.8263184965426241,1.0,0.7138186104452137,0.897439008203287,1.155552000815757,1.0291263952228746,0.8440270569117794,1.0,0.9535771337392213,0.9717950280097033,0.8918185635115768,0.8105962539054204,0.6683105608820339,1.0925381653070878,1.2808091582367747,0.7591143253438937,0.9295869395704318,0.7406391634891354,0.6469947921042568,0.9042553667021708,1.1172748109346742,0.6758155005303699,0.7754438534136718,1.1836710045551013,1.1182246492925039,0.9902055536920837,0.8816455564787488,0.9100582084164426,0.9279604386994176,1.1162250235162812,1.0040199491275468,1.0,0.7298620773882001,1.0,1.0,1.0,0.9704840372431283,1.0595472896670182,1.0484554243675377,1.1422437186676697,0.8246084297481933,0.9372931044120267,0.9623114470886681,0.9239428128445608,0.6552019192056918,0.7296827768997808,1.3387966019909072,1.2524322671063426,1.4467388689741454,1.0,0.8225911270098953,0.8123974115031005,0.8594234187749132,0.9469024894001068,1.0037357993095075,1.2771411129738066,0.8397730179525167,0.7479681935040514,0.9986536461692066,1.0,0.7636280900911455,0.9188396525641418,1.0138547715961583,0.8262570000935399,0.7700595572166289,0.9970577028726209,1.1070938907122088,0.6913296052349884,1.009522449647864,0.8037195956094673,0.6599265563948722,0.8107192074178948,1.0,1.0521978331795612,1.0,0.717382681679017,0.7481980354012758,0.9100935583240124,0.8876924550682467,0.990577954774316,0.9266664122236773,0.515194521264726,0.9012845863691291,0.9677739214828703,0.7814241420052608,0.9461843922605161
2014-09-30,0.9558432036630095,0.6506013841455518,0.9356831036047063,0.8048058330075945,1.1065235098046151,0.8876279111039684,0.6961172774622886,0.7418616179833775,0.5520179899739508,1.005443995180862,1.0748886383355816,0.9696484236838545,0.9691685148726126,1.068489721285822,0.9933026647659302,0.726775199350971,0.5310771441946042,1.00811399978923,0.9835889716352568,0.902989520804468,1.0099066155270024,0.6457058470132786,0.6908729138125869,0.8777677967737337,0.6869950580796096,1.0,0.9093089490711784,1.0,0.930792467698543,0.9542781275701194,0.8330826470264838,0.7573307622473165,0.9483822782510948,0.9865345271696568,0.856811711155315,0.8456448479172379,0.6051229450652236,0.9978003868005122,0.7492269868400669,0.9639978116498035,0.9176678922550245,0.9911716136199789,1.0,0.8470342378788378,0.9345746239239677,0.5802115794375557,0.9210419615781453,1.1282505066620976,0.9485447316492981,0.894239914775801,0.9251252996392093,1.2676095041699247,1.0161022375519504,0.613903535706859,1.04236792071981,0.6056462223838613,1.0526326458174877,1.2216676161389406,0.9551636321352119,0.7398538015762313,0.86431175157753,1.0026039706984868,1.199526917753384,1.3443416134245825,1.0200060012141658,0.92853233991081,0.9495473733323501,0.8387554467640015,0.47466067393744704,1.0755344027407705,0.8439494348182868,0.903768948903321,0.9921349564818689,1.065027515784287,0.8551954459414804,0.8228631595997131,0.7378513615254556,1.0,0.7161647315942827,0.7420436445400097,1.071615170535671,0.8854260434739947,0.8805499004538506,1.0,0.9732374064540384,0.9929354927582367,0.91676275346054,0.8338492864495216,0.6421255895247806,1.1394775530024832,1.3217292958020979,0.9754673705615532,0.9293330276869594,0.7969862271720559,0.6960402349730057,0.9058979237675882,1.037278365851668,0.6766557862744684,0.801840303336592,1.1411102997421683,1.0824095847127837,1.0319280027890751,0.9105941385766274,0.9347669604763356,0.9325778670796352,1.1682210676148514,0.9889060500240527,1.0,0.6732546299960804,1.0,1.0,1.0,0.9886633918518191,0.9370719510167769,0.9397425424786793,0.9368165926804561,0.8305781160270117,0.9048346633459123,0.9318114586973668,0.6258220967095691,0.6537466034614454,0.6797295330973908,1.2764856551705448,1.254804038107317,1.4568801888985783,1.0,0.823090821932038,0.8673350196941565,0.8888519013193058,0.9041752964123645,0.8689691408415361,1.1769277203312951,0.8420267665867021,0.8021916521748441,1.0480166814055873,1.0,0.7615622428518912,0.9606104916444084,0.7747112086373087,0.9211919275464473,0.8370306303765853,1.0830275124101574,0.8625189696562479,0.6759768774687335,0.8429948387420995,0.8287270299092308,0.6605173796948647,0.8984424454352848,1.0,1.0359695337750825,1.0,0.67170150474273,0.6811163557230406,0.7699470361702598,1.0744472137924532,1.0054484114000992,0.8758402781231047,0.6030731295585425,0.760254814006594,0.9678371838534033,0.7833687887812993,0.9462733206321418
2014-10-31,0.8459373135142575,0.6575058966333688,0.9447889911862002,0.8495300818565569,1.1237965857738577,0.9191318590276614,0.6954685914517036,0.6866957270788354,0.5310286281466143,1.1155680782412083,1.0657408926124508,0.9766061032093833,0.9576232697604502,1.0577238779962317,0.9975917086922921,0.7373048379102778,0.6323492796464433,1.0122752050639807,0.9107163898496838,0.935543435999529,0.9594867208352771,0.6625835992166027,0.7363081761108901,0.8749519585653317,0.6869913638730882,1.0,0.9081290087725962,1.0,0.9692830834862476,1.1605108431305917,0.866166277777254,0.7586538990912974,0.9196634826883953,0.9949077017756717,1.2685008992780205,0.8415307529034208,0.5981346233837243,0.9994729796043348,0.7471057115481644,0.9660482806098842,0.9934261950535637,0.9541251275243604,0.8687470924439027,0.8466780121772336,0.9224702965750153,0.5805151334835343,0.8857567777355654,1.1471642761797285,0.9223319551868823,1.0427174820058254,0.9287148817583896,1.2535094063505388,0.99265441360562,0.5997299187266958,1.0938357370274598,0.6056884890898262,1.0369258847580398,1.2571841482059456,0.954265522077317,0.6576806336288348,0.92324651371518,1.0024417475060636,1.246082506359647,1.5518261458494589,1.1711208434032703,0.9238648965697113,0.9614309016197063,0.8341245623156525,0.49895359336194234,1.0767435020449443,1.1200901526186597,0.9005450656307088,0.9433629920988794,1.0111846894500158,0.86837660175699,0.7958258530609172,0.7387889193076145,1.0,0.7084604894006405,0.6715995312205485,1.04937040441525,0.7953089135039559,0.8889477321763396,1.0,0.9695158157953103,0.9905173862405545,0.9080356156558451,0.8298755076182772,0.6410397373388306,1.2386160189598248,1.264619768510521,1.0031030644254382,0.931233221882126,0.8277435920213967,0.7850526841980224,0.9000709006446481,0.9943755588172551,0.6757621911297265,0.7716652039878692,1.174258926888795,1.1534308873449794,1.0433691489768269,0.9006241719199732,0.9223156529828426,0.9496179490194385,1.1723284156247777,0.9920299971874285,1.0,0.6456044668878709,1.0,1.0,1.0,1.0103766105200847,0.8585828495407722,0.7133336937910417,0.8999504995145206,0.860494095541988,0.9022490796458984,0.9295917111501104,0.6942958554903323,0.6506833090330175,0.6867911841528243,1.2306741688501928,1.2787629883157403,1.4729234405312635,1.0,0.8215172764637328,0.8741363295184946,0.9245372702144653,0.9094235133035776,0.8427594629150338,1.2040587996442609,0.8379088456512077,0.7938715942106689,1.075634652667682,1.0,0.7612773233656067,0.9551792394069839,0.940926728346027,0.9192389804098994,0.8479916002642784,1.0713868493951904,0.8806869507961176,0.6737292873634291,0.8289130355071543,0.836671493940985,0.6612043052395933,0.9600779686284477,1.0,0.8144715896871725,1.0,0.6597382185903891,0.6499637089513655,0.7029997046543692,1.1651783646929659,1.0129748558670746,0.8750562133457156,0.6463425016142836,0.7735898898710132,0.9678877687346215,0.7846091521768712,0.9463102928474052
2014-11-28,0.7075663815171107,0.6646268044672929,0.9372865474179133,0.7832384910279522,1.1370898161486882,0.9465275201298409,0.6948626233921835,0.6041304407366483,0.5201314773057863,1.0382480336910498,1.0213965038996498,0.9986169571131691,0.9574274186827454,0.9722950834628831,1.0020253382955313,0.7229251015821634,0.5693734527869906,1.0250400582170762,0.9238976302620399,0.9131373548064595,0.8280338682550299,0.6656097539742738,0.6087479221880897,0.873648690283396,0.6870132632950324,1.0,0.9052130377312195,1.0,1.1145279647617603,1.1511747122243075,0.8749197560848379,0.7646408829829894,0.8661813832312926,0.9972990188757095,1.2482628768559851,0.8364018290776531,0.595798675542772,0.9868077722803313,0.7524146025441655,0.9640647252361247,0.9765677282008385,0.9758732081362241,0.8893797296271598,0.8010131848182089,0.912620899140937,0.5804125388875857,0.8024066167202398,1.1382097402643112,1.0250097668356286,1.1540038960455514,0.9654403620706857,1.2363912034386026,0.8405270711982904,0.6657549274784851,1.1163530495850433,0.6065509979358581,0.9714971120258225,1.232958322724521,0.9518459634202667,0.6923870324399348,0.8970357044691516,1.0033009237539352,1.5030970919440076,1.700936683417822,1.3554534915787757,0.9212180875836324,1.0011538470472778,0.807548896690871,0.4325269031133335,0.9046114441272342,1.380231803809626,0.9174254376431015,0.7684369665965791,0.8758691231807008,0.9188300998773867,0.7454098315478155,0.7282790174446077,1.0,0.7194684543179424,0.519715603526132,1.0102938996986108,0.8575127795661198,0.9035096126430687,1.0,0.9658029714467906,0.9876250304173461,0.8919599199942796,0.897919137565447,0.6405392322199206,1.2556679127915704,1.3106878309915,0.9854157346698516,0.9257838106368059,0.9536987365528731,0.8427761754489395,0.9534283871573142,1.491368232762158,0.6782630231722926,0.7731624683012939,1.1068421675425149,1.1130211536434276,1.0350664055627001,0.9202590652780402,1.0002423243525458,0.9545584028930387,1.1697559779234388,0.9905438809755415,1.0,0.6249822581534354,1.0,1.0,1.0,1.0090087906383272,1.200800640620814,0.6916739410462673,0.7702037576261468,0.8455974725648365,0.8985650075623193,0.9268949857397022,0.6896233991648425,0.6523918678975205,0.7095948617601817,1.212623001679602,1.3037869513261124,1.4618111685577002,1.0,0.820421176643562,0.9003558592089433,0.9257869116973255,0.9217784569083229,0.7389836433306297,1.1967066194690321,0.8330486814551762,0.8805383970731547,1.0795382991824127,1.0,0.763703573841319,0.9939253493269833,0.8018980864869618,0.9059178301122789,0.8360017120852058,1.0159082721041177,0.7468037229575115,0.6731340650540569,0.7621470278385076,0.8440182980365711,0.6617808596880421,0.9360360033185606,1.0,0.7724045255087928,1.0,0.6526057087589107,0.6376321413974837,0.6521162504523206,1.1949578471359918,1.0191832720171696,0.8731821629193649,0.7414591262998401,0.761989297979031,0.9680293002632697,0.7868115051250789,0.9464444945948685
2014-12-31,0.5345685763069568,0.7352442817674962,0.9318569682861962,0.7025640874199401,1.2310003346010274,1.0318440663002508,0.6948474408423669,0.6080625906826846,0.5166857063141981,1.011828262865805,0.9766293189084799,1.0102670025512928,0.9778266274924652,0.8901169036042486,1.0043625672478396,0.7231653824860778,0.6272819868698807,1.0279455173300749,0.9632564169037326,0.9411221116108394,0.5310789742290158,0.6825627010306362,0.6079356127537787,0.8720753517048537,0.6870253198255922,1.0,0.9074982809544833,1.0,1.1916486943945641,1.1672727594088517,0.8565035401336681,0.7587532131224497,0.8438402694257633,1.0002733902806873,1.3633374906418387,0.8344647119453421,0.5853707963485626,0.9857720185845579,0.754498658815962,0.9635657982105448,1.1299589195670083,0.9569381986114667,0.9572938292409486,0.8118345126848361,0.9091862503113592,0.5804579196690524,0.741333531612966,1.1489358653304091,1.2083350633546004,1.190425353997805,0.9776625307087147,1.2610792457295386,0.8704882374188896,0.6646502948166129,1.2057356195759603,0.6111996761889389,1.0087874487363298,1.2102395416627978,0.9502941857947961,0.6695972959361034,0.9152022961557242,1.0042507211667544,1.6502310117798373,1.7338743843804465,1.4898668128491601,0.9153442795099755,1.027277891603444,0.8146557222053353,0.41783621127704695,0.8582445543992303,1.4627661925913236,0.9258452450569419,0.5791628472107615,0.6413519912339283,0.9257579027769549,0.6777901517616511,0.7119290858850855,1.0,0.7334167715483885,0.48858659793871717,0.8327552628035706,0.77640013700612,0.9396527165132776,1.0,0.9606300664425879,0.991117565728206,0.8672418543495756,0.9704281936869066,0.6402958682538522,1.323811380845157,1.3533871046896289,0.8596784818801501,0.9255844181781709,0.9973385767867403,0.8166352319571242,0.9837210379174035,1.5385368648228603,0.6792596944498138,0.7680387171097295,1.1408148696500444,1.1404083891534784,1.0583500640645152,0.9320275377305656,1.0163427041585746,0.9601143095478737,1.1742973478079508,0.9905713238818098,1.0,0.6022189752223773,1.0,1.0,1.0,1.0040454212184444,1.2442504290977323,0.8191382291763565,0.6380165184936242,0.8345512393681574,0.8851473428705314,0.9140242425478152,0.6481700890508191,0.6587308944720697,0.7316960695751853,1.1762422656502902,1.3076879756417679,1.4707687214907978,1.0,0.8208220058104688,0.9268170514528361,0.9236824861580349,0.9081920347439746,0.6570730685056538,1.245269172443248,0.8215471970641817,0.8978379516149813,1.0811365282644547,1.0,0.7613217907865936,1.0256633503759383,0.8412828887445285,0.7501016442823678,0.8314212136764634,1.0989199992980565,0.7228418059032027,0.668521819761265,0.7065600905960387,0.8536931074732824,0.6626381194565745,1.023529363054902,1.0,0.7773824613782043,1.0,0.6451618427473624,0.6307240109919725,0.6129136546826903,1.1993493126847785,1.0199937222690616,0.8688832042451365,0.8798376690303416,0.7207393887655225,0.9684440149703777,0.7932856640575834,0.9471356562290791
2015-01-30,0.5203889890405569,0.7639440124239827,0.9288738836661847,0.6114390037508164,1.2482086900285367,1.0816341764174429,0.6948227551681294,0.6031886080604989,0.517647232064318,0.8977148992556898,0.959552031527236,1.0315591003275486,0.9661034302383456,0.8522652297704603,1.0063542252936635,0.7031975186510562,0.5754125027255882,1.0286303712216764,1.0214438973363362,0.9595623748471854,0.4302252155506324,0.7337117815014367,0.6078748143273713,0.8712418371149258,0.687071506394963,1.0,0.9131102075366507,1.0,1.310169878084139,1.1689683640495758,0.8972226253106467,0.7643461884680356,0.8213051831360061,1.0121558478483568,1.3925767835647402,0.833958823774519,0.5826137678870154,0.9854020822829939,0.7505440131403313,0.9641771287958999,1.1557594219578764,0.9008514118871014,0.9270153665873543,0.7889915566178177,0.8854185582902246,0.5815986910079626,0.7201623861510524,1.1671971812089166,1.1578977703419955,1.1973317767702352,0.8948676339566283,1.2742315473500372,0.856327144547478,0.9191059242187247,1.3301824456629687,0.615437954659328,0.9941262786770955,1.1987002351288742,0.9544785514355507,0.6429737951878578,0.9103233230009152,1.004699234107203,1.6784264414901482,1.744130939530197,1.5227221143912673,0.9540974875304762,1.0307486064797025,0.7965109417537927,0.4085353473920946,0.8762898062072408,1.4922345488012516,0.92515212350542,0.5355414542478193,0.5330927520578687,0.8580938697354341,0.6431592362303362,0.7074833397194866,1.0,0.727415002645611,0.4786076637971536,0.8093240376408316,0.70205773347135,0.9430206325300247,1.0,0.9839414259093944,1.0249690536862723,0.9182626959006411,1.1391795434549778,0.6400297082513382,1.3003779546096967,1.3673498863940663,0.7651632603508911,0.9255736604388403,0.9289897220482285,0.8240382299555871,0.9473423009929042,1.5377366826608863,0.8097340022176036,0.819024088386981,1.182298721280389,1.1482790447813418,1.0643096266921792,0.9651188200794274,1.1353645437223614,0.9633510389703662,1.1751994291708383,0.9862943542698848,1.0,0.5995765069595218,1.0,1.0,1.0,0.9922882037004694,1.2878234684765117,1.0202882518707554,0.5322946054859211,0.8696142069199195,1.0057422639796603,1.0075060409395025,0.4818101839501304,0.6547540477582592,0.7187810940999725,1.1304108184993527,1.3082099656930888,1.4762420831511802,1.0,0.828579742924932,0.9112987015559845,0.9821754253378168,0.8995022682607123,0.5477087037763875,1.2624312271899336,0.8223405405355868,0.9969099000232184,1.0708849255154624,1.0,0.7740483723275039,1.073402868059929,0.7788238815751872,0.7602276620560406,0.8107577032838953,1.2503731043013513,0.7137684088021741,0.6689032681356031,0.6543488717567993,0.8815064687408937,0.6697476642075608,1.0552341798551848,1.0,0.7659524819704143,1.0,0.6438981318491078,0.6306178614822129,0.6072505557007521,1.1994369955654745,1.0231371518088066,0.877042737290102,1.0372281892502673,0.6717736755700752,0.9699361180252242,0.8145243517462282,0.9506388220652958
2015-02-27,0.47119458256049074,0.7624834781048275,0.9311745003143717,0.6027494289680808,1.2304470642990832,1.074775017600234,0.694792220040698,0.598827957656477,0.5164565310864151,0.9590832983268351,1.0502677649466499,1.028546349743584,0.9509931476198867,0.9420853445883752,1.0049242975442763,0.7062214312354007,0.5854660585397488,1.0276935045679292,0.9968760041131549,1.0467349302835878,0.42264833820882153,0.6628005854984345,0.6078322140613025,0.8711946466582916,0.6870171991970817,1.0,0.9135487949682423,1.0,1.3024933306375361,1.1685980058361687,0.873857035999436,0.8715908331845574,0.9304581778400027,1.0079565568122135,1.3996509772024952,0.8339550594095468,0.5819327046775107,0.9852966196507961,0.753672609271176,0.9655593072450421,1.1222234835847995,0.896110260008099,0.9383816591803473,0.784509773742563,0.8857819213697862,0.580925314974253,0.7416608909912179,1.1460563089169453,1.1485230819735994,1.197392289705316,0.9012468170252572,1.271385807077292,0.902137120719178,0.9143922691172801,1.2642163775389395,0.612624213930918,1.0484642311652403,1.1904706852914198,0.9554059933127826,0.6191101132378112,0.9448364975087122,1.0045134631135852,1.6713033224681175,1.7347906050441328,1.4824600052834698,0.9470826863496374,1.032022542936535,0.7583365083290041,0.40515825005653605,0.8672776290562801,1.4900605399581124,0.9301290164688493,0.5592880846049832,0.5658262474569405,0.8062673572462538,0.6158416992561433,0.7070952465023606,1.0,0.7342119626264192,0.4756181491919278,0.6565267814561679,0.7197905418329551,0.9595679207617613,1.0,0.974219306547315,1.0078160284947166,0.8936926629374821,1.094230716591567,0.6400006983964257,1.2492474578295245,1.3627979740928424,0.8019937362148111,0.9254622803902918,0.9556311664128145,0.7929427997651547,0.9626651113121207,1.5375047199328427,0.7940035943637991,0.8311646874451468,1.1819079415263367,1.1487736100229426,1.0639679303858398,0.9631188848789908,1.0850731166622352,0.9665818537590851,1.175661226766906,0.9805980788146018,1.0,0.6152266849173776,1.0,1.0,1.0,0.9928429394937042,1.2658156018346431,1.1275611656147946,0.6224030961901578,0.9225435640161125,0.9487756081236518,0.9606184393117305,0.588012038760185,0.65840126816122,0.6928015834131309,1.0564064397491049,1.3082451320504882,1.475752226845214,1.0,0.8229895429796358,0.9060324038391679,0.9806256983047457,0.8965901731956931,0.5570714948609854,1.2412743167613813,0.8312562405066481,0.970647353862941,1.0733943352160715,1.0,0.7914847325779585,1.0677637728329363,0.7957464651544257,0.8096911255827048,0.8501631735443324,1.3345221841035269,0.7124388568960585,0.668675753122089,0.6607272552898675,0.8739683607989208,0.6678566601480954,1.0295706336712023,1.0,0.7520878146518956,1.0,0.643788112581414,0.6292904549972634,0.6064160212064302,1.1965701069594448,1.0230506478466377,0.8727279808914458,1.0106700453173643,0.6950916145204217,0.9701097432216425,0.8117109838356924,0.9504959895955539
2015-03-31,0.45133682767050354,0.8363451671312134,0.9282149087115623,0.6131959226688019,1.243098389871645,1.0989096716707911,0.6948000650239217,0.5817125424016358,0.5158604755282078,0.8949362929792443,0.9864666515842184,1.0472045990642411,1.0106343220046465,0.8682079024335583,1.0067694104202771,0.7527428835529495,0.696177999449326,1.0262915574294327,1.009192620613364,1.0557729658482864,0.3936497096910144,0.8177525332751109,0.6078380588223833,0.8711670812924586,0.6870170205497121,1.0,0.9198856207409108,1.0,1.3118657740132151,1.1702487821856433,1.0131348001448037,0.7792755840179011,0.8159567318396129,1.0169528975952513,1.4496166718908634,0.8340329468170731,0.5856710406151109,0.9851063392134455,0.7624606977542729,0.9652079708744721,1.158313188338425,0.8728246565856378,0.9125978151968195,0.7408697969886275,0.8747780933051622,0.5888742209952704,0.6882639260082715,1.1508814169431352,1.004343867570056,1.198432079118862,0.8960403089765265,1.1929769070847178,0.7000035542107226,0.9822986267040461,1.2141895630385178,0.6428570964952705,0.7054983655555069,1.2023891016101744,0.9549828937703727,0.5544477053921322,0.9086020984259813,1.0034203247412323,1.6925760035607378,1.7468331705478586,1.5327109306597508,0.9927304683290649,1.0278504739204486,0.7993421071894578,0.42627494557339096,0.9088635593048282,1.4967713704919503,0.9565053921019062,0.4736343280772536,0.4809669635318575,0.740317552255783,0.6049731587619926,0.7062629255880377,1.0,0.7489353755177155,0.47428665431347794,0.6156319284028952,0.5592037322373535,0.9348504321021733,1.0,0.9962825020091881,1.0514801688309448,0.9803256824545956,1.2938080091844992,0.6399699923795146,1.317663559338969,1.3063952740799047,1.0517480769831835,0.9267026056154141,1.0449830306225978,0.8668122007688871,0.9179493105316102,1.5318384493676627,0.8716917678926783,0.9606387809446171,1.1221633749944642,1.155520816224285,1.0602669690501199,0.9554282956187721,1.0961732709636025,0.9750151239655306,1.1748953886958586,0.9856628634783207,1.0,0.6020732043230725,1.0,1.0,1.0,1.0060839459732598,1.1725042389867046,1.2292061769080638,0.5109597678366493,0.8733964662875785,1.003899170512313,1.0054159904983044,0.4503875742249217,0.6546944652364357,0.7039256842829815,1.1722170664528055,1.3077105604391042,1.4592497529642023,1.0,0.8554838824902433,0.9349871596884959,0.9818342109687329,0.8908356522287845,0.5290155444889224,1.2322350382298244,0.8233475301881498,0.9844973785074066,1.0683175894081756,1.0,0.7680169365349512,1.0902129388001403,0.7768072778596964,0.80413159118731,0.7926205992064961,1.3171916727943034,0.7081859682357434,0.6696555791928243,0.6279954123224281,0.9186088943770372,0.7261515302267108,1.0511455803189969,1.0,0.723882933655821,1.0,0.6423516081399524,0.6258709007063339,0.6058179993846446,1.197387766110183,1.0237729119784353,0.8859048868709682,1.1085759843053564,0.6749010615407969,0.9780388031597403,0.8632518104041498,0.9702754687209924
2015-04-30,0.4474218602627409,0.8043757158093428,0.9359491432903502,0.6202619150482693,1.2147446364643129,1.08745715911066,0.6947818316361372,0.6051979823356096,0.5223626639001392,0.98084463806257,1.0436201263821887,1.040031905663262,1.0911185187774861,0.8715888326176925,1.0068160471238607,0.8037511704298044,0.7789270683717883,1.0264084719005975,0.972675867230357,1.121641956953086,0.42491368431469445,0.8421660051095252,0.6079005307925588,0.871557128508033,0.6869945226568878,1.0,0.9117191202399425,1.0,1.306118717518867,1.1703256324726428,0.9783008887593547,0.781929917146868,0.825234108743414,1.02187327558881,1.4757478447058103,0.8339689191934441,0.582627970459022,0.9851955399077474,0.7563011061518632,0.9655967620836188,1.1940741292664785,0.9051861987327786,0.907407507013602,0.7597722231215903,0.9563937444148924,0.6015657091793453,0.7103748908426,1.1325615970631604,0.9995190150343146,1.1979555240118605,0.8731734524743229,1.1839369439702863,0.7452416594860722,0.8948296400853837,1.0681177799332346,0.65596913363222,0.7622618932305667,1.1940724752185639,0.9495334272129508,0.6109419033112022,0.8986196729364183,1.0042747173258944,1.6983114103669603,1.7495510847458933,1.5404764217209053,0.992781171855368,1.0260788373370833,0.8300642892690686,0.5054862963224052,0.9189055744470986,1.486575040118912,0.9686418908207015,0.5580276375409131,0.5726132835962481,0.7165078764750408,0.6187454685652269,0.7064730648172415,1.0,0.7441096707471324,0.4816307109141724,0.5800323212444265,0.7043781281591379,0.9209344469057066,1.0,0.9979790138649945,1.054362821693387,0.9685658961054675,1.287201297502928,0.6404726652938963,1.3163679848376906,1.2874538683792627,1.0518112474975205,0.9269187785702584,1.0461802817945005,0.7844646270097679,0.9070569124901491,1.5375375534508353,1.2933461742918317,0.9612710151285049,1.1802449253308462,1.1636871465602097,1.0609743659456072,0.9507155586386511,1.0694397779148104,0.9680731940980462,1.175163363114617,0.9799600957909783,1.0,0.611628184147482,1.0,1.0,1.0,1.004376749596277,1.136154113078574,1.1601664136406313,0.7120761968280351,0.8643606605134633,1.0231317765919037,1.0199043245941881,0.6648612358377713,0.660237222538038,0.7129542478349782,1.2167310105304967,1.3094728010639576,1.4630817862749068,1.0,0.8578938056395784,0.9139655442704904,0.9768078882710945,0.8920230686607613,0.7045080181751372,1.2204552460890996,0.8737983127975066,0.9365513241284362,1.069635556478365,1.0,0.7639606722341852,1.0863821136700782,0.895425886222928,0.8442747098015496,0.8858505235380498,1.3468075191015056,0.707839845572348,0.6690030351060867,0.6516221407335159,0.9037164158419849,0.706286158398345,1.0768982672984722,1.0,0.7128699168387056,1.0,0.6425821022515323,0.6254250691691234,0.6057080939458346,1.1848184308224945,1.0236614795394345,0.8799031051905932,1.083427091175219,0.7522133463546685,0.9751605126066671,0.8439507644478741,0.9639683747288098
2015-05-29,0.4323285629840562,0.8021233300660116,0.9283986668895975,0.7015872773401545,1.1979954613543673,1.0351660314063669,0.6947715724166238,0.5862703043037547,0.5167356272596066,1.072856709290744,1.0116883815827729,1.0490628821496706,1.009715286742549,0.8508222733687045,1.0076310839476565,0.7700599693965957,0.9950794985591707,1.0259705231079947,0.958246396499384,1.1639145085506817,0.3791944133494787,0.9516943029730769,0.607802379763238,0.8711372882748167,0.6869904263910662,1.0,0.927927031667439,1.0,1.3116972992985623,1.1704286957331809,1.033509016925347,0.7744856994885752,0.8275875964616605,1.0499473407806936,1.4967510502490091,0.8339001341750409,0.5812026401934327,0.9849739820647856,0.7588307374115089,0.9655506306459927,1.2051271919962563,0.8732884569064961,0.9122171004916374,0.7298723305450299,0.8906794449579403,0.5865618337993055,0.6728319993089221,1.0623972212037902,1.1937892544124975,1.198646735765554,0.9126705516654403,1.1155402829684133,0.6416476727720075,0.8691717709505701,1.0618444220019456,1.1857789221643156,0.5152372633976068,1.1831921956133578,0.9513159623195898,0.5657263501848387,0.8814452072973925,1.0035061577334536,1.7041199697883112,1.7514109915084122,1.5560245061325575,1.0168330975501014,1.0585781675588901,0.7732145291214806,0.43514878270838364,1.0172907170836902,1.4944945580488012,0.9606894156608172,0.45771959408775686,0.4687908878615321,0.6585256753569213,0.5847837074479411,0.7060619324896087,1.0,0.8212345165679282,0.4726554051368115,0.49578529926165804,0.6452812272737698,0.9265310064363489,1.0,1.0262847228284906,1.1044382501381054,1.0263912298528695,1.337368097076943,0.6401192858486222,1.3658553708544314,1.2498877637342307,0.8836511265374304,0.9279343322498415,1.1577587313839628,0.7847392383850551,0.9216301844739078,1.4946329400986198,0.9248654282018778,1.1879529894026448,1.1957897716158674,1.1561899678228553,1.0760474964706142,0.9993972869305412,1.0791159715589986,0.9624056698225519,1.1756779127100292,0.9875419245944916,1.0,0.602206110337931,1.0,1.0,1.0,1.0215852385079287,1.2773948109219584,0.7319311877591654,0.6347477924105966,0.8889604166734333,1.0003137076836395,1.0003234667953804,0.6679124473730478,0.6527587159390551,0.7335706699256086,1.2476220760754395,1.3101098994462541,1.4708744409071202,1.0,0.9050941450172517,0.9472726215279704,0.976654545045551,0.973613167924306,0.6390478128534021,1.2649515119278867,0.8630661912295244,0.9510084595214005,1.0688753467743803,1.0,0.7624540523746416,1.0879339558938903,0.9052949585035704,0.8041576385033171,0.8893193452208741,1.3475124002998333,0.7074530806493833,0.669047118935712,0.5963321785130898,0.8974550102435342,0.7391174615166779,1.09805957554739,1.0,0.7113817645817828,1.0,0.6419706765815878,0.6245955996604295,0.6056430929855432,1.1923549898043584,1.0238592936935254,0.8604827994242954,1.1208926451141552,0.7218780441367969,0.9815781545487413,0.8947416445885867,0.9873148475511646
2015-06-30,0.4302201441528508,0.7928479120032331,0.9276448567999682,0.7350049683419702,1.189594888620128,1.0295602289135843,0.6947697358243277,0.5797888789724862,0.5162076260771713,1.2679288081067537,0.9949479568228773,1.0565083234697772,1.0169195245401985,0.8282235030854103,1.0083113496706289,0.7252104716419747,1.0658580732459642,1.0291008027503195,0.9959019429764111,1.1793180506750722,0.3740631023686043,1.0195390847703203,0.6078028468150333,0.8711309672958444,0.6869846337297143,1.0,0.9336609828706688,1.0,1.3151443334065753,1.1704606514519862,1.0484825913985503,0.7707278012650878,0.8766248604495072,1.0513951315216765,1.505412688364466,0.8338967074812422,0.5809745178031624,0.9849672255084254,0.7552489958563626,0.9657414333058405,1.2114814090752006,0.8691723349669414,0.9633892012559867,0.7346704682103912,0.8885790844552959,0.5912982613144662,0.6542288098667524,1.0719726052684604,1.2912409403843317,1.1988256291080543,0.9339900431875358,1.1308540052956737,0.6386905578698436,0.925583189479219,1.1192345913975723,1.252833945755549,0.5224336845393582,1.1785318974422947,0.9520472556786312,0.539424540299388,0.9218135422914485,1.0030503749799526,1.703976573777898,1.7532085586725512,1.559610632702101,1.0231941209803719,1.0765436745581523,0.7475329421395042,0.440882094855799,1.0955567693008352,1.4979906253490358,0.9727602347452363,0.4505704783882709,0.46195249132662985,0.6354600395249224,0.5779882349903573,0.7060441537136067,1.0,0.8917626049381727,0.47201228126055716,0.4802024767819095,0.5310852515966253,0.9389542351855296,1.0,1.0391091041782756,1.1161401320305493,1.0628209644400997,1.33805031012465,0.6400262438889219,1.339373181488094,1.313487083782433,0.8280063625959443,0.9296537143358843,1.2328801726304617,0.7217588754677742,0.9193829864705867,1.4814958385577945,0.9892662616392857,1.2014254823037094,1.2741094543435696,1.1661313420846537,1.0783705204404535,1.0446894445736716,1.1484894424733834,0.9641087827246984,1.1759069312894275,0.983641103814162,1.0,0.5992754658241481,1.0,1.0,1.0,1.0276015382848458,1.294738947279424,0.6349846393771366,0.5324814209649804,0.8953290590290821,0.9813036424894489,0.9855357336195483,0.6548960462646567,0.6481546973462551,0.6983299088888646,1.2156492047540417,1.3103630470576948,1.4774868198558284,1.0,0.917015800910332,0.9365174321578961,0.9533164753398873,0.9828673401220966,0.5715936958070358,1.2988453204061718,0.8422517998527836,0.9913463999389137,1.064190728190776,1.0,0.7600250420074596,1.092284881616178,0.9059751642180578,0.7909721889432009,0.8861242223826081,1.4074596809988638,0.7090703090619879,0.6687359992225558,0.571872174839112,0.9093833370336929,0.7840241289218681,1.1181384332219158,1.0,0.720637082446226,1.0,0.6419296442536896,0.6242142608479418,0.605646680911986,1.1953002722581996,1.0240248042703577,0.848959160393559,1.135349776461713,0.6958561542651757,0.9858607640618997,0.9187086973709789,0.9995612972742016
2015-07-31,0.4274483128034915,0.7427210898228742,0.9270203328725419,0.6919407510469894,1.1529019812437211,1.0254830933875063,0.6947673910732965,0.5732179028411828,0.5152523338878496,1.2941702350565691,0.9131173751790563,1.0650193318534624,1.0003950973012992,0.7459428663037876,1.0110515661927766,0.7128388814161043,1.085960533254008,1.0299472113154717,0.9869348885455717,1.18129715860346,0.372384508706303,1.0688418644321556,0.6077899657887935,0.8710861388711788,0.6869844050947519,1.0,0.9235560301314323,1.0,1.3193507441818255,1.170486761891852,1.1409232499368196,0.7847367657686053,0.9321651489754734,1.0619681243522883,1.4976149131547747,0.83389664305299,0.5808931755144875,0.9849463399377982,0.7600392410765597,0.9661452727663351,1.2157094239423298,0.8722378936310246,1.402903885695842,0.739121731968346,0.8826761838145407,0.586927615496442,0.6047211704374111,1.0191936602896938,1.4589289606131584,1.1988850181837738,1.0045548204504862,1.0907667810817179,0.5450401632168129,0.9100279518326349,1.199090182465377,1.3401330564586054,0.48370143370458063,1.1780589591752872,0.9632438768792835,0.5265351876389155,0.9184306448768527,1.0026114436500275,1.7058991957277634,1.7554487249716333,1.563989766604072,1.0980229306536191,1.0998827317256863,0.791982898980761,0.4104103664895372,1.1866585293251972,1.5003804645730277,1.134727396310681,0.4439281463604433,0.45793490555861394,0.6065832224825245,0.5731823684383088,0.7060308791810297,1.0,0.8911432723318132,0.47159406402725623,0.4605848813085952,0.4940309981524782,0.9826120777947382,1.0,1.1347322773697281,1.1384672801738598,1.1822864395962382,1.3417789117441432,0.6399973622952921,1.3742748797158444,1.325097729639734,0.877082962573833,0.9317241485954071,1.3367233808276744,0.7582454325999893,0.9732328395518676,1.4904464905422625,1.4288362242602366,1.3472595493811497,1.2121304624567253,1.180024714825102,1.0803753286825322,1.0998716135120965,1.1476646277540168,1.0163120327919273,1.1758259980685974,0.970325475592285,1.0,0.597801105767156,1.0,1.0,1.0,1.0286585725688973,1.0701472361088362,0.6189441635178052,0.4519454944795138,0.9102654653152806,0.980659778900382,0.984966151134868,0.5874549372143939,0.643987210248193,0.6633748273252816,1.202553256958656,1.3106307235003536,1.48031735225333,1.0,0.9519268857602986,1.0045811505448072,0.9668069952345685,1.0544224595946694,0.5223276081528027,1.2813043422476107,0.8236522826343655,1.0591046930892334,1.0616965058808043,1.0,0.7629497447479362,1.0807840730566673,0.8179489243872462,0.8262294742807008,0.8683877799914586,1.4191967226237034,0.7067852299039465,0.6687961820560097,0.5457446637393162,1.050108605451961,0.8921394935806941,1.1471181327728475,1.0,0.7551324442343119,1.0,0.641864556792135,0.623991745043105,0.6056305991875207,1.199890275257255,1.024098052322596,0.8527978461509187,1.176737417312935,0.658900862377645,1.001112192534117,1.0279691282643337,1.02635350358783
2015-08-31,0.42600158582093883,0.744716470528908,0.9267164439614737,0.6242232015073005,1.1568320697585017,1.0258833771293498,0.6947680620477696,0.5904709924803584,0.5159475389198882,1.2756426219285462,0.8735155857258579,1.0645411165845955,0.9805457174596924,0.7084071859586929,1.0110222144507524,0.6773187965382691,1.0290283102731013,1.0301069689041633,0.9784605489560931,1.17730198590627,0.37321160982977397,1.027426335904103,0.6077984594079326,0.8710826773733462,0.686977520097072,1.0,0.9267146494360957,1.0,1.3200496141729983,1.1704841071621688,1.194379027213222,0.7489113490968621,0.9457112287259565,1.0619412331819338,1.5045054895534111,0.8338992106865037,0.5812073947356167,0.9849544597266859,0.7489155024340288,0.9660691117679099,1.2159090096970417,0.8762647596721779,1.481250506206753,0.7712203842736254,0.8826771821011586,0.6056884616764491,0.5932897609315642,1.0951333252972395,1.4485315661313933,1.198883796878829,1.0011643209104515,1.120114497349619,0.511093148079619,0.9877165590176574,1.255203703608717,1.3554097672802452,0.4894587794617905,1.1779840348693864,0.9659347961847491,0.5273368955380986,0.9542423145882842,1.0031131579805015,1.7051286645691288,1.7545930066013615,1.5632573803497607,1.0893257249973147,1.0970207711505802,0.7652590429653124,0.4175678722044145,1.1549836807565799,1.5002819425699019,1.1343466179167627,0.4456620239315754,0.45992903934622864,0.6165022722818763,0.5747018067204035,0.7060954932687833,1.0,0.843383592069418,0.4717709403217526,0.4507780427728858,0.5223056071251158,0.9820430908210934,1.0,1.1158857744580881,1.135287601717809,1.1401654199439566,1.341236867887157,0.6408079530236939,1.2800923098802253,1.3513429406347786,1.3900776493489404,0.9359259465682711,1.3072210736519598,0.7505426280731108,0.9824321711496707,1.4684104093019266,1.4855239876529034,1.3167337000346966,1.2397891451848837,1.1893327937959757,1.0803505270281029,1.1096292127484322,1.1618267241910665,1.0249694535469545,1.1756078907666,0.9706754476296273,1.0,0.597378714048989,1.0,1.0,1.0,1.027912193720233,1.175641095270924,0.6169974087946257,0.4871246684452435,0.8876548082865517,1.0369083870323716,1.028817705558244,0.5791128732129384,0.6440860551412884,0.6486450679061102,1.1628529264700302,1.3101141971568158,1.479254055558377,1.0,0.9518719812018398,1.0000392963635238,0.9698387522523032,1.0492323417265987,0.5383159856060239,1.194333110349438,0.8378948740519561,1.0545136181413237,1.0622428949675051,1.0,0.7718974396259032,1.0836800054607347,0.7880238596345109,0.829987130602668,0.8212900435702437,1.4122865629462877,0.7067570754503478,0.6690194395674351,0.5716915574629062,1.059927027963486,0.9407335340923453,1.1476230549712532,1.0,0.7535558761595441,1.0,0.6420832094928384,0.6240357651083273,0.6056555230309228,1.2002476672677047,1.0240960627772315,0.8574336262974684,1.1776161473234565,0.6479679435508001,1.0016209981513629,1.0407646199188996,1.0271264720766236
2015-09-30,0.42624361562054636,0.7504636928850446,0.9266378716887944,0.6403682317861101,1.1465435390400551,1.0249719620946356,0.6947677187543471,0.6049298423370799,0.5159690493674558,1.2144117729021775,0.8166566193941528,1.0568826246431162,0.9465318654120112,0.6733716358345123,1.0118878842363659,0.7029306678086964,1.0629397291909006,1.0300804416230902,0.9192781108016155,1.1865207794333033,0.3736129991337629,0.954463384506819,0.6077996963659593,0.8710799118528982,0.6869745599191011,1.0,0.925871024395927,1.0,1.3195118760560138,1.1704852170723892,1.2847596408105484,0.8114042831091168,0.94031593092439,1.0620550403678486,1.5091711847430767,0.8339075270959689,0.5814117000975987,0.9849540391842123,0.7548696587408037,0.9664870378928118,1.218664002960371,0.9037658024507899,1.503124780796611,0.7548434397201826,0.8979951130625008,0.6273846848212963,0.6021165048570454,1.0900334436585102,1.5066396910933673,1.198884420869867,0.996738845369472,1.0552506573059552,0.46372191509421545,0.9545349147973495,1.3517324850000745,1.3839400149783339,0.5011773022825534,1.178216917892393,0.9693393377163511,0.5095750156740015,0.8922377830804639,1.002916351583428,1.7019180729265053,1.7525692259411794,1.5616850302684782,1.1090225665441467,1.1036153430956641,0.9225798001023158,0.42034714922230365,1.161395707061354,1.4983217024246804,1.1478545952686987,0.44615472760694597,0.45705296676356044,0.5751837986017774,0.5741728387254921,0.7060773098816578,1.0,0.7697083791175748,0.47211155099103685,0.450001089344067,0.6007412749856164,1.0765803242993774,1.0,1.134499690262306,1.1398406150308997,1.156774461614957,1.3413775468166524,0.6421814491766847,1.2594932650007016,1.3625231352074034,1.405562551008583,0.9609099569132162,1.3540104048973336,0.7234790355005534,0.9738926061671117,1.4636229988245726,1.5100830703201726,1.303479533666064,1.283834498913996,1.187260642229718,1.0805200773740322,1.1086656059745557,1.125238625605472,1.0956769487814044,1.1750786522754249,0.9707861391992466,1.0,0.597249894393271,1.0,1.0,1.0,1.0165329092932662,1.1546916495796113,0.6156697586595266,0.5080725652956888,0.8852306157910059,1.0969834359093555,1.0758760803655925,0.6300617343324711,0.6429564636723452,0.636541965570816,1.0161506591238791,1.304520213835905,1.4739529909717608,1.0,1.115741250253688,1.4122589212419492,0.9922783760560098,1.0414535273422774,0.5455100968575566,1.1896822222609964,0.8430600210830012,1.0521397181194792,1.061979596780423,1.0,0.7675848369996117,1.0676763897050305,0.8278193803387794,0.7552942432113015,0.793850832383442,1.398826629505777,0.7064581683548783,0.7079750981031266,0.5722443812529042,1.1528273126308708,1.0908000852361022,1.1495607855722645,1.0,0.7720410386523445,1.0,0.6422248438537808,0.6240637292646705,0.6056501095337656,1.2003253066075363,1.0240924396069178,0.8618684080465008,1.1960992514610265,0.6627715150181526,1.0214208291496796,1.1496643457005882,1.0365260807583172
2015-10-30,0.42539744539528423,0.7067559847969223,0.9277446476511158,0.5982660424940298,1.1159217546849443,1.0253250806651129,0.694768836273553,0.6524332146482219,0.519740710640801,1.1232315861424713,0.9034105091940617,1.0580021309136782,0.9395034303074229,0.7238334278734275,1.0118484886385384,0.7200341823326026,0.8896890297866586,1.0300596083011142,0.9617991295284058,1.1572565178326146,0.3745902117795885,0.8267018304235025,0.6078807521161891,0.8710818711483559,0.6870399542411509,1.0,0.9199329023777778,1.0,1.3193463097014269,1.1704726585978766,1.253057644096921,0.8150523214362377,0.9648227556191343,1.0619236859170575,1.483770410788173,0.833950748166554,0.5813108797152362,0.9849854969915227,0.7484175544804001,0.9663875309885538,1.2169930558622455,0.9603235280757335,1.5056210613258156,0.8180985828411581,0.9262253738129164,0.6241040772598677,0.6221457837017758,1.1110082841449582,1.5112885592350862,1.1988668908080842,0.9946416328046265,0.9241640875200736,0.5006805570812523,1.0402735183375877,1.3208284678884459,1.3864219759496068,0.496423749561301,1.1787529055426325,0.9761510241598659,0.5441918734814151,0.8355715622764788,1.0034871105178733,1.6835413950110047,1.7421361027977431,1.5541988181735484,1.1098150260343322,1.1035833740344496,0.9523092521566193,0.4238123443075731,1.2058393041005202,1.4554657905663044,1.147464302309516,0.4482110353627987,0.4582560628288641,0.5646061274255714,0.5762760906404806,0.706079889623213,1.0,0.7782903101832289,0.47489878602437974,0.44257721328598054,0.7857831810842577,1.1175064211394132,1.0,1.132182263761793,1.1395070632599364,1.1688494779634735,1.3417679053855234,0.6470389360949356,1.201077158750353,1.3696897100679128,1.3846310713727827,1.0163698084794726,1.3987463456945683,0.6711797094615324,0.9784569300882173,1.4776379007743943,1.5354710764748125,1.3446125034658323,1.2685050376051261,1.1877622874685387,1.080419039702798,1.1089173476281469,1.1535089755945411,1.0619940535839387,1.1724583005710443,0.9702306563294092,1.0,0.5972432431818113,1.0,1.0,1.0,0.9895769516039032,1.1323096894666618,0.6160786184684348,0.6022551526330544,0.8818771915542721,1.1002515480506854,1.0775722838196806,0.8500020808649054,0.6427851935796793,0.6281125181191629,0.9488762397978316,1.2923812872486544,1.4626626664133922,1.0,1.1648762942683104,1.4120204944999584,1.0064264621005259,1.0252087686721214,0.6621761577930472,1.0555869525352164,0.881208267501273,1.0447234506804879,1.0636850479531517,1.0,0.7671204233208191,1.061524197681185,0.6702593420076401,0.6845019456993502,0.7873425122191687,1.392034735802385,0.7064866978643064,0.759580753321148,0.5959276579171917,1.15285506387562,1.0627476219747445,1.1488566743143653,1.0,0.7569739229988779,1.0,0.6426676041287485,0.6240962866185538,0.6056519886202585,1.2003065367350818,1.024076411021432,0.92767649751629,1.1927412299861917,0.7337128278060512,1.0165402105716048,1.1138471123207505,1.0342665621436795
2015-11-30,0.42534237328789215,0.7306040017932302,0.9280056531427769,0.5898777015783425,1.0222307397803787,1.0247211083906558,0.6947676020771281,0.6631300378996579,0.5206922930169324,1.2369852738706602,0.9430563008571708,1.062386452341064,0.9782800638223665,0.7555137185288049,1.011771658062912,0.7926627978517351,1.0688514389505919,1.0292237888939506,0.8908366143771715,1.1521500384030743,0.3790818829202667,0.7306617261948778,0.607960687786036,0.8710810482661153,0.686999128041297,1.0,0.9232375091227345,1.0,1.3103587440994215,1.1704383209676292,1.2454579934275747,0.7937825293059999,1.0286259715362849,1.061928877731912,1.4810407522608806,0.8339391889912731,0.5816353032018181,0.9849908063643159,0.7556013450031333,0.9664059301063801,1.2134679458636461,0.9333383848813979,1.5062896212597434,0.855369742375574,0.9339523509009071,0.6188778909049779,0.6688509917563914,1.0439310960376778,1.4854336700971975,1.1988675704821712,0.9728832765784904,0.8920687894678958,0.5962994964973586,0.8138885709492152,1.2558415941502221,1.3854593374767414,0.4972719277862825,1.1798702153521168,0.9737676026880886,0.5322095811978115,0.8377348098672149,1.0039709920718993,1.611770611151686,1.7018790989835177,1.5329173999822991,1.1124762404512891,1.1025524733281467,1.007885293026707,0.4521435495436813,1.241010786016337,1.3838837165005666,1.143046897431682,0.45584851862313824,0.46207811771115936,0.5646359447230633,0.579237810516879,0.7060935383351763,1.0,0.7382657915792755,0.47757362046471374,0.4421425556091101,0.8601198111879305,1.1280515383678305,1.0,1.1385433025192424,1.1397512214634917,1.1899235708398364,1.3408030063250835,0.6452271830243675,1.2202905730759273,1.3436583321588462,1.3103399958662203,1.0225593008762912,1.3189628412247136,0.6873437416618273,0.9051542026901519,1.131451416358343,1.491441915232009,1.340229651142952,1.2014946698007467,1.1423133830148449,1.0804725847478673,1.090459510196964,1.0973361878222305,1.0447886060720948,1.1693539733276377,0.9700731860357136,1.0,0.5974846262184537,1.0,1.0,1.0,1.0056237815729587,0.8063925803629713,0.6162748083360807,0.6647551868400777,0.9029190553933636,1.0859354353336155,1.0613662127741748,1.1342789643645157,0.6430770110991068,0.6245686862326136,0.9235111448466611,1.2645037476233347,1.4558163386577192,1.0,1.2254753973961365,1.4011985812370225,1.0271296351334458,1.0268490466688476,0.7954882634789069,0.9609984180233503,0.9423002244058848,1.0106698298124068,1.06573688576695,1.0,0.7627848511041374,1.0820919767193118,0.8033450596629474,0.6219373765002122,0.7953567853632251,1.3586878993914842,0.706317606114705,0.8189133838833076,0.5947332931411594,1.149963700783707,1.0695940777794486,1.1481739615559787,1.0,0.7641411304365813,1.0,0.6430807451049624,0.6240871007472224,0.6056639843175144,1.2001906531038278,1.0240547949709307,0.9177183182950978,1.1859958797043069,0.7841869151687615,1.012182475249547,1.0820809982839956,1.0314212162671086
2015-12-31,0.4248397606204313,0.671764110366843,0.930686681963342,0.5946297826905769,0.9605678002478487,1.0282246098310988,0.6947682703253721,0.6144637605948744,0.5217972214923103,1.2794273109900238,0.8459469387755817,1.054250960124668,0.9253711887873274,0.6928856992050065,1.0118594429386116,0.7716238318536836,1.012521479968706,1.0299674284897178,0.8582141109889673,1.1561622436561905,0.3745537090151243,0.7335509199030462,0.6082752908491587,0.8710995919982338,0.6869847339783876,1.0,0.9275602980083721,1.0,1.3133232402350394,1.1703639140809552,1.1715461917065793,0.8832672076604466,1.044322817710219,1.0617745309232947,1.4960081749788283,0.8341896988018318,0.5815122029251436,0.9850309688772095,0.7491365179548337,0.9672510452053048,1.216689870821044,1.0205804576188937,1.515977288838679,0.8636561461311637,0.9352873776575148,0.6187636668782461,0.6199362204058256,1.0301936089462638,1.4976017297230697,1.1988387128240516,1.004411498515684,0.6989803710969409,0.46589298694147796,0.8384238057812444,1.2359423858357894,1.3851802253525891,0.47863860169787065,1.1799679351654853,0.9812768913028417,0.5289838420331919,0.8335519553386613,1.0029863343185803,1.521914742588329,1.7114116334149405,1.5383912060107126,1.1165773879834442,1.1032408786876355,1.045861051762696,0.43690489293576373,1.270848829122745,1.285501364896417,1.1510785728180233,0.4485333099805918,0.4583375551174649,0.5578528111404935,0.5742718673719147,0.7061519682534222,1.0,0.7470611253329968,0.47699389545196436,0.4409301209652451,1.0126367296508292,1.1392836951642198,1.0,1.1501376239886796,1.1397698040277413,1.254867550993675,1.3404377803292822,0.644317500940959,1.1647471400913787,1.3505946101685378,1.347105873106285,1.0270893481489207,1.2909266759009876,0.7135711051855018,0.933287943937415,1.143586124845935,1.5892444484346853,1.3646049212242393,1.2080896210953207,1.1153076111439264,1.0804758804018395,1.1040205578880713,1.0756368888198125,1.077923499805851,1.1583617296808018,0.972515805454513,1.0,0.5973225536538531,1.0,1.0,1.0,1.0045759075531304,0.7765818087653815,0.6155208458000665,0.5854029975967748,0.868133582048984,1.1289179691848936,1.1014474525917797,1.0441830353136812,0.642872571219181,0.6207635931136684,0.8385891101439013,1.2587105741890714,1.4414837429047536,1.0,1.1593144613961661,1.469110674530313,1.1020211899143078,1.0864590507307827,0.7641350811241059,0.8219237344323516,0.980154004849489,1.0390864237074147,1.0646008571727095,1.0,0.7855242519169907,1.067837848373255,0.5875120561341113,0.7383525600493133,0.7486121949235091,1.3224317867696571,0.7063431777270139,0.8913345557355596,0.5654048481810585,1.2065705478995652,1.0954091587996762,1.1484605667527226,1.0,0.7698848883201475,1.0,0.6434463446694763,0.6240102476557466,0.6057670492937955,1.2003348484846144,1.0240800373633618,0.9391839542287079,1.1809339580777514,0.7812245502457938,1.024193855298169,1.1173463379823974,1.0339156695241518
2016-01-29,0.42450496305866814,0.6587164243339839,0.9300498222208333,0.5932580109486911,1.0027508609976343,1.0301516453265473,0.6947757672536605,0.6000488376906807,0.5195079011445274,1.335994314940566,0.8352055310248383,1.0463195960287734,0.8960730938407881,0.6604495541765111,1.0119049162134213,0.7738730791401501,1.0519022458255955,1.029528361413166,0.7713976118440078,1.1524439575916163,0.37392025964435993,0.6376899487975389,0.6096687033804018,0.87109852836355,0.6869751930689624,1.0,0.9473091665391061,1.0,1.290075313704166,1.1703219090725738,1.448107552811859,1.254962718136052,1.098908408782445,1.0615467715146705,1.4983371133332564,0.8342759400360851,0.5818804918617358,0.9851079131630734,0.7926451942259457,0.9703516964292764,1.2177142390315718,1.0413320970314086,1.5185576810750632,0.9313740950799055,0.9626742406915932,0.6082509234526642,0.6208540022483018,0.8757076677192925,1.5171675320829163,1.1987726965103,0.9990653177420648,0.6396622969295132,0.49167654674257744,0.6735599075705885,1.4060369201658722,1.385075653318919,0.4782510156012344,1.1805121766915339,0.9812252413895732,0.5126740196807887,0.8402941228143017,1.0045810954419974,1.5806570627393564,1.7374835295814872,1.5549091796916081,1.1176864141063279,1.1048037376681865,1.129147503985186,0.42207661874619473,1.271935916284179,1.2698156553371573,1.1514285402597657,0.44800649558848515,0.45793606105222906,0.5545564906945437,0.5732770149267742,0.7060872283414161,1.0,0.7937364657235939,0.47687433938549173,0.4395090934938347,1.0307438390014927,1.1978337592505746,1.0,1.1447897478073188,1.1369284847522176,1.258656081280006,1.338645002641822,0.6432145186969307,1.1328125370920967,1.3534587219987164,1.3153433208459322,1.0301087823645334,1.1329287124293426,0.7078690058585608,0.901215665327605,1.0699283214702116,1.5989255424839206,1.3738631195677415,1.305601220827509,1.141324303576793,1.080633780348369,1.1182385154041317,1.0272463539071266,1.1266203924832379,1.1624839832981102,0.981451482875515,1.0,0.5972085752460554,1.0,1.0,1.0,1.02293646848239,0.7073896047193284,0.6153992535440299,0.5616683345411168,0.843586690998601,1.1340630960632174,1.1083362129653882,1.0294385864065265,0.643725418735301,0.6192271959238064,0.7339715203661801,1.2887390492601138,1.4362682790552246,1.0,1.0957275531004815,1.4800241212472742,1.141785045336602,1.09970361407692,0.7221087959026458,0.7174930569048193,0.9911376312521831,1.1259621054173574,1.062582879359807,1.0,0.7614842804345051,1.0546242362225635,0.5657628820712417,0.6857310437892061,0.74750081106308,1.2533726858078982,0.7066353111356468,0.9296618833903979,0.552703946376904,1.2496389142871076,1.1434108051898166,1.1492813657286638,1.0,0.785833663690841,1.0,0.6449382299878567,0.6240337890698824,0.6065194731406283,1.2003940122806973,1.0240779771523725,0.9360926431169935,1.190653003866862,0.7740432755919398,1.0335214787292297,1.1840358546627863,1.0377951859372396
2016-02-29,0.42407371213533385,0.6515389642448584,0.9285442996926033,0.59293915382722,1.1328012283196962,1.0294667542578237,0.695245449537484,0.6048591027606398,0.5214357266550237,1.2440610851442044,0.6368217779023748,1.0311116908176583,0.9338480299962285,0.5757089202254579,1.011944083780436,0.9590398231355859,1.0257755992114967,1.0294668298235377,0.7983832017325097,1.0457745870728503,0.3733273029166666,0.6047565594382815,0.6243856724752637,0.8711125536022164,0.6869747056233498,1.0,0.9632825319774548,1.0,1.2837951957902654,1.1703087259494906,1.5095336735214235,0.8534254475629104,0.9747266132691339,1.0620884406285223,1.503812733828286,0.8353388152582453,0.5909103385991434,0.9856434775338371,0.957259035069622,0.9743805529643745,1.2188019608541496,1.0442690414174276,1.5189087571784903,0.9148343238816536,0.9877488683430594,0.6718623579164855,0.596129464208915,0.8493691750982288,1.5238143220549643,1.198768481110396,1.0124080172023382,0.666777444134599,0.41078146880860045,0.9334180220356535,1.449393989946758,1.3852677061097094,0.495595661697504,1.1859544418630938,0.9778297456939151,0.5007150058058438,0.8207002101497056,1.0043944591183949,1.662518023202037,1.7513116236038087,1.5626195033754078,1.1203564881429933,1.1049396766517599,1.153419623999474,0.44308786840355663,1.2770591814947452,1.4152828972020712,1.1522885340437912,0.448704497550634,0.4570627615341204,0.5575894555774521,0.5747026832099509,0.7060461137063115,1.0,0.9170877223173944,0.4824459943358719,0.438270269841028,1.0894646404272033,1.201446361527517,1.0,1.1503259234069416,1.1394290207638802,1.3051779423077297,1.341611401126272,0.6434685041314613,1.0935285563389272,1.3358927410594321,1.4244472626432074,1.0410886510392892,1.0797480502686623,0.8890172405383777,0.8658772099440865,1.0581586762249495,1.6098792040036969,1.3898002698063592,1.2492885809924348,1.1667075564416187,1.0806582516767134,1.1220682502907184,1.0788312528873125,1.1320828425391256,1.1710539527322679,0.988508165923322,1.0,0.5972042254419296,1.0,1.0,1.0,1.015336224383113,0.6872961270717846,0.6153975561039899,0.4957896736008307,0.6911801022042762,1.1267718022010793,1.1037864007895597,0.8324456339416222,0.6527947318743218,0.6190093735659941,0.6814830940850765,1.2910837780016946,1.3105724432374783,1.0,1.133055915484207,1.485208828154311,1.1581537992178959,1.1017928019410828,0.6995239302428529,0.6717420202728404,0.9264843817748878,1.1657651014916741,1.0620099162978265,1.0,0.7604967213823869,1.0357436228315102,0.5043215060628837,0.56141510258278,0.6954317143070572,1.2960358159141978,0.7069121357499724,0.9712562271941352,0.5338901911856055,1.2837601327446126,1.2184022993046857,1.1495752682553486,1.0,0.7703716924948721,1.0,0.6468236642153256,0.624413211784929,0.6102771336875029,1.2003969677067754,1.0240949804804038,0.9183480572065045,1.2275077584498941,0.7854582362128744,1.0397990618703987,1.2511197333842978,1.0412972554554398
2016-03-31,0.4257066336834622,0.6473630871451732,0.9345402790607853,0.626326679797717,1.1269270177255468,1.0416918805912727,0.6957664863649148,0.6933642375090429,0.5586773578512412,1.1613805096733265,0.8110799696579731,1.036864573109618,1.0037033982167316,0.6019799301206752,1.0119140577804333,0.9919967584280641,0.9869557444335455,1.0294547930732656,1.0113860985237493,0.9844880259548645,0.4133171184943767,0.6916400348380406,0.6460905491430076,0.8711889406916488,0.6870029994169997,1.0,0.9829520690544855,1.0,1.2939070040897431,1.1697884060276191,1.5076136229485755,0.8094354878654328,0.9566873197790813,1.0618511679485325,1.4912479706312078,0.8385744615687374,0.6530332463237345,0.9862262410154031,0.9537677774305694,0.9805651044230017,1.2182182702393427,1.050157473129826,1.518472753866368,0.9423859280518477,1.0012379440960715,0.6454595457226036,0.6191861709963324,1.004404605441775,1.5239132188714255,1.1985588937616092,1.006155053351701,1.1562645482284997,0.44706959088508336,1.1407780279366546,1.449938151064345,1.3832700300776872,0.5603318758429529,1.193445850859245,0.9718261426365504,0.546669638758255,0.8224448412146464,1.0033669408780137,1.6626223308015997,1.743132150271527,1.5597977390916253,1.1162993501597567,1.104758847450449,1.1280117437174886,0.4274754219556407,1.2439217304111843,1.378967758484384,1.151866153747148,0.6232217516007867,0.5026086965467378,0.7368035332839404,0.6400069783369136,0.7060662060023861,1.0,0.9792161369663007,0.6080021436820251,0.4400358931533753,1.145452834780475,1.2002482767850302,1.0,1.127915067239678,1.1301192786887535,1.2001672223733488,1.3391127436545922,0.738206745652783,1.0437380319983516,1.2885379532717458,1.4398204860439079,1.045093389189319,1.0018554716328405,1.202650880979598,0.8641329141406601,1.1606708876048393,1.598549993485502,1.373158004875577,1.1817017536077024,1.171318972622654,1.0806415640861144,1.1194113329067235,1.0720455742957817,1.1150737020365986,1.1634046340907316,0.990306751499119,1.0,0.5972035858155214,1.0,1.0,1.0,1.001169367710266,0.6856487884292459,0.615807402331639,0.7415111910846093,0.755283212889775,1.1284139681011844,1.1051618048892222,0.9635053269844848,0.6466886977269404,0.62135158137184,0.7123206893833107,1.2948304410499563,1.198124016056665,1.0,1.0101016013025768,1.4847399578675546,1.1589286460725932,1.083935673290341,0.8239081034103084,0.7812283305713519,0.9796327508904429,1.1558805590074548,1.0634520011070454,1.0,0.7614307509627931,1.0528294956061417,0.530661355278568,0.6085162477031112,0.7206677646607407,1.2458101639301906,0.7067112617859935,0.9038677078711274,0.5685277045354789,1.2698415856028857,1.1593244543973407,1.1492172019049636,1.0,0.7334455421066072,1.0,0.6879063332272293,0.6273073883128915,0.6254523470459834,1.2003966612357375,1.0240854186987736,0.920134473446252,1.2061439723974368,0.7753561880348144,1.0381321243753936,1.2096919372094743,1.0396445004904278
2016-04-29,0.42921917531456044,0.6441916594736743,0.9335368931114232,0.6402813028048508,1.116690612297085,1.0321749777638538,0.6968068513197869,0.7242594787535184,0.5626292209005804,1.075621959286923,0.8838288005647371,1.0337869142455178,1.1963966861104076,0.6266639188275691,1.011911543821996,0.9935907550333283,1.047954605077655,1.029436822527911,1.1014644260719955,0.9606745674222454,0.43546601268072116,1.0098427385474251,0.6290918066931331,0.8712909503708519,0.6871961180568266,1.0,0.9381972520905315,1.0,1.3128085061265171,1.1701858632184912,1.5118747318825403,0.7870476999270403,0.989544316293408,1.062185459626092,1.4642411176061494,0.8369492449621969,0.621103523498031,0.9860419347075406,0.8677829234340061,0.9837711507773376,1.2174952366530525,0.9882943999706914,1.5185913461165166,1.0233570882300547,0.9760478562986742,0.6788700136426531,0.6053236781510736,1.0087458127562527,1.5261439647492194,1.1987151283056239,1.0064178471170193,1.1282287640096524,0.5432705382003168,1.3385639727088572,1.4555519117947424,1.3858983343599616,0.4981325388376696,1.1892181738710146,0.9640876437782225,0.5322888861220553,0.8378321741864473,0.9994621625465948,1.692006915922716,1.7474055032230662,1.5614116709044898,1.1189037056497684,1.1051193309025207,1.0984914423641061,0.45061412308507287,1.2645129356580953,1.4911553497418346,1.1507699542691199,0.7305802754719961,0.5116888316375113,0.8178397839485921,0.7007445246120301,0.7060347712598796,1.0,1.0149077040460757,0.6707711174043589,0.44153870412400376,1.030835466534231,1.1994747255694476,1.0,1.14447796654372,1.1378210940593214,1.280492202183448,1.3412045142467819,0.784135537181116,1.0895855657958269,1.3184717244341313,1.4381667182101667,1.0491319123536218,1.040374062761604,1.224670770369036,0.862734939185471,1.1508484087448663,1.6155775030329136,1.387971613228281,1.112366262166903,1.1644064237066944,1.0806394622824607,1.1239055635559692,1.0970152266097728,1.1195930897666293,1.1678321784183294,0.9928156224257979,1.0,0.5972039847388777,1.0,1.0,1.0,1.0089932373173827,0.722588275764392,0.6179352662253663,0.793953234163729,0.758046134136033,1.1297550691734977,1.1061686922000857,0.9388586406131506,0.6449682601486303,0.6307247933156857,0.7303703685242239,1.2951418731192945,1.2125162697233314,1.0,1.0172769307468514,1.4856350207494762,1.1589091756150882,1.0854904622997912,0.8503790778494047,0.8733520077573693,0.8808582458990842,1.1649187795199412,1.0629435245157217,1.0,0.7620943370953198,1.0531953619843362,0.5883341270623115,0.5983848747830962,0.7382153336452872,1.187719354779846,0.7065371496360996,1.0199299731334064,0.6092492457726948,1.2679577252599956,1.1676823725859413,1.1489614077489596,1.0,0.7454272800559991,1.0,0.7115392320827796,0.6295375714095665,0.6240471683989707,1.2003978785157898,1.024088175506485,0.9093896755831975,1.2244670736058358,0.7442301778149003,1.0390707282264988,1.2350958402795005,1.0408994472725637
2016-05-31,0.4267307743356835,0.6570562296899527,0.9343131185442607,0.5704066163910313,1.1421817584278915,1.0371381599382477,0.6954916094445533,0.708617367260617,0.5376041426544642,1.16087255540076,0.8378339946051453,1.0299312925885418,1.1178767457229961,0.6418851157950958,1.011926370449898,0.9798509499737288,0.9154405113068439,1.0294559996257908,1.1514202602882213,0.9472487471469005,0.42100791083180433,0.7905229466199168,0.6254513102322325,0.8712955313657078,0.6870297083123504,1.0,0.9485682484256882,1.0,1.3031804625030374,1.1702526414778345,1.5128221609750776,0.8919156393896108,0.9583057613338843,1.0622143011003577,1.456528770716028,0.8385741920573658,0.6486356161199804,0.9857822781814307,0.8518460484725552,0.9786318876195321,1.2177219276882962,1.0568464898302345,1.5188819400359903,0.9469564436010034,0.973238262321424,0.6165102682272612,0.6184187684889719,0.8923950089737276,1.5288178031727768,1.1987174087966346,1.0112997270165234,1.0863318435242335,0.49462589213013974,1.0956940711445136,1.4542309598779384,1.3840464654624727,0.48764022987821687,1.185965084172735,0.9681691378877217,0.5454238270412568,0.8689762251382881,1.0019215870346663,1.6711848385236845,1.7479626673760689,1.561739493731811,1.1192784933585378,1.1051053365200267,1.1596536681682168,0.4294151305597206,1.2792675580885513,1.4882975349675405,1.152188911881888,0.6803016210947253,0.5266506909258626,0.7722129285056805,0.6647516080944382,0.7060709766075081,1.0,0.9496889634669815,0.5977778466528381,0.4403294106348994,1.0310547235160201,1.2016743149499103,1.0,1.1425939928902542,1.1360223705530956,1.2660336386055306,1.3401774750031008,0.7350321110572389,1.0949996908185469,1.3680305265472565,1.4145787390817235,1.036323255991402,1.0329196736125204,1.3267667747263667,0.9123477227084662,1.1251572403655623,1.6090481229948432,1.3772755783668105,1.110630151213779,1.1594553845265598,1.0806015206780424,1.1213792722215212,1.1177767481588843,1.133208274801467,1.16600332014054,0.9872930245893281,1.0,0.5972012396525508,1.0,1.0,1.0,1.00067040405168,0.7213186491496163,0.6174162894195634,0.7701820237490812,0.7780611805533274,1.128508770244374,1.105167724819616,0.9999672276007866,0.6456275002564578,0.6251426264731662,0.6618838693707577,1.3051566345893246,1.367993144229011,1.0,1.0123468059202003,1.4861040626775615,1.1592780325096337,1.0906884708995748,0.8033521776333792,0.7892620267944549,0.9006236253080144,1.16185892034904,1.0626545114590915,1.0,0.7630028688447994,1.0479910312954086,0.5403374989508376,0.5697541499516222,0.6906666304136537,1.1145347971442667,0.7064310246113132,0.9385389873571649,0.5975907263859064,1.2873333663934337,1.1944387047497274,1.1489480828193464,1.0,0.7494139763852974,1.0,0.7030637695984507,0.6294016351306,0.6200655294470108,1.2003974977406038,1.0240939036772936,0.9234041776163548,1.2396360227966283,0.7467302058100348,1.0393722785195818,1.248822040847761,1.0411490676823791
2016-06-30,0.42766880261798823,0.6666506452688599,0.9372040493251563,0.5720327818274726,1.1310033872446192,1.0348870268719588,0.6973200726964544,0.7632839020675419,0.563441765281512,0.9581812800471754,0.789506353366526,1.0354154437929597,1.1526874719436455,0.5976761049958063,1.0119035848181612,1.0909443484222265,0.8453955442655475,1.0295001702651327,1.057498621134194,0.9190503378456729,0.4620885482852225,0.8003593274450719,0.6658205852587233,0.8716940382758569,0.6870547225737997,1.0,0.9565717715383961,1.0,1.3092486555000202,1.1698878417471346,1.5122377490065264,0.8131672868882531,0.8703311928692266,1.0621584199777536,1.4452349838200318,0.8412398957236114,0.7800922773738361,0.9872020976190271,0.8307763513081097,0.9812009345220638,1.2176152587050293,1.0492858027882588,1.5181821025747664,1.023832345494294,0.9822409433116436,0.6595938804107251,0.6200491444320749,0.9609135377053931,1.516743954846133,1.1981176054978213,1.0140651922551664,1.1133357714025907,0.4165537197480166,1.0711483539241877,1.4526193376113048,1.3846757413067166,0.5060520678819412,1.207071428504256,0.9689576135294211,0.623140006573849,0.847867985079062,0.9998264213867729,1.6931325098680359,1.7455340954908447,1.5606609233578785,1.1172535792437683,1.1048204622508666,1.1225766551086613,0.4398348264152362,1.2625904547286646,1.4815084230680986,1.15079425859371,0.7597050661520895,0.5508483171711336,0.7773947237557672,0.721247762601936,0.7060937644030858,1.0,0.9298902852634928,0.7259003154255766,0.4413898755169524,1.004223813988389,1.2021819668389966,1.0,1.1383721392483912,1.1339675415975115,1.2554373963344578,1.3399602975503964,0.8084788088979411,1.0779268443018248,1.33941767106856,1.4359914852811588,1.0471369884809771,1.0761508359354008,1.4026988217729695,0.8948683774111119,1.126329671122694,1.5980728626108136,1.3808474871068925,1.031925861761891,1.1525341283517627,1.0804897275163377,1.1082702226650383,1.0379539500552721,1.1342760531719909,1.1610432150988221,0.991137656874416,1.0,0.59719781233741,1.0,1.0,1.0,0.9848753639150191,0.7082044757778858,0.6485246327929265,0.8136886902942466,0.703451503027027,1.1256589036159892,1.1027919515323579,1.0031109588402445,0.6449617561489447,0.6318315700524468,0.6269376563284366,1.300291283914163,1.1933342941341887,1.0,1.0941973272203935,1.4875930496949532,1.1594387112561977,1.0733547928551517,0.8852177897406075,0.7787246499762596,0.9342280629682266,1.1318114833689255,1.0645406795113388,1.0,0.7660517096916363,1.0554023872266665,0.5411128814433865,0.5405560987864726,0.6673410148548402,1.0151319727718773,0.7063751680413226,0.9662260094817825,0.6226253646769822,1.2783025861789619,1.173318904524779,1.1468346299286896,1.0,0.7782440630860037,1.0,0.7716547502244376,0.6460377554867698,0.6499286649294,1.200397974914576,1.02407795508395,0.9246344652302557,1.2232330259319983,0.8259043620393272,1.0383453689313562,1.2293184690969865,1.0403453000160023
2016-07-29,0.44851569255125256,0.7445040418305657,0.947773475209104,0.5831607611158052,1.2093102406284846,1.0477167253337614,0.699019911254595,0.8349661828153073,0.6858932780807344,1.0536320133851003,0.9908158081988024,1.0541982809933066,1.1641308471520402,0.7560097265059336,1.0116998630934024,1.143386447807866,1.0025456116159766,1.0295460029473067,1.0959357981508622,0.9321929678356261,0.736272512756688,0.9721372033399114,0.7153553051025916,0.872826478218915,0.6885127968836822,1.0,0.9246760655658907,1.0,1.2645066573845836,1.16826228658109,1.508811707392589,0.8372265943703152,0.9158038967247778,1.0611851854496999,1.4475192959199865,0.8377923858336058,0.7625215104002628,0.9885851225388482,0.8437471615043229,0.9949091980425869,1.2156890967105,1.0602358314959277,1.5152032902070594,0.9782293425989516,0.9778415007907917,0.7369284389287135,0.7642828546669825,1.0219968176387089,1.4908957135504797,1.1932747248745128,0.9906825920894947,1.2235104788661935,0.45365612359124097,0.951293400021888,1.4314739545607043,1.3799667553781796,0.5686468728675702,1.2120929169174315,0.9662418779268699,0.6799123483024594,0.8890018106859945,0.9983550784199238,1.661378233308071,1.729359423208736,1.5516474273526384,1.096186555626282,1.1032314437683912,1.1973331902334077,0.7754650741399206,1.2166148394186358,1.3941578390571392,1.1224316903360767,1.0623589482059255,0.7544654165588216,1.010474081264737,0.898784185873033,0.7060913683509,1.0,0.9478807432643234,0.8055783868662157,0.45317624956711056,1.0486415689485427,1.1972113212197875,1.0,1.0786352707872846,1.1075057461645996,1.1675998699705412,1.3330598480671731,0.8404515329032562,1.0459665966603113,1.2446731947459146,1.4408509795080162,1.040575297396092,1.1214055574722748,1.3678707726001256,0.8566734905440179,1.1184884535659099,1.5310094886349526,1.344598291846347,1.045401624742374,1.1608427774950107,1.0800071986539563,1.0774464511119144,1.0039911017004013,1.115120153488554,1.1663213137629467,0.9922529082606921,1.0,0.5972392573478177,1.0,1.0,1.0,0.9814077015024506,0.6665955853899104,0.742100094377907,0.9084336816385267,0.7043228250370955,1.1270115046971831,1.1038385618357152,1.139492441535909,0.6508877722587687,0.6871587180048429,0.612716335860543,1.2959576608772405,1.0886998051739958,1.0,0.9865105743045156,1.4872183421818193,1.1594275403936314,1.0408184291420899,0.9808723784753931,1.016967765264624,1.0073999891784022,1.0768044290219987,1.0752348565066894,1.0,0.7634277356377381,1.0889005313747049,0.8136074397379331,0.6074522448604774,0.7459540094165872,0.9976327387120795,0.7066085433791598,0.9823397827893259,0.790499671676824,1.190826054654131,1.1194792476128943,1.1337331504152897,1.0,0.8987211276500167,1.0,0.8483146232948163,0.6751091704861052,0.6818792702584195,1.2003939250605995,1.0239483136931387,0.9342491827100369,1.1860692899443988,0.9524817443550082,1.028528065612105,1.1058138496515737,1.0330349212735315
2016-08-31,0.45057783384726646,0.9589300381205859,0.951756439498514,0.5741233878446268,1.1684056642066518,1.046073855722222,0.697265072015306,0.7906236833724536,0.6106458033670608,1.3667251412726338,1.0526464061757013,1.056514070840707,1.2339435705470572,0.8879541728857038,1.0116802578685378,1.1155120014114681,1.0665071832019482,1.0296010313530823,1.0678372605057291,0.9741732662227124,0.7584089717123148,0.9947316283719242,0.6827240285145763,0.8735144338345726,0.691050232198098,1.0,0.9379591375259125,1.0,1.2251979770525319,1.169435583624289,1.5047969553553435,1.077764906144612,0.969165889213378,1.0618084889993664,1.4257306119171587,0.8383033690388939,0.6783423948202225,0.9883578336114015,0.7923371111778188,0.9889908290054915,1.2150539771804674,1.0614525391847154,1.5100289665186246,0.9664885228395244,0.9909775248268183,0.6907359871824199,0.9537806368161901,0.9859368427004885,1.5085611149495401,1.1952502993547451,1.009148235770046,1.1815879220005645,0.691980425928994,1.000718482713974,1.3891848642292097,1.3776804449885054,0.5581357861305536,1.2131976983279584,0.9659961736361513,0.5975948149744645,0.8952287742791302,0.9986975339039674,1.6264750686218228,1.725642455060672,1.5501967547874034,1.0900024009372713,1.1033560063830632,1.2009296354563819,0.810657420761343,1.2143833438287432,1.4353046871283672,1.1240402541720773,1.0648935234748018,0.747723068326487,1.0564848423576316,0.8995280069669975,0.706116820005773,1.0,0.9614972911075679,0.7905425532058767,0.4558990141886706,1.035508106826322,1.1961730081098656,1.0,1.0893938190489774,1.1165345528567943,1.1885065883741381,1.3366616374352849,0.784735373612124,1.0515262708414639,1.3410277529239267,1.297341689096807,1.037414341828455,1.12960555238499,1.4108057297020355,0.8460388639732734,1.0963109913522995,1.501882892341912,1.36974458541086,1.1419374807530625,1.1477092328211913,1.080292844250943,1.0601495505008767,0.9841467601229958,1.0937561695666256,1.1667921709233362,0.9952223644007107,1.0,0.5979536820287614,1.0,1.0,1.0,0.9897070865628945,0.6420571384664329,0.7599650144143477,0.909437938662949,0.8160723805215135,1.1292250702061088,1.1054256412935282,1.2428678903239314,0.6525694572130996,0.68176712553236,0.6955082930965306,1.305080215558443,1.1821273661160874,1.0,0.9703445039027165,1.4869383340961613,1.1593888388156828,1.0636091188261316,0.9839311277741828,0.995835938702731,0.9585061713800591,1.0598406654242596,1.0718653060350931,1.0,0.7664336867159927,1.0860992731438868,0.8912913343042955,0.7161337188271109,0.8499997606415822,1.0147538418200082,0.7088006755676763,0.9970168658469396,0.7749924846470424,1.1672850229161076,1.1055031444787549,1.134768400760352,1.0,0.8613207124545524,1.0,0.8158057397868572,0.6610660407460864,0.6363522399253596,1.2003834899933377,1.0239787398781572,0.9459757532599552,1.1823220903421583,0.9757832105534368,1.0282300144740995,1.0880613376085044,1.0330236915583673
2016-09-30,0.4928179456537761,1.0287622073238087,0.986021832712566,0.620395263780235,1.168351702621227,1.0741078156702764,0.7047825567178818,0.823387652556854,0.6814960581242533,1.3315914259831763,1.119259632765273,1.061764411865046,1.3287144593819114,0.9858296904711354,1.010860683420764,1.1921553784635728,1.0934805108123604,1.0298103216023975,1.0845825880090605,0.948807030406659,1.0223266365962231,0.9970976905457659,0.7655242602768662,0.8782691482118625,0.7102671745750466,1.0,0.9248879138948997,1.0,1.1514482961968255,1.1683310862668155,1.4938051696397023,0.8572978793516192,0.9631037431020029,1.0606613760382086,1.40199901289436,0.8401965265877048,0.7582241406590916,0.9926709559356443,0.8035930696982004,1.00236005440498,1.2002677556138537,1.05629800218768,1.5009362717708403,0.9978497179318357,0.9850800430443362,0.7374900559400497,0.9010048658176358,1.016067591557421,1.4744595711414417,1.1900518597681862,1.005677938228247,1.230239723736833,0.746843200869129,1.24980175722562,1.2987540692443278,1.359070116777528,0.6810189064765224,1.2423023270294404,0.9609303320267931,0.6820283730846864,0.8903204729307813,0.9985208044511079,1.5697083409963435,1.687481775056365,1.5259239699985678,1.056866748907963,1.0979006756517837,1.1253578410520304,0.944227468676061,1.2245124300677053,1.466304517118176,1.0727245075444618,1.1295439122346531,0.9453988061603182,1.1098199491193783,0.9505284486580307,0.706150789107931,1.0,0.9978106578373571,0.8347983903138521,0.47874042646084447,1.0343935536602795,1.1741706232154243,1.0,1.0481368587999316,1.0884505069732335,1.1427324106195746,1.3301061688540194,0.794380958704401,1.0285313015735484,1.2528141538903033,1.3118407485076422,1.0132078389579517,1.09020094630219,1.3778933106166202,0.8364106301539236,1.1030311267872348,1.3380354483817434,1.3399518668529007,1.0758421910764662,1.1480764838642288,1.079132727471682,1.0488394789941784,0.9708594647543145,1.0255690103040895,1.169010362180857,0.9998833133552891,1.0,0.6161448875671547,1.0,1.0,1.0,0.9776250850964738,0.6366554409141612,1.0363676720132682,0.9456766025617932,0.834598582962782,1.1324838351986435,1.107554743993362,1.2911099136333442,0.690520930442082,0.7334796526133587,0.8041710246066337,1.302674882160693,1.1556828531317942,1.0,0.9238925900680357,1.476533077752806,1.1593587562476695,1.0392654469438511,1.0048349476808403,1.0713436421072025,0.9646899629484953,1.034542937900068,1.084948791792933,1.0,0.7617580554266625,1.0926276031407796,0.9848989164576661,0.8106463118352923,0.9681057067765054,0.9854909557820214,0.7333148838005915,0.8658600583179815,0.8420965752905326,1.0750843848069656,1.0345596122777778,1.0959684288867357,1.0,0.9771530260149995,1.0,0.8695051342098596,0.7150299640641877,0.6490978155414057,1.20025875818143,1.023342614206682,0.9594118848802831,1.1493196639038215,1.0050231565099934,1.0096490927398531,0.9984819881075673,1.0238939604219588
2016-10-31,0.5045152085048757,1.0352747300558414,0.940950003294036,0.6279521071620953,1.1535607140194002,1.0551310870370822,0.6993742111496934,0.8049470054069181,0.641925324554123,1.3430388171739944,1.0859854477964594,1.0613567156162194,1.3122309096714102,0.9288123963714928,1.011177314359665,1.145394770989796,1.1033057918316092,1.0298360018441741,1.0176350208586733,0.9480839852210925,0.944303949317512,1.0226260828672542,0.6421657291361427,0.8795113614351495,0.6899747180104852,1.0,0.9236982239036651,1.0,1.1101226890436549,1.1645883813498341,1.507621461284317,0.845597330606214,0.9588101746963029,1.061026238996311,1.40392208267999,0.83895105386365,0.7904369265368865,0.9877939275998571,0.7923238320423095,0.9833371442092359,1.1821196293715963,1.0471702829885046,1.4996446026328087,0.87104340944032,0.9669671231534148,0.7889233116743497,0.8591175254556529,0.9445120669933792,1.499384598999518,1.1781437908099233,1.015641672350918,1.2079467830179182,0.9457881100426264,1.2842452465485192,1.282187353519393,1.3501312158576413,0.62510682192651,1.245921029474657,0.9512575268854365,0.6099449952406272,0.8986939094449318,0.9991897670345716,1.6119970209525247,1.6888932565306494,1.5262688214775118,1.0711794465861764,1.0990041080384252,1.1694865699804693,0.9585727386692655,1.2177576102407832,1.437366359786394,1.118585630261577,1.113500849296334,0.8400372590155946,1.0544736439381033,0.9272010978580953,0.7062180944861587,1.0,0.9259632714519012,0.7314621581734242,0.4871068381816611,0.9775076841486494,1.1729338324141216,1.0,1.0675667452841033,1.10127757030181,1.1819441157630677,1.3319230493977658,0.7699577279379343,1.0365433759181073,1.2573823768840444,1.3163014275717613,0.9990175732125833,1.056786963974835,1.4317904848383458,0.870212958886855,1.149178338449937,1.450926708323728,1.3552370641588245,1.1293463415299914,1.0780347130548291,1.0797916207637548,1.0647942758261042,0.9660614248233712,1.0440365077020517,1.166640053170538,0.9997286013287918,1.0,0.6172540120115249,1.0,1.0,1.0,0.9803087353507093,0.6390725353599453,0.8752412410636139,0.9275277962904556,0.8244341739219654,1.131919302611083,1.1068313945595833,1.2198776937075437,0.80466173380777,0.7425773521106499,0.8279832337714916,1.3007838428480714,1.1167470046561898,1.0,0.9382812522995401,1.4754831886574764,1.1592882330832686,1.0807517886923719,0.9902915875671248,1.0519856546701787,0.9369517282652237,1.0511694635105575,1.0892852328240408,1.0,0.8131277043015916,1.0938987491319179,0.8932155167646907,0.8065403143010095,0.9394114878474735,0.9829746751467945,0.7170649968238809,0.8957908667856871,0.8190757849782168,1.118653628794816,1.0698100208843395,1.1227142477848195,1.0,0.8556684024041513,1.0,0.8395863979780243,0.6843774524835831,0.6454707851990362,1.2001707668285442,1.0235274706366393,0.9364532176380412,1.1613538009673519,0.9888795736216276,1.0227799392864256,1.05223248730301,1.0314844532728777
2016-11-30,0.9008757791212786,1.1622762284243455,0.9638302225727136,0.8382771261033921,1.2360449447984418,1.075324412156334,0.8008810755796892,0.8452652327805318,0.7024501523154201,1.3036197939093894,1.153190106180762,1.0607625692160998,1.2936651966763122,1.0537248677257964,1.0105612470952525,1.0711013195600727,1.1022942089714272,1.0297234493670047,1.0507550368437044,0.9089568567118093,1.2147601289392693,1.0980683978365633,0.7013094508599709,0.9181788995745781,0.6969839510853767,1.0,0.9248764833510665,1.0,1.0934267285928048,1.1650573751225994,1.5105360451454395,1.3220678170215596,1.0479552568481454,1.0600978278634734,1.3899939788399573,0.9877495028314025,1.1438076160427075,0.9932569804488279,1.1615542497655218,0.9931988201929224,1.1930169762604672,1.0451707534441963,1.4859747227772022,0.8116083788042797,0.9431224544557524,0.7285955657243641,0.994597541448259,1.0944011339552273,1.484811303594304,1.148519077882803,1.0200614470483598,1.2935951236226377,1.1666793206205541,1.4792394472192394,1.3263107760769683,1.330968186002243,0.847861643170616,1.248238915711562,0.9707742544821862,0.6741428529760132,0.9137638591611379,0.9982092010089586,1.526837282298766,1.5758551304591775,1.4941912502861439,1.0409374255511887,1.094974477758356,1.147213738582272,0.9866122703746925,1.100818933630112,1.338833948118675,1.1170877721128547,1.1527417629071075,0.9705073852690013,1.2814924799015646,1.001533376285146,0.7067903005563343,1.0,0.9535867081791408,0.8801866575794839,0.7990782618870537,1.0635712853000752,1.1432998333099067,1.0,1.059657308327835,1.094335575755864,1.1725044547516876,1.3217039548325538,0.8359432878521519,0.9992651971048777,1.189690810154018,1.3836279237698008,1.0010606112649965,0.992897415616324,1.367262732350773,0.9027998252555154,0.9499962416003078,1.4369289872187656,1.344245774874909,1.2308977143968076,1.1949497391744015,1.078823797947853,1.0696233221105451,0.959902109643556,1.0231147843118669,1.1717392248857736,1.0040097765594909,1.0,0.6873530659731404,1.0,1.0,1.0,0.9738918285933742,0.6276527877589335,0.865147897132375,0.965523931530815,0.9117041953462691,1.1325897547722803,1.1070633753394492,1.148576411257356,0.7992780512006072,0.8750189386860677,0.9458036511061643,1.2863886302248457,1.1315270390564727,1.0,0.9084074761368263,1.4689456009273325,1.1591337561734811,1.0666647807360812,0.9957468765841303,1.1553569080736072,0.9226078764351288,1.0773282207093702,1.0928832399429433,1.0,0.8724251346061792,1.0946321773081782,1.0661908187302567,0.8480109932309425,0.9725440905681235,0.9687103042832462,1.0886832238729018,0.8886432789509096,0.889802236692062,1.0797856362076093,1.0285247484301994,1.1105254285735784,1.0,1.1556313624860666,1.0,0.9375966098344551,0.7608349375209817,0.9064981737725502,1.199087770386827,1.0232185331787456,0.9474182967586853,1.140835556283144,1.0670022774348153,1.014696762697567,1.0234156080772958,1.0275608916756456
2016-12-30,1.2203463928539633,1.256560896609042,0.9628525789926614,0.9160853735682435,1.2230010771723945,1.0931642016681073,0.9940374127020124,0.8897772277532245,0.7979007008919141,1.2539545786759367,1.217078472372507,1.0402359523210964,1.3446680587835358,1.2242090739570735,1.0084613774901252,1.0652848081722008,1.1044224417134711,1.027265301898782,1.1642188304458039,0.8854877066551368,1.4351164585634535,1.085181949033623,0.7187758042223877,0.9329673865583924,0.715076945988007,1.0,0.9236913244973451,1.0,1.012371802469906,1.149248906546632,1.5115876586272463,1.2520260725866508,1.1092772240451196,1.0460812985522683,1.3260517922074353,1.0233924712636797,1.2934721369866666,0.9960015334410115,1.078988037500464,0.9927716312169541,1.0555135907516822,1.0155140256818473,1.3904286563321477,0.7835640149502222,0.9070327717926476,0.6444289332530686,1.0974421247025614,1.3023851087251643,1.4085637258422818,1.1198025450543991,1.0003861232030586,1.4523955407270277,1.3666059862909674,1.488590732845821,1.306179319903991,1.2248733392560123,1.1519744054570782,1.1844383564802998,1.0067736852465357,0.7439012386333139,1.0051080348895594,0.9984632247259269,1.4193538071649163,1.3282126643487486,1.3581403192621915,1.008912917008016,1.0802881994509694,1.1051152306242575,1.027871916975562,1.0046711370658945,1.3592747739594242,1.051703583896142,1.197242279030334,1.137090274926049,1.4130504061060205,1.1253208615780133,0.7106741336749071,1.0,0.9442792270948677,1.0118565023799304,1.1592966701629286,1.050260405645615,1.079344305989261,1.0,1.0256858361861665,1.0699425943482146,1.098207876448046,1.2640925925914475,0.9000572171385627,0.8934772651576561,1.1743819560196544,1.3300945482191593,1.0025266252185001,0.9566303265950618,1.2268934017331512,0.9494876753443656,0.7952799364337756,1.1392444590984132,1.2732816410941485,1.200956723914798,1.1962320345266242,1.072884018028284,1.0485789441462992,0.9651307882442638,0.9699668924717806,1.173089539429065,1.0033041278280188,1.0,0.961276831270677,1.0,1.0,1.0,0.9722489123617442,0.6261477435642118,1.117090628363366,1.0805178887179314,1.061305471484227,1.1263546477786672,1.1029389768200375,1.216697118208899,0.7781749538571412,1.055268210573762,1.010273927156237,1.273707533028924,1.094753584240544,1.0,0.8474860582666804,1.4202873559987925,1.1573355337574613,1.0093764080909076,0.9979490573152393,1.2719451636342156,0.925639536040758,1.069012176358525,1.0875782592192733,1.0,0.7866157928972473,1.0804938221010907,1.1202417077292264,0.8086300132302582,1.0164354291276592,0.9501876499579233,1.2389690242576148,0.8775173195224931,0.9903089848444883,0.9862448253371174,0.8791751151702766,1.0638067532373152,1.0,1.4370180329606026,1.0,0.9903290569389651,0.8547137764765687,1.1016375887823855,1.1623928594581108,1.0212317485583986,0.9281760878576252,1.084712979122052,1.2072608629262216,0.9954317463183955,0.9455765512157168,1.0134747970808367
2017-01-31,1.2474983128006938,1.5195148584774496,0.9832409486643385,1.0007986017038015,1.162721302932206,1.0987179833394871,0.9110545115859309,0.9180802251799762,0.8373469888093983,1.2630978741560632,1.2528542077239273,1.019701752516622,1.4211233634181473,1.3018198571643949,1.0065008985279686,1.0178521574470771,1.0957443942872043,1.017481055729347,1.134255679576737,0.9071744758402639,1.4351765023944636,1.0900628644020394,0.7458304503661071,0.9326426664870857,0.8383240284456557,1.0,0.9243079644444131,1.0,0.9485195222453566,1.137075647501463,1.5030272405595797,0.9697400363318313,1.125037026237896,1.0071590381849043,1.3030280994922152,1.0219692170401318,1.269408332369125,0.9976735461909813,0.9124716579398986,0.9907362534834284,0.97096112106015,1.029810518972585,1.3291486740980853,0.783504626010686,0.891051725911162,0.6257384598412903,1.1127852638086888,1.3165543438642673,1.3884593509321457,1.0805955090625312,0.9966770083885627,1.4337536884683724,1.3167304040118175,1.3545859544783823,1.0991405388156412,1.1824299202925301,1.122056992730077,1.178671372384755,0.9976679899327142,0.7784103562756591,1.0094188732257035,0.9987575623722559,1.2561416194969546,1.1412376464213632,1.248894241426182,0.9965695429894503,1.0574545982428456,1.045567946695556,1.0600760393578115,0.9396163861982393,1.1738706317516656,1.0482784813298638,1.2016157641920155,1.1711548220412107,1.4148093134005204,1.1498305659354549,0.7104950995516316,1.0,0.9104459930119199,1.0357525761834587,1.1883715281424743,1.0602092605461693,1.0082503712663684,1.0,1.009396546028607,1.0573281767421219,1.0322428611683336,1.1704258637016676,0.9529973776174071,0.8831980084552814,1.1473449091533168,1.375067137111872,1.003067320786635,1.0261489095988428,1.1874894736846344,0.9636501700763662,0.9421431774637407,0.797756394398023,1.1603346498079332,1.1603472349544857,1.1959976710859226,1.0574461865429727,1.0051867718654446,0.9456637960311317,0.955466429656261,1.1695301337140807,1.0002298374540006,1.0,1.3740839589981446,1.0,1.0,1.0,0.9711436111867816,0.6276982227848036,1.1917923275304985,1.1271477172127384,1.0603897426756819,1.0453870102136347,1.0410448804002383,1.2728465586705902,0.7696361987876159,1.123814417836472,1.0409057183730681,1.2534000781043968,1.0726437245146687,1.0,0.8449977081616075,1.3738135970137555,1.1535359180925209,1.0092191290218384,1.0174408966199222,1.2799746442748325,0.9587662451052832,1.0064825026788098,1.0725873165270827,1.0,0.7963104931929312,1.044231172823939,1.1305992191638639,0.8804154126086167,1.1127351239380092,0.9313643500103267,1.2645396082586786,0.8440960736328381,1.067886121898138,0.9303360706089976,0.7663344870836277,1.0263799516478902,1.0,1.4353068733592589,1.0,0.9961721444498877,0.8861367548826233,0.9127495179980344,1.0040155373793223,1.0170183792180667,0.9531782938155858,1.0137038230743634,1.2128336036784657,0.9888812307046598,0.9007178825765731,0.9987898575959017
2017-02-28,1.2533364600464307,1.5501559523108646,0.9758911876802174,0.9577383776028796,1.067899461952244,1.0967866425378603,0.7395548219717191,0.9066441736036428,0.7392592975264537,1.2932909621054722,1.2430997327710438,1.0159612230146284,1.3726744656636978,1.3039964922078995,1.0063267881781308,0.9526206871146629,1.085577103359738,1.0270005492425747,1.1757069646040603,0.9399580275329183,1.4343655574195053,1.1595749714751613,0.6588090583581864,0.927416555380835,0.968445911328072,1.0,0.9221701675885026,1.0,1.0090034481838688,1.1445364533980158,1.4546299233120794,0.982182995850673,1.1802526545920333,1.0041133905230393,1.2618405289709709,0.9761270772289272,1.2161655786935133,0.9944194930329859,0.8247069836144058,0.975205923846852,0.942745818096044,1.045352762891759,1.3880984702557817,0.8367703904816477,0.882822775613003,0.597701116031012,1.1127755559056856,1.306706342241856,1.2880230266236543,1.103882063815611,0.9836553919944199,1.4197361656690453,1.3775092467946228,1.0372318455984502,1.0588791558218809,1.2041440760056692,0.9782729198789542,1.2515952423697991,0.9756654987041012,0.8215297141066678,1.0403385500768683,0.998026016102698,1.168677791390578,1.0637036370043127,1.1997991460227178,0.9963072475969174,1.060003631805717,1.1116373832205826,1.0322207183921088,0.9391040788674223,1.1729722489992813,1.0573805616173946,1.1947990275480036,1.151546948278972,1.4021758974363254,1.1220100996053899,0.7105365524248061,1.0,0.8836525859761615,0.9887693328682684,1.1999222843894217,0.9458270754067826,1.0068139466997081,1.0,1.0091964415093437,1.0520088314517062,1.0310015240760295,1.0926980944039781,0.9333294053987697,0.8933997423531995,1.219786830081693,1.216765489223251,0.9576748165660505,1.0851826429719642,0.9297920978416432,0.9947931884527459,0.9022382576660745,0.9208241527131984,1.1336463586152294,1.1874789022964067,1.1803821369199177,1.0551735240780657,0.9981573634143379,0.9430913416453998,0.957419065189891,1.1477034223051086,1.0012247279804998,1.0,1.2259267266146447,1.0,1.0,1.0,0.9728131138029633,0.6339107085339133,1.1937305331634835,1.0955525443551657,1.1230072196674692,0.9932825982788532,1.0014175350380772,1.315451388231102,0.6950196216943915,1.107551522841016,1.0172620301331319,1.2522849269510388,1.130402856210365,1.0,0.8427452573165028,1.3074935451314067,1.1400060879718366,1.0041201740250778,1.0105418239066244,1.2631965827648308,0.9244265482931034,0.991889256983857,1.074323422365196,1.0,0.7872951483837687,1.0425365563215394,1.1288249575308895,0.9248901941730812,1.1150920546966472,0.9129074283615252,1.226466497939734,0.8487564426918985,1.042520575964181,0.9184400904630438,0.7505578361633479,1.024321104098581,1.0,1.3996410066342126,1.0,0.9765965974505909,0.7998692510538254,0.8145181629692555,1.146758211462009,1.0153955427406969,0.9921496247605119,1.0076363093447314,1.212319208331302,0.9838649235883219,0.8906456632681172,0.9903343320293935
2017-03-31,1.1738378882429081,1.5246184016865216,0.9596488103423786,0.93869805892558,1.0597139870766223,1.0968988098405592,0.7356727678490467,0.8774743150362991,0.6329533241761796,1.3677388823965129,1.214609572450031,1.0343772860898746,1.3084878623429526,1.2622159017537804,1.0076530720154313,1.003038832748678,1.0756231813052366,1.025817366489845,1.028273978860513,1.0389163233943957,1.284109831441781,1.092588386780972,0.6523667840305121,0.9197264433432935,0.8228593112484442,1.0,0.9188120666740186,1.0,0.9094143175254477,1.1494018611254457,1.4376477798642044,1.1505715820571845,1.1759523940049035,1.0201923809797704,1.354409313586987,0.9293970854441821,1.130959708635114,0.9943189106028038,0.8165679223922732,0.9745049485924966,0.9524604234748255,1.0421779127937068,1.4058369697545714,0.8422134962199505,0.8725032710185749,0.6285966325942118,1.0909200865146855,1.2373218012336922,1.3820586251159896,1.1175524487505684,1.0120741824853803,1.2878567386413877,1.319045955603149,1.0579553839968783,1.0602831060700102,1.1390541727589052,0.8619283579991074,1.2820356041100758,0.9760154723811536,0.7419960043169733,1.0346351157829365,1.0007390921070052,1.0850676846659564,1.1034598717649342,1.246805448050976,1.0027444211860714,1.0693264388970891,1.1354207863611987,1.0588188957214695,0.9593017628929759,1.2254312756930437,1.1028824371095407,1.170365935517207,1.0423937664830256,1.3358899509360973,1.0586513841011658,0.7096193858319789,1.0,0.887823865506205,0.8706964600873941,1.1369080030676415,0.8832118684494322,1.0211320002923117,1.0,1.0181637635596124,1.0689954520215559,1.0555967943666718,1.1207685888559424,0.8132263160774602,0.8443986224762301,1.27295190658837,1.1402774625146108,0.9454775835310123,1.0764643455517682,0.8546460700504037,1.0010641461594356,0.7219710198515328,1.0195508417023031,1.2017345924121,1.3228888144230664,1.161271767667622,1.0692349905234457,1.0228421016033469,0.9388404287906873,0.9631520123001482,1.1599498907102939,0.9991965720762523,1.0,1.1851165834358777,1.0,1.0,1.0,0.9730690562717216,0.6316001315690998,0.7764982295998624,1.0426889985202612,1.051605671269958,1.0265345374862265,1.0260323947254486,1.2862807342595908,0.9037557220807171,1.0569326867996642,0.9903805334079429,1.248054356809078,1.0893349025686612,1.0,0.8562778193865531,1.3125005043380118,1.1238541084167066,1.0473663265465978,1.0043938195529383,1.2045965901451745,0.8899310325427671,0.9978841059934469,1.0808264640416334,1.0,0.9234635101939572,1.0759984055011762,1.121204350530508,0.9551427914404772,1.0917937373824458,0.9308891386221344,1.2509868291770627,0.8982271600471478,1.011429973130493,0.9784541021572629,0.818484227976962,1.060932768452417,1.0,1.0931243067646839,1.0,0.9132756850054248,0.7279115368148704,0.7450784747573439,1.1503077374988118,1.0192281681105764,0.9976977180501947,1.053543764014902,1.218606723698677,0.9899136279038385,0.9197575255182276,1.003724399933568
2017-04-28,1.0764547500221697,1.540132364903796,0.9348922589600897,0.902962365274535,1.0734858052143061,1.103153979271208,0.7131685765053831,0.8291989878857515,0.5297084127597448,1.3979664980254278,1.1818606292107097,1.0486479467571737,1.0668893271826865,1.2499382968024486,1.0090499089131164,0.9767880028009623,1.057073733781879,1.0263423212850853,0.9983712153429765,1.0976690339864892,1.0025318274649222,1.0163180150771782,0.6361330165972909,0.8830453106041702,0.7394273662146589,1.0,0.9159030889936862,1.0,0.8837415166594673,1.1174785284672453,1.33257554175581,1.398411678896913,1.170816940082602,1.0272514545831912,1.3898195017577006,0.9121918983190591,1.1167767039572742,0.9909789108230995,0.844777875148931,0.9678149064657611,0.9694408880891667,1.0673216151421137,1.413406996701522,0.7862050020076927,0.8617914128679265,0.6096152047589264,1.0853014081521457,1.1740470778155145,1.4021845902486563,1.142206295148289,1.022744682526738,1.2483230545850557,1.2275988127035777,0.9209844771970267,1.065017682789694,0.8417393189658521,0.8060232401277341,1.2965488198433581,0.9677145173001103,0.6599934820873601,1.0318653234354045,1.0026958279211031,0.9898002156328662,1.1679767392574574,1.305973862803519,1.0076182292224873,1.0916113315953848,1.1987551665257696,1.008763657185259,0.9785956594567216,0.9974458794638019,1.1359460124063077,1.1034256439181604,0.7384951929690012,1.2524725711100333,0.9771664440237039,0.7081234610870024,1.0,0.8382469200715752,0.6434431967421528,1.066391522852642,0.7532683222307103,1.0916961082016818,1.0,1.017964995812766,1.0649569933153382,1.0252380591633665,1.0711884176869513,0.6848477609547208,0.8693658002509183,1.325431690363187,1.1145219983112693,0.9320026171751987,1.0607708960166182,0.8148364941575309,1.0288372327205646,0.5193204442122306,0.7213693850687413,1.1587980974046606,1.3682529091517606,1.1632033121477672,1.075202820668175,1.0726270525740862,0.9634485395716305,1.011949608549882,1.1681648942131466,0.998359670493986,1.0,0.913865384027101,1.0,1.0,1.0,0.9767739053138161,0.6333837774325057,0.6347043388077291,0.9545654705895141,1.0645437576704226,1.0367786357878308,1.0382446409722563,1.2441658381282292,0.7921852223269081,0.9624989655407106,0.9125211791775197,1.2625511434814116,1.1850452236763407,1.0,0.8770504466994622,1.2969934345782046,1.1506882133623015,1.0677500145518832,0.957666698638036,1.1759545405455478,0.8808156055364839,1.0340354828213865,1.0886015489515186,1.0,1.1518200864090216,1.0904052798001445,1.103887970165642,0.95777749155423,1.0538320698993995,0.9615030981151711,1.2530523075243714,0.8421311421899516,0.9442777587307569,1.024927661116132,0.9132658680416503,1.1204131579944963,1.0,0.8123690559822251,1.0,0.85317500855302,0.6811806108795271,0.7127222187613782,1.1506839468442658,1.0229506715140992,1.0211802628623576,1.0863114089291457,1.204459037237304,0.993470123517602,0.9401300631064269,1.00961897225997
2017-05-31,1.0971597027035107,1.5186118001425528,0.9385566472532841,0.9048417272305621,1.1266269685361119,1.1003179551087992,0.7311913787998058,0.8303872835937153,0.5382193861297209,1.4068693172555948,1.1793242047491546,1.0496560812313351,1.050048594746097,1.219795696368765,1.0091458160928197,0.9720986828164498,1.015296985316538,1.028649687595098,1.0010850319501792,1.0963810996464796,1.0026141611797652,1.0005994933537583,0.6534905725316604,0.881384109276963,0.7919168132159121,1.0,0.9158509702420506,1.0,0.9038701418554205,1.1107546433828648,1.2445913934588906,1.2684475978412064,1.1645191374704484,1.0203627808214006,1.373286901740942,0.8948770450964552,1.0940690992140882,0.9926861986808745,0.9006889158137483,0.9680542179849245,0.9755867059099124,1.060253982094504,1.3788264091337425,0.833891370053083,0.8621001066512946,0.6174942993554298,1.0877019354314192,1.223067329486435,1.3695432092827984,1.1180188860138638,1.0198806009497345,1.2629869694986984,1.2017603655187468,0.960769220201716,1.0726357913629474,0.7510440716103071,0.881568182856811,1.29286151508109,0.9533993613164699,0.6384180544708048,1.0201944754856753,1.0019272927980256,0.9910542685181367,1.1476577473441185,1.2774145643067634,1.0027163634763918,1.0910306252364743,1.200417816981465,1.0054287532518331,0.9158373089686417,1.0237522949268925,1.1291559529948603,1.1127317792911375,0.7451844199272111,1.239632586520132,0.9899555700429827,0.7074041463834015,1.0,0.8249208592997995,0.6927275292063731,1.0769461882301887,0.7479490119700143,1.0719084637796459,1.0,1.0126347782911493,1.0593598128466621,1.0114385216576078,1.0335285016716436,0.7013785979292826,0.8657771152560105,1.2996059468957268,1.1205323617037877,0.9372766442996949,1.0888642530786363,0.7942655380165622,1.0236813864765808,0.4935051035627237,0.7163573264061882,1.1001091797523994,1.3692573425401615,1.158274560770815,1.074701706098193,1.0677648145727316,0.9552984702123598,0.9981946275749922,1.168582468132498,1.002240311573119,1.0,0.8380267533134528,1.0,1.0,1.0,0.9843697689906807,0.6379084671380162,0.6489968577475054,0.9613407091583692,1.0175447565778803,1.039481973384252,1.0426305474889015,1.2198444411122356,1.1302377625589117,0.9578388738857627,0.8769733000663583,1.252511524515087,1.1203038960938538,1.0,0.8780595157885345,1.2540033967761643,1.1491252993550698,1.0624622088428675,0.964947231445625,1.1912319472368875,0.8580520676637632,1.0358149451374792,1.0880936659128113,1.0,1.2104884005885599,1.0900375884564037,1.0973010442078548,0.939099368799087,1.1647161821562853,0.9773576471732585,1.2704697581413036,0.8488749209609362,0.9496268802621183,1.016152295898566,0.9122312794151126,1.1273942980043836,1.0,0.8022550327228346,1.0,0.8611796763220188,0.6794748191667863,0.7208845423953167,1.16533970451353,1.0227876186585796,1.0393105069876543,1.0845859246793792,1.2054754304226558,0.9923680941736202,0.9296504346947186,1.0065826904300947
2017-06-30,1.1486628756859427,1.4932745967640098,0.9367643032969342,0.8913326423251485,1.1198495940838527,1.1066623834246674,0.7120500018787943,0.819368225483021,0.5343834483539,1.4177106841686853,1.1983725833891543,1.0461963919697872,1.0188527899296231,1.3278476029231048,1.008870794936084,0.9038380793752101,1.0071023574426987,1.0279648567421062,1.1153041090805944,1.1213269154103702,1.0522951121094084,0.9890099576562404,0.6288754326904314,0.8782297028296795,0.8325888525476661,1.0,0.9164750512508898,1.0,0.8835673768382434,1.1172152025955515,1.1725991136128642,1.5224773789064936,1.2366475078374017,1.0229022299296495,1.3483278645871288,0.8862175578849505,1.0366969212143442,0.9903988506177137,0.9073242130832322,0.9670745378166363,0.9516623993360628,1.0679355493377867,1.3703337408138931,0.7930013798581242,0.8614147251362101,0.5941454901844803,1.0658494316333502,1.2903351705180803,1.3674871490483387,1.1683072461672237,1.0133775508257339,1.2520794294974584,1.3659280748618259,1.0103830328942596,1.0473899373261701,0.7070600928067143,0.9195198234958044,1.2949009889185454,0.9591776711207389,0.5828266250041765,1.0330245664909743,1.0031782242537262,0.9511092824364634,1.1847937546451235,1.2953166561190965,1.0020735157898637,1.0917911739480992,1.2344868342914208,0.9506999530170428,0.9171687014218672,1.0044017736650044,1.113343162849698,1.133450588813605,0.8514862709944835,1.2524731411346959,0.9785668327341202,0.7070039227397968,1.0,0.784065413244841,0.63984761609242,1.1328372774500424,0.7661449926984731,1.0445509534520443,1.0,1.0077356101406907,1.051893894537241,1.0021925148655382,1.0200771498770003,0.6745418399952721,0.82302149014994,1.297448411118207,1.1047139959548573,0.9304220417279948,1.044672711339634,0.7509736585720269,1.0466074204308136,0.5724859480242444,0.7036493993797848,1.0600348303302847,1.4099726957558003,1.1578625951225128,1.0733906818542172,1.0770977955616166,0.9766123726044296,0.9944216895017882,1.165555542107955,1.002260397669444,1.0,0.8786219962666362,1.0,1.0,1.0,0.9996644092540106,0.6529489167945888,0.6198093485461951,0.9674710868543408,1.1227871414320658,1.0076278246867552,1.0157753949247255,1.2209448924585744,1.0949474894726974,0.9593298879901715,0.7943528249920768,1.25430279028107,1.1678397445859983,1.0,0.8451037688015379,1.199765276314429,1.1338724131077025,1.0683799875663544,0.9498281087322114,1.2061774958424,0.859262983577727,1.059682250233899,1.086519237558674,1.0,1.207469598007999,1.0893383254496354,1.0951399693395965,0.9856248188806043,1.2511936765763887,0.9811017970795143,1.264003877681808,0.8332447677501392,0.9657247598622793,1.013746797331591,0.8727146445794206,1.141167810212592,1.0,0.7850353566790791,1.0,0.8144654418189985,0.6462285844938732,0.6649048101599675,1.132706301284538,1.0232858711812765,1.0765167845747439,1.074358446277868,1.2019679012595401,0.9918641240908855,0.9234688989151044,1.0031657155124334
2017-07-31,1.0136283134639605,1.3247361851331405,0.9357866093017624,0.9138615959219466,1.0693490210089562,1.106826269981815,0.711908769137191,0.7852433603919928,0.5303150814689188,1.373376626385539,1.171418535328657,1.04033132282466,1.0480743380651665,1.2489663165314142,1.0081793027025887,0.8619732578451497,0.7642100595180643,1.0265369830645215,1.1667301615057062,1.052544082906064,0.8831335850247175,0.9434091965272259,0.6243170771780603,0.8760549722427475,0.714887459667111,1.0,0.9140380329595684,1.0,0.8753896806947491,0.9819373323557878,1.2034658317370988,1.4648818560999255,1.2109594310052312,0.9979032449788555,1.330627430322561,0.9213142092976019,1.0668466414686546,0.9890658273137103,0.9032122646865083,0.9628677877020774,0.9369695448230901,1.0657125634934987,1.1849734799122236,0.8694461598621451,0.8637955932302099,0.5896803250193761,0.9718826303962593,1.251564643196681,1.3145621145464925,1.0431325533481117,0.9789840974660817,1.1571783543902308,1.3309291363396412,1.046201141097927,1.072034452834179,0.7734508866682325,0.8085376798802743,1.2908712566578318,0.9605199929389628,0.5706592124483074,1.0310811577479717,1.0036076892651662,0.9282707062073219,1.0760889713000676,1.2121907526089117,0.9939007436890551,1.0880945374885602,1.1528447705458824,0.6515309702343348,0.9151480206517465,0.9833072910711472,1.0131050495188414,1.0628405559955594,0.7667640726831819,1.124927814567031,0.8406173482812802,0.7076983492188511,1.0,0.828438674741652,0.6406305492831914,1.0513028727717144,0.7361733360368873,1.0501410712338488,1.0,0.9920828480914861,1.0323287992430537,0.9982872267255941,0.9782705110333538,0.6831191802729748,0.8016130188505098,1.2623669292084838,1.0909972950526288,0.935739179234558,1.0050810577278728,0.7265955306601579,1.002990037057832,0.51043972408391,0.6922959771163029,1.0038140318853297,1.4043986779418098,1.1362073061589726,1.068880714098702,1.0530976235778853,0.958297191934962,0.9866943701324133,1.1517450947987191,1.000479857912881,1.0,0.933173614468128,1.0,1.0,1.0,1.003832235812364,0.6375206160866975,0.617885116322733,0.9028883496533849,1.1207429760199759,0.9986704518293632,1.0051282522666252,1.1996771394908579,1.3020713714786485,0.8186705966549706,0.9194641071248317,1.2452066853672807,1.111632151121847,1.0,0.8554459802683847,1.1151597967463307,1.1233863668010824,1.0342592086113764,0.8742589899713862,1.1435405179468865,0.8352474414525677,1.0409778332402042,1.0802367628285336,1.0,1.188520408721491,1.087456970120697,1.0046243230279948,0.9973817801392191,1.1570573588659165,0.9620680324561117,1.256738485898365,0.8176874471812334,0.8944388313690708,0.9912623763140738,0.8695704556523254,1.117797630073964,1.0,0.7709428452595208,1.0,0.7721403724026987,0.6463088975818521,0.6710421061232377,1.0891743524996764,1.0203470298208317,1.0725596780395372,1.0477666943946211,1.050510794225182,0.989891318889421,0.9025676317689177,0.9955177101454253
2017-08-31,0.9109285507591127,0.9818714954217955,0.9336030429929238,0.9203556992598985,1.049002424971918,1.1035646599440376,0.7015207430405817,0.7751818472868328,0.536908173742672,1.0930559080881712,1.1485742855846555,1.0470679623965211,1.0318641204704988,1.189408638021659,1.0085523874161149,0.8923522271967899,0.8335742674060057,1.0295498241380032,1.2365195651957064,1.052223326219203,0.753874835979448,0.9972226838557519,0.6168175125107469,0.8788936496324755,0.7078041398403403,1.0,0.9134001384834586,1.0,0.8831122431644256,0.9334206282466709,1.4163310085651282,1.2996153316313628,1.2008569565831746,0.9967011458895944,1.3300778210400603,0.9029315506369692,1.0066375170561206,0.9872278905581973,0.865702504993718,0.9623864251368845,0.9400738475709686,1.0694843189040015,1.0569671469206992,0.9168938778316751,0.862769032621651,0.5871621743993187,0.8370333806792722,1.1913342376189462,1.2709813885390748,1.0139208453445392,0.9755019986908404,1.1326356591251434,1.2184656256917195,1.0152065894887041,1.0718246851500701,0.817130800719732,0.7376493001393534,1.2964890708754204,0.9694290436659342,0.597785033852988,1.0382368381012228,1.002388003565477,0.9466009090682789,1.2159937607899511,1.291681497385831,1.0016112421353056,1.0918323967853663,1.1558337029363877,0.6132966969336135,0.9659999582652059,0.9525417023754804,1.0194087749789136,1.0101548589790228,0.7071661522246391,1.0402469372159056,0.7910533749985076,0.7066299412231464,1.0,0.8136830122197147,0.6090969660098494,0.9431969115198652,0.6586913022940015,1.0671401001416954,1.0,0.9985430291019545,1.041951048581765,1.0227385075606124,0.9897575472271303,0.6734958552813536,0.7870138304472907,1.1675167485192735,0.8405072762395827,0.9514504458877487,0.9891222143659568,0.7436319929432769,1.0190587508177127,0.49309446627693987,0.7048377797510972,1.028856270877425,1.3721794908054923,1.1272057468429508,1.067539944897715,1.063721617234608,0.9956320112037085,1.0025851580677319,1.150017246885314,0.996875004315016,1.0,0.7582088972478014,1.0,1.0,1.0,1.0032992287403955,0.6417808572994189,0.6173805662510764,0.8751054386535224,1.040152725326183,0.9824781683701089,0.9946748442622055,1.1624515801984225,1.3319260891946614,0.7696663880739782,0.9353795458804678,1.2338233422516427,1.019776575691036,1.0,0.879137986988815,1.1198991086916024,1.1306972755593399,1.0332087717552667,0.8504507207236711,1.1149162201530791,0.828935038032486,1.0515007475633886,1.0825236619683984,1.0,1.1500180302165808,1.0934546131093976,0.8983202365610695,0.9943516401326181,1.0928356715920138,0.9565928638665352,1.14816464008531,0.814982948619305,0.8510816373570443,1.0240274682677208,0.9148901967060514,1.1286839718274526,1.0,0.7361864202631687,1.0,0.73227360831461,0.6410009199671456,0.6346202351663413,1.169041732493938,1.020795900867707,1.100158191062474,1.0752514180196524,1.0395688696529277,0.9924441939080626,0.9155292332788769,1.0021354379685414
2017-09-29,0.9031449610037007,0.9578654446212523,0.9324050260293059,0.9265792989588473,1.0819586702018067,1.1069070730940338,0.7028831183015966,0.7669003986736549,0.5308691764676332,1.101565284403588,1.1521461645244748,1.037769260143952,0.9755681761201597,1.2125465135456865,1.00743398967079,0.8621808034555667,0.887325115018845,1.0298240524044784,1.2068076722077026,0.9929648264730505,0.6653603621888204,1.0005900816198317,0.6169595909635678,0.8773505610308799,0.6941994730016504,1.0,0.9236365665369883,1.0,0.8918232332484822,0.90532777076641,1.3480419242656065,1.0663300408523726,1.212672691324134,0.9948257014015329,1.3346978906062872,0.9151028453154026,1.0028558641759284,0.9866499401808225,0.932602053844272,0.9621913447401176,0.9333465893114481,1.0687872529247486,0.9905527346901692,0.8983504996041947,0.8620435182004131,0.5840576757878997,0.858817161715013,1.2152423910890082,1.3307340283606064,0.9412781750871764,0.9674789269389248,1.0971282053268059,1.2438902996964558,0.8982479604799718,1.0595962463122395,0.6667025872945028,0.6872800042976255,1.2991580577995936,0.97278525115821,0.6071814793039995,1.0377558744872102,1.0014974310099833,0.9534057135389248,1.2491837593882111,1.3015535183258427,0.9941370783945422,1.077995777793946,1.1397291956090756,0.5852483370671107,0.9340826340836276,0.8828185008531629,1.0006442826581325,1.0042521472079815,0.6799585040859211,1.013659498363273,0.7800108235563691,0.7080468108144575,1.0,0.8009869997574551,0.6429467074381107,0.9603959976986858,0.7981422550386386,1.0346764282356025,1.0,0.9925224327022377,1.0244484848962792,1.0080055610823524,0.9564816042754164,0.6789644305077949,0.7307926468011248,1.1619340890187368,0.8428734134406447,0.9392472602496891,0.9688302798062012,0.740343319465651,1.0102681319928104,0.46546110415787223,0.7069230696300336,0.9902338083679109,1.3685566410588679,1.1263982020470236,1.0611401530423248,1.0621465986788117,0.9897189877265659,0.9904146043266896,1.1657769014272432,0.9956941440808547,1.0,0.6407208268060428,1.0,1.0,1.0,0.9984437287872233,0.6361546260057847,0.6161359236682982,0.8688979093672353,1.0951375153192031,0.9473107372289643,0.9648965723616844,1.1091330218418483,1.2968517219342872,0.7545570537841713,1.0416071318772389,1.234241144706118,1.0239705873023428,1.0,0.8563458075005521,0.9453113174063503,1.1292397582310756,1.0580927785449534,0.8511207624908228,1.121468106641074,0.8366090095915847,1.0491339314235906,1.0774868931538228,1.0,1.115473377402632,1.0853737773622036,0.9784312260370793,0.9366031054736275,1.0192996969184034,0.9920483875784205,1.0883389040179865,0.726335159436867,0.8561531135636159,0.9671915624961326,0.8401266496155668,1.1069286037179156,1.0,0.7375627838126592,1.0,0.8169254590314866,0.6536539835270418,0.6470486713656358,1.183183146477657,1.019575732372938,1.0627350120875918,1.0434453504445595,1.0428383654827542,0.9871280551273864,0.8864422265355058,0.9912435770503537
2017-10-31,0.8421961453373208,1.0132414966211492,0.9305389888448976,0.9195893127288408,1.026373261579109,1.1078936990106127,0.6969838898173755,0.7778202776489418,0.5283335816639938,1.1020739233325945,1.1490030110936518,1.0354191068280538,0.942773120349501,1.2232906260508938,1.0074061073359868,0.887725897842306,0.8696173578181324,1.0296043830796748,1.1450760157211464,1.052512264203244,0.5932629560104982,1.0378702797875272,0.6146281130472266,0.8765114200564874,0.6881138081459367,1.0,0.9174516045715706,1.0,0.900106828465683,0.8721413905191471,1.1894436661902954,1.0583050691949194,1.238909442258211,0.9957370902259305,1.3296541580912966,0.8936921329992519,0.9584697989721588,0.986288070713869,0.7678664195644007,0.9635468976929197,0.9257984184933501,1.069385057455805,1.0389817046336434,1.0365580522690645,0.8615193654444202,0.5823210975387492,0.8215449539045075,1.1720479760359015,1.2667351297115368,0.9488131404306233,0.9704615462343065,1.0459887634478984,1.1795060517121325,0.887796450366215,1.0439709779746635,0.7591613746162985,0.6374373558297928,1.3027980592000734,0.9499939577940699,0.574092078153407,1.041748215801058,1.000746538098628,0.9067823073111702,1.1816606815516362,1.2615203735257068,0.996922073924695,1.0790516747056238,1.1343421219768086,0.5374885991550942,0.9781120771003277,0.8741029778778027,0.9979727622841122,0.9842554246916112,0.6574086434123552,1.0552644907494744,0.783442304498116,0.7072107881221226,1.0,0.7874535719330593,0.6304501819111847,0.8946753218329034,0.74383803104873,1.0331850896745374,1.0,0.996338167991144,1.0289137829908912,1.0196857335596798,0.9786738378165839,0.6741073467344603,0.694133865894881,1.1449638561310596,0.7880200915017909,0.9375232910624804,0.9762551309011098,0.7104756995695738,0.9814433822030562,0.4338687786736687,0.7084927950117164,0.9955643647087856,1.3159215965324473,1.0824433444817467,1.0574503853736,1.065490377356065,0.964083751445474,0.9947416138288652,1.1689323219054404,0.994498738527089,1.0,0.6450461357762065,1.0,1.0,1.0,0.9950046556458543,0.6285039533203856,0.615886859954222,0.8540787665977153,1.072785161454064,0.9579017222294098,0.9736020724041388,1.1647313182478012,1.3019150126840098,0.7558988452226977,1.0311200566827128,1.2338838467410351,1.0365428517535105,1.0,0.8667360508910739,0.9570181429141308,1.1245886377904712,1.0410835501789026,0.8828507623630895,1.1102359602048386,0.8347508927694034,1.040236139255163,1.0773598289446504,1.0,0.9512153140073574,1.0822444828298559,1.004564849519297,0.9527010426412494,1.0298056983783705,1.0125288396498577,1.0793179094216814,0.722914654712107,0.8554260556120894,0.959234348228015,0.8386267575801579,1.0844135208258283,1.0,0.7315662275236359,1.0,0.7754074736678603,0.6440802707599977,0.6358507653327179,1.1756369466327423,1.0195615548495098,1.071856327063644,1.0436578316571354,1.0524001843346622,0.9844427221730935,0.8719124552100417,0.984466034200578
2017-11-30,0.6279161607266597,0.8886415509105756,0.9282468773394399,0.824723692022866,1.0582289199487485,1.1016010946719668,0.69516507775553,0.7274811105928061,0.5228287125260507,1.023560357302571,1.1047336448194338,1.0479642866093808,0.8889970016351757,1.1466063762276206,1.0081452923199903,0.9033497053677739,0.7131727116045514,1.0299539117507308,1.2706924615334414,1.029717080816846,0.470916075526581,1.0147746158335913,0.6115902242140783,0.8720391502267886,0.6875931159378134,1.0,0.9198483748468382,1.0,0.9233017643639974,0.8688721697260904,1.1661879806992836,0.8174645859286829,1.1894795868304395,1.0028107405604314,1.3159740766772776,0.8435912269109693,0.7671178993028609,0.9855684443597631,0.7405862167565564,0.9646880870691017,0.9241853168637435,1.07146544625131,1.0268527109435015,1.0540057204615059,0.8626966621546107,0.5825980296890725,0.6724562114982106,1.099010195804125,1.2529019891460222,0.9537877642628837,0.9617189081783702,0.9944789737576277,1.0100826533478395,0.7755673906940057,1.0454850751287097,0.7189596330743466,0.5838296286107864,1.284633271384156,0.9492698543805014,0.5680643828656784,1.0401598663114866,1.0013365253570596,0.9174929502672649,1.253545039787135,1.3214602220473117,1.0020537231776498,1.07614155562311,1.1477907705242532,0.4548280410821506,0.9573942701783487,0.8577164691962602,1.004950832532592,0.8774911432303868,0.6155730555999062,0.8296417285668075,0.7097025769008847,0.7067073718802308,1.0,0.7615643362644724,0.552822940578223,0.684008390199527,0.6015533013628508,1.0385697968901577,1.0,0.9956422015082171,1.0274098819550728,1.0135536562353196,0.9783359395199731,0.6616169325986427,0.6757985684939578,1.146342282078483,0.7166101265354808,0.9325129199679951,1.0130607409213945,0.7224471043125804,0.9453559435336261,0.5381083646483228,0.7148598560419434,0.9900498591397706,1.2735713920286185,0.9912727989876651,1.0617487279932916,1.0781363696096624,0.9579591053994301,0.9955241397039268,1.1697109605344123,0.9987176850516685,1.0,0.6105662535898815,1.0,1.0,1.0,0.9974802130229743,0.6478877827058847,0.6159606249981872,0.7998036970932745,0.9841060446498625,0.953944504300474,0.9692266115227126,1.0457239647280225,1.3209737322637793,0.6705623680981028,0.9592180183354906,1.2375136462470124,1.0206882807732387,1.0,0.8764680650781391,0.9598003010959185,1.1206413970860827,1.0410234849008295,0.791532386374923,1.0635331891888962,0.8321978891842986,1.0237707075818692,1.0835319071825031,1.0,0.8678217854476906,1.0854045990475363,0.8045976487230466,0.9165363271867887,0.9820209417886783,0.9978159132622619,0.7625426295522937,0.7022644595616745,0.7891612548247937,0.9991912276958481,0.8896681055361051,1.098807060504841,1.0,0.7332775759721879,1.0,0.7105602665752495,0.6324442139393955,0.6113285697504764,1.1940883750151123,1.021228951663997,1.0556391863929706,1.0642296730386545,0.9790342814716473,0.9884207784363294,0.8939538674072091,0.9932097855430553
2017-12-29,0.5636747939347624,0.8944774949675127,0.9293054351935122,0.8238819221475104,1.0607320914313745,1.1060220821612115,0.6952238149537744,0.7071240178006479,0.521857521459575,1.0279144531202573,1.0917416979150583,1.0423958750861457,0.9846532537586049,1.1426590481751009,1.007636699921512,0.910027039633943,0.6930592634005288,1.0294456919953565,1.195983828930464,1.0063529480753297,0.43278353129802705,1.0276299945999074,0.6140726684529607,0.8724026446235291,0.687547343433673,1.0,0.9125614362231994,1.0,0.8951187584512662,0.8613350127472971,1.114980912825022,0.8042343896660963,1.1784771161056915,1.0017694065046128,1.2538734760292707,0.844047229567365,0.7543059245950083,0.9859374381446486,0.7412870837123651,0.9641183384565286,0.9162389285544243,1.071769180422219,0.9139774735374722,1.1038995113676147,0.8646527912512423,0.5820940785131281,0.6625529973552446,1.0623748419486452,1.2351140759540191,0.9311518777196982,0.971676379675225,0.8143167278921681,0.9312001086690842,0.7832549518840963,1.0180747775276906,0.7330315595666691,0.5464311074973642,1.2847081603326014,0.9523633299150925,0.6107294940526005,1.006314257946432,1.0030480725785094,0.9972269353772675,1.25309037414389,1.326954718645614,0.9972347770050404,1.0605106556973507,1.1037857950235719,0.4476233875719573,0.91718049345974,0.854929347441021,0.9883305572250133,0.8265215491990832,0.6321619070014735,0.8225481127949144,0.7073493017778085,0.7065285240266379,1.0,0.8710109775395116,0.5598378720129165,0.6155047489134073,0.6397075349473821,1.0167580796034914,1.0,0.9928754946122187,1.0282744546432439,1.0161209026998659,0.9701883140880115,0.6646081134079415,0.6642849670516041,1.1223737523735124,0.8338410595221349,0.9374023649349071,0.9632602326545429,0.7329003192986983,0.924331029776563,0.5821654541555672,0.7067331143243709,1.0048655957301746,1.2676675122389045,1.006875357460603,1.0526696898037937,1.062220576969152,0.9508965040430011,0.9900595637420028,1.1677665813677645,0.998585215747748,1.0,0.6209327435299942,1.0,1.0,1.0,0.9928853683102078,0.6361153176881599,0.6157271127460202,0.7850979077845968,0.9375281106221256,0.9234091986771922,0.9439167000607613,1.0441872908046355,1.3124273177674148,0.6635529914146039,0.9765500372534656,1.2305907438636114,0.9824124217606027,1.0,0.8863610540682071,0.9328038330331648,1.0946608809634826,1.032710122037448,0.8562831468364771,1.021051842305517,0.834759309546091,1.0112622818461838,1.080168397662907,1.0,0.9314052889399835,1.0728910779599603,0.7392708834761084,0.9176728448795128,1.014867390380829,1.0323067314112127,0.7890843535268958,0.6927528878323432,0.7951831718248698,0.9612105837261217,0.8432452932717556,1.0796334081131287,1.0,0.7458451558973835,1.0,0.724427959853061,0.6361119519023348,0.6149120902876163,1.1945270290316958,1.0200086761651985,1.1070750379544299,1.0522877791923144,0.9522884122624329,0.9826961510821512,0.8706871508093372,0.9833484337894856
2018-01-31,0.5021880417703442,0.7919875777683305,0.9287676742610639,0.7141440047713433,1.0751702415590956,1.1088686159435546,0.6950154814484815,0.6755838653780919,0.5196240033496081,1.060393828610895,1.0513336519618155,1.0319296145183052,0.937037011077395,1.0846825598448127,1.00702588397472,0.8878900835825535,0.7777321691507247,1.029041080883351,1.2403845651507415,1.0172627724156091,0.41140541042471324,1.0363954820487233,0.6114541927921724,0.8724793173666665,0.6871788590084573,1.0,0.9126380135887822,1.0,0.9474649613808848,0.8760846392525142,0.994675909921827,0.8426322191111878,1.2298088154413236,0.9991964144818837,1.2791787750250405,0.8424643288007492,0.7127670523559714,0.9858047321411602,0.7460109491568223,0.9642316901891779,0.9173419676372943,1.0714935870557896,0.9258971167478494,1.0674679730188386,0.8637549743098769,0.5804554755563243,0.6267651770623455,1.0400747104760297,1.2021847583174186,0.9387845931764953,0.9573697099547276,0.8402188180776874,0.9053363799792934,0.834284063703521,0.9505293050261204,0.7795367078344209,0.542022019656696,1.2539314312998748,0.9529973551745914,0.5860827921114498,1.0010344380764076,1.0028849411488854,0.915633615031797,1.1185930293245219,1.2260334127430004,0.9947784648627399,1.0582623440188885,1.0940478349061404,0.41703726658277074,0.9310893461754988,0.7885614621798103,0.9880148838775747,0.7552908877950352,0.5623959576886335,0.7529046030680766,0.6792175153834115,0.7068493532735449,1.0,0.8922226889153329,0.5386027823462104,0.5373002739014561,0.6632866394370602,0.9857775114736007,1.0,0.9909790626867266,1.025647081574545,1.0055518210286178,0.9588806213244516,0.6560668853491473,0.6661966872332848,1.1375891220331111,0.7852178549520594,0.9395721225148933,0.8960174185217745,0.7656181768816936,0.9259195478498844,0.47932226289345303,0.7070348658753474,0.9925040063130989,1.3586803493726562,1.0818267337115477,1.0445798700766877,1.0465052052671082,0.9655464817410483,0.9725609157098704,1.1733776357499421,0.9934984809836547,1.0,0.602325036391429,1.0,1.0,1.0,0.9963023225595167,0.6345248168240658,0.6155168923136611,0.7031500053646875,0.9563885570554698,0.8680593028248424,0.8953288930736919,0.9695536960770679,1.296731311095883,0.6488157134006808,0.9202783962646529,1.233310296877067,1.064164099281742,1.0,0.88804897917597,0.9061693349258333,1.0510946480700027,1.0225292592544248,0.7445080862717155,1.0117410969804943,0.8289450909662642,0.9922968360749754,1.0801871240623704,1.0,0.9577803751366979,1.0503738577268815,0.6338386872109127,0.8690718394768494,1.0283153815348158,1.3041510090881738,0.761085793702696,0.6890290283556767,0.7343253206170908,0.9228277071295672,0.7865647666487413,1.0786851077358575,1.0,0.7519384789762495,1.0,0.710411861160847,0.6336689600552481,0.614903356785139,1.1952673745802835,1.019094268227983,1.0905931286659434,1.0265373222883074,0.9108958666105267,0.9765563738168257,0.8437262702887773,0.968418793923075
2018-02-28,0.50148311976816,0.7690128320524812,0.9296576616066566,0.749828823805581,1.1037551646227663,1.1003018814686025,0.6950501259146815,0.6948076146891472,0.5207994095643306,1.1320230558258504,1.0448877922873594,1.0362313634430333,1.0029324159443334,1.0711048153930423,1.007085811134349,0.8946435094288543,0.9988240142848317,1.028440537939823,1.218007987820439,1.0398245684513743,0.40894772499150245,1.0057777925034876,0.6112709111058791,0.8727318276471692,0.6870690582307855,1.0,0.9133329559904941,1.0,1.0017385770723666,0.8790686921857405,1.0031435962496948,0.8422113915049415,1.2030724547134912,0.9982889015261222,1.317068768554397,0.845165244524326,0.7458976308221938,0.9859556408123705,0.747209415250131,0.9645616709664582,0.9175813896303429,1.0689387895026814,0.9002811379995828,1.0180325282469613,0.8622724967519615,0.582800068570406,0.6337011243659032,1.0383774022752692,1.1628807310208022,0.9459309291652955,0.9619421215992844,0.8615296348283049,0.8655539716615898,0.7719047421175986,0.9333849170147738,0.7577584149567389,0.5107862669521728,1.2584918638268703,0.9501866115772397,0.5675513370699983,0.8704012220912909,1.0028722722645034,0.9252618780311923,1.0476397953948828,1.2017205916828522,0.9962664800227098,1.0515801644908305,1.0718054060023132,0.45300208049536217,0.9302855054562362,0.8147394011161997,0.9999345041635831,0.7810811673659748,0.5644672530533879,0.7778813402605961,0.7042368933037004,0.7068985200301445,1.0,0.8988322956006003,0.5634933137455747,0.5209501678620081,0.6737799609174127,0.9695644701293569,1.0,0.9927731252451752,1.0278547130624263,1.0012969909724647,0.958068543826978,0.6610266449211477,0.6513082523974886,1.1229567804961706,0.6486812385277434,0.9406253600032681,0.7592090838940544,0.7108550322095062,0.9324439253388681,0.4539169322442782,0.7109972809091094,0.9864441234063311,1.3826427217616777,1.0970795450515431,1.0482911310104197,1.075572911408071,0.9871917901657902,0.9693675659668695,1.173542199185285,0.9952252685695699,1.0,0.6071949847037282,1.0,1.0,1.0,0.9956399282678378,0.635152101863701,0.6155177896864954,0.7352935201686577,0.9216040452254286,0.8732285941667932,0.9015645260687533,0.9235028813559897,1.333197298980882,0.6676878849599828,0.9223411957922922,1.2343243425447021,1.0561824282528842,1.0,0.888825187693447,0.9178651737782664,1.043797721019446,1.0172909458519612,0.7713001096778438,1.0240364671773448,0.8308079718283741,0.9918539961725515,1.0849828079057722,1.0,0.9675110487109218,1.0419175447853335,0.689470638450189,0.8513286901420531,1.0952760901053056,1.3280023501612772,0.7915406517813603,0.684647285574313,0.7492628386947982,0.933940353089687,0.819843120473494,1.0838406791058202,1.0,0.7477373047128021,1.0,0.7123151804156556,0.6318885770749145,0.6168731039386143,1.177584557148216,1.0163451235310916,1.045166516979028,1.018991935560504,0.9209857753869456,0.9760713571167312,0.8441393840492524,0.9675942534728083
2018-03-29,0.4813558828937651,0.7751710822281743,0.928756673244344,0.7978542826183135,1.0918925596424058,1.1036551333440272,0.6950463264294835,0.6950868478032204,0.5191904691961328,1.050965503160217,1.0203752447974725,1.026411834598666,1.0140822895624368,1.0595639557843017,1.0065081218824568,0.877855880113069,1.0873225503682544,1.0273463811516377,1.099677896293417,0.923885948911798,0.3970364177290774,0.951907657866295,0.6107354853896536,0.8723655626830104,0.6870385341546312,1.0,0.9222100391075169,1.0,0.9717836427241969,0.8676480601214427,0.9927770112471593,0.8062629420956489,1.1912116840120053,0.994576414687693,1.2649758050294353,0.8532062435771726,0.7795759082265585,0.9857792865190242,0.748551589028938,0.9651715374591279,0.9190647216318961,1.0665431486520158,0.9037313482181752,0.998570089842075,0.8646472482778804,0.5816475763794657,0.6293206644444722,1.030998684160664,1.0274120280098968,0.9727158445974107,0.9086115088785772,0.5248243882010784,0.8831138873917594,0.6988636007233903,0.9308429642651405,0.7342234816832458,0.5100969760679783,1.2839963002049601,0.9511903474659327,0.5369425873992326,0.8846454847869213,1.0036720465760403,0.9043300410686159,0.986182262444536,1.175423988687532,0.9920296952932569,1.0423754763557693,1.0493964300344643,0.4344013402430197,0.913368291592943,0.7963508294207409,0.9845135352563188,0.7154550229921426,0.51692383256643,0.7214243928548243,0.6682859809333861,0.7072656018340227,1.0,0.8693138643267853,0.5233066432517937,0.502758650491457,0.7065340633582284,0.9565969349617627,1.0,0.9869120243764868,1.0137777891264106,0.982560787605821,0.9302065418712683,0.6481931013499633,0.6162405964732922,1.1196308846176373,0.5840938884757382,0.9428671196303581,0.7102410932952439,0.6149776461316315,0.9299707138964814,0.4461403691484266,0.7188729703510954,0.9281503579935844,1.2936995768769817,1.0952426533016733,1.0316522449704268,1.048118050103428,0.9744942451657411,0.9639253231779099,1.1717156893856053,0.9995928756406742,1.0,0.6057886665789436,1.0,1.0,1.0,0.9889295151826261,0.6376750635900602,0.6154084582240742,0.6933942231211296,0.910999425535622,0.8727655320568892,0.902586024029809,0.8553605893909411,1.300425609475615,0.6709676453579381,1.0269815185984332,1.2340570458737674,1.0873797492890087,1.0,0.8720880815247559,0.915243037051471,1.036750578661286,0.9716944675249497,0.775379879017272,1.0052124425922304,0.8294238594167803,0.9706753284244847,1.078688684637289,1.0,0.7854113935748329,1.0052341481956155,0.7333107362836548,0.7770565582032333,1.0875444737930315,1.242765920165046,0.7698187149685702,0.6796728084077994,0.7361737515014233,0.9014743469112021,0.7712846541155127,1.0489660704436918,1.0,0.785959895506542,1.0,0.6990066864612492,0.6308639339020563,0.6146774217128694,1.176095305158876,1.0116471719458913,1.0367713669739187,0.9733505238430361,0.9203255482094739,0.9719015254823696,0.8243239365245183,0.9587461132446934
2018-04-30,0.5009213881408192,0.75948119704865,0.9288667033641865,0.8361156640246084,1.1073832745955705,1.0810290365078215,0.6956838856181259,0.7077650394390786,0.5189729573995332,1.0604563717266444,1.0414231964743552,1.011174513560271,0.9825973092085614,1.0481520366946653,1.0051612563072174,0.8954468148841237,1.1020992177749118,1.0238563492705473,1.0518998929539933,0.8943950970636131,0.403659634951994,0.6710310216169421,0.6141917888556194,0.8719819625312546,0.6869867850767972,1.0,0.9186238414108415,1.0,0.9289415409195112,0.8552325144790364,1.0016426359033863,0.7788533447953907,1.186672734614192,0.9853149066070557,1.2317433634536274,0.870269085297265,0.8683960383500595,0.9862599218152378,0.7812842194037108,0.9651981281824856,0.9157884804369976,1.03871750660352,0.9078820472959926,0.9150296356328534,0.8645547239031615,0.5806444374739618,0.6523670311384882,1.0480267828733163,1.0095597969362131,0.9152247877471534,0.8951228892820771,0.5072411928672106,0.8713730045125532,0.6870875182264615,0.9179422643977644,0.7938682536494968,0.5438237085911842,1.299247575134786,0.9523565142386,0.5622968434349411,0.8769372065576276,1.0039920036700325,0.8528943480422516,0.884088402680298,1.0502650620133924,0.9817342681042032,0.9999731420864587,0.9762437394967851,0.4359011643056375,0.8673943422220457,0.7960844004919416,0.9551694912407984,0.7225394703626773,0.5427587375500125,0.8680961675351815,0.6975985580404194,0.7078615204742815,1.0,0.9542109935225818,0.5292077367793298,0.5414863257318991,0.8746933787129155,0.8666362315944198,1.0,0.9788443156001,0.9991092417429768,0.975786589470097,0.9160226749948209,0.6531562575310506,0.5719220941517453,1.0985272002819055,0.5816036263666432,0.9431155498298909,1.028251411136826,0.6011476600334518,0.9012651923821255,0.44527709419234995,0.6806724633481074,0.9084277380619528,1.246405997047808,1.130980519016783,1.0190765009332334,0.9818033135742188,0.935901572785305,0.9429286512648779,1.1621100038618255,0.998939492724195,1.0,0.6207308984340147,1.0,1.0,1.0,0.9781738252473886,0.6311641944229979,0.6154137561468533,0.7062570684484358,0.9042785932437647,0.8709866885984833,0.8998478742336999,0.7862053918164787,1.3306814993261278,0.6715580590479123,1.1206960678414415,1.203915354886291,1.0035823459209645,1.0,0.8567070841066555,0.9207828604100239,0.9674204739948291,0.9551417079267802,0.9488720855866615,1.0283874556811883,0.8282954958524471,0.905271698563913,1.0511948267207778,1.0,0.7646705254089583,0.979599166720414,0.8230066965447779,0.7247748126092468,1.0634826767991932,1.0708933158951421,0.9302488233573095,0.6817821923256607,0.7883801156827501,0.8717594972083349,0.7142476270492916,0.9396500421917462,1.0,0.7910943476318499,1.0,0.8078798621935043,0.6537631489845261,0.626214607712514,1.1715117104288406,0.9997371052344629,1.0071106359066975,0.8817841219067616,0.9614259768153703,0.969877686973311,0.8083052290799069,0.9524133385523192
2018-05-31,0.5132593718910701,0.7752638801454637,0.9284700173001477,0.8442459241128251,1.0707275386598172,1.0724844052572844,0.6959943179898065,0.737239344858529,0.5176738685002036,1.075211974093913,1.0755093271169587,0.9976825325727859,1.057314896956321,1.0866549653441275,1.0033842539147437,1.0388416369930373,1.204162322931302,1.0191062513438727,1.0179116199618472,0.9089851233372074,0.42402630774202155,0.6664300208231786,0.6186655803623922,0.8722112490040768,0.6869796615061559,1.0,0.9126663320723892,1.0,0.9024048478856663,0.8549821683440854,0.92719153362375,0.7546471763573039,1.188513496645047,0.9863462521960934,1.299131526565613,0.8791088942790214,0.9194879158594349,0.9862562885331555,0.782245858353815,0.9652196077452286,0.9159691962829904,1.0337949407194469,0.884991946747806,0.8870864974545223,0.8631185125518093,0.5808530103459902,0.6329781236312352,1.0315218685557244,0.9932881332703457,0.9048206593519212,0.8912767828068531,0.5198035829032108,0.8895008746110937,0.6814267919553432,0.9118777602406805,0.9649541633976595,0.5312175610651183,1.30153505082877,0.9498147747789385,0.570992071706651,0.8551612882085351,1.0034684753546903,0.8943947797960813,0.8754860255872524,1.0332351701861724,0.9757387564125538,0.9888635010771323,0.9142770694353735,0.5034258493836046,0.8670635147738602,0.7377695519060967,0.9547293018037389,0.8107616120822827,0.5781997153829146,0.9253833316772677,0.7294657058156111,0.7093488631337725,1.0,0.9358847248565563,0.5548234988159098,0.5533152900079586,1.070310342763607,0.8547743886588872,1.0,0.9764016677944051,0.9973778884185363,0.974846779033924,0.9387739871285689,0.65565315892006,0.5693627477394942,1.0814668154603377,0.5958173880568396,0.9397177170719948,0.9360284498581569,0.6031474637492473,0.8969049472424316,0.45189325970854277,0.6757743041156559,0.9046337297965812,1.2146731599574752,1.1490294394262206,1.0130955206782446,0.975395292973748,0.9496895521158332,0.9403630758272403,1.1598217314304957,1.000914234129858,1.0,0.6459047924194281,1.0,1.0,1.0,0.9729447061418665,0.6379620247419604,0.6154140287898962,0.7628187462290694,0.9099344214742486,0.8678994602873534,0.8943047107889807,0.7199190590082855,1.3428904234886558,0.7141784851091442,1.268350984266632,1.1460105941745367,0.9548138174006803,1.0,0.8544872862122426,0.9143683658073848,0.9557273950736885,0.9502591156913877,0.9752835280628186,1.0425436669112966,0.82883803042936,0.8827303903936832,1.0345848269686657,1.0,0.7601067317595971,0.965746059058459,1.0160428071664964,0.7036994971258023,1.040643062877235,1.0178218420462484,1.093648494192967,0.6814140943279615,0.8262202344731395,0.8446099964422779,0.691567862340039,0.8907787934484533,1.0,0.7884599242251659,1.0,0.859049108174081,0.6673916115604801,0.6300422737206826,1.1554243146102494,0.9978618614094708,0.9915268574700661,0.7648549116347618,0.9819840693524245,0.9688633615808008,0.7962204684397747,0.9497639941589007
2018-06-29,0.4837618798528349,0.8007659969603641,0.9294881832979529,0.8442872607419153,1.1134924853851187,1.075202077652948,0.6965921635393733,0.719353721426492,0.5168138557924815,1.0199537010898583,1.0553030586536234,1.0022543738151737,1.033165252966456,0.985332738817666,1.0039175131517017,1.0267878304892801,1.201375517928911,1.0172130096328522,0.9354390511508258,0.898080716408717,0.41507532502374866,0.6566931161487459,0.6246547629547222,0.8721500216448941,0.6869811059021143,1.0,0.9118636747497568,1.0,0.8901941596856232,0.8521559788482552,0.9104327239019256,0.7372628574751462,1.0967463925805523,0.9880543009591709,1.308393699174988,0.8945697362380391,0.973303304432942,0.9867009994118243,0.8371799642621276,0.9653077706215445,0.9183942116254056,1.013777801394718,0.8983544496767475,0.9819750590718346,0.8739845324407507,0.5804461495644935,0.6419775263272012,0.9579651652743753,1.045104670638578,0.8793032672423351,0.9054955829709684,0.5376411127974933,0.6038122622378927,0.7208522502932998,0.9126360394880738,0.9300575543204724,0.5035419203452074,1.3006538220133348,0.9498085849384962,0.5744693640734314,0.8449581589572179,1.0028438225770102,0.8804602125594877,0.8736352994960828,1.050349538572194,0.9769685749860247,0.9885328599754792,0.871929944273454,0.4789796155374294,0.8598439244099969,0.7051630889368434,0.9543223871808583,0.7699551622809935,0.5507680510273338,0.8784220373450079,0.7174244000034138,0.7120619342136394,1.0,1.0034534768170038,0.555081692740215,0.5095864449213164,1.090041839065895,0.8549203823477203,1.0,0.9774160166730955,0.995239602197935,0.9723433702186745,0.9409570835769071,0.654618778148754,0.5676038415870905,1.1105379199416043,0.5523779110987249,0.9337070543024096,0.8987346535482236,0.5943067744901247,0.8750096794001284,0.4363375555054648,0.6799231502135661,0.8749399975834782,1.128735928498528,1.1597380354090994,1.0170667314773958,0.9710826172778585,0.9285385275117246,0.9443038951723872,1.162190837370916,1.0024626444466727,1.0,0.65174319165422,1.0,1.0,1.0,0.9709230201510605,0.637648807112663,0.615449502037259,0.7467664784456098,0.8820599519143387,0.8582036638426246,0.8821760517353914,0.654686694428469,1.3457087719799947,0.7071111194581201,1.4149712463454889,1.1352246106524775,0.9460315140446547,1.0,0.8446128371278752,0.9010258141193552,0.9478889790526965,0.9531131581749922,0.9795893413060092,1.0277504650183282,0.8272555888662187,0.8388412293988187,1.0330237141011995,1.0,0.7611237758782442,0.96346862664695,0.9918386077317015,0.7383786785989299,0.9698497972218028,0.9856903247167398,1.2097545361565056,0.6784621213556757,0.8197446161149491,0.84928182619947,0.6941984139025685,0.8439103879160569,1.0,0.7827082183812684,1.0,0.8870528172640627,0.6860156681378401,0.644247923725501,1.1540795912980801,0.9963021834532149,0.9682308112315186,0.8354690461505285,0.9787179956707274,0.9687355446300482,0.7948059309098916,0.9494264766588055
2018-07-31,0.4778193844849271,0.773305444262276,0.9282911320451332,0.8103708543058382,1.080543239690156,1.0592922272286585,0.6972601540098062,0.6968718255454842,0.5164420223290654,0.9892192886840429,1.0559404133000332,1.0010231047806937,0.9968191740588338,0.985485291536305,1.0040820970615272,1.0327300127340722,1.221937462713897,1.0237239919376262,0.893266729855966,0.8962431270093478,0.4056774786191385,0.597997051530806,0.6228278531891949,0.8718756812563155,0.6869787028093912,1.0,0.9107144849126677,1.0,0.9568078373508985,0.8530279866917077,0.9367331684414739,0.7474915496840641,1.1246577949532208,0.9872934497027801,1.305646073890016,0.8719122490139288,0.94728102222746,0.9864805892772133,0.838167652675874,0.9646803772442507,0.9174556979877937,1.0066518577620316,0.8867164343447327,0.884096393182577,0.8634722227649271,0.5801957862891678,0.6205066918179236,0.9357393476617326,1.0427619405583919,0.882389259490681,0.8954835685083169,0.5157698037903482,0.6389828952894983,0.70643763433041,0.9402824424966217,0.7750278513146397,0.5360780974265605,1.3028332138768355,0.9510046769989426,0.5504368678963071,0.8258541980589467,1.0024373079859772,0.9286345473068034,0.9140301386146159,1.0831310112553847,0.9747850406359277,0.9971900659082279,0.9335594896799859,0.45194481762726,0.8572855383442356,0.6674631897276174,0.9549758057229442,0.7615735187788503,0.5305790109892716,0.8068335549889997,0.7009888219840912,0.7110636034163058,1.0,0.9474807781534523,0.5403208782439352,0.5040098106869357,1.0712567131745219,0.8746348447901995,1.0,0.9749130126285083,0.9921590648863802,0.9633097418198271,0.9232448110805945,0.6506101352465216,0.5651879504729598,1.1088187505190767,0.5944263558742843,0.9290309486191997,0.9306208394715074,0.5949009062344501,0.8828913164053775,0.44275569994262653,0.6789083431057938,0.8527457711457538,1.1245416354303275,1.1610509710232542,1.0186100213671454,0.9788442106132076,0.9561524689969008,0.9452549575092271,1.1676395831445852,1.0042150149127078,1.0,0.6314834549669612,1.0,1.0,1.0,0.9705328787941425,0.6503345559517364,0.6154342563244295,0.7292406582622873,0.8967874944913222,0.8555948957756114,0.8804580862476806,0.5817266822817421,1.32621290578109,0.708275367438628,1.356910913789722,1.204942914291317,0.9827476160344367,1.0,0.8374891266002314,0.8983945088434998,0.9446102470197519,0.9573865923821946,0.9620230433264795,1.030014026565603,0.8277714602138951,0.8950903784458678,1.0510980452222776,1.0,0.7601434401046603,0.9629351162296176,0.9771409960888002,0.6686251921207367,0.9613581832931443,0.9953038683442744,1.1921005045558215,0.6772782426540156,0.8019376796738177,0.8448282678295111,0.6948809598357606,0.8487666917152479,1.0,0.7877204775993473,1.0,0.8713322254158313,0.6720782042584885,0.6463697633091875,1.1761319022628973,0.9975681916223207,1.0101973051148312,0.811881675875857,0.9622699259983506,0.9688028806262446,0.797756381202167,0.9499157161931471
2018-08-31,0.4697527176387515,0.7469137920949009,0.9282277699711752,0.7899882366836751,1.1144544907259641,1.0527407154032782,0.6973153538997636,0.6821086610131974,0.5156334402919764,0.9956970163374209,1.0561360466804552,0.9991616561969316,0.976792397317798,0.9610320513338126,1.0036597840024695,1.073129745294377,1.2521229452259293,1.0203157553661208,0.82455146682644,0.9170174503461926,0.4034920626411924,0.5810857178093269,0.6198366062566174,0.8716581088794202,0.6869755214270314,1.0,0.9096687211525376,1.0,0.9670576365079111,0.8537047294957879,0.8588250245579888,0.7387447088827249,1.1273852669489586,0.9871260035015323,1.3536330596667865,0.8759223626338563,0.9885741422515553,0.9863608344375283,0.849623704099687,0.9649617324072847,0.9166465484582341,0.9752726063099043,0.9044839027307905,0.826469556598451,0.8638419639057708,0.5798894778509892,0.6004565235048334,0.9392488629408872,1.0382090871966365,0.9196028910676952,0.8835210783442771,0.5281707778848486,0.5713219030325695,0.6700671086437111,0.9299526891996401,1.268006519772661,0.5240603346070771,1.2921107985201055,0.95181542574701,0.5746920943813649,0.8183162580189274,1.001329073679815,0.9135213738733976,0.8697748417811741,1.0563597017488968,0.9778509493556043,0.993379745975276,0.9247311614364415,0.4387570355071927,0.8534289277893232,0.7183846070566211,0.9511627579128288,0.7623257950318416,0.5291752139252277,0.810022863535171,0.7042072128239606,0.7095713118679456,1.0,0.940382393954728,0.5581520191878372,0.4907185552412877,1.077668720192315,0.8762886219908116,1.0,0.9730735232925174,0.9935378533846709,0.9673452681414692,0.9193957462513106,0.6496185318150082,0.5637285178404532,1.1156164159661894,0.5531865697093148,0.9274343610876291,0.9332527232399185,0.5982465078693167,0.8671159744159844,0.4455644577969863,0.6785215996317346,0.8890128466134094,1.082990002183264,1.1568346279045945,1.0194942442246995,0.9682074311035255,0.9257812898390309,0.9401876138075628,1.171988967430969,1.0019469356418744,1.0,0.6371280339053984,1.0,1.0,1.0,0.9704126741487892,0.6450805507976604,0.6154951818701182,0.7249804528520569,0.8940338297455128,0.8529081208523559,0.876143101835734,0.441378856374097,1.322334209461765,0.6920972454605864,1.4666834744760942,1.2152488051541293,1.0193012009115379,1.0,0.8299408396760385,0.9123812830890122,0.9776130504819853,0.9514743695751798,0.9677150861064208,1.0202694351277408,0.8288633500830135,0.8846273444899315,1.0554097686844521,1.0,0.7597549673451349,0.9521419711324631,0.9955742857555846,0.5879930076069454,0.8959090995364154,0.9958217944459572,1.215397549572833,0.6832558259068331,0.7968088975417085,0.8363110962798501,0.6987639411882098,0.8239269325390719,1.0,0.7882853716211575,1.0,0.8786849729685822,0.6609001095419664,0.6471117917949646,1.1444497858853306,0.9971084140159765,0.9652960066647197,0.8463407457708334,0.9712018163280758,0.9685623401385958,0.795356175063389,0.9491236866165267
2018-09-28,0.4620694967948935,0.7249681770706362,0.9281272529049678,0.6988561892957066,1.0810825846183514,1.0809417731788344,0.6956356322077235,0.6717566543286866,0.5158652012336827,1.0122427458808338,1.0110563776174701,1.0087696875241974,1.0041364828334354,0.8848692304686677,1.0049837164885878,1.0423082836863031,1.1803309651663163,1.02249993101677,0.869310224811277,0.9129734413348385,0.3928418750595748,0.5861963754233732,0.6170499691491538,0.8716557319031185,0.686982325894429,1.0,0.9184001725019909,1.0,0.9457350987662497,0.8613623165208357,0.9038535058710959,0.7551724298904519,1.1028874027897915,0.9863493569619449,1.323801174629459,0.858319565176431,0.9574674176005109,0.9858867584020933,0.8167358364859756,0.9646537233831382,0.9155570369479249,1.00878467304691,0.9303046552224518,0.8090426200711015,0.8635026440303538,0.5797988345498717,0.6059285278652121,0.8849402415153427,0.9767024737108756,0.9175242308387875,0.8795653498920902,0.5056243948583641,0.5101287611995426,0.6974650393899474,0.944700504448782,1.2164645453698657,0.502660561283164,1.2975636787686384,0.9520879627174664,0.5929504841396491,0.8302519057998001,1.0036812392213428,0.9224784089889935,0.8660631243533343,1.0747593234407937,0.9811792801412331,0.994466394635995,0.9374188888791726,0.4133812112451697,0.8553754131503134,0.7524090553903151,0.9517577160492157,0.6928194081559897,0.5250190491739157,0.8028203195629283,0.6792222545511436,0.7085210655837866,1.0,0.9563591161860818,0.519462983034851,0.48252345435853317,1.0184999334784963,0.8828001297526828,1.0,0.9750863251809924,0.9953392305372993,0.9770541540859469,0.9480919778157922,0.6478305071370184,0.5702601222172727,1.1162471326793277,0.6681254678557677,0.9277617757240882,0.9906631836732156,0.6004224092745553,0.8881674342965428,0.4776093749204068,0.6783050598930408,0.9181001900983002,1.0525539277713976,1.1549515708813975,1.0199363281857325,0.9798774576884048,0.9359674828181023,0.9411372881282787,1.161201114747883,1.0042455628784481,1.0,0.6361167169366515,1.0,1.0,1.0,0.9709168021348001,0.6659232270208887,0.6155236998131144,0.6644343194520276,0.881487618534542,0.8611785221839181,0.8868314021939425,0.46535877731950925,1.3336115144200016,0.6917836615136904,1.396074363266722,1.2049766009038454,0.9721815121915895,1.0,0.8321057292834455,0.9177499433948422,0.9789239329321108,0.9510155091684711,0.9409352065760395,0.9371071051401317,0.8268786228295049,0.9205761513821222,1.0554117777929328,1.0,0.7605113222784192,0.9596769221760976,0.8394741327134531,0.5551723498831588,0.9213259030747861,0.979037798231822,1.0236368484579945,0.6844197559398306,0.7533419332746314,0.8537836279203006,0.7023465809512849,0.8409724642336891,1.0,0.7903108826747067,1.0,0.8175623526195669,0.6446933720675455,0.6343829271932295,1.1524315159631495,0.997301840108756,1.009539559485862,0.9186737677704869,0.89924874944871,0.9690609018966408,0.8014859946008889,0.9509625722516093
2018-10-31,0.4692923216216103,0.7023475411161467,0.9281406006542922,0.6757444695240946,1.1668140214164329,1.0440340847210312,0.6965239314957963,0.6650997771954138,0.5160266068746131,0.9971553061211378,0.9739307639166448,1.024576449495199,1.0335750481093848,0.822716415400659,1.0057430039353497,1.0238853503540895,1.1729353657913066,1.0272284422296816,0.9048316299583528,0.8941533845562651,0.3971866234125767,0.5803441165309225,0.626772292999027,0.8743256265624828,0.6869827469483647,1.0,0.9200220046861818,1.0,0.90697381338837,0.8552387050909934,0.9413647996120712,0.7462250991785626,1.0569424103539753,0.9860432462856623,1.3320665436959294,0.9116225993496585,1.077168419703708,0.9869108681439496,0.8172284977090558,0.9650806882975906,0.9159944556090017,0.9779793642563747,1.0,0.742083348819528,0.8948189130942077,0.5802388494048878,0.6085247484053191,0.8935412432815854,0.9805071057727475,0.9185662134296625,0.874144389838256,0.7151483249570604,0.4830818681743302,0.6662482833152154,0.9839143100317889,1.0613191621058657,0.5398768270780079,1.3013551135715766,0.9487139547558894,0.6260490547129249,0.8246911547769831,1.0032503137061146,0.9543421838758739,0.8916989906442802,1.1316512479665368,0.9802611789427053,1.000821018444781,0.970491364449062,0.4108552137997621,0.8452159085788429,0.7726049830780135,0.933426653543827,0.736069933623075,0.5502173406947787,0.8417977516061997,0.6900558516063173,0.7138129812525161,1.0,0.9143049192253737,0.5246423417723132,0.49592120644285154,0.9792230612858033,0.8920287843673538,1.0,0.9724027769227865,0.9926618271377012,0.967423593125853,0.9280254883350638,0.6461865747323647,0.5807143425693004,1.1378888855894,0.7282495527587668,0.9267945765177603,0.9845038772959792,0.6008791810858114,0.8629231781859152,0.46106137856248586,0.6782748763293127,0.8858150052972389,1.0283276078364134,1.1629413878471861,1.0215553472295422,0.9801342869626213,0.9548900603334955,0.9396530327499387,1.1530394941413074,1.0058563622013956,1.0,0.6238990740711107,1.0,1.0,1.0,0.970907591151011,0.9578769786227187,0.6157568881337032,0.6847283806764222,0.853026254423188,0.8686211778084059,0.8939228464203283,0.39497323366795856,1.3318735751825792,0.675796506963384,1.3816218236811322,1.192768320003378,0.9624568768761491,1.0,0.8255838268287602,0.9182453986066945,0.9994425241370601,0.9350086645994589,0.9282975211075735,0.9573306499305498,0.8266874143122325,0.9544863515962738,1.0636106405243557,1.0,0.7591461531325273,0.9543112747454803,0.7909945928800083,0.5209271373185833,0.8603078523532238,0.9595273714476238,1.0463313794625544,0.6829247503106646,0.7385087131351344,0.8805537937491003,0.7171482974692998,0.8384000537411628,1.0,0.783352739380455,1.0,0.8377055993200001,0.6480191931230319,0.6665776519356561,1.169061057997334,0.9963086338055629,0.9941035598614525,0.9986721713305413,0.8519727881552406,0.970999290299335,0.8160849620156962,0.956185469027536
2018-11-30,0.4319460763238022,0.6855623463813758,0.9278166010747088,0.6524063228151218,1.0661703235727522,1.0523607922395575,0.6951115916089297,0.6242302990605124,0.5157722041423092,1.0391962891793616,0.8442937423331383,1.0178049211229085,1.0746627535521782,0.7346071489426065,1.005812398129752,1.0169470552324047,1.1727572483880497,1.0264101817740134,0.7742246782291148,0.9018405495844526,0.378952308452406,0.580775951557243,0.6154130965998169,0.8747527006971412,0.6869802733973671,1.0,0.9209770254891686,1.0,0.8876787409104926,0.8528550674931141,0.9625802784056621,0.738602262565124,1.0290642892845232,0.9830068879764566,1.3283222019049932,0.8504198750749619,0.8551735189263788,0.9857022854416414,0.7738320444777118,0.9652087328477129,0.9153839799542997,0.9587184180730485,0.893561569340843,0.73537212935644,0.9091160775837541,0.5807086568073703,0.5996435649340486,0.7245569799502434,1.0126467576070126,1.1583230906061408,0.8756474590396875,0.5062065812996788,0.4014204914265289,0.6217795317031662,1.0034786192035183,1.1256694043866278,0.47987486350397424,1.3005471740399972,0.9596705704699181,0.5851739736014248,0.8298376927201823,1.002165087490762,1.030740873640861,0.9160477604375987,1.1346936768281737,0.9741791462185803,1.012953789314008,0.9944629454592467,0.41055767992138337,0.8450844569333267,0.8994233219218057,0.9338956494279095,0.5968886715771244,0.5043095799783772,0.6456484873316979,0.6211121095781198,0.7123403163194755,1.0,0.9086462954205183,0.49756456569300034,0.44879115671634917,0.8676902111011437,0.8940407478330104,1.0,0.9726853068507694,0.9945928476976441,0.9707846015132788,0.9335581712938453,0.6441497954409483,0.6078513051256734,1.1370861625114492,0.788576589500877,0.9268862757136053,1.0009082738294302,0.6146472366067761,0.8453843053554367,0.4864866533115473,0.6769153864419754,0.8838362299179786,0.9658066286280249,1.10228119790862,1.0224465004786805,0.9795836387294912,0.9507211045332278,0.9494119544134332,1.0767310117934072,1.00266037689254,1.0,0.6439002764056458,1.0,1.0,1.0,0.9710529789573198,0.7532403510642669,0.6156299464640238,0.5980113927737258,0.7827312268448066,0.8786999293650947,0.9045857597687245,0.5387091459799607,1.3013099649058346,0.6336862466874904,1.3549653129313857,1.2080679398547602,0.9316981205886106,1.0,0.8203579104191245,0.9270943308782259,1.0162195906320017,0.942813556932188,0.9177646086559313,0.6141146393932304,0.8266254427514167,0.9794273937385691,1.0622301277123227,1.0,0.7605767873019718,0.9593930782394038,0.5724938897934125,0.5305391750836379,0.9302531996082994,0.9675432219736322,0.7518373894615871,0.675579163243783,0.651663629385266,0.8674348160405654,0.7401472436133474,0.838446570836145,1.0,0.8017200283058614,1.0,0.7559521436196918,0.6386981473023147,0.6218938542969316,1.1260863036952118,0.9964761912060848,0.9900845821588588,1.0534003194261052,0.7607279917086966,0.9716542233577015,0.8212381257791885,0.9594627046418892
2018-12-31,0.428265038161596,0.6961849619060099,0.928538626025257,0.6271206819413958,1.0103691679614537,1.0662461700051413,0.6953480103660191,0.6041799661907179,0.5171098732272503,0.9971138304665252,0.7381736973966615,1.0461529350264458,1.0471833470745073,0.6674320425930329,1.0071847832238203,1.035058336577596,1.1920740177376292,1.0295985705221566,0.7071623253637268,0.9097953029671678,0.37507164394600456,0.5742920421956021,0.6169447701080903,0.9077978699320673,0.6869784464087902,1.0,0.9120574861825198,1.0,0.8916204873961625,0.861756283776641,1.1067661007980898,0.729247873991583,1.0112033989581686,0.9895309881221667,1.3647151493822305,0.8629680394965517,0.9310255555358867,0.9855661609140773,0.7690003938807962,0.9638904707270356,0.923904573308786,0.939184021851266,0.8917638509463716,0.7250448482027834,0.8961875404701326,0.6089024256297539,0.5994043556585382,0.5855105795906786,1.0412739150531143,1.1856462756773245,0.8719491522819164,0.4180051642141932,0.39028944032679314,0.7294859356805237,1.057634385402011,1.345140295503171,0.4685834210201394,1.2885984296420163,0.9581100700119045,0.6905077878300895,0.8260582535152728,1.0015491983222526,0.9501904605390223,0.8782806325736839,1.1046935313576778,0.9790456217894405,1.0171639097213134,1.046047213598432,0.42477105960176675,0.8378988994995025,0.9226857551926245,0.9318145602045296,0.5356949176172006,0.4768949517340999,0.6400098580981575,0.6044331932155734,0.7127441804811675,1.0,0.8811139794208629,0.4858497982772375,0.44348464835167434,0.8266235945377043,0.9271365469299276,1.0,0.9757338130103186,1.0002208688769294,0.9812090747229792,1.0069373799832146,0.6425625566357809,0.6099387962809477,1.1330336009080744,0.650383948550687,0.9267649949157819,1.1025422701543066,0.6172629258582949,0.839980340431126,0.4331593395521639,0.6760324811439347,0.8984080489574748,0.8941420473205157,1.1891174046803892,1.0393613105671957,0.9870765457518239,0.9548663801813819,0.9512315938124134,1.0312599881504811,1.0005515295411036,1.0,0.6432817127130626,1.0,1.0,1.0,0.9719072968869912,0.8640966516455377,0.6156861094068888,0.5254051264119166,0.7545954060276467,0.9216705326055307,0.938112972741588,0.6899245683435669,1.3393944298287452,0.6343048593727154,1.3677649162583352,1.2094190686109676,0.8379665099858846,1.0,0.8208533664099464,0.9250736605152712,1.0095173311693535,0.9760904057358231,0.9069392479094085,0.5397468256423121,0.8269398535351421,0.997668059841141,1.074424781283217,1.0,0.763322226265675,1.0050827435271519,0.5219879067572206,0.5740681324462154,0.8972122367481116,0.952335909339403,0.7380001549934971,0.6774896935327025,0.5966812212698036,0.9295369521273205,0.9039835727297314,0.9050880872013128,1.0,0.804908149151504,1.0,0.7155790121507432,0.632262118494924,0.6227683890787582,1.09151153071484,1.0012466754230327,1.0143178729541211,1.1151789287896645,0.7979718617167244,0.9839703078549688,0.8666364370983203,0.9879736273120787
2019-01-31,0.4327600702595983,0.71437227791975,0.9290243288782797,0.6893803342402445,1.021868809945845,1.0570269554846126,0.6952338939378913,0.6181277113450842,0.5176377891672072,1.0023873175209712,0.8847500180565884,1.046657991103251,1.0213991477554434,0.7084834847514225,1.007066561255202,1.049158114745496,1.1970283997071172,1.029052523614381,0.6850297622556685,0.8962087853819302,0.38659129418206806,0.580483497114522,0.6139034293276077,0.8933952619092074,0.6869868729502042,1.0,0.9103709153421877,1.0,0.8963159357590416,0.8622299222211369,1.0964099106235978,0.7230175273011572,0.9980691442490258,0.9892720358784499,1.3525105233812904,0.8563875872321067,0.9129018588076717,0.9853306088919497,0.7646728170945558,0.9647097529226316,0.9247252463091216,0.9229001380799143,0.9575589991213159,0.7378644845411819,0.9148032766356151,0.6666559760719004,0.7347730937349439,0.6285758595649075,1.0352008664899088,1.1864034624464783,0.8703186356965326,0.4819700420510924,0.3954955463880676,0.733489395508168,1.030444489453236,1.3149360789298241,0.5045016216125321,1.261410931284027,0.9534578857014557,0.783573657291583,0.8200783324590731,1.001942691626185,0.9680901119751805,0.8705898913049239,1.1077030778893069,0.9823486778063435,1.0183824476661043,1.040420823610765,0.4769656527445012,0.830718445761157,0.909825716395979,0.924992000251708,0.6930471695299918,0.5381388423964522,0.6922042929610924,0.6418196078254432,0.7098017899755369,1.0,0.951841664514147,0.4910772075817579,0.4468733089641632,0.879495691243074,0.9490081786414442,1.0,0.9755199371406325,1.0002159323340039,0.9763315927973879,1.003262867451445,0.6433096879180857,0.6490805356852056,1.1421190072563425,0.618589479749492,0.9260819416716586,1.137515077254803,0.6819783261750727,0.8382461686497511,0.42219456898101704,0.6751997489025644,0.8806861280166581,0.7833930930844836,1.1804659198101948,1.0367273388625844,0.9787595487966961,0.9340796665171498,0.9479442838919498,1.0195125930441038,1.0028913321689843,1.0,0.6337060789708338,1.0,1.0,1.0,0.9711164701600542,0.7766810540836167,0.615759064690539,0.6701683033159642,0.7200242246260292,0.922414392387417,0.9379381527617273,0.7582885369872941,1.3418336466807728,0.649537293581342,1.407465887859844,1.1752131559666465,0.6785337929495311,1.0,0.8211418598609588,0.9330198448291122,1.0193291572349221,0.9714422533190067,0.9691603792570023,0.661232773629751,0.841148641840427,0.946169058296819,1.064635235412097,1.0,0.7622038268515025,1.0028265982220035,0.6053632206217282,0.5485017091012498,0.8604682297444046,0.9105910640612146,0.7208357807011398,0.6751382813264386,0.6747624383508075,0.9292182600647717,0.9092841897519464,0.8838842328145786,1.0,0.8026442343336572,1.0,0.748677692970003,0.6365621682694022,0.6260965280263163,0.9774853437824537,1.001513090907629,1.044321774988978,1.1207044843948337,0.8986518963105624,0.9844427280902256,0.8707340230489028,0.9879511012300871
2019-02-28,0.4324339698330715,0.7283388971628818,0.9295853039221627,0.6614350044656387,0.9747467900028123,1.0832626012054398,0.6952667608819678,0.6130721883231978,0.5170460379014228,0.9690803372540903,0.9491544342776645,1.0410089125208963,1.0024344282347795,0.709961354054247,1.0067149648976514,1.0220499683549709,1.1887952314131371,1.027303352617811,0.638432291145427,0.8982534391188194,0.3853483192863806,0.5752528876194472,0.6149534124618679,0.8946039100232412,0.68700299088932,1.0,0.9103225654749268,1.0,0.8868170533809075,0.8585440061251521,1.040305723588212,0.7185423876594652,0.967441533976259,0.9893172550706789,1.3617572072535005,0.8579252700603235,0.9253882899096914,0.9853558365860825,0.7543964549477067,0.9625248028499052,0.927128859872335,0.9265914344274407,0.930821708101081,0.7373563649531372,0.9230326764164959,0.6314375350033161,0.6650781110255589,0.5928013545305848,1.0571351778611935,1.1779361977587886,0.8870786433823392,0.45013568722183916,0.3864683549402418,0.6959644064209494,1.0568945345447427,1.3333729280581263,0.5198118112045766,1.2517774753830537,0.9573413056326804,0.7562234782570723,0.816055335398481,0.9998421740756434,0.9529736612577361,0.8625638542255689,1.0989557027173904,0.9791343889526208,1.0188207044657416,1.027226840389848,0.4770322523186451,0.8352681851674899,0.8621961012490084,0.9065683766023083,0.6981505333233875,0.5459817402222666,0.6745585986467088,0.6388435952528668,0.7098923612346357,1.0,0.903566052169376,0.4899095066009842,0.4469766275202022,0.863891236284751,0.9458162200270934,1.0,0.9748187233308183,1.0001314519579947,0.9766973820009826,0.998329911570085,0.6436690213157663,0.6869493260046748,1.1554932947079934,0.6038890244733864,0.926240947273995,1.2017512845194707,0.6823106520263518,0.834123893647288,0.4571752157691592,0.6751657388767269,0.8857825255653442,0.85077151386918,1.1747956657238627,1.0343920036015963,0.9751899033008729,0.9198290608340907,0.9508937936554669,1.0197448925800805,1.0007700120813556,1.0,0.6344395821187219,1.0,1.0,1.0,0.9711758587220137,0.7208156527954723,0.6159780490390471,0.6719848560706645,0.7340931868595741,0.9312118890972365,0.9419859640845929,0.9347793621179254,1.3388028444517073,0.6410054201915409,1.4104391448417815,1.1863673167256468,0.6635398351609403,1.0,0.8210655371507819,0.9183451654053916,1.0145915808133834,0.9798077442559916,0.9705435475884332,0.6216946828118803,0.8355089238328637,0.9347771997204577,1.0640182927200164,1.0,0.7639175628708001,1.0000693031906345,0.6172244164126055,0.5467799657605639,0.8360273042842398,0.9107237925210955,0.7376833024833935,0.6786334834473715,0.7006630029078378,0.9153363402652397,0.8839618604853731,0.8639854362427086,1.0,0.8044283926968544,1.0,0.7988549245124733,0.64403517993943,0.6282929530523734,0.9270237107414971,1.00095294982609,1.042647298327629,1.1050926775477867,0.8925713728649465,0.9825634988731934,0.8601227379998398,0.9832429997094719
2019-03-29,0.4296856484723135,0.72773876687638,0.9293803299649319,0.6275886464522982,0.9480743911715668,1.078071816687454,0.6952422778004241,0.6102502011066591,0.516620548481902,0.9542647847234595,0.9248872723813985,1.045079862082121,1.0030109838083923,0.6787213814601323,1.007150554143864,1.0007279447401765,1.1521307129587992,1.0285180335244308,0.5937243370855574,0.9049119106618589,0.3784572000459385,0.5742128708979579,0.6189571512075275,0.8983217045698644,0.6870061437074665,1.0,0.9104986491587131,1.0,0.8898176841080686,0.8546382513008283,1.0710072864587075,0.7117709546670217,0.9884400349933051,0.9909288545627873,1.3505505269364995,0.8550451441980607,0.9069789506300956,0.9854834383531448,0.7494439570307445,0.9624336762017899,0.922569022982479,0.9560187467974676,0.9526857102771566,0.7275296108600449,0.8873334292298889,0.6069895273243653,0.6456360440656876,0.5603277157921944,1.064474785290452,1.1741973721726051,0.8958278139575954,0.42532076757183224,0.38576232045106784,0.6909442452368072,1.0862256684054,1.3614281852852863,0.48776143674983297,1.265181048328778,0.962261172054684,0.7863057936868898,0.8148299688452206,1.0009164920532314,0.9342042538324127,0.8520041348593119,1.0817858911371654,0.9865117933374924,1.0245053386774066,1.0580598554467375,0.44470014021679005,0.8396975138603702,0.8503296208791948,0.9149980260822961,0.6371414104775674,0.5118182530414197,0.6279267826269024,0.6205638246404235,0.7092337760121705,1.0,0.906204129151583,0.4888297354016823,0.44410431150540863,0.7886739996736716,0.9515480643403166,1.0,0.9769608331045727,1.0034647896714906,0.9787986669960886,1.0034152625376787,0.6429806299793308,0.797306413654567,1.135036740593327,0.5755341090685031,0.9259091000874312,1.2159601468902344,0.6582944285328722,0.8331680938456768,0.4766284022392182,0.6752021705840501,0.9046446132744392,0.8530220286341222,1.1752712880599372,1.0348118653334786,0.9806168326520561,0.9244902327667643,0.9551353963568887,1.0114455579436388,0.9977088854767404,1.0,0.643620303032425,1.0,1.0,1.0,0.9712366547700246,0.7065467662888766,0.6158191403237069,0.6296939490682752,0.7357695134171436,0.9468731420224749,0.9531914369036838,0.9793230392739684,1.3328229900544237,0.6331212475004496,1.3527940530522793,1.1753367918431779,0.6262769563835289,1.0,0.8207958204136108,0.9374042836956635,1.0319822289052658,0.9852251841807986,0.9628736638375899,0.5800868294208574,0.8364137423674219,0.9529807394634682,1.0683981391526332,1.0,0.7668608902352695,1.0001674686897541,0.5442398001179524,0.5760525602450579,0.8322663311009952,0.9081130738592208,0.7352833628906312,0.6812554263892985,0.6672539472316716,0.9404376660891844,0.8906568822891722,0.8737257109421509,1.0,0.8051668435369503,1.0,0.7892291746367314,0.6430326904767549,0.6336482167048647,0.9166997712640206,1.002939006071459,1.0213893042945186,1.127602716651003,0.8328505992228518,0.9856980996112359,0.871250573060967,0.9855844929753717
2019-04-30,0.4290597626740493,0.7376503449028342,0.9282280993091206,0.6240382718253759,0.9198726996877034,1.0984816776848532,0.6949937086552354,0.6019059118429129,0.5161610966158718,0.9245308620510614,0.9273887886939038,1.0437434547823068,0.9293079424861355,0.7713246017307175,1.0073563348470378,0.9738906458765062,1.141062170224627,1.0289173964173337,0.5698241869873109,0.9218067211912803,0.37582396677345353,0.5726210850905434,0.613986424901172,0.8896300060081979,0.6870041735188837,1.0,0.9104559478327754,1.0,0.9196553596410131,0.858834258899137,1.1118401900299668,0.7328481222437117,1.0424629712119762,0.9880578192340019,1.351663395362634,0.8454022154550787,0.8854370305826147,0.9852763749794384,0.7447051356207242,0.962747293399867,0.9228333771126926,0.943756574508925,0.9516008371086726,0.7460317224067519,0.8862616983410943,0.601616601471787,0.6296692138846361,0.5906534690141803,1.0354729689190743,1.1894556008166866,0.8978930214096853,0.4095664279897898,0.3954118580542172,0.6768345293343181,1.074854155341536,1.3442555059987071,0.4934169838318512,1.3021800322180574,0.9728951510709914,0.7160990509227843,0.8181166894558397,1.00116884968844,0.9667781242816748,0.8868031143220366,1.1048245556004765,0.9823692278004861,1.028284081922016,1.0875080551061607,0.43028179817696344,0.8404061643862091,0.7603875456610146,0.925762921885964,0.5948326626111259,0.4831582504916835,0.5811345569729616,0.5956441090926745,0.7081195135842919,1.0,0.9017855579240912,0.4790969542234217,0.4444967663289592,0.652283605399178,0.9650937209894389,1.0,0.9755749216629463,1.0018435506994618,0.9719331689042312,0.9859912004911705,0.6411083972012925,0.7107644857945321,1.2088732589663183,0.5734304622492519,0.92573551248555,1.1041924478482459,0.7306567762003227,0.8250753297304122,0.4584170565154845,0.6757192775916574,0.8957504413448476,0.9688374725749777,1.1719565184541767,1.0345455561589145,0.9952900225305927,0.9304618462018466,0.9515954857128125,1.0467582550516155,1.003568690760584,1.0,0.6225796488789235,1.0,1.0,1.0,0.9715839685877885,0.79968104787767,0.6155198997310887,0.5708694596765844,0.8168464670191478,0.9487963279198282,0.9550795611858425,1.0378942774830955,1.3477276089976498,0.6305515841736657,1.3537088919266138,1.182171638182051,0.6441611730652672,1.0,0.821099242169397,0.9659240262183852,1.023647720789062,0.9852864939551346,0.8655660255259866,0.5841663421514229,0.8383443007628293,1.0056205283043522,1.079606453764969,1.0,0.7634843351090033,1.012747939074697,0.5282639753132736,0.6063110534457528,0.8722635260719003,0.9302505220751109,0.7180549199736878,0.6789096963417544,0.6114370294255534,0.9421405387040768,0.9072456791687574,0.8813665005529066,1.0,0.8063910111034849,1.0,0.7132505260107571,0.6301064238038022,0.6190277393234773,0.871704369643412,1.0021391184454953,1.0576233758556748,1.1297513081842179,0.7987928433076387,0.9858798838298809,0.872773943050219,0.9837821474184678
2019-05-31,0.42741242365609045,0.7285531998759178,0.9276547288147725,0.6066624565098817,0.9002586715631192,1.0987735444320041,0.6948645900556593,0.5872483369134989,0.5168608061796514,0.8356206015389648,0.7951954523507649,1.062440767352547,0.8566930324970125,0.6743226822840079,1.0093022594319194,0.8822965401751665,1.0607418249844238,1.029712294888757,0.563700989769391,0.8930776027089086,0.3736412630244488,0.5737433660246312,0.6109935392576653,0.8890962950823665,0.6870148767156212,1.0,0.91357623229446,1.0,0.9074470339651279,0.863025380310579,1.219789216581642,0.7262636006656722,1.0112798401065402,0.9977794024935673,1.3121775296458034,0.8483466887485347,0.8751068260613415,0.9852010281936582,0.7447074758163233,0.9637665559052684,0.9205967995859827,0.939182949548945,1.082075505231316,0.747273174168803,0.9202624550778138,0.6312675285131375,0.61297760399625,0.5359796545831457,1.0202691705231561,1.1970313451138574,0.9293054402610156,0.39708510669894603,0.3980105535427716,0.7393442756586642,1.1930373605885547,1.3428443110375379,0.5031429607032315,1.2918457031288808,0.9744844414386034,0.6939121925942863,0.8271070184546179,1.0020142339852998,0.9273728869103217,0.8813106294457645,1.1414119412356918,1.0153403699287717,1.046928748333293,1.1191765691967546,0.41997374020411116,0.8779968370168505,0.8943226464203385,0.9351381318791976,0.5203845090802339,0.46703790418830826,0.5676758063473542,0.5832840795407281,0.7119511573222772,1.0,0.8593884875511507,0.4760764626041657,0.44330200504763273,0.8473855963801338,1.0567386778755554,1.0,0.9910504333068154,1.0225404415293282,1.0079297546649566,1.0420859215215093,0.6406306962645321,1.0149324507295048,1.2232686024133337,0.7143758968173768,0.9259408080247267,1.2078721174431628,0.7328400226682665,0.8228400753384777,0.4635011330487545,0.6755115353429296,0.9998980352895771,0.9053143412088346,1.1437580214576368,1.0320676533354431,0.9998688982820755,0.9249298920086982,0.946881411429221,1.0274693951820841,1.001460892584622,1.0,0.6205754936877643,1.0,1.0,1.0,0.9715070741479315,0.8186131034229208,0.6156314374263907,0.48519693413657794,0.7775016209044737,1.045051702589435,1.0309634342010063,0.9746318041488463,1.3218930259451511,0.6232520557003116,1.2379411855021005,1.2225312131000101,0.693676459249468,1.0,0.8211353603196843,0.9872916262548499,1.0517691580543678,0.9769441911771348,0.7884642425224437,0.543536464844629,0.8357597714197003,1.0405915151170113,1.0869686701188108,1.0,0.7702048817907187,1.0690484404171525,0.47785767948214397,0.5536057070664697,0.7730242097779729,0.9318567919286133,0.7094873330068808,0.6789295657297263,0.5628589519443776,1.0741982191777026,1.1046324032478514,0.899209536161744,1.0,0.8064049735575103,1.0,0.6797773230155917,0.6270309722673533,0.6197371343305275,0.9072095196531498,1.0019561059571118,1.032434382987817,1.2241224692898884,0.7320333683896537,0.9997142817825554,0.9646916440595568,1.0138789747444403
2019-06-28,0.4273283385293145,0.7052386953245467,0.9273434200237234,0.6030500325904579,0.7995311834172687,1.0976341375561633,0.6948525128695273,0.5832848009291625,0.5172167527774214,0.8238758242175969,0.8908763316670663,1.0601761503986957,0.8580321676734449,0.7686454988070865,1.0089013657478576,0.8726662496275968,1.0186616080236994,1.0295785888388185,0.5790757762895415,0.8939693527636648,0.3742211225847337,0.5751879017710958,0.609747864668148,0.8871727709803878,0.6871167125779158,1.0,0.9168069015319051,1.0,0.8948487711776507,0.8737774792026711,1.3396607678810653,0.749092361735387,1.0531240810251237,0.9984842108478318,1.2813524895558683,0.846292635527294,0.8392012630042898,0.985129546885371,0.7475130776019622,0.9659798760766256,0.9180763856991965,0.9533526439856261,1.0334090273658771,0.724822934659163,0.8843841383627009,0.6052190291998871,0.6018212250961108,0.5188912116360533,1.0208199637799904,1.1964437234599117,0.9121097467689112,0.411149159383024,0.41135987778337757,0.7856487730467765,1.2761195690043543,1.3539241659645032,0.4996886740044676,1.2842515928044302,0.9749014302461055,0.7040425412239191,0.8188229609283575,1.0016651195670507,0.9657782400282261,0.8910726508079323,1.1146754925661915,1.0087175857906137,1.0409404986900528,1.1141833852305107,0.4115079502391379,0.8728129023508259,0.8700278160223207,0.9400101972946647,0.528454742649616,0.4750295652007117,0.5724099974140648,0.5826503871483965,0.7093363877042851,1.0,0.8500310846782443,0.4776932420335198,0.44335525617881577,0.8516963297019198,1.0245489798844605,1.0,0.9897871019552406,1.0212199113265439,1.007087586593555,1.075172907320777,0.6403682115046314,0.9999319123247753,1.1792388074779103,0.7023565036297854,0.9258711634071918,1.1846996740579874,0.7532515688887533,0.8269402305457014,0.4717187054238987,0.6747559349283594,1.0037597032783345,0.9669345882553302,1.153445475313822,1.0330291692976665,1.0014494781160324,0.9257075347990791,0.9520686629615865,1.0700288742114874,1.0047672053515335,1.0,0.6154257877651377,1.0,1.0,1.0,0.9714307792784148,0.7537673473985254,0.615532204001485,0.46223449229491087,0.8382214565449473,1.0642792016730218,1.0484926649619057,1.1019396147011125,1.3154149047323231,0.6238444361192019,1.193653360014017,1.2218716915712577,0.6352355649661178,1.0,0.8211447878709511,0.9770473957163456,1.0428970601972074,0.9769789684371312,0.7294105957111925,0.5510658683165479,0.8381852907419538,1.0741203289772208,1.0859228369876353,1.0,0.7617140773404397,1.075103427024762,0.47376632043846456,0.5139431416571305,0.8485601797046042,0.9756932255668762,0.7073741821906456,0.6777565811360289,0.5704643470525063,1.05056969941186,1.0675769750752782,0.8965795919433024,1.0,0.8066572920171418,1.0,0.6748934658248416,0.6266966661682299,0.6152343380645555,1.0341225116793669,1.0025557237932579,1.1209440878222157,1.196107280769112,0.7779968098989425,0.9967566749039437,0.9514427126304573,1.0106316129278656
2019-07-31,0.42705814370733974,0.726883945707903,0.927335893220526,0.6356689922882246,0.8487587674206439,1.1129892704798563,0.6948872451164327,0.5840341571167962,0.5162400966624722,0.8856492016686033,0.8637851591670926,1.0619881015096355,0.9014786851043727,0.7483603995559482,1.0090868808179336,0.9037936623285405,1.0188721527010918,1.02802070983402,0.551080392940294,0.9332119677209499,0.37709742134788204,0.574265261215416,0.6119929036643516,0.9163199350802507,0.6870770135712492,1.0,0.9178295274251711,1.0,0.8713796593113289,0.8623858942510388,1.2319319083130056,0.7346122181379233,1.0257954451683562,1.0014334685912212,1.2996994823521217,0.855778283050054,0.8775374964165586,0.9854142968930218,0.7546610299749023,0.9648966781824815,0.916499188485429,0.9469668808154823,1.0645567782519472,0.7284326873684033,0.8928297946242358,0.6314442794767496,0.6431830366476614,0.4804704922977596,1.0239899484305064,1.1955308601213326,0.9074982027688165,0.3658644348322798,0.4105697375630132,0.7107691470052493,1.2359959235714002,1.3631930583016167,0.4804862606433026,1.2793877466488413,0.9718453919380976,0.7142760520185495,0.8197941789748147,1.0009966983244911,0.9152871737412586,0.8492750838732375,1.0672223148964792,1.0189953306431203,1.0430414197429445,1.1063119986151826,0.42625998089480255,0.903136914715428,0.8850571403621188,0.954902415812604,0.5313000218404084,0.47450320420051306,0.5744351041630131,0.5843362380280419,0.7121612600565952,1.0,0.8463753873292654,0.4813859084881923,0.4427340469390836,0.9471124060270527,0.9978123681700058,1.0,0.9977048986626983,1.0278415250681239,1.0146822241268398,1.0716873915378677,0.6404605066284709,1.003260687941941,1.2008864863461983,0.6924239789603793,0.9262857156217981,1.189948102142909,0.7670544951760664,0.8273534819314293,0.49074889650322273,0.6753457010964079,1.040252836762021,0.9599272658339056,1.137816786826081,1.03661015138657,0.9880398813580684,0.9075429561338638,0.950823903483379,1.032717318071881,1.00314226914356,1.0,0.618917192467825,1.0,1.0,1.0,0.973824050139352,0.786466048595175,0.6158506000491797,0.47475400928626754,0.7929674161330315,1.0777423708159177,1.059062808516151,1.081976986928389,1.3231251917771796,0.6231787516619299,1.2298798228139813,1.182080707260095,0.5672368959030496,1.0,0.8207490389465512,0.9696696584478123,1.0612846586230746,0.9845873672593202,0.8112574654597584,0.5324565019015548,0.8333588991780414,1.0491140956307612,1.082815414966827,1.0,0.7634301890205624,1.06877846929055,0.4763022126737423,0.5069191174734695,0.8138395027533061,0.9734543294283139,0.7092834424337782,0.6805488240690957,0.5674306312354671,1.0672203177880721,1.0908595624106487,0.8873698301592118,1.0,0.8069821184958756,1.0,0.6847071423228304,0.627934565401771,0.6126323234085422,0.9114259905250564,1.001735684349665,1.0603600464545788,1.2020884564777814,0.8044835092191573,0.9976125743302017,0.9463820685703029,1.011343048299925
2019-08-30,0.427352765464289,0.6759573814757456,0.9271308768077563,0.6261735746282797,0.7868978329075056,1.0927145695273115,0.6948742595849908,0.5816625221118348,0.5161740587073016,0.8838060029334359,0.79002695844435,1.0610651370424293,0.9749156877530175,0.7111242845391041,1.0100999461996432,0.8976553266824671,0.8625986950351867,1.028021644678634,0.5524244850329052,0.9014080391596222,0.4108447122071195,0.5777983827739732,0.6120883107931709,0.9220128770217109,0.687094157094742,1.0,0.9149401314451886,1.0,0.8617660934955382,0.8760567766691986,1.1790157093251488,0.7286376858553919,0.983914908597769,1.003828360598424,1.2196854405547983,0.8530240339395916,0.85940529210514,0.9853889660637574,0.7511341691208712,0.9667083394335758,0.9181592708093316,0.9450219001246986,1.0469924425400958,0.7505334575749882,0.8961382039961723,0.658834247125774,0.6838496478584706,0.46340962664642293,1.3470057501339148,1.1946238756686,0.9099627868368397,0.35993279836537295,0.3992776951977086,0.789099349439777,1.3875155442224503,1.3792545949435706,0.49650248163908195,1.266311572065241,0.9658946168940555,0.6545382057642015,0.8143796946220121,0.9997002063066688,0.908994686067115,0.8300607346239673,1.071234208841403,1.0513973445933773,1.0784278266189127,1.1728201679218284,0.4154716024241023,0.9352034256945526,0.9541908066169966,1.0004537082994378,0.5029271239909976,0.46886002580908925,0.5721520055944218,0.5815221844308129,0.7137412093355129,1.0,0.8604974190990846,0.4829540490837233,0.4433671952782774,0.9990424463473949,1.0235231550356092,1.0,1.0294413243880132,1.0391237480422322,1.019331660332924,1.0775219126448428,0.6403478274083483,1.2158357542748177,1.1924361907803487,0.8019948548780722,0.9259851453248947,1.191218092779138,0.9028195603483273,0.8505686204875921,0.46874228659802974,0.6753232997252578,1.016776983818425,0.9308943090330085,1.1411123852587464,1.0388894947266831,0.9844663626894224,0.9152465653655352,0.9685131086946904,0.9923072914278477,1.0053011540908618,1.0,0.6301171608349314,1.0,1.0,1.0,0.9810156084621399,0.8074469277434974,0.6155799405457748,0.452298801956558,0.7423790453750687,1.1345222935398926,1.1084916833096636,0.9947446286320162,1.314864292946933,0.6239392976242477,1.0935407583443821,1.1073514689983521,0.5518887312675806,1.0,0.8207038911193987,0.9762580196689123,1.0437259049485612,0.9977573335452501,0.7588885468522395,0.5175746011676263,0.827119348487792,1.0452008617916417,1.0824181255020013,1.0,0.7859585227875788,1.0873688781757338,0.47209674466998897,0.4974025535103157,0.7990618909976299,0.9632351197879063,0.7073065602300093,0.6755209142971268,0.5618152838535382,1.1246422307694417,1.1318896171407382,0.8873160794518369,1.0,0.8071324289261746,1.0,0.7128494979247147,0.6297123887090723,0.6134941073254611,0.9726940186825471,1.005299118730952,1.0670887876940895,1.2125756108516073,0.7434944610267553,1.0044246453375496,1.0002577961946435,1.0177981664538152
2019-09-30,0.44727046250100844,0.6819898361374457,0.926939380613564,0.7183268238637253,1.0813089916669176,1.1137090640791236,0.6949132604160253,0.5896476295174815,0.5230397538289699,0.865925036295884,0.8812328552107263,1.0628756406778446,0.9371763263232367,0.7769300900347167,1.0093114099065141,0.8686105309044801,0.9241754620481724,1.0237682612853265,0.7007963396895045,0.9009487725131131,0.39647417738571167,0.6141677328889954,0.6164418312794888,0.8974252344375699,0.6870709233629404,1.0,0.9192014280963507,1.0,0.8793647843670245,0.8765935914942726,1.2548340367872355,0.735174595850461,1.0133289219034642,1.0019979913585972,1.2354559109499679,0.8490810711649565,0.8645882104069817,0.9855057583569784,0.748421623066355,0.9783009318671114,0.9164301751734893,0.916298070873238,1.0520577524974177,0.7901939798299463,1.0028542280130648,0.7360968054953121,0.6890648231238201,0.6089963011286383,1.1791836461481822,1.1944309427174866,0.9023380583159093,0.5013193143831296,0.5390959867870424,0.7485442246331337,1.4258425518173987,1.3357112245095903,0.9093033385131069,1.2483890138649023,0.9505450899952376,0.6469955783785817,0.8118500743319164,0.9988911385426656,0.9244780181520433,0.8049798499263437,1.0060574978974233,1.0270658755467625,1.0745241041168883,1.1596038329237164,0.4588296224273498,0.9036710374580407,0.9187745668892117,0.983169995825921,0.6897778918419598,0.5176815303788191,0.6727878804324743,0.616440087404835,0.7112044998819416,1.0,0.9711260461304492,0.47821550730941165,0.4782949827014089,0.8834894049887027,1.023987126209497,1.0,1.0111431010280238,1.029032115473291,0.993222063379152,1.0419204172054535,0.6429969152136942,1.1390520415151464,1.2786910407292837,0.7221701960363781,0.9257996087916562,1.1767998556663783,0.8866466200239167,0.8362274474002755,0.45288197663856367,0.6749994593739335,0.964991698600993,0.9602465516664791,1.1739736389603552,1.035541021109,0.9805611586836621,0.9481178449939807,0.9660153393886094,1.0551572816366166,1.0061840061415706,1.0,0.6324677037648294,1.0,1.0,1.0,0.9786159639562001,0.8812607255331093,0.6156314477944057,0.5523175831277625,0.7953092118915859,1.123661756065987,1.0964171089802188,0.9718778024834932,1.3002216048549955,0.6330341380558521,1.0697746122587368,1.2526171370242485,0.6986039295165271,1.0,0.8212064510897923,0.989658420965688,1.083492885549278,0.9863957089317099,0.7138139810549874,0.812504035501736,0.8433631663153769,1.0451111345101345,1.0852159166447133,1.0,0.7722797138964579,1.0815564857765934,0.48336904579505735,0.5268920881384398,0.7806670326763021,0.9617975905724693,0.7075996177910506,0.7013624492378516,0.5958277326228612,1.085764333047555,1.1083156374852048,0.8724438746417907,1.0,0.7984573209330206,1.0,0.671143510479419,0.6273143290438401,0.6220073199651914,0.9503431691271452,1.0035634197342818,1.0354886935004879,1.1828818311225144,0.8332911980007756,0.9989903202320127,0.9701396076682565,1.0127280216539176
2019-10-31,0.45240434621247627,0.6873297761658295,0.92703657036374,0.7201185014141697,1.0575591469343157,1.1038408871351635,0.6948633880949003,0.5877801506746686,0.5213856146670894,0.891022717715542,0.9731428793550928,1.060900727196216,0.9095995356903358,0.8988011546912774,1.0090066255740655,0.8760468753749586,0.9177154313009742,1.0181363140600108,0.6732377420294262,0.9174444465775584,0.3959503571489774,0.6010767646018009,0.6134178147373802,0.8763134637974423,0.687173351037521,1.0,0.9188998544829723,1.0,0.8779187128638383,0.8651417046086545,1.1117660903985185,0.7530669834175052,1.0232950312985645,1.0015584366946406,1.1322406624640131,0.8383702435890978,0.7578428272262796,0.9853034506616869,0.7470552215902678,0.9820474082174809,0.9177294067447358,0.9777827919016239,1.4070077912001695,0.7995329173643076,0.9852942377458928,0.6588423722651573,0.7271347363885534,0.6406228483626025,1.1790785421967533,1.194391519445207,0.8730762465059141,0.42476258900843955,0.5487621103499114,0.8658792082082047,1.3853239157678332,1.3267503807747345,0.9702881250615489,1.2598479252369794,0.9545537871479881,0.6630456170080721,0.8110802320119692,0.9981224640294883,0.9373533747982028,0.802660990767683,0.9766078449074878,1.0226393831214897,1.0729190707459633,1.1521384628093347,0.46211978773142837,0.9394689385547647,0.877412636334666,0.9866243441002374,0.7179315339706122,0.5277953928135645,0.683927355220221,0.6226276806373576,0.7090281331991933,1.0,1.1098454488345841,0.4807931370312545,0.4886958014781472,0.9889773067603451,1.021333781570885,1.0,1.0104148202331902,1.0258280164066595,1.0021345344606734,1.0779782129505506,0.6438767876937219,1.0786514512869183,1.2676782930355843,0.6455198228121649,0.9259911804114341,1.170252255239205,0.8814628701088848,0.8376547769397173,0.43946745876645554,0.6758377461918127,0.9938113903965661,0.9847589542247647,1.1794987609210812,1.0312032465779413,0.9639701025155211,0.9425055611990578,0.9861225818937631,1.0916636698087492,1.0065284257889313,1.0,0.6594202514862502,1.0,1.0,1.0,0.9841259553124412,0.731212549482833,0.6156319060452589,0.5629558286806648,0.8582174053304196,1.0958972721544904,1.072249069746397,1.0790199814087624,1.141183821614374,0.6434044120093803,1.08198260559583,1.2808075314701566,0.7265013579526518,1.0,0.8206832002656272,0.9979210678903307,1.0950472461698144,0.9798584599818534,0.7581270621323515,0.8369943823293906,0.853976697845379,1.0182692069794625,1.0860704788229212,1.0,0.7680255412611022,1.0776157247712892,0.49762873333201574,0.5954911245987113,0.8065912534140509,0.9936577951909589,0.7072867544670759,0.7062600745572504,0.6320313473564738,1.0567148471578103,1.0687445494861014,0.84480141676053,1.0,0.7974735452049612,1.0,0.682394771702941,0.6290893043394135,0.6161518312670384,0.9405332680572492,1.002831132478031,1.0573700650223545,1.1599513245952613,0.8571875225387369,0.9923848260789093,0.9416605407606566,1.0037335875565054
2019-11-29,0.4527240965449324,0.6940895101536182,0.9275747787652593,0.6542902240367767,1.0531264201133932,1.1119937015970456,0.6949004343898961,0.5932768904713721,0.522032401560586,0.8920453058665265,1.0269712224547247,1.0580798948806365,0.8500126103535419,0.9590516778090692,1.0085151924845464,0.8771295989312187,1.0044833286484047,1.0122099890898926,0.6070974859345367,1.0902873430801243,0.41956250871991807,0.5889965891005247,0.6250575373260503,0.874551603492891,0.6871749893241375,1.0,0.9206098594951385,1.0,0.8690372688834367,0.8765265463684435,0.9545433416636334,0.7524710981705742,1.0427953443197793,1.0034210213639756,1.1159179559330858,0.8371477570815122,0.7364679007240144,0.9856528166718554,0.7472051290969677,0.9957392107824334,0.9204579801259489,0.9454096784403001,1.4269106508652267,0.7952578976257585,0.9664731209426762,0.6421148714686422,0.6665964169476684,0.6244453218637329,1.1845615689455626,1.1700395850155234,0.8819494948476315,0.3798275265751593,0.571060989609342,0.8833581593244926,1.321372995152546,1.343158076591171,1.0179138920092166,1.255455230913041,0.9543991568929224,0.6810060870930665,0.8107283811536996,0.9981616432468045,0.887791217070875,0.7808213729754316,0.9432511713452748,1.0213510459012256,1.0570382758394492,1.1327879769499254,0.5171338432039307,1.0090412314362394,0.9372207641120496,0.9833977854125562,0.779743728227037,0.5642096331967262,0.7042499531339829,0.6482003694972254,0.7087279955735548,1.0,1.1249858922554707,0.49214900117046134,0.4907243348359308,1.1575397450875164,1.0034482380836234,1.0,1.0131425758741117,1.0306855594520963,1.007972607621732,1.0951578990919824,0.6446059516566306,1.0235690397126882,1.2758515759214168,0.6543275845458925,0.9280469095965163,1.1401875725406125,0.918062088181607,0.8506743153863151,0.449268024123024,0.6781305256375882,1.0171842185837954,1.0314984987264226,1.1604989310817748,1.0293824389966353,0.9375566676030451,0.9329957012160597,0.9744260426990895,1.1163840518556638,1.0010815505090356,1.0,0.6244263213228813,1.0,1.0,1.0,0.9801440799733713,0.7607931959116528,0.6156376022848802,0.619899597528101,0.8762767399678598,1.0875578165448576,1.0642212493731689,0.9522002856882315,1.2016805636462136,0.6490261928463454,1.1070310871201738,1.2788005621436596,0.7046266234773182,1.0,0.8204316137683347,0.9981790851589193,1.0768426678689638,0.9933821273546867,0.900810530981298,0.835076118027535,0.8577339246142539,0.9639180006494401,1.0870292817884908,1.0,0.7614438629976075,1.0728547228622878,0.5132622634952838,0.6189415366285953,0.8005079469868451,1.0222097019752783,0.7083262871921073,0.7118949248875786,0.6949137582982741,1.047397572228869,1.0144193432013149,0.8267203188070652,1.0,0.797409656206114,1.0,0.7157688424200901,0.6347648137465489,0.6146610544223103,0.8821179776544668,1.0013111671474086,1.1389009891272173,1.1433761834599352,0.945966403914954,0.9892084133376694,0.9273511469349072,0.9966518172730634
2019-12-31,0.5405736625887154,0.7412473266539255,0.9315466059269759,0.681184639621113,1.0986009252592193,1.0945678558940533,0.6948936506861256,0.7293253191830866,0.540159778700599,0.8696137704330089,1.1138810429116859,1.041290398666044,0.9109886045683786,1.0296824643447902,1.006861118657349,0.9591286902967701,1.0517328708646803,1.0001175059350178,0.7728471023216121,0.9800039668558121,0.4304887328115238,0.597261997583261,0.6209778852469716,0.8726876291752907,0.740227691083783,1.0,0.9275599213763073,1.0,0.8750523248442589,0.9973308636999381,0.9191974798033887,0.7568777293836467,1.0617405695155047,0.9963161512068903,0.9191841739454817,0.8365990345218742,0.7210212886218603,0.9856054235003909,0.7466121876429593,1.0057867360828239,0.9145258036331695,1.0598025105377542,1.4386079878678912,0.956215392995058,0.9808503480846462,0.6062267305892859,0.7915099795240055,0.7691422044217592,1.041724417900496,1.1245511719583778,0.9064430813529665,0.5109935548366409,0.6811875338419827,0.9521070689971741,1.234047887924867,1.282427564342949,1.150813906848978,1.1842150510593519,0.9493785002803284,0.8663565459812164,0.8111876527741266,0.9992524359419243,0.8529924198592932,0.7686982332519455,0.9000765301039217,1.0095045046024331,1.0443978930386228,1.1031623151651528,0.5862698660275434,1.0489892198844957,0.7145977689388135,0.9762120259697722,1.0272029885865404,0.7948121379546607,0.8304352236646757,0.783865211011483,0.7095670510589638,1.0,1.0915026808903612,0.4996598541429397,0.579004732468865,1.2324888095879678,0.9871907200862075,1.0,1.0019209706611283,1.0196536930157483,0.9936095507760138,1.0251759492076262,0.652918181410145,1.1907679610997894,1.2087670798489092,0.6172310129322223,0.9321870760601607,1.0809412138706944,0.8642846593390912,0.827853733705809,0.41919704459974017,0.6763874348188894,0.9906086849034974,0.9260972068431448,1.1399475158608445,1.0131422382929112,0.9126037481379012,0.9068628469161647,0.9601245110181882,1.0931973469825131,1.0077851448106776,1.0,0.6234460885048874,1.0,1.0,1.0,0.9746038352657053,0.6401410070847549,0.6162169140746807,0.8574879474975865,0.9036079500126203,1.0304510252367107,1.0190712978008383,0.97244532555791,1.3042967608487517,0.6567512823371162,1.2069604483783194,1.2511023246373183,0.733911460801861,1.0,0.8211187540845378,1.0043497037908002,1.1280828893662709,0.9811834487017097,0.9139571789524903,0.9708652176341686,0.9038936309082811,0.9130474622274907,1.0783937678786273,1.0,0.7596487313169525,1.0359815721884942,0.7077280002915729,0.5916509161167616,0.8102669317476213,0.9877012338929607,0.7076327821153809,0.748559811119376,0.8816657091537647,0.9902423954677444,0.8905538769933767,0.8140127493112689,1.0,0.7665052238405785,1.0,0.7278450918438676,0.6410408825742616,0.6177800156198864,1.017690883629815,0.9986964170979733,1.1358085022872353,1.0899469386143574,0.9838640188692135,0.9793458260169011,0.8850277515405518,0.9722351982192445
2020-01-31,0.4721589085838378,0.7199988056543614,0.929528558000705,0.648985706572402,1.0331449832988215,1.0929977901503154,0.6948355597431799,0.6445207178061697,0.5237633839416196,0.8846238263497698,0.9967530549621484,1.0616407044041827,0.883442156244256,0.8799686430707514,1.008788293511597,0.9652169824076393,1.015247511191852,1.0108370533344848,0.657419163191652,1.065402114699267,0.3870623767241518,0.5784379906634949,0.6205522419373186,0.8761668386058397,0.6965027298658382,1.0,0.91643986510263,1.0,0.8817676941528797,0.896782816251383,0.9037528355115079,0.740712108517148,0.9572385967017376,1.00928736248909,1.0347506900362247,0.8410523048940163,0.7625612790970056,0.9854071314432483,0.7541368992680517,0.9992467025502844,0.9100490068341548,1.0555353824034075,1.4480742425133994,0.901123544751148,0.9791886052959695,0.5952590949258847,0.7125777841252228,0.6691802511399931,1.1685391509559413,1.1584329385014827,1.0243881123499325,0.38599645656997217,0.5318158663674954,0.9307158613674084,1.2966098691169483,1.354528107126444,0.9318064909745581,1.169728745670455,0.9530099210936585,0.7685432847716105,0.8107983419640195,0.997992096538179,0.8769890328327217,0.8248422285700082,1.0648794413529277,1.0595595904345398,1.0730015901567629,1.1670111273148824,0.4629473749304931,1.2174256338531597,0.6921887465455093,1.053414811047458,0.7900871794173073,0.5455665456871461,0.6824165954614921,0.6823071832381788,0.7115841527525293,1.0,0.937930377064263,0.5556271171852298,0.5003643119499315,1.2002856456627007,1.0640681241249126,1.0,1.0416322325232952,1.042819690582853,1.0466227660022551,1.0935204572482893,0.6468085304896287,1.2227471607741047,1.3028506742998194,0.7210897136874718,0.9321682995611495,1.1912674685256235,0.8465221176077452,0.8391677837915954,0.41695122310599897,0.6759664062368815,1.0830772012479968,0.825181626691131,1.083777830588699,1.0439584125401093,0.9373715099985453,0.9100205294842075,1.0189606503793973,1.0431565123956454,1.0064677000165536,1.0,0.6475570899173098,1.0,1.0,1.0,0.9769243921129281,0.6424048784005753,0.6156552742150974,0.6950899799807455,0.8703551604645325,1.1048415202574529,1.0792163699830777,0.9905208819243754,1.302008261790074,0.6318220064963012,1.1396474422817515,1.2648594391633043,0.7090236509800045,1.0,0.8281821709567012,1.3716702202255286,1.1575402391163285,1.0017684851642035,0.8032817371000487,0.7240201458152422,0.9287410936436963,0.9717334456019081,1.0844838243462447,1.0,0.8398111960532574,1.0757073868022002,0.526783404050002,0.6253812812853061,0.7295459810315186,0.9474934557197632,0.7073971172379308,0.7696031006400732,0.7456655704835891,1.0864640660842002,1.0391145914425137,0.812607777054999,1.0,0.7828113149162084,1.0,0.6931422652118973,0.6306002892795346,0.6137809025368747,1.0265296499751677,1.0054726318043958,1.091655157839233,1.1725313772162054,0.8448085833311234,0.9910486930824635,0.9694845179092715,1.0016718550755057
2020-02-28,0.48917548714576164,0.669116959960939,0.929011672881825,0.6557043054456428,1.059224667569297,1.0975964575224335,0.6948218963434044,0.6387290550132205,0.5382856562820288,0.9067358799269452,0.9455982522106031,1.0629120734736812,0.9263918326955024,0.8645186701562116,1.0093531866135677,0.9843921732459262,0.9990781872186597,1.0105505290784877,0.7194915241267665,1.0858614030851421,0.4359343721353538,0.5915550559546012,0.6168659300815511,0.8760965518716826,0.6929674670479351,1.0,0.9157376269880595,1.0,0.8603921774011527,0.8816222506025962,0.8831655754133168,0.7315866416426705,0.9478105270672691,1.0117014818022487,1.050963214017044,0.8411259251168571,0.7606763987285372,0.9853240296949088,0.7501868486014774,0.9844458959122874,0.9112827799022218,1.0563067875335255,1.4741685902262562,0.8805257060340917,0.987898796008609,0.6110949156335772,0.7937477233636392,0.7146729385206427,1.123514743678567,1.1755444225248177,1.0013226167951614,0.38606950592523437,0.592544594900245,1.0816263036084124,1.2441570349501225,1.3536979056632807,0.895597522004462,1.2316011181610653,0.9541662614815468,0.74848384551891,0.8107876687632588,0.998344699351879,0.9708990718905173,0.8803602211417174,1.1167710435520608,1.0715645373341323,1.0723319768139408,1.173282832181609,0.4748319278889216,1.2124593073802656,0.826457540216852,1.019195402698465,0.80049886892336,0.5498635200745823,0.7378176886971668,0.6914434027021119,0.715960440055472,1.0,0.966638824299477,0.5822166709701111,0.5192116175047323,1.2055293784472683,1.0514271875078154,1.0,1.0505325658463984,1.0468809027438297,1.0662036231864473,1.098302410752928,0.6463478469826053,1.2472688252325217,1.2515734650299604,0.7484667924168724,0.9330022089145258,1.1647913061138295,0.8022183997273027,0.8449866130478639,0.41248804787032123,0.6775931596625806,1.1136852222231306,0.8660399203671545,1.0754270385265488,1.0391199094277133,0.9139720545228815,0.8965331256978267,0.9950878601602949,1.0250361698207615,1.0066519507590244,1.0,0.6546845670755354,1.0,1.0,1.0,0.9770516300597418,0.64547694633953,0.6156336059418719,0.7007254371716414,0.8498254865883657,1.129051669721392,1.1027239858994125,0.8003348103989694,1.1783483640644083,0.6369639983081941,1.18174734883073,1.2476332003752515,0.6908049994194432,1.0,0.8268311809823252,1.3381455421813337,1.1527425592468503,0.9945730559529296,0.8185896680880909,0.7424703986573322,0.9126912932149361,0.9736146269704354,1.0809407263472928,1.0,0.7758653401788467,1.0801666176641536,0.5313715177233618,0.7687300817136181,0.7127853314977096,0.9424836198751562,0.707169044219842,0.7719336159431537,0.7410700211440856,1.1088030385193903,1.0638575479247676,0.8158687069371872,1.0,0.7704730337182945,1.0,0.683774597170539,0.6295412991994892,0.6176564600262826,0.9579570493723683,1.005939840432732,1.0812441197769205,1.1802707620817137,0.9259887869003625,0.9957649476770994,1.0164576047185032,1.0100081128077452
2020-03-31,0.49781780247959473,0.6619217841936645,0.9324399716185152,0.6866141900349092,1.042201251077098,1.1126858748475283,0.694809147851126,0.6026575153588782,0.5310925286204615,0.9200049360539673,0.9216730268201806,1.0485210528868214,0.8329647717742021,0.8992506663788765,1.0106907756456676,1.1630612220296956,1.0231190634595904,1.0293196475874913,0.6507119351049215,1.1582840596755144,0.8352364268597369,0.5748540976192646,0.6135284967423151,0.8885718657713723,0.689450182615361,1.0,0.9258388608287407,1.0,0.8605493491363099,0.8815058031255396,0.9533999189399949,0.7493410359892562,1.007962910004955,1.0217875927073565,1.3102987717549224,0.8376809621410121,0.6963078142775168,0.9852695326147984,0.7634818157451119,0.9832106961479746,1.1822653677816646,1.034463879090554,1.4702726079602124,0.9434149970334884,0.9775769176515192,0.6140891831207904,0.8139884838588329,0.7186461811180709,1.5260665817840238,1.1718766204553166,1.046423684120856,0.39057183113680716,0.5622218563681769,0.9419230595283288,1.3400439331151404,1.3300639695628163,1.032846851420277,1.269891914784098,0.9503188262971378,0.737954025044739,0.8107546054740713,0.9969305975123797,1.0612378030185092,1.1987191736150102,1.1704506025408006,1.0995281187417303,1.093974360724047,1.2483015286936527,0.4645277311621758,1.2444295145244,0.9933945440392199,1.0762929158083956,0.7129362839706093,0.513380186369215,0.6668658231035836,0.660107848782966,0.7309981773813048,1.0,0.9867724565880741,0.7964131037714084,0.5356130975090223,1.207990378533932,1.1295252994574556,1.0,1.0641045045259334,1.0528423506110731,1.0981276140056622,1.063204478671658,0.6429425606983457,1.19936213431301,1.2759721522152585,1.071710967502123,0.9273841947752051,1.1410083005860183,0.8061773466902729,0.8487628203831822,0.40524744370578547,0.6998760226141407,1.173027722726997,1.0158190309150226,1.1522894128877015,1.0622469302562536,0.9784744275856176,0.8894047109874698,1.098754389392886,1.144187796839144,1.0073601315079945,1.0,0.7474196029717821,1.0,1.0,1.0,0.9805394854231929,0.6789826603837557,0.6156018846726512,0.6703844980831437,0.8467992089281577,1.1317492824196018,1.1080171654656608,0.9789562260469413,1.286252013986777,0.631417543636871,1.1191544699608806,1.2535750753499282,0.7170394897189049,1.0,0.8320411500565298,1.416593542265512,1.1595250547091478,0.9976886039045125,0.7759930503942905,0.7531498806344401,0.9227179077809755,0.9776778634635307,1.079545924725452,1.0,0.8673648540625534,1.0977202412927531,0.5383315166829549,0.7817288498464612,0.8058489265616187,1.0988674854293699,0.7078237653502732,1.6055778242825474,0.7000761270539291,1.2022337643389343,1.2013769021015817,0.8206029741314369,1.0,0.7773040129459503,1.0,0.6869505727681144,0.6289968550718967,0.6217632191936118,1.0759558699115852,1.0162320694384122,1.09359690541532,1.2110327519107895,1.0991630434570367,1.014188283965063,1.184752242749444,1.0237196325309221
2020-04-30,0.5180601925526913,0.6830485249772605,1.0067076893114235,0.6259717725838443,1.1196569170617552,1.1097609227687106,0.6947993765395853,0.7775302454828784,0.5597967388111418,0.8879993727392389,1.1580836514089208,1.040978194610492,0.9612276879646054,1.0455086533634452,1.0108919901502016,1.4396717558225625,1.0650977232277379,1.0297707727071523,1.1376035232280424,1.159033724446226,0.7692352307904613,0.5804761208187352,0.6116992598384638,0.8944393108114145,1.1683014906429892,1.0,0.9792001060779443,1.0,1.31675892009224,0.8604151076194945,0.9482139207715465,0.7450988754019434,1.038099252013073,1.0330760916548043,1.3354212155986445,0.836335295620068,0.6780331793878771,0.9851696775458701,0.7499810589508853,0.9827178246670116,1.1602193816742945,1.0533042512944197,1.464168638083187,1.280383670764825,1.0,0.5931703933567796,0.7757670210574106,0.9061715076814496,1.5328286771968558,1.1338631645272679,1.0519257014928967,0.832452997350974,0.47377858461705413,0.9383797014643673,1.3309872584440539,1.33786841713008,1.020734472123474,1.2915494025683443,0.9499207174161068,1.4371725109128806,0.9475576415843843,1.0027483995261954,1.6886498133476828,1.718030973814098,1.41946434981598,1.0938821607538107,1.0961386143377672,1.248588073870105,0.4381576506729411,1.2479263740951856,1.0233756094540998,1.0772849042251267,1.0442400704890742,0.7546929200690375,0.8529990804650667,0.8024496426555126,0.7545249207227422,1.0,0.8804333831146123,0.8762700000231887,0.5040666334165271,1.261993427169347,1.1221974636019922,1.0,1.0505172572226926,1.050636223095669,1.0958142400105415,1.074862652011012,0.6691249075772563,1.378001465129119,1.1636506758899983,1.122275516524295,0.9268981981483764,1.4137877570123054,0.890144714542965,0.9305305845923014,0.46908230799079764,0.7167849501015163,1.2220003454982509,1.0533372335269675,1.1357027673228053,1.061901976287836,0.9629093724242763,0.9069563176762656,1.1058522541360165,1.1697540703996367,1.0025913636613224,1.0,0.7663395017523457,1.0,1.0,1.0,0.986470962345141,0.6608875942361576,1.3715041426231454,0.9943882906281046,0.9373972342594733,1.131731214349658,1.1073876906062199,1.033079984252507,1.2363653081740429,0.7217112633514879,1.0427010741702334,1.2593850205569679,0.6712764059832859,1.0,0.8380920274714477,1.4130805132962656,1.159534650537732,0.9931798067213226,0.841864526522007,0.8960489548092001,1.1357769034611103,0.927638173852117,1.0802046491334067,1.0,0.8556089655998227,1.0975406134469066,0.7088540349716357,0.7186733743544366,0.8275760464811084,1.0821924328496753,0.7070640068074552,1.5961326848753195,0.9324060050086008,1.2084528992987247,1.1582018881658904,0.8123163726925096,1.0,0.7208386294495054,1.0,0.6692949377208888,0.6258572653571448,0.6312518359223155,1.0976036992541711,1.0193485033691916,1.0722173082639395,1.2174799353611938,1.0969246561089179,1.0111393605116108,1.1382353355145516,1.0256421631194843
2020-05-29,0.46806075499576905,0.7430764627834814,0.993899610237903,0.6861203504999764,1.1154096578253414,1.0597370976286908,0.6949286445782417,0.6688871825941147,0.541412908808186,0.9707720758109757,1.1696504489552229,1.0431078388492048,0.9538393879554488,1.04408486559643,1.010661199971876,1.3827975210113266,0.9964401025220423,1.0297395220396066,1.081855275160304,1.191370741256699,1.3360080095322058,0.5715813353519481,0.61878826636435,0.9131167104087671,1.16759341888967,1.0,1.07512797646983,1.0,1.2661084736057255,0.865411202205862,0.8630481865346497,0.7624886471082976,0.9914274245863784,1.0370513260096037,1.3511925898054478,0.8361853731332776,0.638430458354842,0.9856490351569186,0.800010255920812,1.0165525201962742,1.141741539847435,1.052322541355869,1.4843991774162986,1.0942979011356146,1.0,0.622585593634039,0.9484790235549928,0.8008501425614454,1.5358327136252803,1.0175667982629413,1.1039448630850355,0.7291621594596496,0.46086365915923655,0.892319113461016,1.2216236742991038,1.227025744022556,1.0069296648792967,1.289301972361152,0.9512559709983659,1.3531301769514799,0.8383590200736345,0.9984932658822592,1.7048992762585427,1.742740612866637,1.508699308353345,1.0626562148800318,1.0968500939434016,1.2471681593081194,0.4339964392044182,1.2304988905261218,1.1218829579408833,1.1027356141890632,1.0398315636680995,0.9113574937910989,0.6925406492208155,0.7659424805656915,0.7466194551190269,1.0,0.8232689450747066,1.1303614753378823,0.47207826344584825,1.2000829432683968,1.1213755176152762,1.0,1.0410110994132618,1.043323537082129,1.0919290901193979,1.087648897349916,0.6511697635976321,1.0363241103879417,1.1661806335060774,1.2774401474216885,0.927430123311103,1.1773194247862984,0.8561641737651441,0.8400898117280489,0.4364279022914742,1.2793585073887654,1.2795957038829568,1.178411931944485,1.1208001656119082,1.0698477573993599,0.9641405376219488,0.8743383072056184,1.1348334837752496,1.1749596311186707,1.0075214487029454,1.0,0.8025928563231874,1.0,1.0,1.0,0.980745755653346,0.6381048305719277,0.7607352978531573,0.944032905948199,0.9241928381047196,1.1310403249884535,1.1069856211313878,1.0547547815493195,1.195527508337632,0.6389261148468823,1.1067838257334772,1.2379993445555497,0.6670594417607082,1.0,0.8668601504046596,1.43319228407402,1.1595346082469407,1.0302821366005002,0.8015070013108165,0.7984548273289536,1.1078428357319918,0.9216803040066105,1.0891726053235193,1.0,0.8601522103867355,1.0831034390565704,0.5935899583915909,0.9962089993824718,0.9475999440211812,1.2863823144921782,0.7064328390326251,1.5755052311054736,0.9050883286003729,1.1690635346898248,1.1057967964506148,0.8094725500204102,1.0,0.7505365772280167,1.0,0.7196108834905159,0.6272912287019154,0.6195862227213387,1.165921442166528,1.0221376691448978,1.1652463847496044,1.2174236166269117,1.2043789139152907,1.0037990087874753,1.0682633106801571,1.0208933055645202
2020-06-30,0.49455462237983583,0.8084367650167192,1.00245247426572,0.6738211931755684,1.2266740227356343,1.0596397788704908,0.6950779585498936,0.726710704525504,0.6057929078786077,1.1495731397785036,1.1686273218767393,1.042403672528006,0.9990089877419295,1.0454891386024274,1.010559777305457,1.3750686801248666,1.1083986500326697,1.0298199583997831,0.9616281028416183,1.1952722804851361,1.301599357234726,0.5697272270139888,0.6576687578556648,0.9332080350100806,1.0742233425019574,1.0,1.081831152118764,1.0,1.3060938893740692,0.895215313788915,0.8124973086548488,0.7458441980028157,0.9816628044487118,1.0298572374252926,1.36774739563988,0.8423892535081846,0.695692882260267,0.9888591449267775,0.7625180954627229,1.007247350929259,1.1259026350908703,1.0561156880575924,1.4812350135754908,1.167659363076608,1.0,0.9172605642153675,1.0239014319159152,0.8441097569031414,1.535046639557017,0.992734959859355,1.1029343806427856,0.7352749096328347,0.46473837751098057,0.7752248950655413,1.127851204165786,1.1069074616818773,1.0523009240302397,1.2774009066755603,0.9501110554931711,1.3300787746568457,0.8454075024192184,0.9981928284667905,1.698788249002368,1.738413360454697,1.488114706916078,1.0615360175425412,1.0943875394627982,1.248162667124116,0.7313413964762372,1.229074439754528,1.192086821052343,1.106385430910858,1.0659351605278908,0.9425859347839505,0.7180981294894984,0.8031423320587677,0.7846149114941552,1.0,0.8257575110460285,1.0815272697730713,0.4878085552157402,1.191276492911563,1.1068516288344763,1.0,1.032269932733478,1.0322695813466622,1.0643640423577614,1.0296566871639858,0.6622807535986371,1.075044412794516,1.2045490063859712,1.2595165041232808,0.9263021311297004,1.149173638698112,0.8477679541266036,0.8481773937820013,0.4351723908216376,1.3518082742085276,1.2127859443365592,1.189348406565964,1.0953068938784303,1.0652824292794825,0.9456985094915357,0.8781479957317735,1.1279440252408963,1.1696877160179826,1.0031618820218027,1.0,0.7867287395019984,1.0,1.0,1.0,1.0039248781396959,0.646272168657201,0.823459845272948,1.0006767438538802,0.8844915857151281,1.1311081115221444,1.1071881804306913,1.0385088113785401,1.3462389223341513,0.6430318131149851,1.016116675647265,1.2794888450760813,0.6510641940626638,1.0,0.8691330037615148,1.4381304648745965,1.1595362949773762,1.0427485975484974,0.9621821045276593,0.8433149714729936,1.1077720872790409,0.8811209172121216,1.0881943854783858,1.0,1.1132465411906316,1.0775840933902132,0.7653472789733099,1.0883766183604953,0.8705250259530759,1.2482326212836772,0.7071797693734289,1.5946007944371368,0.9297084077243523,1.1946729422474367,1.1193798426944195,0.8106239434969726,1.0,0.7393924871146016,1.0,0.7294615080054985,0.6289674944567019,0.6237229991866449,1.198587251198222,1.0207188253510011,1.0903639967104517,1.2107718828787883,1.2765725941496766,1.0058913341405555,1.0801863647639331,1.022631732727647
2020-07-31,0.48612170444629954,0.8155015843771017,1.0343662482169043,0.6131550796051991,1.1731560404932968,1.0465315235448605,0.6949310544647044,0.7348406883148009,0.6390831229569603,1.2751977101438459,1.1718718921362536,1.0426974207323683,1.0047649071135236,1.0712872441765082,1.0102168050419977,1.4379555451281012,1.3776578401425046,1.029658246165443,0.9534699407361238,1.1844507725100766,1.3378139452592857,0.5676437840816339,0.6337534901253377,0.98660827169584,1.1835763350428044,1.0,1.1171423739965187,1.0,1.3093933463959768,0.868628946673251,0.8107352491600126,0.7345651694339221,0.9545146391504717,1.0286902734339567,1.3335428156386124,0.8620794243852844,0.7539061640137279,0.9871897399725594,0.7549361472578633,1.019666556083835,1.114572866992244,1.0639361022232443,1.4836325804576227,1.155841892235197,1.1158273574466624,0.8921184292777432,1.0300231907594393,0.8574669317429651,1.5346072943982012,0.9831098977729436,1.1146200255724918,0.7939182025512612,0.44392989950422246,0.9490857379602642,1.0703612425030327,1.068569946454525,1.0648340045273514,1.282738737081964,0.9527001367135408,1.368365290727965,0.8369410226088522,0.9993522171054953,1.7000485517911537,1.738688432914719,1.5242560447252238,1.062541111083412,1.093786229335222,1.2365390958074811,0.720001479569245,1.2572322713190291,1.1805888502997837,1.0906486314630301,1.057419366855293,0.8769791745927438,0.7091186326047761,0.8077681197270519,0.80004978799635,1.0,0.8295925826581413,1.0530008369884827,0.48477893076067013,1.1872487412767172,1.1606482624567354,1.0,1.031029375867035,1.0418650096252329,1.0987962789885917,1.0511622325879912,0.6631372122329626,1.270664287950797,1.1743725396013092,1.2283164522441856,0.9276296658581803,1.1257359604096402,0.8373556744303396,0.8433371347011445,0.42457335891262105,1.3530431864747445,1.2588531564619003,1.1929411317934586,1.1330972992609194,1.062266595976999,0.9328311479363907,0.8747333142059909,1.1283430463460824,1.1735448783481721,0.9995377747328741,1.0,0.7670704482346978,1.0,1.0,1.0,0.9989015657913948,0.6648860902760274,0.8162508149491117,1.0139279780947807,0.8694797803894566,1.13137642868883,1.1073182456999122,1.1840709955000643,1.3424344434855222,0.652186517870018,1.0130129099133156,1.3025718484885662,0.8132874375678563,1.0,0.9068792389001823,1.4495381387695774,1.159539491206784,1.0473527382496282,0.9461336029318431,0.8227534832063957,1.1137625846102468,0.838618568253759,1.0885840690011261,1.0,1.073573423850466,1.0726123574018758,0.7816152075956548,1.4321461264790953,0.9647109502052067,1.353238681523456,0.7066403153759265,1.598384626677599,0.9585063702435309,1.1759115598088765,1.0915892372561187,0.8150416894065078,1.0,0.7399493501238151,1.0,0.7459473755388374,0.6312214370337522,0.6447622408550173,1.2002814866338494,1.0196211490064064,1.141764211596362,1.193134687648622,1.2916887386286495,1.0023062373491,1.046633099350936,1.0198037519008942
2020-08-31,0.5944133104802705,0.8680018254581854,1.047409064543572,0.623174000376038,1.3564978265556462,1.0810279609068052,0.6949731587311574,0.813807536528951,0.8029823168953927,1.286332707052702,1.2120524997836601,1.054822634311992,1.0701588460835447,1.1911779492369297,1.0091253998755452,1.4269661653600643,1.3899947511288626,1.028825056993278,1.000648480514271,1.189058788937329,1.2756418077958371,0.5677998541815743,0.6637821665463595,1.0159581466919423,1.2278982971298449,1.0,1.081536832790422,1.0,1.3113934848785203,0.881888891094479,0.773832204819693,0.7440400334014906,1.0138382160206343,1.0221310857621055,1.358379730912415,0.8755144187130478,0.7837750033385568,0.9879556027580559,0.7532005713189458,1.0358338320884741,1.0541425160915514,1.0576835643376756,1.4753136448527862,0.9972098086535905,1.1157764633305896,0.870573356301004,1.1023681433625752,0.9433487681768847,1.5296731356361903,0.9079833794540151,1.1040723673018167,1.0236654491178974,0.5224775509358316,0.926974156673077,1.0054111661425225,0.6772878314004169,1.1229205896376473,1.2577570283336343,0.9570573688834567,1.479923716780142,0.8578590670329566,1.0013352500391293,1.698837243670397,1.7357758770529692,1.518454354836332,1.0224994999940447,1.0767705056837868,1.2159188738904976,0.9236147552354532,1.2382800928263613,1.0910268378671406,1.0290092412844856,1.1464643615638122,1.0966885409646334,0.8978032286019421,0.9295960701957715,0.8037044778367699,1.0,0.9086970671547724,1.0376306654911718,0.5479543951625274,1.1690324821763685,1.1159531105554126,1.0,1.0059855586681334,1.0272909381460107,1.0490309371737596,1.0359273396055764,0.7282135643610306,1.1459375604477884,1.1585305701603859,1.1729979608607823,0.9280124862041278,1.1339409941088407,0.7483540919160978,0.8323161409155395,0.44542264333229153,1.3700548668258474,1.1870468776380751,1.219783574300714,1.171937012996054,1.057745127981478,0.9311020356307709,0.855944202388619,1.0949240113000376,1.1750458054607575,0.9999726118510206,1.0,0.7382297232442376,1.0,1.0,1.0,0.9855526693687712,0.675988636381471,1.0414388631239508,1.0825390952944127,0.9247360878207137,1.1182624670348207,1.0872476249065726,1.2949450491333754,1.340420500157737,0.6911625930391094,0.7976406897071358,1.3047633718962968,0.8279974911137433,1.0,0.8934739557211103,1.432653072873236,1.1595401325831969,1.019374299958784,0.9861415652891474,1.0122788341589704,1.1377239450231587,0.8780549989742766,1.0873767795973124,1.0,0.8780940046093854,1.0475367052873217,0.9979915109122472,1.497853145874888,1.0592681694158648,1.3992251682305903,0.7066887840719996,1.6110800253889788,1.0442921876004365,1.1031826405801142,1.030763332511851,0.8144945891870786,1.0,0.7266176959635963,1.0,0.7492666663364829,0.6355838351273357,0.6726280578560802,1.2003847697618115,1.0148198576470122,1.1376012298977871,1.1647300283300899,1.2664331230963854,0.9967140164948936,0.9871055344340242,1.0137476212296137
2020-09-30,0.4757163517330367,0.8491464834692956,1.0450889856107113,0.5748782112942538,1.1411183887875782,1.0449388531843096,0.6948624612705645,0.7340912318164214,0.6193155383812486,1.4147935522504858,1.1880640295300395,1.0467478069434422,1.1111441166576554,1.1531635993967264,1.009896816120513,1.4466370851375536,1.3901735414968766,1.029048765314754,0.723712257869219,1.201118620120564,1.4226056092861596,0.5671191148616562,0.631086557879124,1.0422223212277997,1.2046412542420453,1.0,1.1123191179054837,1.0,1.2919099592616892,0.861383008654697,0.7508233425497962,0.737545653308772,0.9878146695592384,1.0384144775481745,1.3580159734688269,0.8747000505028707,0.7558801687042964,0.9865072657580967,0.7412357450206952,1.0302401022733976,1.0555463043052455,1.0664894466580241,1.4421030051581667,0.8720859687426408,1.1154002748990275,0.8326504574620299,1.1237409748148108,0.8821325808123427,1.5331515274883099,0.945584120355276,1.1213230891446688,0.8139964440249284,0.43565286852452445,1.014143426231817,0.9673095405997839,0.7728684695254975,0.984256230869214,1.2519848696955969,0.9507646595264562,1.4232005489466002,0.8578961674847312,1.0010068425261167,1.6970441370114049,1.7433846525166017,1.5394768437991324,1.0522990450501608,1.0749867328326836,1.229095718556557,0.7981842942077568,1.2624970986990465,1.2547953674540722,1.0771990451107936,1.066290138346845,0.9431286895428027,0.722304277588246,0.8298760473839504,0.7792551245820949,1.0,0.8665564290155886,1.1067030193368845,0.4679544469747494,1.22679633884802,1.1051601577652281,1.0,1.0424683463308877,1.0505835050337968,1.1326326134733868,1.1096053087074784,0.6631974106123462,1.1579961984005562,1.1655819065103479,1.2051194149458835,0.934550788274358,1.1292435797851899,0.841900044788341,0.8345214430778033,0.46700754486171336,1.5195021514069849,1.3152350963230879,1.2105355558989046,1.1399869347156883,1.0703071166754075,0.9210649882572997,0.8458512978138384,1.097274135020283,1.174322081044642,0.997062543140889,1.0,0.7636688871153173,1.0,1.0,1.0,0.9928810729838867,0.6345257862137916,0.8361404893256873,1.0165529734710606,0.9027864764236339,1.131859981211148,1.105389956824723,1.3056106829822278,1.3443667707355929,0.6397873401292472,0.8203004271520107,1.2932135058667193,0.8680665152883233,1.0,0.9288218729631621,1.4224325546300765,1.15953376246713,1.0289298803236098,0.9605408044567219,0.7939288631656799,1.1121532974781583,0.8831324349331438,1.0870428053350727,1.0,0.8754096904080115,1.0726919142357179,0.857416187364324,1.4953982717991514,1.108904721723971,1.3898181232402693,0.7064139484286249,1.5747218917127417,0.9729589133622047,1.169642572550626,1.0749084845386112,0.8185633944996837,1.0,0.7497810318035765,1.0,0.736264116433925,0.6323814256853977,0.6458762667981623,1.2003913989407333,1.0194591217448852,1.1598871565111502,1.2146444657044357,1.2728609912400684,1.004140840884066,1.0310115525437258,1.0199623634219128
2020-10-30,0.5295931264506178,0.852217779136367,1.0498916017598114,0.6054488165574473,1.1514012076033118,1.0497329711548553,0.6950269182070644,0.7888659885882264,0.6625601160819242,1.4102467211744973,1.1986596179677949,1.0541542302771163,1.1022273151366977,1.2007945181740658,1.0089434452577368,1.4407155499616873,1.3943404555459706,1.0260561917404567,0.7861204328995428,1.1952051292412817,1.4214649437472766,0.569189345084985,0.6300212571092336,1.0561456549844015,1.2338298481664716,1.0,1.1180656942714136,1.0,1.2962517730940313,0.8608314852571086,0.7717840841435284,0.7149396831044328,0.9777646245983914,1.0296352242471485,1.3697630821719715,0.8875272456067209,0.7994810578221575,0.986901942706209,0.7392095381245273,1.0346681642835838,1.0060979989980101,1.0475081588390964,1.249195843146145,0.8798796115074674,1.115126958142452,0.8936990067466837,1.1239474242904823,0.9039959969707271,1.531725119170852,0.9252186160677801,1.1228179685372335,0.9747205653658872,0.47239479334069945,0.9068437498435521,0.9672097641206737,0.6396821584611165,1.0519302665247519,1.2543664445771907,0.9606508596663149,1.4468191479640637,0.8856114371259807,1.0023806395037733,1.6852053355170764,1.7372233668596575,1.5314756708421597,1.0358523036970877,1.059759396202812,1.190817575155422,0.9523908276554488,1.2401290377684966,1.3743803059283741,1.0370239753387558,1.1195197058733761,1.0311144422864864,0.8437159875623589,0.8869348245452793,0.764485047385756,1.0,0.8883421967793849,1.0796857948749368,0.5001779659255433,1.2120965558964198,1.0659420970946403,1.0,1.0264121544061975,1.0358503236816827,1.081905692312888,1.0550187740683776,0.6653049480972688,1.1342854118007728,1.1274851827554824,1.24462343104554,0.9288103404893784,1.0995734320167083,0.9506094289460431,0.835808747006507,0.4825049773899788,1.3618384679825821,1.2773554286040092,1.26442872517111,1.1348983268816644,1.0685434914353742,0.9254847372379786,0.8432444020212335,1.045934360081723,1.1747545219864572,1.0011752249807162,1.0,0.8281670633232067,1.0,1.0,1.0,0.9860896597007526,0.6244732376973601,0.7909591128888037,1.051056928980982,0.8968388164097079,1.1301684427400769,1.1009348172243671,1.2794569737071717,1.3490101378976767,0.6566229804307142,0.9176772967372365,1.283937610619894,0.8931848571758163,1.0,0.9025551386530332,1.4040828941274572,1.1595273377045048,1.0133454869750194,0.9616356542426155,0.8842591218221815,1.1052301747057982,0.8855784847015042,1.0857096435400366,1.0,0.8567218003892654,1.059779385319127,0.9003805730406147,1.5017969056748648,1.2632867526206129,1.3737328281008006,0.7064928521939033,1.5336257467396415,1.0024603688823377,1.126398910448801,1.0538612794730884,0.8142307810549013,1.0,0.7369992598187644,1.0,0.7433791067219949,0.6357307258449334,0.6555485979441115,1.2003760985090541,1.0184316363783286,1.1264533579214595,1.193342934698026,1.1972679883536157,1.0011656858567177,0.9909518042478868,1.015252659242055
2020-11-30,1.0011930251492651,1.4506831074847724,1.057004331442526,1.0132579837740077,1.4932404724983224,1.062043881511021,0.7557016812760808,0.9226482915859505,1.1009560389026825,1.3524599126003114,1.2594747027426978,1.0559130240674997,1.1519437911761365,1.2808140156662426,1.0078158872611824,1.4346204011875026,1.3935747287377949,1.0215969066123327,0.8199989841258782,1.149513272672724,1.3441389056891941,0.5814305359498195,1.2190975106611466,1.0743253616830075,1.2509540855099814,1.0,1.154788853658016,1.0,1.31136282173604,0.9147647304590426,0.7392333727924225,0.7316289172212622,1.162397907511311,1.0226640590614713,1.3662241699031377,0.9997572943925953,0.9387975931422239,1.0059211537461212,0.759351590035291,1.0383968358143023,1.0490478120892865,1.048193141647845,1.3395770692475997,1.0507419911573195,1.1145391740945585,0.9960882480362795,1.2151690068179495,0.9801189638097695,1.5279881173686758,0.8781918226930283,1.1038506312218161,1.150301695783885,0.6346835370577409,1.0452341961868057,0.949638698944508,0.683980246194126,1.214416298208811,1.264006869798644,0.9685850282036155,1.482165534011883,0.9750981281712615,1.0019071243041482,1.6824180908453348,1.726603283168613,1.5278597005968186,1.017270372650504,1.0519391407814014,1.1873554699646744,1.1303116461814284,1.1905323089645274,1.201142633976161,1.0786529926173372,1.1917937025589276,1.1625353245033074,0.8974916639590901,1.1107094861706825,0.8152606627689339,1.0,0.8951811977375344,1.020001580387668,0.9984133784535965,1.113773963434098,1.0552318037257034,1.0,1.0099624809652443,1.025263389353905,1.0821431751542894,1.0241920233626614,0.8663622130275364,1.2320191756883534,1.1041619811459216,1.247613601685197,0.928977139639744,1.0838021206641542,0.8751657015208766,0.818640660393977,0.41913476245232184,1.2863136740556023,1.2523217417427812,1.177239983735838,1.1803260811926455,1.0667767072019851,0.9078231546500493,0.8796779101142129,1.0023668384891165,1.1737716501070221,1.008895720320698,1.0,1.0072257694534896,1.0,1.0,1.0,0.9817279737708356,0.6992403580279782,1.3110248482242413,1.1873210429839032,0.8830370683620481,1.1271095957714985,1.0962791312290014,1.3122183165784553,1.3482051143966514,0.9846479769105302,1.0262683332932978,1.2650928817818068,0.8758645084127109,1.0,0.888811340631358,1.3506223078535444,1.1595231909194665,1.0039554069403454,1.087225762354077,1.1191476950470136,1.1310394300180646,0.820519229261484,1.0852367743876619,1.0,0.8217907309389463,1.0370366935563409,1.1078569647294114,1.5516678481739128,1.3056985638810361,1.3834615189415238,0.9296195021953998,1.5481257717949923,1.1828245902072814,1.0820276872775603,0.999645671710949,0.8144891737262729,1.0,0.7718963585872738,1.0,0.7461364235482699,0.6399531066223054,0.8394968654398799,1.2003522902715371,1.0153256301140456,1.0825816663189587,1.156584460515158,1.2158407981414046,0.9951032454215349,0.943561096956686,1.0060326732544564
2020-12-31,0.9367956074257937,1.443967231087793,1.053714054873923,1.0186414293026043,1.4553907512077968,1.0543738616610108,0.7119271231136111,0.8114584205982148,0.8883181702294476,1.3801352199410497,1.2502880500033786,1.0572979006074292,1.105360055872145,1.2994222288484534,1.0078033284370589,1.4270135044107968,1.3938108253568302,1.0162747464295523,0.7311805992469391,1.1850930896628171,1.3877184316387148,0.6256585462253126,1.1957621878226938,1.0728915149173472,0.9189767999571583,1.0,1.155203278000977,1.0,1.3102366991821932,0.8794730587920356,0.6911557002933724,0.7380607054633334,1.1618903117901622,1.0253621278502518,1.3747878037447265,1.0354118031864923,0.9672153592338919,1.0054092181161036,0.7731422770653618,1.0372936475209875,1.076059439316263,0.9817581146898537,1.3843773866485205,0.9543481985091716,1.112821667169489,0.9618208375989117,1.218592138719903,0.9705686962777301,1.5299457390151838,0.8714101152330972,1.0524542262134287,1.1142571428206969,0.677300520241755,1.0513847983062619,0.9344276003653492,0.7077607247020026,1.1801268421550608,1.2565484290131947,0.9574603338067448,1.3253134987091157,0.971972569915028,1.0002038802598276,1.693162300533999,1.7405381503627995,1.5411645730495778,1.0205710541762205,1.0513763440866954,1.1833889226486056,1.1386371492285432,1.2139070842374602,1.3760090001291612,1.0692563475587353,1.1828903410080556,1.1117339227423093,0.8336586333303084,1.0657056975332795,0.8277254813041938,1.0,0.8663531495069368,1.0618172505729213,0.9498197975533862,1.0743058375558125,1.0611981495681406,1.0,1.0142676571875138,1.0303328584404823,1.1401439402166016,1.030329478434282,0.8217464183107469,1.1706537678970306,1.1407307495625192,1.227817546889964,0.9284518277119859,1.1065739530033845,0.9500470523077544,0.8672336814311801,0.4132694366316464,1.4712853440631481,1.3183031911233303,1.205266609666813,1.1598644963691436,1.0674747702383232,0.8995538780848032,0.893332361581153,0.991690298761623,1.1739214006050895,1.0071232748201837,1.0,0.943334895066273,1.0,1.0,1.0,0.9814928375404601,0.6922104005159193,1.2930420533848772,1.1617437530321184,0.8659157073241387,1.1260931598308124,1.093847415914045,1.355625129888271,1.3523262897490897,0.9466152062517487,1.04321155234249,1.2612943195570452,0.8436638144379418,1.0,0.8987689392311937,1.3034857164869247,1.1594847893981748,0.9901602636860442,1.1077489056502274,1.1117657485444026,1.1164192469113876,0.8734007358176011,1.0846738167087917,1.0,0.8716217242183619,1.0386138718845483,1.1141417417055006,1.5507609881671902,1.3167246351090784,1.3911659604929336,0.9519895609163782,1.5623770303647921,1.1331957733627758,1.0853161216284155,1.0111192975942518,0.8060344006658774,1.0,0.7404450681195283,1.0,0.7665850894330043,0.6390798678327491,0.8529926530514862,1.200149099551039,1.0110107124228775,1.099847292203119,1.1618669057576323,1.1709584778098312,0.9956331002909067,0.9491033686694064,1.0077782168486307
2021-01-29,1.2310313052361839,1.5857220102220015,1.0553070780782763,1.0027751804558291,1.5697491269216237,1.049555667128404,1.2705199376590235,1.0004616268679423,1.309326453657124,1.2059578388242367,1.299484466433195,1.0505341595641526,1.0783512781081053,1.3451546757795243,1.0035100620904274,1.4193603335001246,1.3944827375930777,1.005120418644747,0.8517561302478899,1.1434906276440233,1.4334607308850922,1.120125635383176,1.3525681058701633,1.0770399937390933,1.1966130843929956,1.0,1.1538143215270866,1.0,1.2769718232545937,0.8956177272830104,0.7008840242684462,0.726155770106326,1.1586092138878543,1.0008865946409915,1.5155607948645458,1.2036539985312151,1.2947187916798646,1.01033426879463,0.7784023194748129,1.0375369188185473,1.0291135929006507,0.9963759686045325,1.2033622462552402,0.8754182078309007,1.1110615640143062,0.9631453956076887,1.296482209920527,1.0964986943772188,1.5216758737963094,0.8794672284682288,1.028396025326851,1.3298525256776297,0.9997594222840406,1.1382667282212875,0.9144779575682874,0.6448370163160222,1.4663813418125495,1.250811705008716,0.9647690057315951,1.3371292685208902,1.0223899918073556,1.0019895141715491,1.6936707996239448,1.7376315589435332,1.5523734974060124,0.994325587981132,1.030200017902847,1.0931051200472244,1.2634710040897421,1.074567919827628,1.4560963577416985,1.0060596773758108,1.2103861034271095,1.1762640300019205,1.0036167798265296,1.2860383152730461,0.8538096816880971,1.0,0.8496914841068182,1.2161880332479333,1.2458074254567597,1.271059645647414,1.0062545944652868,1.0,0.9997213803563122,1.0262734304153864,1.1074486623119033,1.0626337998737436,1.1763042187443498,1.284221421058059,1.0660819577795226,1.1883581424201766,1.0278303734091687,1.0500949101155195,0.8850089741146954,0.9566145685650279,0.4670471755184522,1.4600448208453398,1.3145639279295485,1.1482805553560507,1.1895519198318572,1.054785468433093,0.8880787271151243,1.2116983052193864,0.9572826687846542,1.1760134624817211,1.008016632327411,1.0,0.9735883451200836,1.0,1.0,1.0,0.9761270419527593,1.3815927268997399,1.38719344934418,1.281239425561457,0.886082722729937,1.1089875368506348,1.0734098298986006,1.326987707552743,1.3523269658732204,1.3403936943210726,1.0906610073131193,1.3112442664124697,1.3776249261377225,1.0,0.9197720248604138,1.1225450900988898,1.1588729398280972,0.9583849912617101,1.2865507466419328,1.1971135776047201,1.0934203572507715,0.9120294166296161,1.0842244246077424,1.0,0.765994266003319,0.9984793601808019,1.2779662578307625,1.5533367934046007,1.4337451900394618,1.422573460204014,1.2878993057353543,1.6032547770967278,1.298303548870149,0.9757011720399291,0.8239473643027883,0.8051152210818863,1.0,1.0886269655349314,1.0,0.9872460523619856,0.846953105648119,1.3656774451657108,1.1989836363571544,1.0039007284775856,1.081247395142022,1.0332965789467237,1.1285704441498976,0.9841626458568922,0.8818557027140039,0.9750978702144145
2021-02-26,1.3988187001774823,1.5858578488089778,1.0578316795118754,1.23533061345166,1.5709414603752583,1.093512567656811,1.2947114212265896,1.096374836455998,1.3362248936625867,0.8925373952458486,1.3354519359268737,1.0240473395316323,1.1341983076523765,1.3880842566860903,0.9969906756687235,1.3231224362725773,1.3952559764759627,0.9898654327978528,1.040904264674892,1.0754984183279017,1.4585206146838416,1.3107470173409381,1.35342162518984,1.0774697084851348,1.2737235823018218,1.0,1.152382201245992,1.0,1.2286786203915756,0.872342917287282,0.6792455624141596,0.7204337631858648,1.2286378046658533,0.9727186703694236,1.5175530482352368,1.2298740022841823,1.3506738547892336,1.010531972321502,0.7547949143895043,1.036202471614067,0.95072993289675,0.973003379856382,1.0076156744804494,0.9238441370503623,1.1113710099474257,0.8218525879135676,1.2966217263116289,1.3109678741571735,1.522304042018741,0.8999337968306012,1.0225463486750683,1.4855418426893419,1.3096364751944756,1.165008585983714,0.8959157919844571,0.6639032686864258,1.4718351077286043,1.2658068280762205,0.9739158235531324,1.3752379708377886,1.0469869750839558,1.0031218262720112,1.6346855322450016,1.692267674109405,1.5363872072513405,0.9702335129241512,1.0223794049324144,1.0083254360316405,1.3396845210840407,0.9948104312163724,1.2234898010995687,0.9934905116655063,1.2225477571880938,1.2457046563157963,1.0908826773100357,1.3629065024961422,0.9602080162542026,1.0,0.8458140413242207,1.2900620789186745,1.393797450640988,1.2852156630176763,0.9979142039363378,1.0,0.9861961528981277,1.026236030299538,1.0729237195392072,1.1226245039263183,1.2809238918509493,1.3780187677563662,0.9089253079335375,1.1594823414320707,1.0499136707387577,0.9650210756147896,0.9017794092524543,0.9816658962256445,0.4725338738327216,0.7143830083060905,1.2595272581207722,0.9909073409013538,1.1905451798884439,1.0389915730759032,0.8831207474180749,1.2130972458944995,0.9327059109992991,1.1760586274500653,1.0091578049986245,1.0,1.1772473010255071,1.0,1.0,1.0,0.9710947620079485,1.3816501279974895,1.3931596087977043,1.3928139661504955,0.9539313610040849,0.9958645262916055,0.9706228614555712,1.0612892160401541,1.3523269819280452,1.3933813806874253,1.1901039669546662,1.3112485288557998,1.4822951949151406,1.0,0.9571354556542845,1.0896654594380393,1.1551770986039727,0.9353836346179624,1.3227906972399082,1.3817744833437002,1.1362005104258417,0.9737763778048389,1.073153275193944,1.0,0.7601128547778816,0.9785594684336243,1.4222953555854114,1.5473116536296532,1.2884476050056701,1.413981045027135,1.2912577902100921,1.6288827565275366,1.3344225962014211,0.84806021135205,0.6772172154126574,0.8026356619284645,1.0,1.4467544189390975,1.0,1.029507535114635,0.971479171404418,1.4452602207710052,1.199763612331334,1.001268425401919,0.9522259677969176,0.7364934764802804,1.1010207384221942,0.9697026484587481,0.8071719476708753,0.9479520273224052
2021-03-31,1.43536261906119,1.5858569919842997,1.056127371519781,1.2425337127054037,1.5718985655382514,1.1076638682841673,1.2953720760706922,1.1213330772637229,1.341875360100391,0.9363416213396016,1.3406001986543226,0.9862331548105889,1.317500868862846,1.3938557706190822,0.9900133020189106,1.108059337345424,1.3946468171611164,0.9773263848656099,1.276154502176908,0.9811574344653207,1.4153749263563418,1.3213612959802843,1.353505312823964,1.0770422433009446,1.2953495332121068,1.0,1.1431943615793339,1.0,1.2371779272436179,0.9378462832251003,0.6689556334606366,0.8169032962647049,1.2471930075242872,0.9645720812438506,1.5003878340916537,1.2336653143206038,1.3646563473564925,1.0106147861231969,0.743534507905304,1.035181082850626,0.8916270403714904,1.0313141084822335,0.9640040486793899,1.1016586814561733,1.1142086303023944,0.7568301690565582,1.2966248708640253,1.4085224486565133,1.4382094526054914,0.9059398463603476,1.007187454711375,1.5165134267474774,1.508329246534751,1.3606916078350846,0.9395057823508637,0.6610541658879783,1.4721247807296223,1.2561774221359403,0.9685593140015962,1.3421874243687308,1.0608711961702644,1.0028379656345163,1.542154916182265,1.542719887278297,1.5214897949145203,0.9336688860751575,1.0241153682968722,0.9247881171956069,1.3468431949883373,0.9575668240574943,1.0350359481820934,0.915896546666707,1.2241328225907304,1.3337112205603612,1.3319982390017493,1.3853704383178358,1.0106755763079018,1.0,0.9762957137249333,1.2043952286105997,1.4153435212090018,1.2842052636425891,0.9999100900993324,1.0,0.9752813607493898,1.0162129164516729,1.0388482601694626,1.1178518296491111,1.3367315486506384,1.3999666292176205,1.0389007877555467,1.029314657699333,1.0499515168087337,0.9773133533930654,0.8997736827830947,1.0200074251758977,0.6701450935520414,0.685427760509379,1.2057821444496566,0.9490212392339662,1.193353388659838,1.0145526571853296,0.8827324340904121,1.2131666501866447,0.9122650242068533,1.1760343557669286,1.0107840500743281,1.0,1.087608114935366,1.0,1.0,1.0,0.9705848815012144,1.3816500952028619,1.3933971157389107,1.4307662760932969,1.1455363788231012,0.8756669549561332,0.8842974780669228,0.8288177934208633,1.3523269819135222,1.4032124245290474,1.3003782141987061,1.3112490880211856,1.4824256879232411,1.0,0.9207310469023817,1.0240709186625683,1.1239879360091203,0.9060198598706348,1.326328730736806,1.4101932062967966,1.178770233619423,1.0465394293636925,1.072618360164693,1.0,0.7594316408898915,0.9665624076292189,1.4291192980072571,1.5216430740988298,1.1367007684144907,1.3574773301644667,1.2913578752362371,1.5988622236869223,1.3383766864118263,0.8044163668177979,0.6639712088735831,0.8026437833170645,1.0,1.507609758381496,1.0,1.0504439172215634,1.0055683859607942,1.4702845887905738,1.1988141032115494,0.999873457220029,0.9647792699303546,0.5695259542374828,1.1157778370963254,0.968165698599097,0.7906505497428468,0.9468240307487605
2021-04-30,1.427708436246416,1.5858483488322972,1.0359447593018194,1.310254132626775,1.5712531540411447,1.0630616544025693,1.2960887439582935,1.0583035734168438,1.3359299239497404,1.0335232915141506,1.3360998951807599,1.0277198266931902,1.174379342435143,1.3916745435275357,1.0008631357115898,1.0208272828663154,1.3926998789355127,0.983149381548264,1.0351000599965654,1.0285447212474181,1.5123446721748013,1.3164914144249051,1.353646273850014,1.0770523995822987,0.9953158280828007,1.0,1.1554439241676246,1.0,0.8663663269890431,1.010927124436186,0.7222128745750045,0.7563977300965209,1.2407519432290963,0.9765471953886292,1.5038186620008644,1.2339683841559839,1.362310361072745,1.0106474754441335,0.7658176783317933,1.0356426678252015,0.9377784936674023,1.024434521267551,1.0265614812958277,0.8245442820404278,1.0006810671400546,0.9565756290229762,1.2966245450386622,1.377892403908616,1.517555574329518,0.8977231440775414,1.0332850364077049,1.492815368478896,1.5026491828181339,1.3758166710726938,0.9885372686332239,0.6409339321456371,1.4719445757488439,1.2274815296147354,0.9746118569788667,0.9965259930115791,1.0323789591774843,1.0020040684912672,1.704994731772699,1.7445763054851189,1.5613789465599361,0.96233843602386,1.0485676205359105,0.9773407618874503,1.3474016003389522,1.1133960722940823,1.2997127298097504,0.9625934355525683,1.2234005737902294,1.270002261988475,1.1953736848338004,1.3693048462935529,0.9574978957616861,1.0,0.9305229270927752,1.2979133749014342,1.4142770356925711,1.2843568200238724,1.0864023238373326,1.0,0.9975305158002366,1.0375303812196257,1.1329459212005388,1.23190675470179,1.243415467339333,1.3570256847832713,1.0993518386847418,1.1340995756346017,1.0500192986351782,0.7087792328987623,0.807376241596343,0.9933526654609007,0.5206293602672872,0.7344512831177161,1.343866155046521,1.1446071746077435,1.1941556546507512,1.0285378320220784,0.8870476108361576,1.212961337294685,0.9597108505673894,1.175976954968973,1.0120942749731114,1.0,1.1237266282783551,1.0,1.0,1.0,0.9707237571959096,1.3816504995439554,1.368231691728454,1.3673820762541815,0.9984281819924828,0.9681883347996955,0.9458478961937888,0.7041695352971408,1.3523269818370558,1.3928305991963028,1.2945508061408557,1.3112487037006226,1.4824325115593555,1.0,1.0447063977043833,1.2227876004597147,1.1347352969967703,0.9537872429826755,1.320848014682075,1.4040468835439035,1.0915898410358957,1.1298972434577148,1.0741563416156579,1.0,0.7619814542076861,1.0004790120274265,1.418495833576173,1.5216583330646598,1.0484318464049251,1.4186436806128173,1.2911115737924959,1.592086155214913,1.3342888611563313,0.8745319619474652,0.6862399999133401,0.8027312964756532,1.0,1.4796236691804707,1.0,1.179600938171411,1.0740483209306027,1.4468337919821561,1.2000701091031767,1.0029284483229621,0.9910868195807336,0.8303797139084419,1.1246136974413332,0.9715477464461901,0.8351510714146886,0.9528145153249857
2021-05-28,1.4445174907334715,1.5858304316356402,1.0481362348986032,1.363118364455472,1.571156827270243,1.0755477410772079,1.2963812413286349,1.129181521817953,1.346051696383106,0.9296579248290933,1.3354816736817239,1.0135108151892434,1.1541673543967317,1.3909604876402921,0.9993217028111094,0.9999564235241989,1.390455628757723,0.9890470373234712,1.1598307164332198,0.9489078962314257,1.511969810455426,1.3242049385704795,1.3537690258183213,1.0774899252505783,1.001954720735572,1.0,1.1554741354375495,1.0,0.8573060507827776,1.148729298427889,0.8039683534391092,0.7260796083158086,1.244894088366201,0.9678913051918243,1.5009368076718101,1.236061950374598,1.3668502277966632,1.01068971854706,0.8265791941425218,1.0369425003506485,0.9654937532307647,1.0265766440063426,1.008368072922626,0.9808566410497417,1.0170746085162192,1.1122198204308775,1.296623316451914,1.3938224887184778,1.5089191680991032,0.9166304802521994,1.0336790693317932,1.5052222801479702,1.527033431325918,1.435526186483977,1.0392127312734394,0.6589052642547036,1.4722122284974009,1.1446367445463062,1.0582280529703614,1.0752287460699204,1.0357655883794814,1.0025737017496066,1.7047747804919815,1.7363430534399407,1.5595634707737767,0.933823328082628,1.041341105736252,0.9723760398999817,1.3722102503153266,0.9703628139738726,1.2273472176511018,0.9317684368580301,1.2242411502671748,1.2633910503742412,1.2227068978971163,1.3784456327393868,0.9526940862487574,1.0,0.9346050706556951,1.329626447207605,1.4204734988243322,1.2848443736242032,1.0812102034808508,1.0,0.990009779775708,1.0299579617887256,1.0838049634727498,1.2138565990558063,1.3290300639637171,1.3121527960815076,1.1287986005469248,1.110836834746005,1.0508513860657314,0.5789577647178736,0.7701011522899102,0.990962326424523,0.6233490561484791,0.7216935313184047,1.3050393840356636,1.1369591630325528,1.178497767199062,1.0125216301540232,0.8908129010231272,1.2132677963836758,0.946360180235022,1.174758502176536,1.0100558253415364,1.0,1.1397289373108683,1.0,1.0,1.0,0.9702965649779869,1.3816509776771584,1.39190186032947,1.394823737415424,0.9498406942852559,0.9371857531464824,0.92932816888112,0.7834757725616832,1.3523269817252825,1.3933167080864242,1.1902119962918822,1.311246644002376,1.4823194869873593,1.0,1.043278937655284,1.1862567765878615,1.109129754412438,0.929962100535285,1.3271272271167815,1.4063368082552645,1.0841434844838287,1.1595115759462078,1.077878198862259,1.0,0.7611131944606079,0.9949819941521306,1.425257910620354,1.4339747771977525,1.0238796559138277,1.3963634371624358,1.29142734805735,1.6167864607767959,1.3361061876668043,0.8399525231219367,0.6720858747249461,0.8027687139649975,1.0,1.5072670700063715,1.0,1.20442346044369,1.165400444958799,1.530560349877502,1.199965816930579,1.0028568599801084,0.969503115709871,0.667837882316968,1.1334271414866284,0.9700281172002571,0.819893320639648,0.950425251053336
2021-06-30,1.4430321522129037,1.5857693964641784,1.0512028057244134,1.3692145268416116,1.5702471407527838,1.0938638937203533,1.2962967910991952,1.1304932810988007,1.3451236826059145,0.8712330971946134,1.3352249089029942,1.0149046495218532,1.1433762425531855,1.3891742564937193,1.0026542886961383,1.0135823844838032,1.3816548870277747,0.9940992816605166,1.240139777136748,0.9438834153767217,1.513336690713313,1.3257213242461319,1.353710685640293,1.0773993358020888,0.9510809675595849,1.0,1.1550546286836725,1.0,0.8384651240412677,1.1323297436562927,0.8237517763711553,0.7114763260224939,1.2250317414314336,0.9671869361190791,1.5084019728102493,1.2354636914404509,1.365455097824838,1.0106643734434315,0.8539407464756814,1.0367093861135754,0.9672732668066366,1.0371461038036722,1.101229508481701,0.9980922145863403,1.0140459150996506,0.9724453277083587,1.2966214082455383,1.3836435539817975,1.506444540291801,0.9170392339935375,1.0404927463769735,1.5045804287822158,1.524863007791077,1.4660069055430491,1.0607942342636876,0.657738701541984,1.4721399052863227,1.1434719832289613,1.072835332606212,1.1304931448200752,1.0450296430152306,1.0031225660292806,1.7031090244778515,1.730458064501946,1.5599618716303028,0.937979525876792,1.0513443370460873,1.034423435631221,1.3623557462197653,0.9494250245592509,1.1603769204912389,0.9441473560837731,1.2241995130540833,1.2473415319876984,1.1571318343206582,1.3781905058002841,0.9160779233990434,1.0,0.8946716365390982,1.3580771071835676,1.4204524048187819,1.2849225870769554,1.108914304995765,1.0,0.9947412987309912,1.0411071366328843,1.1185209880409286,1.25207898494919,1.3175961645665624,1.3049178566875976,1.1302720401674644,1.1069617659084565,1.05112943831859,0.568039896770318,0.8040194340155616,1.0246504878271574,0.6617528011998564,0.7051895296637529,1.3354864098117076,1.06058847127775,1.1702334670619141,1.0070750111819768,0.9004101821909085,1.2132820606655563,0.9534021289554115,1.174649696788151,1.008704993899426,1.0,1.2400701530539084,1.0,1.0,1.0,0.9700412107767961,1.381651067669319,1.3931230216694381,1.385013375936466,0.9442611715144643,0.9307969763230133,0.9242015191366449,0.679780819327605,1.3523269798561521,1.3910027095649773,1.169078836293869,1.311238195644728,1.4821709091806667,1.0,1.0166044247240706,1.2172992979839312,1.1181371875639494,0.9269762161543271,1.3244812574493463,1.404771847163238,1.0853671862150276,1.1584240809020945,1.0770926025169456,1.0,0.759525184310551,0.9926717010656081,1.4228657652822418,1.394425482315899,1.1025046276180241,1.3416425057640722,1.291338155491305,1.6099114957176823,1.3362480422959053,0.8432206787695422,0.6745069421593781,0.8027367474754334,1.0,1.5092578141543578,1.0,1.1942192378239866,1.1572431237493426,1.532073129285707,1.2001496493900397,1.0033998411467902,0.9726638656297696,0.6862978098639412,1.1512466161622819,0.9700151158412322,0.8172260876253137,0.9501576697995902
2021-07-30,1.4441471494466527,1.5856998787481622,1.0360259576428434,1.3770656736637779,1.5701406951123515,1.110168331703154,1.2964222508686931,1.1296650542122617,1.3442527991407902,0.7829045085331944,1.333853874484967,1.0159999136489786,1.1125796714731178,1.3868137518744206,1.000410497760042,0.959527060309544,1.3045962397351392,1.0103907822030669,1.359677515750971,0.9164486826005707,1.4820965913085669,1.327341557755537,1.3536918008502026,1.0763096972579285,0.8479289627000849,1.0,1.1554153167040828,1.0,0.8438366087960139,1.1495252012443506,1.0270354771697536,0.7577721931377651,1.2419959323730656,0.9663722338934901,1.5118773319215655,1.2345136652898605,1.3621754036819276,1.0106891758266283,0.9378914001323346,1.038034178931815,1.0414701225592287,1.0263358635377724,1.043519108413067,0.970230421877852,1.0062510590796845,0.9733432560540769,1.2966176060247028,1.3820938593375196,1.4994605374414847,0.8761162064067276,1.0317810648452581,1.5051900073082611,1.5267940185789983,1.296553779199074,1.1026822693844383,0.6467821696736229,1.4721167876338954,1.2059682037953754,1.0598343090446594,1.0368892502197973,1.0481680727712437,1.0032257906710627,1.6955909927166832,1.7254129261190378,1.5563971530900504,0.9361306055098315,1.051540020553286,1.0020675617313184,1.3547863761219396,0.884826046410923,1.130779531953963,0.9595034110560354,1.2242894656876389,1.2785757912489886,1.1952737148103678,1.37663838980337,1.0170612863081159,1.0,0.8832623812760502,1.3457294445536951,1.4205253562354407,1.284110316457736,1.0875015977027753,1.0,0.987755479951006,1.0257753639045453,1.0698689217062807,1.2031206029876529,1.3134097918286929,1.1742588946591377,1.13739073650271,1.1343687498745978,1.0503880251414666,0.6115620332379899,0.8588503028609002,1.0273201017040674,0.6804294701542503,0.720164426385089,1.2943187987480835,0.9976491291975766,1.1718407078396629,1.0113895917825637,0.9406097044010839,1.2133142862992894,0.9603557500057666,1.1728159598337282,1.0101808492074784,1.0,1.258840645496528,1.0,1.0,1.0,0.9701474100185258,1.3816508143945057,1.393008917686574,1.3765622826403665,1.0102622488705886,0.9111498978671798,0.9099029252097943,0.4898614457434167,1.3523269795994974,1.3834357697883677,1.126405708221774,1.3112175799128556,1.4818866939431816,1.0,0.954907574325834,1.2225935204224314,1.1295657000496429,0.9301820854194871,1.32382470570152,1.4056870203064613,1.0875321924886325,1.1977145527088018,1.075224607509922,1.0,0.7636197988948714,1.0070188445191117,1.4207305366149834,1.2061979706678883,0.9707386025842352,1.2067921257149041,1.2914977847051117,1.60900427711998,1.3346628845379782,0.8820289916443249,0.6895356896034355,0.8030800079092191,1.0,1.5116589840916437,1.0,1.147358164369311,1.0961588713979014,1.5098547486540417,1.1968570131729854,1.0040473087665598,0.9482916285155876,0.846292982051979,1.1619087987286232,0.9726357759724757,0.8432168658086684,0.9557615562281174
2021-08-31,1.4397638037836487,1.5854686108884313,1.028409032163822,1.3768783648668474,1.5674912839781725,1.1102405779954458,1.2964462874090168,1.130691334450347,1.3412575233264885,0.7712281722416798,1.3290300718053245,1.0166929085473373,1.0524288771249066,1.3826121708507193,1.0010330289790297,0.9715575200674316,1.3070212350704302,1.0079619802054385,1.3466558044745591,0.9108879584456905,1.4587420164468803,1.3268768284108814,1.353654152314716,1.0753015808330608,0.8536869114179824,1.0,1.1563733315713483,1.0,0.843329041418756,1.1406641614080637,1.0491739350248614,0.7472089703450067,1.225527500997538,0.9663069100768552,1.505201454454368,1.234138264639677,1.363049760817458,1.0106802634407515,0.9371481546546111,1.0347954421193797,1.0804181286557313,1.0481269341438575,1.107425932674865,1.049243012029731,1.0163761402836047,0.9819995232735739,1.2966108076444962,1.3661986791612057,1.473179915619144,0.876863747231382,1.0471282550583256,1.4881304366451606,1.527085114231995,1.1673222817088489,1.1088060818232084,0.6304104056071291,1.4718745003430536,1.1388391628968764,1.0546007689746812,0.897727049343414,1.0463600087565996,1.0029625429813913,1.6961485118745108,1.7242980368565481,1.5556591456641953,0.9308891773555176,1.0487150573720658,0.965781495482907,1.352901580064115,0.8802399611458538,1.1030548695105542,0.9395401866687113,1.2232289579297555,1.2296690774355574,1.075108322499505,1.3615797771557983,0.9537825980819733,1.0,0.843924292928326,1.3559614656098782,1.4193006313297982,1.2851657912707966,1.089378090449962,1.0,0.9845198248269271,1.0262850048361687,1.083186788933225,1.210777090275465,1.260554005017812,1.1131171922158718,1.1867955975049942,1.1660982051435431,1.0509346939127298,0.6173641493754698,0.8107449550250007,1.0537221408668165,0.6351341578435574,0.720766576604926,1.329505883623767,1.039923588926378,1.17730027607616,1.009492770392604,0.9434082511400489,1.213312207699896,0.9786112852472459,1.1696736606454365,1.0108839580892277,1.0,1.2240322244984019,1.0,1.0,1.0,0.9701362734857384,1.381650718266703,1.3926780062302873,1.3537242736942887,0.9770657803661527,0.9020733768807928,0.9056860593261007,0.48293990248493657,1.3523269791998922,1.3765033606602866,1.135316210185925,1.3112078789606203,1.481675504045164,1.0,0.9690205852446865,1.2168085478230797,1.1199788480504211,0.9458199879777623,1.3216554814985262,1.3936888882700476,1.069850877840622,1.190094007499557,1.0770561205386096,1.0,0.7633945995143361,1.0070563752108392,1.409524236453671,1.2371418987796752,0.9768588416140237,1.1337683082048402,1.2914349751688943,1.594243724446347,1.332089895802738,0.8834811081277918,0.6931500328401043,0.803059812027171,1.0,1.509570363140954,1.0,1.1415990133093166,1.0988979202465226,1.513837622403808,1.1960390129367193,1.0048777082542832,0.9617921906542061,0.8249876079778966,1.2085573229169164,0.9725942466501377,0.8395016230331696,0.9548721478652459
2021-09-30,1.4410393549500131,1.5855551033980415,1.0397864462574182,1.3844565691469686,1.5623894161732639,1.106945055053302,1.2965318943884647,1.1490263272158419,1.3429177285196334,0.7403388388497307,1.3312944731281646,1.0083097313735794,1.0711950021154757,1.3844170208851232,1.0001217972998848,0.9555916826366135,1.2981837644370142,1.0078394809802345,1.3014560436757747,0.88971253058742,1.4162081400355921,1.325609366096108,1.3537724071612824,1.0748108385151616,0.850427384139829,1.0,1.1556986597498982,1.0,0.8383050809242929,1.1630489420022834,1.0745046748882554,0.7301216701992399,1.2403118321195665,0.9656410856462626,1.5044362581168984,1.2349864473198247,1.366431685331709,1.010704209725054,1.1231637729661053,1.0366690729502837,1.1125831378841653,1.0461361117198258,1.144759321412848,1.035318005287341,1.0007346162785706,1.052206650716477,1.2966042426720104,1.3667140430401603,1.4674809605388675,0.8834919796652285,1.0395759083742906,1.4876108832560855,1.5242260492436,1.0521388249248014,1.079316267936765,0.625571365463949,1.471066558112788,1.1152617213864282,1.0502654324405836,0.9802056095648374,1.045156355736286,1.0028484747402724,1.6867016412132578,1.6978615408481188,1.5470960358872765,0.9262108880108069,1.0478534694301584,0.9294509240214801,1.3658805130947722,0.89048878591484,1.0249208587846135,0.922800727291653,1.2233481814565301,1.2180890716349928,0.966246660026402,1.3630875495191064,1.056610978799865,1.0,0.827870725295513,1.3551739887487055,1.4192789006309283,1.2849479641448105,1.0879236288925656,1.0,0.9773403753577822,1.0227571459715126,1.0786327803220832,1.1743529701621471,1.290726098052216,1.1703550141286976,1.1674609430261647,1.1595778458481711,1.0509400327631369,0.656216246523586,0.7249177231424958,1.0605952748204703,0.6878539557899142,0.6961900407495061,1.3225747788181876,1.0549595957623132,1.1732919958977246,0.9967356573867083,0.947208938437851,1.2133127617634263,0.9757681630374038,1.1668205600038946,1.0111250004129941,1.0,1.3088276636034037,1.0,1.0,1.0,0.9700336588041738,1.3816510743394483,1.3932259708973904,1.3701492862989633,0.9483454852735377,0.9122185684145631,0.9186456730786391,0.49013667146293993,1.352326978084791,1.3870467755943934,1.1268394694781982,1.3111690750187575,1.479826384299292,1.0,0.960247420978252,1.177923957667113,1.1155466301962986,0.9421627631086585,1.3273109154623182,1.3831430532368896,1.0746944204279223,1.187504948566201,1.0724469669107892,1.0,0.7634763682400678,0.9963211289669419,1.4153374196091109,1.186457564041976,0.9531906020450506,1.0976496816309484,1.2915733366688062,1.6027648323043473,1.334532788968535,0.8588136608562079,0.6839826317848593,0.8028619312453646,1.0,1.5105288682504425,1.0,1.2013957642872068,1.1841202553343886,1.5303640837014916,1.1847737934304754,1.0037445793294686,0.9524066923255593,0.7464926597265935,1.2019249659298668,0.9712437849245329,0.8314015414537463,0.953275920687916
2021-10-29,1.4389749540015107,1.5855818852287111,1.0351737711725342,1.3815985274818914,1.5598511480382902,1.1097505341723024,1.2965289922560148,1.1502282396533015,1.3417458509013405,0.7375801616655316,1.3312590719469457,1.004751285139005,1.0701000104290113,1.3821749510518937,1.0005988739292226,0.9628415201584984,1.2370647140570394,1.0113172346857646,1.2900409334472518,0.8884801424348803,1.424657684167582,1.3254280255169544,1.3537725094726871,1.071891982488971,0.8495880676608006,1.0,1.1549211201864207,1.0,0.8444438271253768,1.1624419194946405,1.0877806092351903,0.7425303356350939,1.2377307423754524,0.9652677058431834,1.4999992415430983,1.2332863660233164,1.3649238163017794,1.01070091996611,1.1496654779506896,1.035519847250185,1.127808381173685,1.057252097593025,1.016868025126628,1.0244552752153444,0.9814502393845232,0.9931571616799363,1.2966048236306114,1.35926618580485,1.4716355211251084,0.8811534485138957,1.038228631796487,1.477047485947097,1.5209581926649864,0.9224963671520768,1.0695435083615281,0.6444398719250047,1.4705250912015517,1.1763178380902228,1.0170780071705279,0.9848395631495935,1.0436657618001013,1.0022945402876011,1.6864068495972926,1.7023450297262277,1.5489341333774553,0.9320586558338403,1.0539125093437856,0.9205585939051405,1.3557782787348218,0.8939676950602679,1.0072762015289562,0.9216360216957774,1.2227798710726598,1.2054897371222193,0.8876728139821767,1.355918231266898,1.0488887623654388,1.0,0.7961167245469448,1.3625830497741147,1.4180376048175465,1.2848403350398399,1.0974522976217023,1.0,0.9788293422203441,1.0240751257069383,1.0877296423513427,1.156716498937185,1.2918039694530588,1.1925517578443534,1.188384383083647,1.1171659686096675,1.0509115788670105,0.6810132708931933,0.676532287080231,1.0639957614905575,0.6501750777863267,0.6928971414238638,1.320220934753268,1.0097261192366598,1.174196442923039,0.9931650566692157,0.9440384738808092,1.2133100127186665,0.9707607818130193,1.1611165327588822,1.0101649734267544,1.0,1.2743717576212887,1.0,1.0,1.0,0.9700171246103176,1.381651082120278,1.3932015323360156,1.36746029538129,0.9731424031104462,0.9187657454807953,0.9243692151545004,0.46360456620189117,1.3523269802171036,1.3822666357348836,1.0726054285850033,1.3111423818224073,1.4774883998806554,1.0,0.9504652584825842,1.1654640015773605,1.1205213523607453,0.9557276307849869,1.3274832603162303,1.378009443595755,1.0791038262299013,1.1666680315392843,1.0600055962349324,1.0,0.7638929797707972,0.9985795680689197,1.4125192962849447,1.1771321174851879,0.866767784690796,1.0652366269910984,1.291582849072284,1.6042246798463073,1.3345424655342737,0.863026452456707,0.6796999885938788,0.8028396346898667,1.0,1.5099169518833535,1.0,1.1957766516179964,1.1832764287964872,1.5266138028980598,1.1966301526377054,1.0038114084649832,0.9319584752300507,0.7439529976336563,1.2354500594502373,0.9705649079999538,0.8294433492721717,0.9543420332866175
2021-11-30,1.4124166602332937,1.5844684234130741,1.0191694183365105,1.3253729799394414,1.533403961064152,1.108224855489867,1.2962012199591784,1.1295304775438728,1.3279801342102262,0.8401603575503304,1.3134917721576613,1.0369134129295954,1.0487926976312292,1.368112456703185,1.0046075545355293,1.0070614583623356,1.233024015242958,1.0194574211401788,1.3456834385721588,0.8829841793627935,1.4892050179439402,1.3242903904257448,1.3532112770175806,1.0549748648619064,0.8519329909183565,1.0,1.1503590523687282,1.0,0.8360392809288837,1.1428946425226012,1.3056795467189999,0.7121131076661735,1.1508432408181144,0.9747251321209036,1.5098161965345656,1.2228718474178424,1.357348906995226,1.0105305610249091,1.064264354933536,1.0276774155337045,1.1327768097486426,1.0645327467868781,0.9580770860474026,0.9610334127572758,0.9889431475830532,0.9999761220788594,1.2965680591673756,1.3099920098388962,1.4968094082087235,0.8759370459851742,1.0883970721324119,1.4347707692931677,1.5013627198345607,0.8573463926059537,1.2035844984471467,0.6389740567005622,1.4674265542750269,1.2280802284219,1.0047519185241722,0.9118008479237686,1.0408698154354639,1.0030630275756127,1.6893648685847666,1.7146589706427529,1.551032132150222,0.9709120453110767,1.0815340598164596,0.9985347403387864,1.3094154405147118,0.9304160972050266,0.9898663737555395,1.0120346348759124,1.2169956107372732,1.164443094820116,0.9326772060368422,1.3076256456786708,0.9705748648955501,1.0,0.7777455039566656,1.4240518632435124,1.4045339682637774,1.283870025351747,1.1671252958920537,1.0,0.9979156679966119,1.0405544532039208,1.1006008179876496,1.2171221039941098,1.1411617848804474,1.1021559925513316,1.2236017503029089,1.1307877231677683,1.0510833036550853,0.7452587219900494,0.7698336317252041,1.1185017148984213,0.7289378088527618,0.6865615961849107,1.3567502996752332,0.9577570201094784,1.1767508938014255,1.0223028601855353,0.9665275741524755,1.2132661778843208,1.073135459197657,1.1621741155875231,1.0092133448134073,1.0,1.1149340315405445,1.0,1.0,1.0,0.9700989234547878,1.3816501478314385,1.3903951324373458,1.3117042876397897,0.9384606208324529,0.9369627533600887,0.9414754851609921,0.40997422933416605,1.3523269779191487,1.3267179961473992,1.0593598069600085,1.3112206450122228,1.4805915963728826,1.0,0.9727469781279179,1.3107327818618524,1.1437540423147163,0.9991226208072587,1.3140044935424284,1.3216541376770485,1.0476749557820733,1.192417934642859,1.0741143140030442,1.0,0.786560390135252,1.022816615979759,1.3842904887268344,1.110525568766369,0.8332528644758926,0.9970805628479323,1.2905288021730772,1.6048363308604385,1.3246236559196873,0.9830834612701624,0.7491100617288318,0.8043132189294182,1.0,1.496565297244481,1.0,1.159550441536819,1.132963511451416,1.4244467701463746,1.198341037145006,1.0145083250363804,0.9316041768438761,1.0164313257628401,1.2510459490324282,0.9774084061675204,0.8665366940452471,0.9756470061731171
2021-12-31,1.3725511797766747,1.580079322232966,1.0058220573505454,1.3031315266650396,1.5339991055839195,1.108887359828373,1.2954840922347746,1.090709341281403,1.3142247351325818,0.7936312387037602,1.2777219094573513,1.04929771825783,1.0070064374857732,1.3026909012240249,1.0072976806972285,0.9741591519108194,1.1771656849975969,1.026043867986366,1.319349943758088,0.8799493604143439,1.4581882230429368,1.3251707899056144,1.3529382223879145,1.0506152647769627,0.7511912797416668,1.0,1.153302249198181,1.0,0.8346137542486896,1.0616047072016066,1.4438429754341457,0.6938742325264108,1.0805798442623313,0.9830039960441797,1.5039958425785032,1.2021568047485465,1.3328577316096268,1.0104776562837523,0.9318404327589221,1.0204334969736222,1.123085213444988,1.0588598075715203,0.9399786230393977,0.8863657075473019,0.9969932030649027,0.9783387693579805,1.2965021920400055,1.1477587573545038,1.5050605738684073,0.8823768935125345,1.1078172997514057,1.3466662346656233,1.4147063356942888,0.8825736741461568,1.4061872441335423,0.6623113678253134,1.4653815781867403,1.2443633985050166,0.9994860855962886,0.755669525072618,1.039885199444796,1.003868176666345,1.696995115245446,1.7206631698464117,1.5566956007519852,0.9901538995103621,1.0956895499576866,1.0866394619781787,1.2683703182466646,0.9261151401167155,0.9649202092840515,1.0187609778651736,1.2067944767151042,1.1206468177831652,0.6396489094108369,1.2523243681760503,0.9266433138597755,1.0,0.7427735758651033,1.385904079710661,1.386160952554109,1.286186501031204,1.1893030297236429,1.0,1.0021568028231431,1.0468274810676228,1.0891605078774735,1.2224115369074728,1.144417217179114,1.021259867801687,1.2218406495435188,1.1750208770375965,1.0511363861972252,0.7703717622368899,0.7641297517623951,1.0099769413709891,0.7278543579288818,0.680244299967768,1.369036560393067,0.7851789426509919,1.1894628754905638,1.0272742565463322,0.9970149831836683,1.2132272971890818,1.1189545896163802,1.1497673505159913,1.007973764711409,1.0,0.9870559038464676,1.0,1.0,1.0,0.9702358476465456,1.3816507271185172,1.390685730730174,1.2302028183721654,0.9265143641649165,0.913953723255919,0.9254639722248047,0.3563968505856274,1.3523268586989026,1.2561761199546984,0.9768675473171897,1.311223557913853,1.4813343418787346,1.0,1.0733248669368594,1.3807936517777668,1.1423277367367701,1.0381146601872695,1.3047286400283815,1.2349346963647838,1.040268200821443,1.205623990991008,1.0790405158501961,1.0,0.7837791146472726,1.0374998803615048,1.252147206686979,1.0697044157864408,0.7738546874337945,0.9997491581938535,1.2769857008596033,1.582197000770099,1.3079097278909737,1.0319953591267572,0.8238598181313412,0.8065839486004132,1.0,1.4856604960416024,1.0,1.117350688631518,1.090692420571449,1.33793655183863,1.199766248997746,1.0198380548739432,0.9213699985534399,1.0876345557601523,1.2958461752195944,0.9831010520283495,0.8895378777149733,0.9928009378482401
2022-01-31,1.3273630525920932,1.4487072192947181,1.0072487465581468,1.353953743325122,1.3874658935283986,1.1102956619472542,1.2933958609102818,1.0800160610085858,1.240762556626021,0.8861014197006504,1.2528827476800162,1.0474802029503396,0.9830517430226795,1.3035665658078162,1.0093269407293297,0.940966096737685,1.11871994682399,1.0256131375429571,1.3419065406368387,0.8797216203562204,1.5031394151123987,1.2835842047827808,1.350434858543237,1.0435589184435234,0.7195093130040291,1.0,1.1467205137550807,1.0,0.8316665847688715,1.1513105702043736,1.4898020307140194,0.7182336723059798,1.1133640990720415,0.9825275235537835,1.3952003055552527,1.2103942432917165,1.3175536030835533,1.010212707834736,1.190511282817,1.0049926725222502,1.1938127623092398,1.0681244193381356,0.8991526043818041,0.8486328769631369,1.0131956627780938,1.0256142907932448,1.2950341332242088,1.0891945342025064,1.4902691304761535,0.88291620769324,1.0880924072820088,1.2438566116867489,1.439811223728043,0.9853106795081514,1.4468661299158616,0.6606242234355282,1.4279746752734574,1.2219026316905937,1.0313212126685853,0.833338730586997,1.0261832507295057,1.0033071210414721,1.6927590658961287,1.6838458164969237,1.5302108905340917,0.9923897885869082,1.1035887633415742,1.1572080184923814,1.2018810445879218,0.929804219736814,0.9581765887594477,0.979022501457009,1.1987532845186717,1.139157581712988,0.6834665398803164,1.1450591484977917,0.9608659676481695,1.0,0.7318961491130325,1.3292435342899782,1.3583781379580604,1.2840083117576366,1.1964849430473032,1.0,1.0021361189816187,1.0368072902615524,1.061183800177182,1.1144453041894478,1.100005419739929,0.8700689345413107,1.2047029582844566,1.1606345506773557,1.0488386441112232,0.8106429660254445,0.9335989628818836,0.9670601927762053,1.0417207570273863,0.6950785070149058,1.3578833204848113,0.9542279112070704,1.1914075263054926,1.0071622668315927,1.042620334745811,1.2085097268728056,1.1218695137331292,1.0784338006825498,1.0080049196036118,1.0,1.085079486716564,1.0,1.0,1.0,0.9705524648035894,1.3816148825314052,1.3825719942808596,1.1769556870668176,0.9440415989071708,0.8892958992861437,0.9066784790870835,0.5948120026893546,1.3523264725557578,1.1333214428021603,0.8431470120538851,1.31040891116804,1.4641145301490828,1.0,0.9760676916279133,1.2745964250362007,1.148853895396046,1.030059572317425,1.2589993825752888,1.1755580061919844,0.9898744712969053,1.2131411261177814,1.0723468850636855,1.0,0.7697823335049225,1.0799532687678541,1.1432210275813595,0.9794595283237758,0.7749948882259737,0.9582710621355146,1.2058971080686767,1.515825311284766,1.266204327926103,1.0671089832362048,0.8827964466148919,0.8153825553905845,1.0,1.4449835043802615,1.0,1.096793804182685,1.0358830207187337,1.1714501083217348,1.1965818172993716,1.0230521049782624,0.9570777858938253,1.1191064958153225,1.3133516148602404,0.9947865041530823,0.9454236120553812,1.0186893647753825
2022-02-28,1.3138185638643396,1.419084646582871,1.004848344283627,1.3249862720040668,1.354705105262029,1.1067500808993538,1.2945155539280828,1.073550099413119,1.2357843815682106,0.9039442340877876,1.236740397208453,1.049041099154977,0.9015429330078958,1.2776161504160712,1.0086041792256604,0.9264905841882626,1.1083623845362238,1.0228541023171376,1.2391911463401217,0.880350349573233,1.5008817335730855,1.2399281930451294,1.350484887903007,1.0497633469419658,0.7404241344528195,1.0,1.142430490770153,1.0,0.8317795938013919,1.1582995323608398,1.4683812041674458,0.6906522907535195,1.061018297338348,0.9842699126591002,1.2649701670290876,1.217257160022119,1.3417907474103532,1.0102913764293608,1.1981703592681778,1.0114880230840373,1.1994337653175708,1.0721683441205345,0.8841159499432473,0.7948512524971588,1.013516061444848,1.0336423279190994,1.294979558680176,1.051979427574307,1.506112315056713,0.8770080754616401,1.109290772251452,1.2216088419298443,1.411055613598805,0.9746712210566231,1.4343590436125973,0.7628572427578122,1.4180318515245425,1.1705897008412285,1.066443899844551,0.8185342356598783,1.0060986012494333,1.001816763203496,1.693686274625,1.6960289241341222,1.5341963758812396,0.995100929180832,1.103713861917429,1.1629176970573034,1.188311053366676,0.9050476711410268,0.9619516254402372,1.0465118431513796,1.1972146271706785,1.1260031019410288,0.6404220080319212,1.1163964571372125,0.9255895590701848,1.0,0.728753255633539,1.3306092014148458,1.34812069739197,1.284918772779104,1.1936701956033149,1.0,1.0205325388697442,1.042122400936599,1.05501128482764,1.08553373697027,1.1225261658355634,0.9190980130402513,1.2054510957242814,1.1456188439235684,1.0496117400543479,0.8529539893284563,0.8467505194730127,1.0058577816986956,1.0456698959143544,0.7962873272723936,1.3602757358542483,0.9192334939022693,1.1907977444823057,1.0120371611446686,1.0369251029170772,1.2055069809758572,1.1363422902241527,1.0751773882602442,1.0055447650888132,1.0,1.1514893146304876,1.0,1.0,1.0,0.9704662270389088,1.381616306154634,1.3833612391050312,1.1748942389338348,0.9097002261394456,0.9136276188992307,0.9279854989042211,0.5737180828305757,1.3523249338051946,1.1273707902692371,0.8190320782688851,1.310342306765237,1.4474037984084969,1.0,0.9640973610418283,1.3089038893189957,1.1450302555889162,1.0840795634707905,1.2447131960123832,1.1680574384597044,0.9593717542854048,1.20309957452819,1.0629857973255372,1.0,0.7818184832995569,1.0771940099194608,1.122620857519642,1.0268220130203454,0.7557916830701297,0.9699496619528624,1.2389579209500479,1.3352419781980212,1.2646841341952841,1.0809681995972196,0.8728178288987448,0.81140074872155,1.0,1.3887148984449518,1.0,1.1427100811886368,1.116396455937878,1.3105625386176292,1.1066281249475596,1.023466517431174,0.9463612158495665,1.1345417934672146,1.3135474692835742,0.9960875725189668,0.9569710412660036,1.0218421432895362
2022-03-31,1.2038174837443338,1.4626974498632677,1.0122827835021386,1.3203825793735944,1.2243936607000874,1.101996966483523,1.295754962197595,1.082288232383677,1.2140291581403089,0.8981837085488311,1.1668511614477606,1.0284113007673479,0.7127239288510552,1.0734840248496527,1.0074639589899197,0.81989684403232,1.1254183403547113,0.9955122828237355,1.0884085290685392,0.8802668552610495,1.408583724641689,1.2066191916773887,1.3512420289362987,1.0557403378097172,0.7673556117922217,1.0,1.0991962091487446,1.0,0.8306124550205709,1.1577821173817042,1.3787986300443216,0.651991245298875,1.0152164737484153,0.9810176115209566,1.1650826894691801,1.206814355150893,1.2785745681446865,1.0103330442110483,1.1370901027510536,1.004269378780091,1.0551855117498747,1.0721456632858697,1.0,0.7716809385083009,1.0046346188167972,1.0315050624673794,1.2864487343910098,0.8377678977464862,1.2977116926320136,0.8764655251646676,1.099757162351601,1.1034266820804521,1.0385708924257882,0.9194449972595975,1.357333237419477,1.0044972029256964,1.3756553913602172,1.0587064691899033,1.0646618465509512,0.8709335293951528,0.9519625451914807,1.0008332884318325,1.6847760980966848,1.638067721739049,1.51204371486171,0.9802158240082335,1.0993538277660049,1.1047522412460227,1.1947252472702874,0.8915978940616326,0.9401894020501843,1.023565375110043,1.162891039218086,0.9986351387453584,0.568795116317058,0.9918400445369021,0.9745735046534537,1.0,0.7009121703800751,1.2942184568310502,1.2416300848694126,1.2835802309227446,1.174226252308463,1.0,1.0171146539532938,1.0448669625388034,1.037133165560091,1.0768620762423857,1.0657921214346688,0.9460258079673719,1.1611612080588773,0.9570937831041968,1.049429350897466,0.8459169485654325,0.8197409735905985,0.9740489405547791,1.0470433800727748,0.7443745729905061,1.3047268479640592,0.8956641763967692,1.1767145199458648,0.9926591233215672,0.9841712993176992,1.2010018570713046,1.1195564001432594,1.0462809188665008,1.0027088428049176,1.0,1.1527147217561364,1.0,1.0,1.0,0.9704107109094487,1.381604340895428,1.3847976829516577,1.110986283535277,0.8725222917153369,0.8775486325976274,0.9007711918043411,0.6810950118774288,1.3523248425189096,0.9627179202762287,0.6065865725242092,1.3086825898774443,1.4407732943407572,1.0,0.9682206085797315,1.1464224713314632,1.0108302874092323,1.1061632207326548,1.2540473696894765,1.10278668328034,0.9096775944314486,1.1679778560942529,1.023049516038383,1.0,0.7634713778262054,1.0578893908896785,1.0787032599766835,0.9739951735215463,0.7581598443070934,0.9488017071128511,1.2492076565064156,0.8336948581135538,1.2175954135094798,1.0213170239249416,0.7669790743540381,0.8076305925036233,1.0,1.0721998433126176,1.0,1.1456933748491804,1.1333408012310868,1.3264191410626793,1.165327864069533,1.022130706684049,0.9395688167052411,1.08286095483564,1.3038044770673345,0.9865829296607954,0.9150960301300455,1.009298063819724
2022-04-29,1.2058376214286584,1.4702980299322292,0.9935454833273368,1.302999030394514,1.2395028770377479,0.9380873219514232,1.2953534321006424,1.0557604342870852,1.226655637072931,0.8602588797142472,1.0854314977605557,1.0029903733943808,0.6226122624060209,0.9917032494727444,1.0058220348785176,0.6891915118364758,1.1164589479055151,0.994406093976833,0.9312880585506897,0.8805487443568927,1.2676129630236364,1.2058517441368757,1.3502511728143611,1.0617952807478064,0.6872244767648139,1.0,0.9372967739724588,1.0,0.8079961364807514,1.1497152335234966,1.418417557017872,0.6599469983433794,0.965835093369158,0.9751056806659534,1.062949043996905,1.2120784206672885,1.295674453506806,1.0102923544849862,0.8941428325610893,1.0124796565061316,0.9218461876170359,1.0700660727399978,0.8649899819270989,0.7195271152982776,0.8676744960869947,1.006646913051045,1.2856323113048704,0.6854218033413333,1.0751389740863246,0.8765280343224675,1.069290608354554,0.9845040274261315,1.0398901648719288,0.9433895364800214,1.3158067000307891,1.0526712611116018,1.3949647822360933,1.062005199988317,1.077912752799576,0.6553616452794628,0.8165790962493527,0.997148056472161,1.0524007883580146,0.7992401145807636,1.2106727588793291,0.9742106075203589,1.0869821396863188,1.1359511958489872,1.200177554669424,0.8533835196403252,0.7050653254840331,1.0183529581461188,1.1388142950586393,0.920093348414442,0.5609436084669652,0.9658127404187047,1.09423287688717,1.0,0.7004008104039992,1.2438457648273615,1.2520255587392857,1.2835437066420212,1.1548985754866978,1.0,0.9939974881868929,1.0178022812170284,1.0081598923949004,1.0131877138468957,1.0570782038110926,0.7970723014070918,1.1468370228479685,0.6976433818079564,1.0508279823901243,0.4786385265099433,0.8053294817586659,0.9169091269511311,0.984730620595255,0.6974222755208006,1.1524553369235493,0.5475194541012403,1.1881702192571608,0.9844747305038457,1.0334766880512847,1.2070029512331903,1.0518812222565117,1.0486561790038909,1.0041795494662125,1.0,1.086140196924316,1.0,1.0,1.0,0.9701962056429425,1.3816138220688758,1.0153974923379259,1.0051129928270486,0.8096523042477349,0.8538359975571377,0.882299765484925,0.6237601432279236,1.352325110340639,0.9150156842413445,0.6387240455452605,1.3096513348465058,1.4590609769931295,1.0,0.8895929908659047,0.9835949862789658,1.018381789989041,1.0917809911765175,1.2503369174542422,1.1069579942281709,0.8262167536325039,1.1411605979400166,0.9411745187451332,1.0,0.7600618219042147,1.011385451448521,1.0694727226620837,0.929586906382791,0.769370124280926,0.9075663332863261,1.2531953776194196,0.8712033454594443,1.1853390202106702,0.9615264845698183,0.7060107188645461,0.8106781850217124,1.0,1.0118360795572772,1.0,0.9876571152599043,1.0901605447009235,1.383886159296202,0.9828374751315921,1.0198270274922605,0.9402279838640757,0.9697140999053027,1.2985582607630197,0.9769257535330027,0.861681977689524,0.982032896005222
2022-05-31,1.163799961781527,1.266216280699108,0.9853328483454983,1.2832511195544885,1.1822201985565128,0.9309730425282459,1.295186183209184,1.029214224072776,1.1729648088153877,0.8495720852897309,1.0686366615044858,1.011069599343117,0.5796902051668594,0.9889702505996295,1.0062307273703848,0.6481956641801807,1.0834498993627018,0.9886299159239369,0.906573806586355,0.8807325649711149,1.2202536949218505,1.2451901944005042,1.3463898216629706,1.0634207287621742,0.6871277855759893,1.0,0.9583214854366582,1.0,0.808265815494488,1.1010013664007778,1.466934184596899,0.681581710566475,0.9588551029247836,0.9785990089979254,0.8409436109212622,1.1788971081088853,1.2824622798166672,1.0100251205034951,1.0831261025597125,1.005063481813467,0.9449768817965054,1.0713177280203057,0.8644835260089107,0.7192678212839967,0.8700659045488872,0.9729779817847664,1.2814494666643605,0.6659593442087841,1.1362216153095415,0.8822555614822534,1.0667094594164337,0.91731014845743,1.0261352140717526,0.9300095134748723,1.3223076809383916,0.9603834378713795,1.3719076712093603,1.0542826197273079,1.045325823919465,0.6244438886638032,0.818583150741671,0.9969819067159212,1.0216848365037963,0.777931833090141,1.1831872001480257,0.9853289414278045,1.090488064443422,1.1621454202941357,1.166491893329991,0.8517938246814581,0.8367266085147776,1.0337708961179028,1.1306279027965307,0.9445907558538188,0.5680644700493205,0.9407262254037381,1.0593224780822956,1.0,0.700259059401724,1.2132944044802163,1.2101269217585078,1.282295007257719,1.1646571717040088,1.0,0.9985599123901927,1.0239041706296765,1.0209892037984936,1.0134206722898247,1.0081563927975044,0.7536575863559873,1.1667864479284609,0.8086206971616751,1.0508888941972796,0.47868781747112976,0.8556469574984991,0.9092371270670795,0.9532794418273397,0.7315007310351087,1.1693163647973555,0.5589284844015026,1.1684543378326426,0.9853040481276487,1.0697234090001202,1.20180356136959,1.0643680452851307,1.0033679069830028,1.0035211330739857,1.0,1.1120900721369549,1.0,1.0,1.0,0.9704421569425011,1.3815831251012691,0.7724212895916684,0.9653416765214182,0.8385482123833617,0.846660159307574,0.8738474079810353,0.6573646229836425,1.3523249947726366,0.8898915364491871,0.6141627341498185,1.3099011375152623,1.4720371060518462,1.0,0.9031565252422055,0.9914455053062929,1.0231590834211326,1.1059572003647555,1.1955512994124862,1.101116948889032,0.8262885441384314,1.1670517827848153,0.9564248546403411,1.0,0.7600501394167017,1.022559610780121,1.0254837180948952,0.8001980874331012,0.7192620186229401,0.881696554418655,1.2000362200867234,0.857055392882727,1.1496976686496052,0.9882822780636447,0.7284219927169902,0.8154503277026045,1.0,0.9218215294761414,1.0,0.988178197074417,1.0328676945175514,1.234317203447334,0.8714336013219903,1.0223572539729975,0.9651325933921167,1.0323311297192534,1.3075418790288555,0.9813943605594683,0.8817828015175275,0.9928866092743893
2022-06-30,1.169102728103589,1.0544769715134819,0.980149601113116,1.2770946626819546,1.1750589475917264,0.9286818621404228,1.2951444192791315,1.0247910261539834,1.1708751316435675,0.8557270484379976,1.0439829952654625,1.0233544095865963,0.5586911692656387,0.9657222295183384,1.00672185072723,0.6576432109824925,0.9832574682058662,0.9972224667932097,0.8950624537001116,0.8807912880375721,1.2267824407737304,1.2479260315730094,1.3429180980118332,1.0616262635318787,0.6871205747824196,1.0,0.9665567964017485,1.0,0.8082336522810386,1.112590515001704,1.496143318936359,0.6911407687290021,0.985038785247347,0.9819260276908134,0.6533794642043376,1.1818119472091417,1.3007050436885133,1.0097137362894086,1.0989867929004558,0.9989311558957932,0.9635153945156039,1.070701219340573,0.8490899613804367,0.7192985530617289,0.8706648589524215,1.016106706054453,1.2798218801612538,0.6930988754303893,1.1449593598655399,0.9221169685457618,1.0692697046044937,0.9250620914291505,1.0661411295495622,0.9262605769468996,1.3428294938712528,1.1125714532519575,1.371434494041816,1.021917428212143,1.0321734095563782,0.6139240762138714,0.8190153295638776,0.9972565878377352,1.0090443960140634,0.7693852262605232,1.1500075518315653,0.9925561257881127,1.0906590589523295,1.17804518885222,1.1218421069444253,0.8558409500137117,0.8589812089403397,1.034832598183567,1.1353893627945015,0.9851531974068074,0.5869462550437872,0.9293920827727196,1.0325956918411254,1.0,0.7002067752692879,1.1965663064378453,1.2138173133247032,1.2791576340723065,1.1754351858835717,1.0,0.9968469264472025,1.01709244469116,1.0148712407114429,0.9950641910589997,1.0152030352152581,0.7303988945356655,1.1764584794920796,0.9289278568957593,1.0506552244872407,0.47921448879280826,0.8543235775248517,0.908945365953614,0.9486995253456091,0.7655699520504788,1.1471787443417976,0.6695604561913,1.1413005107479095,0.9932258957735142,1.0745160586827622,1.200594067931948,1.0609118442836365,1.008592361431948,1.002772252224842,1.0,0.9910011789794863,1.0,1.0,1.0,0.9708217255808321,1.3815685856242799,0.6988694938132582,0.9343162009771042,0.8310338656250772,0.861157133562538,0.891165453134524,0.7825175807559881,1.3523240398915801,0.8879893744732599,0.5548163027512674,1.3098678507326307,1.473552085286983,1.0,0.9156000999127161,0.9680135393803888,1.0149720879670048,1.1059369837423665,1.1478849996520806,1.1026651386186956,0.8266064937380924,1.191467254160815,0.9847218778425975,1.0,0.7594606411891714,1.04104087563817,0.9890885794053946,0.580389239549798,0.7222059564712036,0.8870893696407025,1.098621287974271,0.9121071171708065,1.1310253073425471,1.0130491964164905,0.7772197349928889,0.8358108432736283,1.0,0.9050725307557499,1.0,0.9919784198343684,1.0299287479305137,1.2098105733742703,0.8117923012208439,1.022709510168639,0.9695934376536247,1.0739201787866346,1.3062010898574212,0.9862799374982535,0.9064822533095681,1.0052778984292774
2022-07-29,1.1661444037415232,1.1172540595598834,0.9786175542273893,1.2446508349704046,1.1753522525083115,0.898753940246629,1.2942543483494746,1.0323194339086659,1.1696037929190337,0.8446532111855345,1.0796189687227347,1.0117684085927838,0.5553420632386081,1.027750321975182,1.0070006966851484,0.6093360831930652,0.5955627051773462,0.9846126891358743,0.7736859453621481,0.88074921514668,1.2263523311830362,1.2592566243198615,1.343513208573629,1.0603193849573034,0.6871134487078967,1.0,0.9474710988307941,1.0,0.8077714253510573,1.0900441103919214,1.4023697614576713,0.6992977858854217,1.04412997948569,0.986198425076267,0.6442033535930016,1.1794556517077508,1.3080412191998498,1.009523350464818,1.0249571591357534,1.0083310521524371,0.9399014798602128,1.0715580382493017,0.8591904302842065,0.7232688412035457,0.8715762868782468,0.9684386879188066,1.2804457101465643,0.7174516528443389,1.1746307236026865,0.879491569968645,1.0696464384109559,0.9065708527216599,1.072310584616121,0.9525639985312674,1.3338276586043323,1.0668212906037562,1.3616123677241414,0.9319493160949128,1.040116788618107,0.6170247512461264,0.8180208146681923,0.9971450208638896,1.0234008682429694,0.7724146885819607,1.1270284692006898,0.9811109895491593,1.080421167266582,1.201272975708588,1.140759741209238,0.8454652209220969,0.8702583197293422,1.0244212213207164,1.136439297214079,0.9302242948674189,0.5819357298321308,0.935419279384919,0.8568743653446825,1.0,0.7004220061377291,1.220610453409816,1.2153852464765602,1.28224327584475,1.1457727002020066,1.0,0.9951211684280619,1.0128855905403942,1.0098804674341366,0.9983078210492784,1.0200940979265027,0.6753608225069228,1.1731365707811212,0.8397690612996123,1.0508687380419317,0.4814275692201714,0.7877555674159125,0.8862774621495356,0.9331807982484951,0.7291218463340199,1.14438950635789,0.6958223920494999,1.1025743042491725,0.9927524320027277,1.0277236378650065,1.1875841865241807,1.0401748428066317,1.0046544461030982,1.0043426090232543,1.0,1.1817270255393204,1.0,1.0,1.0,0.9705399140268722,1.3815565802934102,0.6697137079012023,0.9569544542206165,0.8335876302885832,0.8538446308527794,0.8828703637932134,0.721884156050375,1.3523237388936695,0.9163940976657903,0.5997053321352499,1.3093971860254956,1.4752180824973071,1.0,0.8942313556602315,0.9565041816445875,0.9985866551879109,1.1015452545339408,1.1695288458874733,1.1015300652897635,0.8258595347441153,1.1531772346021767,0.960610380442478,1.0,0.7590606946128076,1.0210326655953432,1.0074642052488223,0.5709146886148722,0.7074949732142987,0.8733600091970436,1.0881717762953547,0.906543499142754,1.1630900025724262,0.9744799737336116,0.7314812179054884,0.8162002045230401,1.0,0.8468125700594111,1.0,1.0193069096482408,1.0880814525862013,1.2659749630634487,0.8571275990699446,1.022695945238376,0.9747054459026749,1.0243790601367464,1.2528689812904656,0.9808789797004085,0.880223353500108,0.990122361707117
2022-08-31,1.1713560758654507,1.0871014678724988,0.9898751553295575,1.2787622130879883,1.1884104086524057,0.898780450808976,1.294511525066584,1.0373798615470746,1.1719524978510412,0.8353190527717809,1.0830583251181027,1.0107592909465533,0.5070635473903033,1.0264173578986655,1.0069282123300003,0.6470830122164135,0.5914839280478067,0.9827550125523394,0.7363321635501991,0.8807661823549863,1.2354015609217808,1.2275899896880418,1.3433698498169249,1.0642327524301656,0.6871146066752811,1.0,0.9667380165782192,1.0,0.8076458789625224,1.0969678854773555,1.3715689759624796,0.6872896986431307,1.017882867008091,0.9835845755330328,0.6320003205900333,1.1924111000476105,1.3112866409682666,1.0096913514958012,1.0220023947712675,1.0147242815312114,0.9292152643027249,1.0702875533700187,0.8606333794506683,0.7180943922624661,0.868448857111831,1.0102331466112704,1.2825574280180607,0.7078558179532248,1.1738596673910267,0.8776466918226985,1.0595205453557508,0.8888305595095511,1.0516030554489995,1.089240353878847,1.3083967682751336,1.120248627693799,1.377278459498195,0.8427333746395784,1.0115517467023762,0.6174384985767285,0.8211832837441948,0.9969499211443247,1.0178866639932918,0.7590225143926455,1.1062431082950037,0.9812762887156906,1.0751402356010755,1.1928554420193074,1.1548568901629757,0.8483113101070372,0.8692103600064738,1.021951646997995,1.1414445657717398,0.9234987919007495,0.5775478209433917,0.9485025706611918,0.9052294617219399,1.0,0.7008836757794111,1.2412128397491105,1.217670841456411,1.2818498002231333,1.1546657543077712,1.0,0.9927649255506695,1.0098058636650027,1.0058746579974174,0.996297090329594,1.0230285404082382,0.7060526802426274,1.1507385589396848,0.751736152128045,1.0505711398467412,0.479525862215345,0.7628245856002085,0.8566062553943978,0.9200850608830684,0.7288404631635094,1.0898602177014738,0.6712905846519053,1.0915296710245337,0.9891514347275623,1.0194638012216057,1.178728914861617,1.016583596767274,1.0126341003493768,1.0025468769286783,1.0,1.2282464309223058,1.0,1.0,1.0,0.9702975948738854,1.3815391871536633,0.6831279496277233,0.9836656297284745,0.7960190847704747,0.8568373815342976,0.8866744630201422,0.8073444197490982,1.3523246101113988,0.9394651801735812,0.6477224786698982,1.3094491501371912,1.4751842274607991,1.0,0.9011374988995651,0.9562462234971011,0.9938954055566052,1.0885740572473468,1.1876290694150442,1.1046748031159377,0.8255400957571084,1.137971131068453,0.9411755954089898,1.0,0.7590079452789809,1.016803007516249,1.0334093905786503,0.5450717993544872,0.7255985717276632,0.8882066254924746,1.1961555574349143,0.9335942242853363,1.1753770232548209,0.9685364081299923,0.725508003394929,0.8166072064672425,1.0,0.8347750773381974,1.0,1.0410634103362049,1.1256876547427732,1.2680199706463529,0.8053352332024523,1.0217774513860842,0.9586420887726198,1.011333394994666,1.2053932712607909,0.980367121224744,0.8777891298668256,0.9896481767442339
2022-09-30,1.141799123655097,1.0904967902454898,0.9854629751187521,1.2266436456187417,1.183166184053467,0.9105900002139089,1.2910530306596608,1.010697052212305,1.147981018807982,0.8264489149462431,1.0582885544803564,1.0148724095050705,0.5129369801668515,0.9929679733210639,1.0074994636130354,0.6872371726089425,0.5774959394132894,0.9913739398458459,0.7443254413284552,0.8807578327852351,1.1914481524163572,1.2417950888081162,1.3337741174586464,1.0606155559295367,0.6871364955072903,1.0,0.9814014161564603,1.0,0.8078608055604559,1.0285394989126915,1.3818454083880538,0.6913937360976217,0.9719060779207014,0.9852903099557812,0.7766103195460243,1.1799812323858168,1.297808181109656,1.0089024672734102,0.9235612691935416,1.0063962244700426,0.9236401996234471,1.066807970162405,0.8397398126872195,0.7177445455340685,0.8677115061226495,0.997955153468546,1.281762075428615,0.6700729209291932,1.1405830110648854,0.880185184322941,1.068317444255874,0.8445220611376235,1.0383704046191395,1.1099090611935276,1.2913912861425478,1.0761874350925225,1.365234962563362,0.9541316152070223,0.991167757562946,0.5948253154075658,0.8234473100308416,0.9971528742409451,1.0253871216175856,0.7776032991012367,1.123180256963534,0.9849370644971478,1.0773268789868553,1.212822737960249,1.1221319331276591,0.837622737745472,0.8909178683844734,1.0192635830056687,1.1296491841117366,0.8935453836074042,0.5802868610464046,0.9341143634938053,0.8440797750550291,1.0,0.7008601129242018,1.2070491680363153,1.1951740742439343,1.2792496631427348,1.1643066547106302,1.0,0.9905805908494507,1.008735681228394,0.9933830804091053,0.9923821850928244,0.9940852380651142,0.6518459446057628,1.1471891657109738,0.748599920145948,1.0498282110075874,0.47433205055378136,0.764976781417601,0.8536701026881216,0.9040596236444026,0.7748859565034072,1.0695611577798405,0.6544755725669196,1.081617398823223,0.9979978480904239,1.0503793059938435,1.178076959261765,1.0242406439696694,1.0183969801866666,1.0018610971204116,1.0,1.1173597799773667,1.0,1.0,1.0,0.9705312589225391,1.3814418040002034,0.663408571426205,0.9445093078451314,0.7896027119908304,0.871898026173092,0.9027607750115901,0.7241947060239832,1.3523256500953607,0.8960442588298934,0.6505623951243098,1.309462877009677,1.4765161383209282,1.0,0.9039113724940163,0.9584664261829312,0.9986865828788539,1.0935961152949774,1.1462238538505747,1.0955304067706781,0.825759293120517,1.154101223615184,0.953766843073943,1.0,0.7598822573618489,1.0235653033181644,1.00706429786231,0.5242279108510226,0.7483760486458246,0.9001436041018043,1.1322425675634635,0.9027901622592692,1.13998102658497,0.9795152623807655,0.7349098442478925,0.8231961477675217,1.0,0.8002875463925498,1.0,1.0097934458563627,1.0578194452376615,1.2053752447141444,0.8036979925918993,1.0221727185575287,0.9525273459609915,1.0280336281812024,1.2289813548042388,0.9830682294949851,0.8858445294513935,0.9976867725485491
2022-10-31,1.1563102566963712,1.1191263564958855,0.9911928438578992,1.268568992984998,1.2003374330520555,0.8889930928295618,1.2940402885817024,1.0340472752436407,1.155008260452977,0.8328616521366863,1.088537507791063,1.0125770974742565,0.5047423819266996,1.0590026090699474,1.0072940890041437,0.6691700866202017,0.5288310462471533,0.9948524363157502,0.7541343398080421,0.8807843226972984,1.206814304784377,1.2708685104863198,1.3379305935101757,1.065266356980607,0.6871209139733951,1.0,0.9890788532201338,1.0,0.8077018044480179,1.0862892466704022,1.4032187061662538,0.7006560045505732,0.9611231310262088,0.9854846422437548,0.7488269768372354,1.1866747545806873,1.3021001888834385,1.009446024042243,1.1552430438426413,1.0177817717902915,0.9312965341802465,1.0663165936199166,1.045327513260931,0.7202932099808008,0.8723184337966173,1.0231314431144394,1.282814417153596,0.7081851777704918,1.2124457111714495,0.8778566688651154,1.0727027383415553,0.8728257637470205,1.0421161765902904,1.182754349347079,1.342058536953423,0.9912554389550822,1.3828415078869871,0.9506666084253872,0.9764207125135618,0.5656032274401759,0.8215876380184743,0.9970332807007043,1.0783480366574285,0.7940692163840386,1.1654861357973698,0.9851055027823433,1.0731946083337465,1.2238783677077532,1.1276578293209696,0.8452028307816266,0.8748553415213606,1.0551319598808186,1.1419725689846993,0.9681720150374626,0.590345166923024,0.9498708410325314,1.0128728731353007,1.0,0.7149294138922009,1.2335641182876458,1.2138552922545798,1.277290165096744,1.1567062525012934,1.0,0.9957900756288175,1.0171531979765365,1.000543350187361,0.9973285189863833,0.99905166859817,0.6744276121380617,1.143331389875674,0.7468252922214641,1.0501561136282467,0.4711984123539481,0.7641871633120865,0.850018554724541,0.8887152137924527,0.7707507973252832,1.0891954598512523,0.6353181673264019,1.1467373991860095,0.9926565906410373,1.072943131550709,1.1844225442812542,1.0694664011105992,1.0281221578218305,1.0060747957397254,1.0,1.1030656854816399,1.0,1.0,1.0,0.9705793008473449,1.3814336431168845,0.8926364418652335,0.9561079367061287,0.83445080738596,0.8716383192247938,0.9021475868995912,0.6105615575821117,1.3523225054578953,0.9371971997845198,0.6448089919153233,1.3091753082898778,1.477369055655969,1.0,0.9380922465411388,0.9660355104276386,1.004785657505681,1.096518666572339,1.140267964578663,1.107280806777434,0.8256095939121001,1.1782526095786316,0.9557105303769016,1.0,0.759616106909716,1.0210736578058808,1.0264274318297215,0.5228141765154695,0.7138919063909432,0.9066327042018881,1.1759327310792345,0.882638649186547,1.164860680352576,0.9756332153749379,0.7289979055919218,0.8215629129554703,1.0,0.8357773342831039,1.0,1.1146666054020555,1.203107771293797,1.2745844566962778,0.7999312591198644,1.0226072736032021,0.9519468513747584,1.0258720656209044,1.2327794863994606,0.9841097377501277,0.887769719744861,0.9971881269704271
2022-11-30,1.0890081878926716,0.8735990702007852,0.9828606488171452,1.1289571248538497,1.0586856482067655,0.8752741010366835,1.2934529072306225,1.0408821398377195,1.1403114446353078,0.7540806738753488,1.049677849066256,0.987430080058689,0.4951899418175887,1.0613127261353226,1.0063194898995103,0.6349202565259197,0.5218423891457395,0.9913078591269368,0.7981283326004425,0.8807944719055174,1.1348607716983934,1.273262204629638,1.275671211364351,1.066637819654857,0.6871596502434508,1.0,0.9131578458043296,1.0,0.8076247110021505,1.105960654368787,1.2904308095971446,0.7073452297046416,0.8688967771222134,0.9735557487587602,0.5029265337287575,1.1327293096479367,1.2963546530642436,1.0060901097456787,1.23727641600783,1.01389851257667,0.9312236546456897,1.06684112545642,1.0913199946724073,0.7237454888650605,0.873438063327991,0.9117324479105725,1.2798128471524692,0.6595614529077962,1.2159471762915888,0.8776101458514939,0.9926549933188522,0.727166706313336,1.0392609604909535,1.1510237680592794,1.3490262136387696,0.8056256603439331,1.3394272232762094,0.9342831924684143,0.9834612568407762,0.5569617005974905,0.8143746292325337,0.9968427242003861,1.1140577918628254,0.8021820604600095,1.1854936822829443,0.9386062978813805,1.0393116036942491,1.162295670677231,1.0611290763059085,0.8406642798782513,0.8602364085489639,0.9537602514075055,1.109708021257462,0.9179923914242011,0.5854987751576544,0.886328858826057,1.05681012367638,1.0,0.7468429693813479,1.1354648739530693,1.1402844577958222,1.2418777424828136,1.0772289347633546,1.0,0.9720666458781536,0.9983907918400395,1.0010110533609102,0.9527692328173067,0.9392713609680434,0.7097607476485644,1.1364393470310492,0.6436347306150325,1.0499398284952968,0.468762512526258,0.6989998008865974,0.818714297284826,0.8911688254419046,0.8946480076431884,1.0251934770999576,0.6993544753825262,1.1524107582319485,0.9560815174098061,1.0821011367917974,1.1724012934597847,0.975646356556895,1.0314841890769353,1.0063847855106913,1.0,1.0057661961476723,1.0,1.0,1.0,0.9703150856905556,1.3811676886638027,0.8457784073256182,0.8334930547006505,0.8616657410344775,0.8863010791505613,0.920472669389183,0.5347363359854227,1.3523238045726638,0.8681648980979751,0.556477185888948,1.3044465233282498,1.4743494769355119,1.0,0.9313909733145334,0.9127284198751777,0.9963494661874288,1.0044706144027493,1.0460981008369055,1.054208856369695,0.8281290993025054,1.1909768889782082,0.9372440145395492,1.0,0.7589004310673944,1.002956747818602,0.8072805971808615,0.4990508856126812,0.6774781874960314,0.9030419194104682,0.9227855977711691,0.8475224177214618,1.1167799312352158,0.8904683028591655,0.683372153761389,0.8059890396590792,1.0,0.8130431384248675,1.0,1.1436085756387613,1.2453946867095986,1.269703302191258,0.8012510287921318,1.0133349046156503,0.9529646831103662,0.892798078939231,1.2342535436314752,0.9742119865658418,0.8521406257798241,0.9672463292927469
2022-12-30,1.0750919678742317,0.8640396827273464,0.9888831729146811,1.1193816939517305,1.0555678779325335,0.8813841135508087,1.2949254753996915,1.0422933624798292,1.1497504894142436,0.7608296853116585,1.0383373298735552,0.9941408602955837,0.5026684959436518,1.0554031102668444,1.0061577656020295,0.7272107643728543,0.5405616396657107,0.9933190006556056,0.8418097400105217,0.8807869065663547,1.1240300257515548,1.2416667363428147,1.2833031101290862,1.0667696674973872,0.6871991271680786,1.0,0.9103244542787176,1.0,0.8075852810239674,1.114848283513665,1.239517652068612,0.6903929338174084,0.8581701808569713,0.9739399517188101,0.8254814128665418,1.1223963906633834,1.2977948789379938,1.006518861654746,1.3221480566814745,1.020844837283213,0.9349775184311687,1.062476157511402,1.0651412211425768,0.727605730774159,0.8729801701227331,1.0462446094636229,1.2803090054390363,0.6415562735713518,1.196650240313501,0.8816377244755558,0.96931407350464,0.7523309048651537,1.035008119734561,1.0216674953668547,1.1986865578421761,0.7816883269796339,1.320900704468262,0.9327906177424786,0.9950945490340616,0.6356285266057469,0.8138913495727733,0.9967861141387829,1.0851310153905414,0.7960203932189189,1.1750228964213614,0.9378202837480101,1.0314395568619334,1.1506997025101715,1.13014487716468,0.8433527103728955,0.8296334778068946,0.96634758250162,1.112321113987984,0.8975581320273709,0.5854999481110923,0.8882181465783429,1.036251041099439,1.0,0.7491523222194056,1.148277125319456,1.1300170977011066,1.237875673164236,1.0688125901230419,1.0,0.9721273429620424,0.9994604249769469,1.002941974301803,0.9678963235570378,0.9242456260491735,0.7112845023189802,1.1351983099550695,0.6607196130847022,1.049940900484973,0.46791999612632584,0.6823535618005465,0.8161493133666851,0.8649916355673216,1.0862702652223115,1.0020721451700376,0.8951510745618795,1.1784819039643035,0.955599032771434,1.0826265320027924,1.177591110768489,0.9640608423647274,1.0348337712133753,1.0075290595416952,1.0,1.0059135409384476,1.0,1.0,1.0,0.9703180635446387,1.3811912272280071,0.776419877790441,0.8267153498397987,0.8095032065368715,0.9938001872766662,1.017896486474394,0.44143933213464026,1.3521554853744786,0.8829590511881071,0.5488897007085675,1.3040678059521345,1.4706958812792013,1.0,0.9326529241672684,0.8993763413699175,0.9973072275961411,0.9951016360540275,1.0541263760593906,1.044611407824164,0.8285959169237388,1.186868148662143,0.9323175618941139,1.0,0.758938491333304,1.0075751779837652,0.7998822435976956,0.5213559220355863,0.7299698206427552,0.9029374198044328,0.9584246675466008,0.8529679042148164,1.1211340589984926,0.8944689547441663,0.6930981723623091,0.8058567582290357,1.0,0.8138086270293746,1.0,1.1514942714688805,1.261896586965094,1.2815579884939294,0.8412457463004415,1.0113263315371557,0.9509276997239262,0.8985103381561722,1.2263855010504685,0.9754766175965375,0.856891127063266,0.9681196009328568
2023-01-31,0.9630224229243773,0.6523011559980662,0.9837265474104875,1.0779295962281665,0.8061155916526739,0.8588071278474942,1.2243036910504934,1.005633043564198,1.1020020611799441,0.7040865982932034,1.0599271118992846,0.9880260020155999,0.5101973811758795,1.1499572822849633,1.0035095556317661,0.8499287809935103,0.6807794310431322,0.9976961337618362,0.7453853512467463,0.8803460005491973,1.0919965212783724,1.1287241980604068,0.9365713734802226,1.0443732894646298,0.6871812833321688,1.0,0.9087537480494886,1.0,0.8079681552145888,0.9128154746931213,1.1915210996241923,0.6749597600903086,0.880974662201303,0.9721471230151206,0.38250438260978914,0.9738427056438462,1.097779512921779,1.0002805179875671,1.1516718963359884,1.0136701008154376,0.9166403606287647,1.0476266152050366,1.0300996666275177,0.7384916164943411,0.8695986607474564,1.0820081569281421,1.0643529939381522,0.6654623428093567,1.1463389482894701,0.8815378827474563,0.958797803636259,0.4661264937296111,0.9578772315740827,0.9768548788748423,1.0816754580774832,0.6731240596199994,1.0399858027734008,1.033089069686749,0.971776724773086,0.5705168453300453,0.8155868759892215,0.9971228535111346,1.0530279402794664,0.7882705755709589,1.043526148595764,0.9369284423401134,1.0149709398555145,1.0936937353611773,1.106655549365345,0.8459384616547552,0.7855339984965337,0.9596553147621542,1.1088684940834397,0.9206431233834225,0.5819496284156204,0.8206694021975967,0.9662373004781746,1.0,0.7755869475930708,0.9869131982937702,1.0405181255306701,1.0882612881336453,1.024626209260612,1.0,0.9714656133718929,1.0024982629126509,1.0024480279263235,0.8969636442806532,0.857553755046477,0.669081904058487,1.1330348569469861,0.7220244879668329,1.0291322997427055,0.46671597588313973,0.5876866869262731,0.8165990026685102,0.40614933886203397,0.8327414997254414,1.0232787373316976,0.7938673012207402,1.1648549583313754,0.955985079992414,1.0614429920823782,0.8898696325701059,0.955755550523574,0.9650954888861624,1.0069123492169123,1.0,1.0874028510571891,1.0,1.0,1.0,0.9701793306931539,1.011135431058563,0.7046374012844208,0.878034455457989,0.8499285418980219,0.940765393834355,0.9708015801262249,0.3813616054611799,1.3503314086893774,0.7424704090360403,0.6090694032123534,0.8884503566144633,1.1202305039298321,1.0,0.9166777177119845,0.8942552712905321,0.9478872577048802,0.988629567124973,0.9910660006688393,0.9291122588775778,0.8262019981627635,1.1340265210296545,0.9305439181346862,1.0,0.7588980929459224,0.9268962061164224,0.7122733218816679,0.6295449480748224,0.7717922687566156,0.9214734546693655,0.7137217774329093,0.8395083684180905,1.041532621112423,0.850442608398415,0.6787558810736976,0.803783121865522,1.0,0.7464833531681949,1.0,0.986382466212985,1.0265876493403887,0.9743286853388187,1.174451494812912,1.003136082752536,0.9053770779781927,0.7838878251477803,1.2176371840888516,0.9691014663535736,0.8042658759216996,0.9505400980783167
2023-02-28,0.8135999006995188,0.6538454985778852,0.9783884620662565,1.0245505995508135,0.7881310380022171,0.8703467603185453,1.1673204630583758,0.9865125845849656,1.0782258767198392,0.7063553338305822,1.0125999567867305,0.9965907846911771,0.5204043060401546,1.0570859943534967,1.0045564140213754,0.8234203472879101,0.5814187304263698,1.0035011433856436,0.8182553347741726,0.8804745536193695,1.037586916776808,1.0973105760597948,0.898789654017855,1.0352498333127371,0.6870822052330174,1.0,0.9118157786341143,1.0,0.8083854973666585,0.8860956857114634,1.342903580600836,0.6920499587992162,0.8548245774118945,0.9755858020107341,0.49027133863379546,0.9522756288339143,1.052990980506348,0.998764944506387,1.1508415578891626,1.0023931169622704,0.9167578790691949,1.0415990470002239,1.0428885865401856,0.7487491843664551,0.8710283077220449,1.0688126993221085,1.056507722247453,0.5582517743307317,1.1169448792179166,0.8801888928539277,0.9412812372894993,0.4319037940574584,0.9416558996871893,0.9827171715889582,1.0965524245903557,0.6524108540895479,1.0032926461987726,1.1144488947497688,0.9567229623124386,0.5862932086930837,0.8148679076638082,0.9972385259463444,1.0677651958402448,0.7744031522094521,1.0345200065144302,0.9549892419084511,1.0199430974805064,1.129162741368151,1.0541432729538207,0.8443175407290264,0.7426740587939245,0.9361144786149252,1.0772100957856159,0.8441169686460087,0.5787819252159548,0.7731731132486033,0.939740866559704,1.0,0.7428166996786645,0.9655440643386182,0.9362486197143176,1.0237849695096393,1.0325147830006702,1.0,0.9700491964301875,1.01008995323831,1.0198868704617983,0.9109906709604696,0.8209265164850197,0.6107992953255941,1.1467147676154854,0.7975409345612129,1.0294093076019004,0.4661739318360296,0.5800636912818569,0.8062192797262856,0.4047470833271668,0.7812544174848592,1.0631974054166706,0.7786263731962134,1.1611792208045468,0.9533849960201557,1.0941810425270613,0.8897043991777374,0.9498520891960216,0.937346607882122,1.0082239870597358,1.0,0.934714210976253,1.0,1.0,1.0,0.9704123367481158,0.9220396258040253,0.7366144730158348,0.8051583042357997,0.8471142915263377,0.9594580894399813,0.9865417476140612,0.37183776076636066,1.2956653343226323,0.7159972576731803,0.550142084447737,0.816585577477778,1.0589470664243488,1.0,0.9346539624126726,0.892301148158921,0.970915068014592,0.9842577351945984,0.9221642678022312,0.8228971399753248,0.8261803933206799,1.150659324040683,0.952050479657693,1.0,0.7588994150839113,0.9323491203580881,0.6039599478339748,0.5573207553866009,0.8088925877694669,0.9038460305999871,0.712215831719479,0.7451787956509034,0.960526066354717,0.860789835433057,0.6923339946605429,0.804778397429881,1.0,0.7378195365982739,1.0,0.9629039497584698,0.9788005263728506,0.9160649700756226,1.1143414596200036,1.0032717217457148,0.9242344254536673,0.8545052919869256,1.2595318097499457,0.9698388892886984,0.8123992388019614,0.9524582217323254
2023-03-31,0.7650928098925165,0.6493721297181367,0.9675232082975977,1.013968228923879,0.7731102092717697,0.8672811318827325,1.0416341091089454,0.9575239376691529,1.0590671362235948,0.7031621906798081,0.9818005557679359,1.0075316244940278,0.5735793445339948,1.028676918032204,1.0053752213430247,0.9186126638345029,0.5816197094291711,1.0053554179184336,0.8907132457227797,0.880588806188574,0.9955481581356048,1.0885382951032492,0.8463578821415269,1.0159569421884638,0.6870650849768234,1.0,0.9153791557056303,1.0,0.8087530401607215,0.875018167200453,1.3974413239641048,0.6997778534504411,0.8573782566285446,0.9817613923965333,0.4414916452446498,0.9427752095527333,1.0293960934020971,0.9970979591292416,1.047565976624838,1.0138363032536282,0.910131122778407,1.017470745602082,1.0812750922151095,0.7419368463199253,0.8679420902343857,1.0716490673417352,1.0647874096777696,0.5449330063235904,1.0929631361077699,0.8833756259974381,0.9435243276915126,0.4281538393763187,0.8870297677874402,0.9618818161736901,1.0328740331456265,0.6277386669964559,0.979512420180603,1.1617381596554144,0.9744197334774748,0.5695290185369986,0.8163676007320769,0.9987916842598173,1.077784028081974,0.799095255543453,1.0494517964587098,0.9600996670845742,1.0132937571758807,1.134077825550532,1.02154819366306,0.8387423936638243,0.6744896061467285,0.9332300992781319,1.0680789940626758,0.7956609022766907,0.580544659478901,0.7544042956716267,0.8688661945016685,1.0,0.7491564026178039,0.9510182079633975,0.9061344794166951,1.0276131113576885,1.027360199859321,1.0,0.9717064459638476,1.0098239410274044,1.0327477592392398,0.9123305197656528,0.8166116287233676,0.5793752678690771,1.1550538380590052,0.8679117786680062,1.0288420186857177,0.47018710354980375,0.5822294436516184,0.8054505333964762,0.40270798653086837,0.8077461606137297,1.0917218418119978,0.7855580627043551,1.1552151487016447,0.9621575994091951,1.114503974225387,0.8940698362103652,0.9539803314065908,1.0043485068517692,1.009052719424364,1.0,0.884838294511008,1.0,1.0,1.0,0.9704237494089311,0.8901128742026789,0.6950748883785354,0.7683240971820083,0.829931514139853,0.9954772537091392,1.0144948306792863,0.3563415342281765,1.306423133221283,0.7057340839410692,0.5642563311982622,0.8275431031738505,0.9891078893971669,1.0,0.926626737996509,0.900629648372655,0.9667845504816988,0.9737024640585464,0.8324647301394827,0.7866674171108712,0.8264669855350794,1.168540787867958,0.9720729990768052,1.0,0.7589472503329187,0.937540986971633,0.5748404869538426,0.5655044204454508,0.8715137575401306,0.9165332505551524,0.7095733454170287,0.7397955724588329,0.9131010589973108,0.8723510825148185,0.706241121617023,0.8051374522336306,1.0,0.737346123454571,1.0,0.9548181707843013,0.9581220369532726,0.8882995768351539,1.1758325957390938,1.0039717915778512,0.9209776599405458,0.9341041387885657,1.2810125860965471,0.9704312442567748,0.8173549066830155,0.9537139215582482
2023-04-28,0.7387660510875702,0.6541719835816768,0.9654824983268941,0.9856746633367494,0.7626420866288602,0.8646769013980702,0.9827762846361089,0.9373069310908845,1.0412124715495967,0.7069584165930913,0.9812146545692733,1.008671289954155,0.6120374492445382,1.0478851536249136,1.0049613983326162,0.909853090678965,0.6117060786928366,1.0077321692021175,0.8929913625246084,0.8805322369295504,0.9779555195749462,1.1107966500470283,0.8276528186610767,0.9864722019328112,0.6871117909137698,1.0,0.9120051090454105,1.0,0.8089461076907105,0.8716052032168315,1.3053376646369927,0.6969238095043659,0.8787904555068033,0.9794307096786141,0.4994684894010143,0.9338838936547772,1.032981645266453,0.9968595922311816,1.0024169103128027,1.0061829321671614,0.909401986035605,1.0318308981536284,1.0261749921102563,0.7409437308920206,0.8658866572926222,0.9882863294664184,1.0550498890380486,0.5325707124197179,1.0742470858870927,0.8822171592114856,0.9377610876131662,0.42139913158733067,0.9096531939513177,0.9426852709821838,1.052985235750343,0.6255370489780431,0.9426294268051006,1.1625848048819534,0.9633496752380574,0.5425800108651679,0.8166032715070708,0.9996315125757793,1.0744216726895988,0.7849886706763751,1.0538230056292177,0.9568633093765991,1.01400506734012,1.139705813406761,0.9985869712803795,0.8436249737181589,0.6545268699008528,0.9408810592725069,1.064477692933351,0.7498937049660113,0.5756635188171967,0.744300653165103,0.8260606191169915,1.0,0.7927549867545974,0.93621145098639,0.8876055036228115,0.9910058837904694,1.0035211214652098,1.0,0.969726129836554,1.0049632695061868,1.0171904524314364,0.9024912356086277,0.7734841512088337,0.5784647778794896,1.1476937587417797,0.843793778290264,1.0250375879166223,0.46968661558529745,0.5843099581740774,0.8034794015798157,0.402526999734652,0.851723648600012,1.0559583276739937,0.8027791542890517,1.1329672322800692,0.9618564296455262,1.1021230209621231,0.880425326949344,0.9505061836907769,0.9809476645945202,1.0105059055954566,1.0,0.8798432142861969,1.0,1.0,1.0,0.9710874555554144,0.8285762999466345,0.6702104919288588,0.7527422092432228,0.8306747246847064,1.0360035300511894,1.0531875469521472,0.36282223609380126,1.2836077444360825,0.6962269144728647,0.5250203967981568,0.7867478793178339,0.9510559096571765,1.0,0.9162589065598753,0.8970053425897344,0.9668060054295815,0.9682375536017469,0.829791325279962,0.729933034225176,0.8265674486640926,1.1674093768749287,0.9683646585369535,1.0,0.7591147039917655,0.9352107169793831,0.5512635959122606,0.6151831709650846,0.8600348728658083,0.9181670068421328,0.7096002212855478,0.7273685368719084,0.9032771580257732,0.8722931888176816,0.7060406811588658,0.804531385143821,1.0,0.7325508456892875,1.0,0.9501528864892045,0.9564950091051483,0.8815882401756943,1.1898269305755456,1.0035938673933744,0.9177346582508624,0.9227766792141185,1.2777324952387616,0.9698699478368203,0.8118900298691698,0.9522607064497653
2023-05-31,0.6404517779110479,0.6718287612811691,0.9568964110982192,0.9494150916186868,0.7258823204710807,0.8612671446842508,0.8667349739614052,0.8886147097880372,0.9327242566951788,0.7426067295645217,0.9798040261578151,1.0043884948836923,0.7672719745758774,1.0280301726950267,1.0044414547130158,0.9814142859171235,0.6963601718810919,1.0082335555229924,0.8300154760977652,0.8843871936188603,0.9095328398449596,1.0823034497618336,0.7975594856697407,0.943858881908353,0.6871586603290194,1.0,0.9101788388063999,1.0,0.809198153633189,0.8530327076549227,1.1093549085960364,0.6870703460182996,0.8524913296782624,0.9872059413878321,0.7258199500779023,0.9178924535213868,0.9978649214966901,0.995887138193266,0.8417007837281757,1.0046913902955619,0.894336146390625,1.0140935651678258,1.2905197708013914,0.7648767139884456,0.865225195320605,1.01249405773552,1.090932571069298,0.47775505932129914,1.1015313621128657,0.8804876784415101,0.9376931327467591,0.37111589210041196,0.6951477047501278,0.909337271833011,1.0005536768191852,0.6164203617284763,0.8801551856866182,1.2087873628853087,0.9558362328305471,0.5373996392423948,0.8153918777517011,0.9998303389823379,1.0685321087247386,0.7968867471104687,1.0951668964990255,0.9491450061260469,1.012770653206877,1.1235752382081845,0.9818237762852807,0.8412632996261422,0.5870281905345401,0.9310596132021551,1.0385587125208688,0.6801318010497082,0.5688861868264736,0.7280062929100759,0.8038681071745613,1.0,0.805652509056193,0.9225108119461561,0.7997031425550711,1.016704251359034,0.9999849394547023,1.0,0.9660895339127761,0.9997323925701397,0.9993383074499376,0.8923076943258885,0.7747235390367759,0.5749534972781065,1.1318616092776401,0.8493607729087798,1.0227345666858714,0.4680838298238065,0.5876413806283081,0.8040094031479006,0.4039550358326497,0.7639446879167839,1.02309713705307,0.7569066185579454,1.071467399606454,0.9876070855001855,1.083234058800526,0.8651060386273253,0.9467729934061432,0.9888580235575437,1.0113037282831225,1.0,1.017304326059197,1.0,1.0,1.0,0.9704137607259878,0.7621380061268922,0.6401364039810626,0.7891719602513897,0.8166908331674522,1.0350139737732085,1.0541755786821003,0.42147310830183893,1.30511330882034,0.6769733807994884,0.4803979200443307,0.7694107283642853,0.9193467859694511,1.0,0.9059225096146767,0.9157007926306359,0.9939156663278634,0.9629050213738274,0.8981246328124589,0.6540484191757874,0.8370763981664806,1.110887932551322,0.9671559225404487,1.0,0.760879003183415,0.9315556197060726,0.5460053091922703,0.6835002055267322,0.886178789413039,0.918502941627246,0.7107740134223567,0.7172628930224458,0.8413403710260644,0.8611649796237245,0.7038069641104319,0.8041154431384638,1.0,0.7360870901022913,1.0,0.9304700418666281,0.9427206386730171,0.8476166198635694,1.1986570482890966,1.002497755482899,0.9011272448511153,0.912594199421072,1.2815990910090174,0.9695912294344958,0.8105486715574935,0.9518023863001775
2023-06-30,0.6887129168920724,0.672676665175664,0.9573015149729113,0.9560842549189934,0.7466550484466523,0.8771098427558051,0.9176741257932918,0.916577676732754,1.0001745728671698,0.737847649393653,1.0656605698117865,0.9921561325325163,0.6141185728374394,1.154406687421128,1.002632430609253,0.918087151074537,0.6631703676188816,1.0002719872843209,0.89632834274936,0.8814752668642425,0.9372520412703839,1.087205277042887,0.8412131150655175,0.9534423495954062,0.6871839438803105,1.0,0.9100832875579009,1.0,0.8097494614915338,0.8613719111858776,1.0101147133933408,0.7006120398485631,0.8810013896776341,0.9811570280029386,0.42638865780686064,0.9261998202000064,1.0113322110993221,0.997342221293052,0.8590205860729393,1.0174729831723353,0.8899572688889634,1.0582876721025922,1.2551894370529166,0.7879371201259456,0.8668065979676441,0.8142988235920502,1.1001026116077641,0.5427641477002971,1.0977201773583474,0.8813148742893198,0.9376265789181455,0.37507673455908697,0.7417131790190166,0.8744901865283279,1.009486248727637,0.6109855060694579,0.9166307910463054,1.1724010812128536,0.9708225748148878,0.5224568316392398,0.8132357122612986,0.9992736947662773,1.1136652394137265,0.7964616557549297,1.11896470879687,0.9404151349469232,1.0066226051173488,1.0891656703812977,0.9386459403138036,0.8700555493478909,0.6073678413563662,0.9283761946021518,1.0398302760335667,0.6858892240793188,0.5663244464200254,0.7374629952058165,0.8160763039236578,1.0,0.8340351804883243,0.9160733945338101,0.8698263608026273,1.0341716179185778,0.9776406607156695,1.0,0.9677018859725328,1.0046857183170363,1.0129895025234377,0.8891549578987328,0.7550007739127769,0.5801453978721787,1.1307545120258724,0.737760501338261,1.0234271593631052,0.4686888101895532,0.5804330666673676,0.7953722993625293,0.40485230415795825,0.7475064244151763,1.0087592191212986,0.6663859220480683,1.0570311667221208,0.9779951214830828,1.0697311272566903,0.8671065708305942,0.950421533781083,1.0098296965542968,1.0114010858004812,1.0,1.0921162501799409,1.0,1.0,1.0,0.9713313725740207,0.7565182604916254,0.634935517202935,0.8058457565582287,0.8878721056297744,0.9604120062714687,0.9897358211917789,0.37356529983806963,1.3161745205131652,0.6907421318723437,0.5131570723409551,0.8614458071269161,0.9476797470350854,1.0,0.9228506985626139,0.9339409093827561,0.9942925562234872,0.9591997552144401,0.9087446508769208,0.7430454239119635,0.8365921939035177,1.0850665150291614,0.9668739836763278,1.0,0.761222815965895,0.9239062964579591,0.527561948732261,0.7396038725893024,0.8163897013638236,0.9240657884312902,0.7148348911816056,0.7094272783734413,0.9205858558490156,0.8421518949381621,0.6847850641705763,0.8036401319229254,1.0,0.7316726824070174,1.0,0.9586647259941469,0.9926467408831134,0.8797120525275226,1.1854298443399154,1.0027478153257383,0.9067300825130118,0.8533874683185183,1.2791712455356874,0.9688149402537998,0.7999972508269255,0.9493083129294436
2023-07-31,0.834502019481133,0.6911572727601636,0.9511812173429434,0.9986390725843435,0.8089764185288235,0.8707509588446412,1.030463316244039,0.9392335215532069,1.0469656790726773,0.7381328766055076,1.0840341774671514,0.9879436119809869,0.5879005607423732,1.1433045712730059,1.001838596182755,0.9380518381934797,0.6812366876873397,0.9965069207420993,0.8390555037180548,0.8812725829486804,1.0109793418287212,1.061735868523457,0.872084547198876,0.9944221098825988,0.6873354111904467,1.0,0.9120838409601497,1.0,0.8089924678051579,0.8629768196831329,0.9802149849657689,0.6763965033573175,0.8391685511354833,0.9766309271582926,0.5800777688346663,0.93185155952081,1.028388259371301,0.9973915237625898,0.8626302212141033,1.0018956905528928,0.8894041380447325,1.0576722950078425,1.2632701026385438,0.7659836050741274,0.8704677324368051,0.9336127178274554,1.1189304236577269,0.6297949049749517,1.0765536466319896,0.8936283324507639,0.9471238051001272,0.4036741982694598,0.8722559544330837,0.8847457008379521,0.9834795000405344,0.6238140756034822,0.9831840936494991,1.1224656066685492,0.97072327921938,0.5411014461383725,0.8234163324541736,0.9987437380239326,1.0579359866477205,0.7765284109057327,1.1043270988124048,0.9398255214203728,1.0058265235830894,1.0624827858825692,1.000398171105667,0.8631736749158765,0.7358688793732724,0.9221297680268492,1.0816860326222937,0.8334316979690792,0.6037811152129948,0.7780234151876444,0.8293404382765555,1.0,0.8593067981530103,0.9085814978555407,0.9713508066164891,1.0626837096725419,0.9779028496843748,1.0,0.9660518805937706,1.0016787151583282,1.005598044904796,0.8835104929028089,0.7720776708159651,0.5820554036924319,1.1479575307176426,0.7632568747808736,1.0214808864300629,0.4671340950937829,0.5804927316803974,0.7967674565447957,0.40514852737844764,0.7785556272353833,0.9798557142089698,0.8615637418887769,1.0595023385886375,0.9707384076093692,1.0747961629436078,0.8648179156688461,0.9447847599678022,1.005890796901763,1.0061847483557158,1.0,0.9826206026740762,1.0,1.0,1.0,0.9702649338096934,0.7521795860065265,0.6381824699598138,0.881333693516233,0.8849523819201794,0.9671739906430933,0.995648230471987,0.5026611267012251,1.3003503411526331,0.6986339207249331,0.5389468876412364,0.8484562118324259,0.9092904096978021,1.0,0.9117146946697074,0.9145105903824102,0.968920439956952,0.948568351037911,0.9268060584925996,0.795499159890025,0.8347519305696524,1.0860027704748987,0.9460303981073969,1.0,0.7628050095626087,0.9260950602588979,0.610914048888509,0.7518610226512574,0.9438258021411768,0.9376005055800477,0.7127769982864005,0.7251703519134066,0.9505233592054291,0.8348859569808351,0.6794941733397404,0.803190234884184,1.0,0.731424988012163,1.0,0.9337022119961106,0.9685365636971194,0.8734498407157884,1.158294709407193,1.002289191100971,0.8921490452209446,0.8046735147041965,1.2878055777260153,0.9686452998573952,0.7973468780103221,0.9486147838993468
2023-08-31,0.7758603225211379,0.6737709340244031,0.9467465497781453,0.9587700036846385,0.7903844663521844,0.8611309538852862,0.9603110831742997,0.9233418480137678,1.0276811548414067,0.7344981324164679,1.0657205338203646,1.0027779415386675,0.6098602613311234,1.1248257069967982,1.0038262915380818,0.9139633441975743,0.626840836567039,1.010819561063201,1.048240122675855,0.8807597219649539,0.9693731255949186,1.1017062663453698,0.8410678188771128,0.9704820509913558,0.6890598809194519,1.0,0.9169107231993869,1.0,0.8092694422253426,0.8612549043521346,1.1127508702066007,0.6860638254669531,0.8311280560795099,0.9822722405264606,0.4543046218280945,0.9250935073318157,1.0279505737160488,0.9959625502383207,0.9149982384327542,0.9959783524109871,0.9001141695103759,1.0534310842415227,1.2586028883165445,0.7728745984522877,0.8702626907146139,0.8777234281496676,1.11400039061936,0.6033790724537511,1.076886853204478,0.8833684724014864,0.9386314826695933,0.42835718716031934,0.7921796394018603,0.8520647221861828,1.0216691745055122,0.6209616209417054,0.9487520932185145,1.2189113798680227,0.9764161400877859,0.5244076355553701,0.8166525053674651,0.9998702549382812,1.1084548172391229,0.7939388662458323,1.173077714981326,0.9522103065789024,1.0120430786076848,1.1152057352549651,0.9279865330571963,0.8590156558564505,0.6878411287944007,0.9364854023257808,1.0674813643550345,0.8422573543220953,0.6021854648085243,0.7522771081774071,0.8008000225019757,1.0,0.7998187230012253,0.8950552160606543,0.9324538577120342,1.0282289167154206,0.9893189011283905,1.0,0.9701757986905674,1.0085732043622455,1.0165050980289636,0.8928873672789147,0.7542367927644564,0.5795831220765557,1.1458506834724653,0.7273018031634445,1.0227376852486387,0.4677119955210812,0.5886322172368292,0.7941845761628572,0.4064639885510558,0.7722839481528943,1.0382332737482969,0.7632733504197791,1.136809068293415,0.97557341004706,1.1074765633519974,0.8787051927990983,0.9501895242214464,0.9939278308029691,1.0019885442115266,1.0,0.8849004274031167,1.0,1.0,1.0,0.9725675245727967,0.826300118124952,0.6486531958175463,0.8226424177471043,0.8917990529276576,1.023949436146455,1.0402886664726378,0.4154455276249134,1.297805180551353,0.6860811398535661,0.5193338176380464,0.885515062819468,0.9870944835030161,1.0,0.9171846546063134,0.9483551651508105,0.99331534390392,0.9529796215160056,0.8504585166993066,0.8001466780288652,0.8390078958692287,1.1566109444820554,0.9645302402952677,1.0,0.7695819187391321,0.9357385456766604,0.5619716124038254,0.7281826608569402,0.860889305006924,0.921546126098822,0.7083026506332942,0.7181166037386133,0.9153774569285975,0.8561413651196917,0.7010199721621515,0.804035462973399,1.0,0.7352506062102194,1.0,0.9371498113158925,0.9558326228478173,0.8817916205232785,1.1427821805942844,1.0037326867051435,0.9269783019258109,0.912937148951126,1.2705730165904034,0.9695091631857861,0.80860261644743,0.950206703233132
2023-09-29,0.7794932278018516,0.6674670140746976,0.9404706643841434,0.9372800340079439,0.7942438599045316,0.8701545545928011,0.8378412426120222,0.9172077153750905,1.0215939496214264,0.7413997659282521,1.0693400641887492,1.0102475134491156,0.5246131280112019,1.1268500835488116,1.0036358704302675,0.9166567079819222,0.628989262865109,1.007074396704617,1.101800864329559,0.8806730323163409,0.9665270612726267,1.2072654270753505,0.7916771925114576,0.9678943443858128,0.6898806411401368,1.0,0.9200023188159605,1.0,0.8090641109808634,0.8635478631714977,1.0831190654310876,0.7070408102758434,0.8431018173562168,0.9848559514101378,0.517600042696493,0.9169245022843749,1.0115140623957395,0.9940014602008632,0.9844895247431034,1.0019487437418473,0.907772594806445,1.0577052591700726,1.2848613161923297,0.7630955303054233,0.8689582016310247,0.8258818915926431,1.1133995798110656,0.6725521343062442,1.0861139961474826,0.8879899861355636,0.932723168301152,0.47759147817075465,0.8854690008307294,0.8509166276538439,1.043327727532042,0.64872401475823,0.9376492351204644,1.1884340067183843,0.9665427748610166,0.5132613672865631,0.8226024323439723,1.0009192472621706,1.1624883818765737,0.798679441432607,1.189183260493073,0.9502280976787717,1.01280227142772,1.1049018118989682,0.9021742135921872,0.8523450743507358,0.6829917460716317,0.9375529955201007,1.067654159331191,0.9122735271299037,0.6189147286002272,0.7648711421475297,0.769894268530396,1.0,0.8516745423948959,0.8821791648872965,0.929633223983438,0.9371873411088145,0.9811198524242676,1.0,0.9716589943750706,1.0098501578826153,1.0185256496769175,0.9060472267405393,0.7239996304126701,0.5841628090499178,1.1453117399516997,0.6776693688440206,1.0202340584360892,0.4704144688068925,0.5882675696412509,0.792912240250504,0.40813864792795285,0.8515872952395012,1.0398243788491832,0.7405750008699497,1.1697252629648407,0.974300117539256,1.100205650315093,0.8822000914045522,0.9539971056884966,1.0050155497756263,1.0020058434108932,1.0,0.8604590884837549,1.0,1.0,1.0,0.9758356308415573,0.864326849262149,0.6388354671378476,0.8085475932356704,0.8981790368531821,0.9853548917114855,1.0037503969149624,0.4427692803861052,1.209269666621248,0.6653422282395479,0.5475443899010928,0.9362531258977737,1.0100100168794666,1.0,0.9173493043603065,0.9469691795748364,0.9888846495001807,0.9487083578223132,0.7966386262149397,0.86256194323742,0.8360524480134521,1.1698091038274052,0.9536351296290345,1.0,0.763027983840111,0.9388037614404567,0.5547070056743251,0.8003514779788528,0.8117101559204359,0.910715762695888,0.707266258630387,0.7093314780761782,0.9348879663750056,0.8460518677029716,0.7045066397707203,0.8040559008860215,1.0,0.7451184181401249,1.0,0.9360561585769633,0.9661814432716965,0.8627521193458372,1.1416436950682067,1.0040125337969836,0.9231534723471291,0.9064561937922252,1.2782952397219005,0.969452091666642,0.8062595965460871,0.9495450995564502
2023-10-31,0.7208321759732075,0.6594811721801759,0.9354134048880361,0.8770128977323268,0.7843473319684233,0.8783037706949185,0.7738307708621149,0.8929788741365646,1.0057534237801853,0.7317474164951692,1.0159011411503946,1.0251779366487446,0.6044831249055256,1.0486189237994556,1.005206754360172,0.9337013944859417,0.6481616074479717,1.009950095603511,1.172298948359317,0.8805322006127823,0.9285163902390676,1.1945077601592482,0.7544180454036031,0.9625763214616128,0.6910821372684811,1.0,0.9213011565972586,1.0,0.8093109759543691,0.8595524874972048,1.1118949096063475,0.6952963844718573,0.8368598099293127,0.9873773367304065,0.4966106609549934,0.9206344510098734,1.0156191760054427,0.9922267543147486,0.9333863580759373,0.9962721674767386,0.9082523743144062,1.0613980101567662,1.128843884826893,0.7462738425500901,0.8733355035247408,0.9099782611039238,1.097521426445694,0.6561575474395098,1.0459087512246497,0.8882864161427778,0.928027167980605,0.5220365142566883,0.8129465476428329,0.8193350739977043,1.0390879460715534,0.6516816435649664,0.8815862766269478,1.1660988792200484,0.9611178183820379,0.5048926922200536,0.8330869181566092,1.0017885199147136,1.1323844753793892,0.796189157847687,1.2087091028949881,0.9584131916482024,1.0152958980018902,1.1136893197331077,0.9316532305167585,0.8422742944483714,0.7622374888697312,0.9333094457344076,1.0319589375837748,0.8306134529844478,0.607247505814263,0.7401608787909667,0.7445249527289712,1.0,0.7826820388123364,0.8559754666394207,0.8728536832543441,0.9637189217544576,0.9986674588036456,1.0,0.9709208097740024,1.0076591450420045,1.0169807512367302,0.9112484670878944,0.7096887828668088,0.5807502844087304,1.1730435962380343,0.6916317694783489,1.0158477214482682,0.4764765155006494,0.5875796958951893,0.7926339532074184,0.4101965760735564,0.9017330317710726,1.0247088146907435,0.7526578802887343,1.1768822843158881,0.9743307422510956,1.1090761193713348,0.8838842087660308,0.9502266603034434,0.9923814925272582,0.999644383188556,1.0,0.8613562269616059,1.0,1.0,1.0,0.9941832912513195,0.9365842783753148,0.6245027697510572,0.7743077592725809,0.8714510599589239,1.04542602830526,1.0560259625119737,0.4298319216403974,1.1529366703770836,0.6463771912526598,0.5178676273654572,0.9369640307541667,0.9777356765151385,1.0,0.8982788034824325,0.9518610636073265,0.9902664089118962,0.9480609960575852,0.7686971354677927,0.805051699781416,0.830263910325094,1.176142131181762,0.9547520606480037,1.0,0.7658924891141154,0.9494187608778173,0.5399052161089458,0.8048320502453372,0.827925503197208,0.8995159426583825,0.7067591476213524,0.7055142797366895,0.8913287684621206,0.8622018208304184,0.7284189807150452,0.8058471886155819,1.0,0.757846584968389,1.0,0.9108095245172836,0.9269110543428578,0.8688691976416452,1.1560749263146386,1.004110034633905,0.9191252714265038,0.9693609399371462,1.2678554328927245,0.9698095793793435,0.8118951707211146,0.9508409043401911
2023-11-30,0.7124271971315915,0.6755173170735538,0.9366303099462101,0.8568325770101191,0.7791779531266346,0.8831178489109651,0.7501993670757756,0.8953810346599316,1.0002439167950197,0.7475981638849962,1.0415739630886747,1.018305444033957,0.6617764757888028,1.1076015272354072,1.004705089863133,0.9242625794257472,0.6561476961714838,1.003897356785198,1.0861584107906495,0.8833577068068297,0.9041107831890178,1.1892978406303454,0.780929600996451,0.9578431816101326,0.6909338932313549,1.0,0.9181467589512763,1.0,0.8104026662836115,0.8576621469864792,1.096015292946545,0.6735301268578553,0.8700248273612021,0.9883526429514604,0.6629966579823225,0.9346667482422117,1.0157774353239313,0.9927226865739651,0.8926739071964662,0.9936384833803226,0.9033039560256028,1.0493934408770822,1.165141980434056,0.7417019482384102,0.8755496499046245,0.9283933578029059,1.1059701391558905,0.6295745600836218,1.060749076834438,0.8932348935555413,0.9401453232834094,0.4972127758656726,0.7646574203891231,0.7892561109400084,0.9933520249448674,0.6553172919545105,0.9311709802831964,1.1398582830882633,0.9632252596184544,0.49946997715177166,0.8408234296324503,1.0016560190649322,1.0689322888361488,0.7640478615244528,1.1823117261959755,0.9616886325278755,1.0153857011673908,1.0907595855361383,0.9793069330888422,0.8519000155559067,0.7622990022614771,0.9422662266823159,1.0037028268374577,0.7564927276528368,0.5898174125516009,0.72127081030251,0.7468291561122418,1.0,0.7818205511430035,0.8837177213938323,0.8566895264802539,1.0900669852511318,0.9902527177472468,1.0,0.9709542382377075,1.0112690383405527,1.0235932825392877,0.9227512436713861,0.7380066294020713,0.5806291321601929,1.159527156713427,1.0257652949092975,1.022400563145292,0.47865744516449416,0.5944524321868698,0.7919716512832833,0.40795648089377623,0.8374321084585201,1.0550693495285848,0.7580494233585581,1.159169852627571,0.9806724680373585,1.102438481590888,0.8834081413001798,0.9463696650090532,0.9829078038874948,0.9995950747731475,1.0,1.0019006758858633,1.0,1.0,1.0,1.0127206641582,1.083622752644515,0.6213589645217734,0.8030203068871963,0.872010652469954,1.008216333060684,1.0213838555669545,0.5380442686057947,1.11871075982637,0.6442353993650785,0.4713857850795635,1.0368169875887223,1.031684814194054,1.0,0.9229403494789876,0.9681248516985583,1.0022446225125279,0.9632171492300537,0.8879428288031291,0.7798372247222677,0.832301096213949,1.142895609902026,0.9606299291934428,1.0,0.7639667504800686,0.9478381519065324,0.5700259911457928,0.8749543555871192,0.8981890240557782,0.9062282053032622,0.7071489504210469,0.71298918865213,0.8839278607563295,0.8613704566832994,0.7265706584131824,0.8059480550186006,1.0,0.7350272399583562,1.0,0.9089282094267542,0.9170683044047561,0.8597110645301018,1.1854257037857414,1.0034247155412026,0.929061129983577,0.9470743629147612,1.2695073648320931,0.9698825185446512,0.8128910000390773,0.9513008827047466
2023-12-29,0.7745447449094817,0.6995049447321778,0.9329851944134496,0.8996497166189439,0.809952298705233,0.8752019267981702,0.7256205215278642,0.8806702705540889,0.9812399998090336,0.783176036018567,1.0957524194094392,1.006744687549013,0.7322785464914876,1.1782058642164235,1.0034820777774016,0.8559781959026432,0.587463715686479,0.9977043089881951,1.0260952713563496,0.8891328378342049,0.9825986325130838,1.1834174144458947,0.7728569838315207,0.9518791091438892,0.6892796373414114,1.0,0.9192259920694715,1.0,0.8114608951850866,0.8536885802848682,1.005990487540931,0.6626986089353626,0.9227411057303916,0.9851601687829185,0.5739699941105573,0.9278022178205699,1.0046191160845455,0.9924118749748952,0.8173242970065379,0.9841911176107512,0.8954368778597903,1.0244631470319097,1.1619284533025152,0.7459503921194612,0.8760616332187481,0.779408621687748,1.1175838947879155,0.7413959249922355,1.0727733440283733,0.8838368805468831,0.939948085681631,0.520044277671329,0.8979268846252868,0.6874346298034013,0.9664162278236892,0.6418339416198301,0.93879505560366,1.157778457792077,0.9490947114678865,0.4975113523106589,0.8600665957167639,1.0010277746193676,1.054473735960013,0.7475634392604085,1.158584912346588,0.952682125830871,1.0099950162756821,1.042966779747242,0.8661468227018473,0.8531850401698632,0.9422386102129157,0.9277252560685392,1.0520137159457321,0.7649489804666588,0.5864415452146805,0.7315170226394863,0.7422441431286193,1.0,0.7956816444235364,0.8871809596692988,0.9167323765694093,1.1419919598399035,0.971989776757273,1.0,0.9683394203463892,1.0055120053411497,1.0128574289324692,0.9073225995758245,0.7351906037789824,0.5770838053184446,1.1468615591220175,1.0951787428075066,1.0213103739818232,0.4774758183191643,0.5930292766366079,0.7982236072852898,0.4073981795537097,0.7510353621917735,1.0384818093070787,0.6827437140435455,1.1184436493956664,0.979639229552735,1.082829830899865,0.8791368288872268,0.9420827364621784,0.9721741896655524,0.9987496690855049,1.0,1.1476388166008018,1.0,1.0,1.0,1.0040985924995196,1.0652025204421454,0.6194644062433278,0.8517387451545531,0.9094186723890775,0.927444883023357,0.9577855878306193,0.5989028271739741,1.1747754017987404,0.6457661419857055,0.515769922085725,1.1215908708127662,1.0652869442537183,1.0,0.9111336170944571,0.9590204845315267,0.9999098286742352,0.9613041284083751,0.9412474652979054,0.8149190584639228,0.8321368955672757,1.09246727407855,0.9637072165757172,1.0,0.762102905959367,0.9387702636438627,0.597184586102052,0.9119602595165909,0.8821600869180507,0.9213173396252483,0.7071453562151084,0.7206802749289624,0.8912826927105404,0.8404232793999628,0.7041342849462864,0.8053661496039364,1.0,0.7292552278098114,1.0,0.8998253943598333,0.9000195999190145,0.83813966571437,1.1617008317626447,1.0030460039357494,0.9044349697301458,0.9068952912520274,1.2658977134828566,0.9689465382664276,0.8048076811024074,0.9492069052144674
2024-01-31,0.6670987151815476,0.6973426497446279,0.9424304989161169,0.84297875097668,0.7787956517657779,0.9039381668964149,0.7083430553588873,0.8817237414983417,0.8923452513133204,0.7511757632053904,1.0517304904152038,1.0294144910730134,0.7697576981064991,1.0967304430714406,1.0059936611321678,0.7470024482031685,0.5237515092993148,1.0083849725214293,1.1639283439165504,0.8806897415142054,0.8405571356522025,1.2022690002346443,0.7316321035701406,0.9850731732528608,0.6944978106612852,1.0,0.9122270051718633,1.0,0.8133406404644641,0.8581078817602037,1.3733974939841147,0.6924770926379895,0.8530002134410949,0.9916058494577675,0.46736816387160707,0.913485557065307,0.9547925731741174,0.9901182957102831,0.8718168367591985,0.9839267548468715,0.9082515682230723,1.0597952955960093,1.2681043284402578,0.7570841812137157,0.872583009111694,0.6910507730846553,1.1134210567176304,0.669807034854112,1.0649627518642322,0.8950882837673433,0.9809305239034691,0.5469262095478539,0.7652806458530796,0.6316473912243583,1.0034147350346807,0.6644428771295885,0.8765822956111178,1.104180656413636,0.9487229981420598,0.49970242069651594,0.867386314596216,1.001111287201842,1.099084004738147,0.7523922281054338,1.1928548980549292,0.9844685793765846,1.0147510952547893,1.103609529630549,0.7332900078187791,0.8594882362927624,0.8981807047920233,0.9657274979605218,0.9653608893392112,0.6568016753865424,0.5769499021432596,0.6908478720805655,0.7402570840194374,1.0,0.78039222925209,0.8705953831862866,0.8557424494140039,1.0837399450357963,1.0183002468700022,1.0,0.9816668803055071,1.0288079546086268,1.0650798778987074,0.9636811634304334,0.6877425962345403,0.575840171473109,1.172404352795463,1.0965698189822737,1.0273121657215003,0.4723507849410543,0.5990899333719588,0.7952792192435966,0.4061412044910492,0.8644514141428465,1.2142024509033669,0.6782410792920854,1.1792865140793396,0.981816704718799,1.1157995705716224,0.8900849809426532,0.9593651540061312,0.9073388698308681,0.9980987068369173,1.0,0.9200175158921745,1.0,1.0,1.0,1.0253281758286592,1.0958641769426025,0.6287726657872467,0.719135355914033,0.8905666177736349,1.030498064224153,1.0504105466049127,0.4504394355441348,1.058698949944074,0.6382204975431887,0.46066193638060937,1.0826139807448902,1.0249768570728306,1.0,0.9938300150709947,0.9979058460478235,1.0042350486894842,0.9745374964656729,0.8320443472432085,0.7420058982543143,0.8281298009141959,1.1730613186698615,0.9864948908888763,1.0,0.7637111393552862,0.9617971090813984,0.5336040757724875,0.8342913369258791,0.8432389449475678,0.8893018540456421,0.7067927936676407,0.7106655966938442,0.8462120889039694,0.8975694705513328,0.7625452402716962,0.8078171811683971,1.0,0.7518262585856998,1.0,0.9083841250341407,0.9066801446586545,0.8414812593510957,0.8905579323001316,1.0051225141663338,0.9241703391952817,1.0472218890484468,1.227100481752547,0.9707922475678715,0.8215643283205406,0.9532541128930045
2024-02-29,0.6290681066895016,0.6868860398222951,0.9410193437967328,0.8453443168689028,0.7733195760866017,0.8992798028806098,0.7055267423806475,0.85564938687039,0.8746951576137856,0.7308150735846628,1.0633031433887383,1.0247096524784125,0.7540037736027638,1.0978447221843097,1.0055552143555009,0.8087798122294307,0.5353903954016295,1.0054732990761315,1.1160114958405374,0.8808375226247538,0.7817795386477134,1.2479316324771146,0.7147374423770647,0.9731018544664425,0.6930559902949617,1.0,0.9169674096609297,1.0,0.8163262022015912,0.8555117498308613,1.3519537397930252,0.6931265208884786,0.8419669209053585,0.9874452363285613,0.435188444497993,0.8947064450338822,0.9226710473171238,0.9899837900932812,0.8865241145383376,0.982137086924236,0.9076391040361256,1.0609257358079394,1.3626885814077863,0.7665603502475358,0.8682301737296158,0.6405601233999414,1.1107364333130147,0.6529235331658522,1.0408060130282415,0.8966995911221274,1.0025865159371474,0.538443931357617,0.67415743017665,0.6141335278248463,0.9895230200805201,0.6231277060742328,0.9451244279998772,1.0999095184944032,0.9451911270416644,0.5066447401034637,0.8687788695296597,1.0014279331644615,1.1164927233652173,0.7889621530320521,1.233380597955867,0.9826119526739634,1.0139497069336987,1.0856308633189982,0.6348491904528429,0.8557907372334713,0.8813586839082739,0.9750747174724891,0.9357549341427496,0.6290812145371228,0.5682700359667489,0.6767738791550317,0.7313306841666429,1.0,0.7972553173458302,0.8588076557713713,0.8222270927976438,1.0796962494914941,1.007701715930888,1.0,0.9826665176870819,1.0280490019843849,1.055725505876233,0.9699401432822314,0.6915049246056275,0.5615467099459654,1.166686014447106,1.0626623000396371,1.023240465689826,0.4679082674374164,0.5975918565961265,0.7934621869263341,0.4043877116376966,0.8186943767377368,1.206657863417559,0.7122001883568697,1.1845138912084012,0.9904128923541956,1.1140769487021798,0.9257440867911078,0.9573526178548203,1.0339305328540107,0.9995628621277288,1.0,0.8357241782427349,1.0,1.0,1.0,1.0234939974999437,1.226628099043613,0.6228389660270744,0.7135931825594892,0.8929586677425166,0.9974211907941446,1.0238942473037025,0.4446121559982118,1.0228909358741127,0.6359823989980629,0.47527557347282157,1.105281251478082,1.0149485680098111,1.0,0.9967405333294411,0.9944070811868687,1.0037920179249897,0.9705827782514824,0.807813536513741,0.73529232678779,0.8288042923830735,1.1693360624856508,0.9753702841979416,1.0,0.7632764473576668,0.9590776248564963,0.5131227849748368,0.8484732443939202,0.8603389939073641,0.892792071886341,0.7064742428148325,0.7014529371344878,0.8194384835442251,0.8801339914882842,0.7357133597464941,0.8070274833892144,1.0,0.743748615431725,1.0,0.914275080088794,0.8974104121492115,0.8092473477063921,0.8917737836570646,1.0050306760610592,0.9344144121591795,1.0188282249127938,1.210603110572602,0.9696952439831306,0.8103770846774921,0.9510037348576978
2024-03-28,0.7534545034523199,0.6992638957829984,0.9386998453301113,0.9365214608897224,0.7689379917649424,0.888396595302752,0.6983039257919186,0.9066555993696075,0.8989737488467804,0.7578816522208144,1.0887518464100194,1.0206624899369672,0.6820361845092195,1.1653183800559586,1.004868117338984,0.7371482848809434,0.532281114630329,1.004704792613494,1.0852923717311456,0.8806586815425554,0.9079820921998052,1.267792732851175,0.6919284077639758,0.9881422725482902,0.6905025941571813,1.0,0.9185950157918302,1.0,0.8134601259440207,0.882358024373108,1.2979264646383362,0.6952865434937574,0.8938751291388652,0.9833133358965382,0.3989433418342596,0.8992366308445341,0.9104966640391197,0.9893973376006494,0.8573435952567191,0.9750502601278178,0.9068257891018279,1.064638385059712,1.3111513125723586,0.7931709863688292,0.8705673103280747,0.6355061313284124,1.1051189972691382,0.7451471542934833,1.030554932902386,0.9000712014490779,0.995723059055985,0.6673508511588294,0.9604717687570654,0.6098545577009191,0.9895633299334033,0.6162174859940275,0.984284560070189,1.0313445878538672,0.9499658263455242,0.49996996958842854,0.8896964218603737,1.0000991168415305,1.1552024177111666,0.8300103034012469,1.257676625864462,0.9801422250107561,1.0145950763553346,1.0845054722827632,0.6793747740133966,0.8535522507381046,0.902388170918628,0.9729375194725751,0.9982598380637187,0.7457835503404155,0.5778314832157024,0.7162862292669074,0.7253907898543355,1.0,0.8129888292341519,0.8336600777784642,0.9406992745887484,1.034921126053285,1.0098731748732763,1.0,0.980798979271994,1.0255050763824107,1.0467669668636257,0.9715282598481768,0.6831046593177473,0.5671025217267571,1.1828588728914633,1.03566422207929,1.0250305351346802,0.46812250997276383,0.5977031479883326,0.7936809641581207,0.40335219947118517,0.8360484081494468,1.1640568093754946,0.7672677686631973,1.181354199249945,0.9859625104166924,1.095854726412742,0.9154508215088569,0.9541104989229026,0.9984621032292516,0.9987801799146051,1.0,0.8228798535368869,1.0,1.0,1.0,1.0324038142546696,1.2289900377653777,0.6267627893487291,0.76624083894008,0.9040851785153304,0.934725983499999,0.9710287550335371,0.47846675792280435,1.0273974762689742,0.6418661166646891,0.4990476108516575,1.0317135355024007,1.045095335598643,1.0,0.971331091406586,0.9779909543731797,1.000662041910061,0.9631753578222437,0.8028889744743806,0.8061388498320292,0.8297642708940502,1.1473600058760307,0.9309539202807857,1.0,0.7610033140922277,0.9566793392413034,0.5324569374665407,0.8579307891067056,0.7882155316805064,0.879177297895126,0.7066860418690899,0.7003301886640305,0.8875129192846336,0.8711028033353413,0.7188022747977685,0.8072434945570373,1.0,0.7434761651124147,1.0,0.9115693526619421,0.8980564908556291,0.8049709091090059,0.8270616115688594,1.0044841747506876,0.9308940486858601,0.9675908878315459,1.2421809542892386,0.9696177233257804,0.8049750275131032,0.9502343257011082
2024-04-30,0.7110248668231207,0.6877802771775643,0.9449345363503334,0.9188979037320663,0.7387250696646981,0.9098464540410636,0.6976031806604146,0.9004445147912237,0.8873602376274738,0.7554274678937698,1.078534249305393,1.0255795589059258,0.7634862135501156,1.1297209412941545,1.005229804101508,0.7874816341828765,0.534307891329324,1.0031318094721846,1.0818822592435184,0.8805969229794465,0.8597747553788104,1.256470546207043,0.6811231574386789,0.9981163460329444,0.6947637353884994,1.0,0.9162534157154073,1.0,0.8115778360244806,0.9118879599294685,1.2586935668885386,0.6856935587861837,0.8775185258507137,0.9820243462156055,0.43769044223496534,0.8957637432686921,0.8878306249176625,0.9888895607967065,0.8499078706045081,0.9762501199094533,0.9125353576533999,1.0662889251044905,1.3543777341536933,0.8142686475643741,0.8780847939921329,0.6415508778215631,1.1054092768930794,0.693987147786906,1.0192507427940147,0.8987489703678541,0.985759852027929,0.6585255459892563,0.9427980694543491,0.6097739114311127,0.9976571371667687,0.6505705893076912,0.9548863776510483,0.9793761617767782,0.9553245816718771,0.49919979742183773,0.8692728657305492,1.000051145451129,1.1511612604026635,0.8323557268809794,1.244915355791305,0.9809139593404204,1.0085706125220257,1.0484770685841143,0.7031367506902155,0.8539288922265424,0.9146013686155648,0.9704018850931808,0.9577956013356747,0.7370591838708006,0.5663084003676313,0.692012484500535,0.7174042396328966,1.0,0.7872729014385134,0.8149315461107525,0.8963509007987158,1.0034598671746815,0.9818252022115824,1.0,0.9813222380353013,1.0250729776240564,1.0397129824667053,0.9708752354678817,0.6748759552212968,0.5754561825771723,1.1945607325977308,1.004032058287324,1.0213281944726695,0.4698128884768831,0.636110667006408,0.7922385741460207,0.40333729099040205,0.8125645381634966,1.15122250754839,0.7226853211348583,1.185760597844335,0.9889242585290797,1.0676101179077906,0.8910817110329162,0.9549649917626339,1.0026496619522347,0.9926850570714723,1.0,0.9037998700818108,1.0,1.0,1.0,1.0322296498450867,1.1888153029221586,0.6314519963640366,0.7723563539699136,0.9009531234826524,0.9206199845141625,0.9502257441948833,0.5031425548932041,0.992831309652516,0.6357068639610233,0.4816058316836175,0.9922434432115196,1.0025791018005283,1.0,0.9658628283560131,0.969199225775388,0.9936668609950008,0.9679676943967439,0.8294057186319631,0.7486680100396679,0.8282327735166835,1.1119177361442365,0.9240742202506376,1.0,0.760995571169323,0.9671014225100001,0.5287295336532613,0.8501610869147088,0.7668579712956485,0.8723469671560212,0.7066973699009017,0.7033768216204583,0.8816693101665499,0.872811927747341,0.7233824837575775,0.8086828061417928,1.0,0.7440243504318419,1.0,0.9092334123679687,0.8993551335110757,0.8241339144576821,0.8087717667766555,1.0042583693962002,0.922249596287268,0.994492817061394,1.220254117339529,0.9693650950003322,0.8038438878440473,0.9502694813011816
2024-05-31,1.0693434734899,0.6882712987225763,0.9477437212425924,1.0,1.463380466635695,0.9296392477106421,0.6966685641385515,0.9445501292143975,1.1115288254692186,0.7379469192946304,1.110274600457534,1.0194614212441353,0.7748232475256565,1.1368968978267495,1.0044161496953061,0.7040283645913542,0.5231757309300761,1.0073289455948753,1.1027171649254235,0.8805454804143676,1.098154369593698,1.2336694938094137,0.81054697881103,0.9863329426425808,0.6904573262898019,1.0,1.1566109059054912,1.0,0.8522221562369858,0.955795082581745,1.3997759902925546,0.6703119532421562,0.9506176360034854,0.9745148430364673,0.29446441635169696,0.8926649483790334,0.8979227888448952,0.9953543562379225,0.8430217508773287,0.9775498835499975,0.9096472450510138,1.0623812744126804,1.3362965890599576,0.7765087365688799,0.8790892913073858,0.7107199373295248,1.0821042910506231,0.7359458030490297,0.960232287370946,0.8975916052038251,0.998814246338305,0.6944695261467,1.0105374100924116,0.6234912526558123,1.0244370784679433,0.6536086506356037,1.4647039265425748,0.8832185972732861,0.947613797613489,0.49823916231473864,0.8791077191868071,0.9995698384655793,1.6956817677086733,1.7329239747236402,1.5515633016627899,0.9786123515428754,1.0088055635796342,1.0757697664741133,0.9549553890019362,0.8590170458055446,0.8975670257506552,0.9798669700515346,1.1311404148677524,0.6639081113026355,0.5620435179744913,0.8977460042854587,0.7164383012353395,1.0,0.791556944236728,0.880293238908669,1.1373538826913154,1.0212174705622916,0.9759158094433047,1.0,0.9813838112014663,1.0211977500180909,1.0523572760721842,0.9725619712485178,0.6619028902200109,0.6143636004977873,1.2796261216846114,0.9396326408993277,1.0226855249323072,0.4835817900950211,0.7869904208347502,0.7928058566227504,0.4025400818526095,0.8047278255183196,1.1570822386860273,0.779988554955183,1.1906581900229387,1.0004609696146025,1.0724086754820166,0.9014520010070003,1.0284749727521292,1.0756511090253074,0.9934727965388909,1.0,0.7972764886553971,1.0,1.0,1.0,1.0325435461414216,1.3281934858256397,0.6716159136592821,0.8820227134534184,0.9084725074529675,0.8808191731793427,0.9120191723489937,0.36326584895519354,0.9546601013188384,0.6678002054168177,1.0221880769916178,0.9368735282291826,1.0043920315537678,1.0,0.9675309104309671,1.0409679872573316,1.0712896079088199,0.9711827071168921,1.0131903899348664,1.1010020216122347,0.8401859122621849,1.1315813933051884,0.9277908937031808,1.0,0.7593206838457138,0.9625940194431712,0.7184314904730165,0.8511913262174717,0.7560585099836341,0.8896606398384037,0.7284216997967754,0.7056528915021802,1.0881166248933583,0.8571532503193823,0.7118219902196781,0.8112043219348984,1.0,0.7802773472357569,1.0,0.9249026980400633,0.9232587979907928,0.8531988224064146,0.8005752379336588,1.0049362473017158,0.9585899560414574,0.9335587404631802,1.2192619019946829,0.9689288993062237,0.79758836572832,0.9490587843427607
2024-06-28,1.0642000405169925,0.6889716380638732,0.9487914865148636,1.0,1.443453346721821,0.8795789006225398,0.696013620726601,0.9236911858284291,1.0991313287320692,0.7263992015163913,1.063949117058699,1.0322124745724932,0.897810001200088,1.0562144394383903,1.005592609927173,0.7159573058105082,0.5203440899813017,1.0069656376505773,1.0316128669442233,0.8805783909880824,1.0882158775517354,1.2177880664110536,0.8071421999059909,0.9968501302877387,0.6995423782822621,1.0,1.1569039874255895,1.0,0.8544594828911285,0.8737495784867665,1.4387529686651863,0.6590117320116698,0.917675302394633,0.9782109936020014,0.33635614629191524,0.902938456945835,0.829444658323171,0.9952790390911816,0.7651745804153314,0.9708009704348954,0.8951144523585818,1.0499415559713563,1.3867746559526397,0.7555972314478955,0.8752345526275341,0.8214872765069353,1.047835219347586,0.6274399732938198,0.9867524116618065,0.9069931415568651,1.017288960938747,0.6377486322015917,0.9544839284235541,0.6324787836062675,1.004648594089661,0.6602456180262766,1.4614318545241693,0.8805188184723644,0.9500950286868135,0.5090470892749278,0.9094078803007014,0.9991814946165359,1.6885218020020027,1.7293323185733467,1.5501047131940051,0.9876037662988569,1.0116863337498205,1.0746282249517722,1.0083562804940858,0.8491718017924417,0.8101264122617036,1.0008987720277098,1.1355769596773206,0.594847098032472,0.5544641990341435,0.9008715211310402,0.7138051199193695,1.0,0.7585904408796124,0.8952542923575167,1.130843528041209,1.0597261247842895,0.9888901611224303,1.0,0.9793289716322772,1.0162929815787127,1.0473459198128006,0.9971126749153217,0.666592935170548,0.6363914452538387,1.321879586211921,0.9569592141059641,1.0253021012994403,0.4807759329402861,0.7880387936575143,0.7970657698919458,0.4022496198019103,0.843718819136099,1.2063476156284842,0.8110018031105318,1.1915577047089643,0.9976737576277805,1.0723354812540031,0.8977715829115418,1.0274953215577527,1.0654125991767476,0.994344560972104,1.0,0.7687059126507105,1.0,1.0,1.0,1.0324946869297225,1.3319022711923356,0.8670634800116821,0.8853268776006603,0.8794998957285278,0.9210865777141927,0.9477108080636888,0.364473445125126,0.8044474532792911,0.6690599234997134,1.0638211257113088,0.906446573073558,0.9593772669671962,1.0,0.9497758323643856,1.042545658141697,1.1037387342102942,0.9794850145518685,1.0350443583464162,1.0886777385361235,0.8493912203144349,1.1269691005819111,0.9228177442090247,1.0,0.761023212167278,0.976572095120169,0.7560574004455913,0.8150992826357568,0.7534393682283664,0.8584358556829551,0.725496841510145,0.7109327755959516,1.0621579981332556,0.8929546926042852,0.7638283247574214,0.8124275570049487,1.0,0.7657755941057368,1.0,0.9212884258280916,0.9172126432793559,0.772557029327399,0.8019244942214074,1.004948606810091,0.9648439405667453,0.9695996879194795,1.2045608275777102,0.9703643441623073,0.8063957470301473,0.9516512963301595
2024-07-31,1.0766040516432918,0.6751318914126918,0.9519192229651257,1.0,1.3986307190373335,0.8948629866538965,0.6955211026424195,0.9078522904031533,1.0947108264798673,0.716257112559902,1.0428591629171393,1.035832680611831,0.9268666560256933,1.0654418259523533,1.0059798436895158,0.6888567054232051,0.5095911011740287,1.0060123455877943,1.060986836202451,0.880635662883206,1.109207782470067,1.1816721711397995,0.7813856739223917,0.9564302350728161,0.7008912891553241,1.0,1.1572723900187794,1.0,0.8559388939330445,0.8743483654923234,1.4816342101497693,0.6422257179845339,0.946600186781668,0.9768911640760259,0.2520495367817538,0.9188428049007018,0.8263308467653688,0.9940330373564743,0.7876346835769528,0.9755828949164802,0.8992839003377567,1.0395347641187682,1.3864877565293294,0.7478239080067066,0.8831028486934259,0.7668071900509141,1.0298670065193212,0.5993860232316988,1.0212982900299805,0.9095929151140316,1.0059503264610548,0.7735869267838567,0.9603383871844825,0.6756075277466902,1.0556295644483178,0.6278831286412242,1.4607430470077714,0.8766805437462942,0.9491129938625569,0.500763226435067,0.859544326302891,0.9991539496413335,1.6981621805203826,1.7403455841313096,1.5563363541587352,0.9884748064912207,1.0184345880410288,1.1033744223521191,0.9759055584654407,0.8470418413553497,0.6891964450032388,0.9984126783411685,1.1341758579044305,0.5449196468277647,0.551583757943879,0.8972098001470435,0.7177795341089148,1.0,0.7439897777305187,0.9236229442056962,1.1359758591208606,1.0565434651636814,1.0194427366479495,1.0,0.9816329764002611,1.0218850030571722,1.061685386338242,1.038918886304059,0.6698932279066594,0.6394668175086338,1.2911769639215618,0.9998973292638333,1.0285077065277122,0.48777846934514546,0.8026698272664488,0.7959443011684335,0.4031730193022911,0.7972967097219748,1.280878173689699,0.7205306209723167,1.1987678544994753,0.9982529639414284,1.0762653112706835,0.8919106913521606,1.0370360845807274,1.0650929344562907,1.0130131678609113,1.0,0.7160961925764253,1.0,1.0,1.0,1.032377401433311,1.3245615864262454,0.8198760689952302,0.8493905955325876,0.8752583409531469,0.9561137267928005,0.980605825498609,0.34001878858404244,0.7850804393475715,0.6872737529402171,1.1208614106781898,0.8800119344521566,1.0535615965469707,1.0,0.971241497702467,1.0799552654017353,1.125560527179968,0.9773092964691144,1.033494782668629,1.1036534982017219,0.8551076990372682,1.1396416586616076,0.923031507315941,1.0,0.7660138424284365,0.9866973556091303,0.8053700789153413,0.8166948858696838,0.700925165519572,0.8658724476992032,0.7218317186213965,0.6973195407630048,1.049994773280315,0.9076046490565718,0.796932468242951,0.8139142153580918,1.0,0.7878266685859642,1.0,0.9358721995189538,0.9118697687301268,0.7771845182557522,0.80059021910421,1.0052345331851715,1.0373468057008577,1.0206539377761001,1.0369165760075867,0.9717057863668883,0.8141382064574149,0.9531293442675114
2024-08-30,1.0786221051623073,0.6982244103364714,0.9425106886460703,1.0,1.4014490907127235,0.9366761144567222,0.6956406938202607,0.9042186205938341,1.0962092767985605,0.7217961527041286,1.0407857928026916,1.0342693551496336,0.942026477911678,1.0669881401783259,1.0061277673920968,0.6768301194847797,0.516250151578269,1.0039749913732503,0.933451891647235,0.8806014212972436,1.1131847750813597,1.183126404926644,0.7972534808755426,0.9620363712202709,0.691857705002189,1.0,1.1572568652757853,1.0,0.8503897760270721,0.8731937231362549,1.4785042035683909,0.6349969018067996,0.9692326224689322,0.9731247097553124,0.272739051283284,0.9174164839885993,0.8114355709790322,0.9951039039165436,0.7652200014272985,0.9760692982021848,0.900281927722082,1.0481407023122935,1.3568142641446246,0.7464335545557093,0.8842943348212413,0.7362098537239843,1.0277633856632884,0.5946150727560714,1.0234107124269163,0.9161550425767311,1.0155616045100904,0.7047633865406773,0.9237229639321869,0.6768419480528388,1.0586383786631413,0.6279744167720961,1.4605792081714999,0.8162805202803376,0.9470989181045084,0.503258081120397,0.8691175398062714,0.9987130367711535,1.69532311617506,1.7396435258229141,1.5552593464572175,0.9905002679022299,1.0183419250392445,1.0875325914558323,0.9535364339895966,0.8539198143132746,0.7059152771921977,0.9912989695263601,1.1311190484395564,0.5244722485982936,0.5513397580725881,0.8993630220606905,0.7291338640204059,1.0,0.7436732039497992,0.9242995799360281,1.1409846937872161,1.0856162653177457,1.0024510441004995,1.0,0.9837808308013354,1.0242024932623806,1.068448337819935,1.0203359035188597,0.6968606604104945,0.6166675844614209,1.3098134890250699,1.0863489439633638,1.0270851696709031,0.49489534884933684,0.7740720249257143,0.7997445735298457,0.41623590389047893,0.8722004228122912,1.2857103026375316,0.7876693612480821,1.181517146306096,0.9987046515963779,1.040584275805441,0.873807396876409,1.050489423691651,1.0628955035861753,1.0128120173710362,1.0,0.814851445365466,1.0,1.0,1.0,1.031281453401335,1.2851578966782662,0.8077817930196101,0.8641426490677384,0.8814137595283883,0.9362809198534888,0.9637055711416134,0.34542211539871504,0.7224686637902632,0.6815254943064474,1.1171844821749166,0.9083251657425354,0.9987078332814496,1.0,0.9567138767464702,1.0957008084039657,1.1372685392276018,0.9832931411242795,1.046820340085297,1.098035918869711,0.8467858488310579,1.0938627062405566,0.9224157517492088,1.0,0.7654439703578068,1.003187263484546,0.8007653768066818,0.8206185323302474,0.7342303638461884,0.875146513011019,0.7240406753731314,0.7051579345854841,1.0355575906177947,0.9221997027072585,0.800256385979928,0.8118225527168283,1.0,0.7572981837759357,1.0,0.940914205243168,0.9208468445535793,0.7677249882927831,0.8010952738724691,1.0050211737424792,1.001615711250176,1.030832036460392,0.9973971188296336,0.9720746893282278,0.8105077867005552,0.9537030253589823
2024-09-30,1.0535283792760244,0.7028188321363906,0.9422356233471918,1.3955943788982808,1.3965830774146717,0.9711055530826593,0.6971641388067011,0.896023136987661,1.0979617846876708,0.712353940202678,1.0437557837242848,1.028813632247965,0.9647146893632693,1.0471096387033545,1.00549713607242,0.6879469687785953,0.5175362439975015,1.0017611896374568,0.8332111585362152,0.8805679453490182,1.1192130960322892,1.1121180117672356,0.8230395170871221,0.9949306610875971,0.6933721126278529,1.0,1.1576980774809296,1.0,0.8586964434015895,0.8606601417206827,1.4526565036651653,0.6202516193556766,0.9716230398096007,0.9696495355677546,0.29052279668658365,0.9488916174250209,0.8421231078521865,0.9959905780815386,0.7486525681119138,0.969148384038013,0.8928783756346053,1.0309975282878734,1.3528409346851356,0.751896068975295,0.8836923997905167,0.7133392136015393,1.079471767460836,0.49957153689015765,1.0761899279164637,0.912302394956697,1.0189103881910153,0.5484131808612327,0.7830124623318019,0.7029406648588856,1.050231777178629,0.6823812297887087,1.459453084019921,0.7919283380398775,0.9465026790314248,0.5014175546836797,0.8344870627696195,0.9974909197569245,1.692004430126996,1.742459283364239,1.5560501840967076,0.9907745070081592,1.0202463471739627,1.0793532324550943,0.9477332331557073,0.8675236426334273,0.7556241786071408,0.9965410146424749,1.1185014663776116,0.490736196709453,0.5501607160278545,0.8856254540112455,0.7417147615429465,1.0,0.7165218778019291,0.9448108426620588,1.127070204674123,1.1113943497829912,0.9959355380148402,1.0,0.9859826900098217,1.028581755447106,1.0788819435923203,1.0182182522758019,0.712681340762244,0.6145454584219423,1.2942586249921806,1.1048542313328011,1.0273184866685892,0.48442279942181243,0.7614143784838595,0.8086282652552798,0.41514525919171397,0.7710954762712058,1.3222277243780827,0.7720337136366691,1.176667189318115,0.9975090955524745,1.0238156035942787,0.8665610170212279,1.0360360067061143,1.0525906710627624,1.0125855895985603,1.0,0.8362388249013059,1.0,1.0,1.0,1.0284345770720649,1.2596084604815312,0.7890224072370384,0.8623295023482889,0.8804137194937502,0.9336909077227251,0.9603528811422346,0.33742363353414173,0.7338586184285287,0.6842418185706215,1.1648869853894104,0.9361824386178013,0.9866480359368549,1.0,0.9756789339840983,1.1018446204927037,1.1420038970915984,0.9894802696252274,1.0607909131644835,1.0812728358917256,0.8494953584763076,1.0616001409973035,0.9358375794907776,1.0,0.7820141720770233,0.9963249432548856,0.7280717629379612,0.8257520129487136,0.71679319040032,0.8795536252498316,0.7299088180587414,0.7241431177916249,1.0044586521599388,0.9178775355391581,0.7859844963508537,0.815391468343591,1.0,0.7399585924600298,1.0,0.946333888654635,0.9185833112400894,0.7866991072713583,0.80821687254674,1.0045821288623833,1.0202589094786019,1.0224411312891002,0.9414370740716251,0.9709304372887804,0.8072662235344752,0.9514348217737963
2024-10-31,1.0457378752581377,0.7070518712753837,0.9413918805337093,1.395593237419348,1.3813864067557668,0.9718592661309282,0.6967150803490614,0.8925232745079671,1.0920369827024385,0.7161627323843753,1.0563706473441494,1.0220086423116315,0.9460965239648473,1.07855689891901,1.0044745735966958,0.6964133811370178,0.5213597853188912,0.997017970263644,0.7036777726445271,0.8805476887988687,1.1417330455175367,1.1228884890635276,0.8428085235532057,0.9655352913033828,0.6914820767545,1.0,1.1577515402226324,1.0,0.8492242330552008,0.8572756965503703,1.3913523473044123,0.6234821703100369,0.9903043695904223,0.9684961907434472,0.41011078428063974,0.938998239651388,0.8117558129893052,0.9963718283577881,0.7428923249048001,0.9668114354603723,0.8823818522629086,1.025780426690532,1.1372664101381675,0.7448638136225454,0.875723578865544,0.6786479968609489,1.0845248387572257,0.46933415485589214,1.0594820729789114,0.9154556530197093,1.0294976267996876,0.48527692016994195,0.844103502635256,0.7346034498093472,0.9859656123137028,0.7216844609292756,1.4588809335480581,0.7729734972946743,0.9466179823406579,0.5120292535715161,0.8364503275021666,0.9976107179787862,1.678369816260402,1.7358151948482237,1.5499050914748103,0.9919605060304092,1.0182100839885424,1.054233438629875,0.9688218089035517,0.8785684615508013,0.7244683550215689,0.9938751427855577,1.1104221660304718,0.4813144971871456,0.5497958231098603,0.8828937603441384,0.7126283124844871,1.0,0.7115041220983747,0.9626326783151959,1.1206850354844757,1.1349226812914244,0.982189727256122,1.0,0.9860919185325874,1.0302459571784643,1.0782906537882044,1.0562549929629428,0.718635129924716,0.5974546697692436,1.2237014639450907,1.1634590490595222,1.0295852920954667,0.4787343472483562,0.7566379053646926,0.820751153035591,0.4266224276104318,0.7932785191267877,1.3239526926496388,0.791254005935182,1.1266592253644263,1.006025723299511,0.9952595553089573,0.8570957737035568,1.012338823622888,1.0484497145276712,1.0121554549394634,1.0,0.8163295507341602,1.0,1.0,1.0,1.0209665183150385,1.1454018484886581,0.6596051278651593,0.8899557970470549,1.0,1.0,1.0,0.36911889195220215,0.8499240914313425,0.6870456985959494,1.2306926470514294,0.8477817564224005,0.9621825104584668,1.0,0.9905215452616891,1.06435589869775,1.137929338469203,0.994989710498936,1.0870386455646992,1.0631448039504052,0.8519580883474713,1.033330938654711,0.9236304430161232,1.0,0.7785711606774811,0.9863437077711663,0.7581838527502567,0.8612030435144291,0.7773295548166759,0.8822738534983913,0.7275499233743691,0.7375016808620332,0.9954847151396022,0.9035740891489175,0.7644778722408101,0.8100062829189212,1.0,0.7324978075300242,1.0,0.8990684058330846,0.8689537621950743,0.7465944055898908,0.8094759702274275,1.003641838419012,1.1013053817637237,1.0118661858917788,0.9263746188374992,0.9702542475019198,0.8045660302481217,0.950227221829663
2024-11-29,1.0346467357337337,0.7424980292739606,0.9443403122492149,1.3955904914087465,1.3664442097791616,0.9489866068430928,0.696242282030918,0.8804722782619716,1.0548035477072462,0.751149350482619,1.0939128644377814,1.0196177141112486,0.9281892679723334,1.075339403246152,1.0034636289731944,0.7599302015899809,0.6658527063154542,1.0004521629852858,0.6768855967694462,0.8805559273219351,1.147229412133559,1.147983442174568,0.8345685543968139,0.9327473651417317,0.6918492652543977,1.0,1.1576850469126265,1.0,0.8371060162480284,0.8566316630656164,1.3932481572751723,0.6585790881239572,0.954701477957526,0.9683769783712257,0.6001439577452328,0.9351569616936095,0.7918496443235763,0.9962654998862563,0.7432497766275357,0.9749705182366154,0.8837565780079275,1.0632272076429938,1.1712749326011052,0.7398863142941092,0.8751524692838638,0.6585437138248593,1.0566873302613426,0.4593868471537321,1.0426798174090248,0.9171323470102405,1.029659298134574,0.5339569378174658,0.9028050855379925,0.7662383340073748,0.9663063584764467,0.7809015826396339,1.4540015698515658,0.8077021664254711,0.9480797942376545,0.5119624365437687,0.8403273861617419,0.9995123257639822,1.6789796329676823,1.7334327660311344,1.5462465756156751,0.9872137450550336,1.0188510208449082,1.0558669807105079,0.9802204203601882,0.8634164400468842,0.7194599245783653,0.985862982284878,1.0993859092546436,0.4785951009014704,0.550636429872839,0.885967680581458,0.7123536823109685,1.0,0.8243203811904445,0.9475327776727692,1.110437386634632,1.080962284066428,0.990088745462884,1.0,0.9852040109471257,1.0281797104913761,1.061504838398833,1.0545981809691636,0.714542053300965,0.6286588783650036,1.2676187045941265,1.0526751591592929,1.0258598985634755,0.4751256271827352,0.747876831807345,0.8146677088910559,0.41842696672922897,0.8484358453484283,1.292357744767855,0.95746381729198,1.1453552880467883,1.0171868567240314,0.9808147946787544,0.8524181895079698,1.0338093540257383,1.0780507246443656,1.011174831107836,1.0,0.7196581114074128,1.0,1.0,1.0,1.0165270082970073,0.9938011470671128,0.6461980517172746,0.916093111354867,1.0,1.0,1.0,0.3856347811442298,0.7322065893196262,0.6976022335108648,1.3160886508723035,0.9670180756590951,0.9182439736415903,1.0,0.953259267256317,1.022865869442908,1.1196145227549619,0.9877679229787629,1.0867859664642538,1.0538664497136738,0.8427867771580768,1.0046884850094253,0.9139151222805536,1.0,0.7771749130466201,0.9884425707707669,0.8901032275175877,0.8318418760165625,0.8060316144888195,0.8727668610858117,0.7656658552240796,0.7694175731939542,1.0423644192819264,0.8871677575955179,0.7417222137613653,0.8099391794151178,1.0,0.7341348483902632,1.0,0.8938562688678102,0.8653816046009667,0.7433352724375235,0.8073808393420632,1.0034960381448457,1.0618635223383477,0.9739508215282673,0.9754345657713039,0.9700924006684161,0.800772336002612,0.9499589684623986
2024-12-31,0.9888809402144841,0.7259319110510936,0.9458315414644121,1.395581948492423,1.3284031280570407,0.9842870765766948,0.695526480950422,0.8610292633079195,1.043977734102694,0.733315611796557,1.0508317022804339,1.0325130551209405,0.9647484847620724,1.0047511399255133,1.004497117615658,0.8182734680887914,0.7302225309194432,1.0080041929421455,0.6734902586622062,0.8806369590190036,1.1390769806267496,1.1837969414894345,0.8667361426315616,0.9221632018387261,0.7005466653997088,1.0,1.1575713783706099,1.0,0.8317910484534643,0.855989938931513,1.3417866695552176,0.6823505542563509,0.9315611291900372,0.9736953306727989,0.690766113561595,0.9259310419770561,0.764075309498558,0.9978102530691448,0.7441401472440126,0.9753541630578619,0.886061487692084,1.0581984207179456,1.1979010089520332,0.7260036234396191,0.8764078440398366,0.7341949216534613,0.9912079567760667,0.4208698866816226,1.0400627308271315,0.9013664177933016,1.0262020955369664,0.47712114679853146,0.7990485951503851,0.821810767904824,0.9594728833592793,0.7298819452130689,1.4512508877309926,0.8232907924862889,0.949460267537603,0.5013299810093679,0.8539752993784265,1.001018628093065,1.674623488258021,1.738710962850048,1.5514248603905991,0.9922762465403386,1.022479866039563,1.0745271560466108,1.0691958606516212,0.8590407726717331,0.836266253491847,0.990620457228301,1.0779202325531123,0.48572844890401534,0.5506953784576769,0.8850709649265508,0.7120217457816926,1.0,0.7827769190561586,0.967464912307103,1.0794026558225847,1.044382397784442,1.007271456521962,1.0,0.9836990280434234,1.0302983174875846,1.0599975596455187,1.0645180789630955,0.7267384582728045,0.611751239172341,1.2979631994347376,0.9974173072689467,1.0288248519306777,0.4791931407055584,0.7529014585786742,0.8037504551528903,0.4285190322391722,0.802475524879263,1.2565358648288347,0.9981309192835954,1.1421427512704354,1.023763795551491,0.9799705697308185,0.8679939901178435,1.035535783426345,1.0816186092312978,1.009898742087422,1.0,0.6935692698668301,1.0,1.0,1.0,1.0154024521681237,1.122546223412812,0.6387797630384477,0.9258394960573115,1.0,1.0,1.0,0.4139364715934638,0.8719581489768263,0.7012116330568876,1.2133599572672504,0.856868573107964,0.8760314008982002,1.0,0.9634209532329261,1.1204409443272603,1.1298398951422022,0.998004814985119,1.0862826175810096,1.0184718775976458,0.8442358853132428,0.9836339435187619,0.9385873732342812,1.0,0.7850630040944125,1.0187208271938064,0.9069177165876678,0.8035825846336394,0.8417754734953967,0.8743779147814095,0.7858672666548072,0.7529081811615754,1.014270980177769,0.9129824725308804,0.7594412685776967,0.8086777071744619,1.0,0.7357182565467852,1.0,0.9244806867349268,0.9101580440757164,0.7294894673451588,0.8024528218961802,1.0035006934999757,1.1080406908280098,1.0082955377191183,1.0725246280473357,0.9712582757475643,0.8175805151507266,0.9524896427668379
