date,AM,AbnormalAccruals,Accruals,AccrualsBM,AdExp,AnnouncementReturn,AssetGrowth,BM,BMdec,BPEBM,Beta,BetaFP,BetaLiquidityPS,BetaTailRisk,BidAskSpread,BookLeverage,BrandInvest,CBOperProf,CF,Cash,CashProd,ChAssetTurnover,ChEQ,ChInv,ChInvIA,ChNNCOA,ChNWC,ChTax,CompEquIss,CompositeDebtIssuance,ConvDebt,CoskewACX,Coskewness,CredRatDG,DebtIssuance,DelCOA,DelCOL,DelEqu,DelFINL,DelLTI,DelNetFin,DivInit,DivOmit,DivSeason,DivYieldST,DolVol,EBM,EP,EarnSupBig,EarningsConsistency,EarningsSurprise,EntMult,EquityDuration,ExchSwitch,FirmAge,FirmAgeMom,Frontier,GP,GrAdExp,GrLTNOA,GrSaleToGrInv,GrSaleToGrOverhead,Herf,HerfAsset,HerfBE,High52,IdioVol3F,IdioVolAHT,Illiquidity,IndMom,IndRetBig,IntMom,IntanBM,IntanCFP,IntanEP,IntanSP,InvGrowth,InvestPPEInv,Investment,LRreversal,Leverage,MRreversal,MaxRet,MeanRankRevGrowth,Mom12m,Mom12mOffSeason,Mom6m,Mom6mJunk,MomOffSeason,MomOffSeason06YrPlus,MomOffSeason11YrPlus,MomOffSeason16YrPlus,MomRev,MomSeason,MomSeason06YrPlus,MomSeason11YrPlus,MomSeason16YrPlus,MomSeasonShort,MomVol,NOA,NetDebtFinance,NetDebtPrice,NetEquityFinance,NetPayoutYield,NumEarnIncrease,OPLeverage,OScore,OperProf,OperProfRD,OrderBacklog,OrderBacklogChg,OrgCap,PS,PayoutYield,PctAcc,Price,PriceDelayRsq,PriceDelaySlope,PriceDelayTstat,RD,RDAbility,RDS,RIO_MB,RIO_Turnover,RIO_Volatility,RealizedVol,ResidualMomentum,ReturnSkew,ReturnSkew3F,RevenueSurprise,RoE,SP,STreversal,ShareIss1Y,ShareIss5Y,ShareRepurchase,ShareVol,ShortInterest,Size,Spinoff,SurpriseRD,Tax,TotalAccruals,TrendFactor,VarCF,VolMkt,VolSD,VolumeTrend,XFIN,cfp,dNoa,grcapx,grcapx3y,hire,realestate,roaq,sinAlgo,tang,zerotrade12M,zerotrade1M,zerotrade6M
2002-05-31,1.0682808612601618,0.3409222565897706,0.6615267044621428,0.5691292455674126,1.4596255016459094,0.8504944095102878,1.3489350559554085,1.33366637841699,0.9565754949812091,0.6649863456286376,0.9936294916306051,1.277453055097269,1.1990421530764588,1.0359646526001587,1.0795436968715102,1.4065530985863974,0.9093093719345882,1.5646847632449186,0.9216072976948215,1.0,0.7909129027417013,1.106115020366374,1.5501547007822452,0.7028436042973468,1.0,1.2943210821046351,0.9798219032487797,1.0128121370806744,1.0266589257443444,0.84836207674529,1.5601381371105325,0.9340551477268264,0.8809161461808291,1.0208279657021455,0.9966981301939143,1.089918916741172,1.1745191349149233,1.450172263289744,1.2807154946591641,0.8064815108229102,0.7133244387135282,1.2564203394135276,1.0,1.2779339866999584,1.1370945338532046,1.211497156219335,0.9107973525782775,1.0836480954368277,1.0,1.1344094559384201,1.0,1.3587071221507887,1.4583717964019478,0.4946311797269801,1.10464260160974,0.9616795224383543,1.094498852958658,1.4951737761313149,1.1518079005328004,0.8705409641391395,0.9566662100644725,1.0,0.7393991340525241,0.7050566339858657,0.7614853940190822,1.343427648071411,1.0764797270424569,1.0668313989396159,1.2636315554985829,0.9487965261580484,0.6573345591657951,1.0871508915694688,0.8822905135072514,1.0182044909187022,1.229516316752043,1.097333690274057,0.5791292997420407,1.2789207852630695,1.0,1.258560279740696,1.0783945915106348,1.416623053365081,1.1040913133290426,1.030575467267025,1.1520787825855976,1.0525154262565959,1.1288807816367474,1.284206064437236,1.3801974765619927,1.1124226539643056,0.9666719698130671,1.1416230011636328,1.0752347811988245,0.8822070155417906,0.5114269554734387,1.0387351843344863,1.2448748023081484,1.0873514487886056,1.2764818879360122,0.7301249377148397,1.0,0.8114923909318317,1.0581748840761482,0.9904620790843762,1.0,1.000958043819246,1.1162018253337973,1.1129467710016783,1.46541117807659,1.0,1.0437110038243154,1.046053344785457,1.0018458054396846,1.4352302533314276,1.068834200488897,1.3192006976448654,0.8853169176409396,0.6591689812928148,0.7570274657253854,0.4779838562096148,0.9633464431849726,1.2160540732008673,1.066404766806515,1.6664593667764203,1.7011656193367943,1.090973861608295,1.076042104796922,0.887006798959668,0.8976524960982827,1.132893420166698,1.2789776576174023,1.1066975712225848,0.6949560860203359,1.1692592543501639,1.0077320160281136,1.0,0.9060149004341884,1.0,1.239000845052241,0.8085478212750595,0.887368567149782,1.0535299769068813,1.105437817172125,0.6677450977167654,0.9998483719355724,1.2648438715999064,1.044532309460822,1.1417128475501614,1.0208436915857446,0.8671586819100213,1.2901651660655493,1.1353489924010236,1.0965971380455373,1.3911749513339613,0.5902052828556015,1.0,1.1006796636689555,0.8076623805471856,1.2540513489344716,0.9570145501606381,1.1849328617008499
2002-06-28,0.8909185206371454,0.33846553880624053,0.6615263885052262,0.5589374337395414,1.4583325150993272,0.7851579209615311,1.3488225179886175,1.3299920818864694,0.8266522768663019,0.6606304647012868,0.9529110358956039,1.251451914721477,1.2003110257313858,0.9970923809922495,1.0716354119017122,1.4041940007025104,0.8750618999549737,1.563231339463826,0.8580761552197156,1.0,0.7628167457285728,1.1005327817448345,1.5510001091774654,0.6988727132929844,1.0,1.34980475234868,0.9897914672802117,1.012821880362446,1.0382241407552972,1.0395263150000347,1.5603532084885265,0.9222698201876987,0.880890952034269,1.0231985718117629,0.967568043243174,1.144404625117096,1.155756882881032,1.4504535302223847,1.3044358405730525,0.8075543137073481,0.6862321908099492,1.2228050122811027,1.0,1.3403032915079809,1.101109126797247,1.1836764680261735,0.896833346495379,1.0373887465160583,1.0,1.1339662121726435,1.0,1.3278985680443043,1.4117168446901893,0.4879096104494076,1.0001597803845086,0.7769591022369345,0.9989640155338986,1.4978468055618788,1.1486493622049747,0.8688802929519619,0.9142634014173616,1.0,0.698070481160922,0.655978072176642,0.6871456602575958,1.3471498202855712,0.9899120738325687,1.0748320092526418,1.3601377815141629,0.9114768602700493,0.6519895652856056,1.0436631154935985,0.8233785327827041,0.9699039816462327,1.2289496604832766,1.0872022023369068,0.5619368417530536,1.2785912259249566,1.0,1.1991702193350917,1.008769384145726,1.357003682324514,1.0610040648093289,1.0261306539433448,1.1247856290177034,1.0179333298599795,1.0342404838707442,1.2843110801005084,1.318879304808044,1.1426627141578856,0.987716542677258,1.1452232253867711,1.0434687816197588,0.7720417139714415,0.49614587725630044,0.9764420713592714,1.1919418662965084,1.0917586038613096,1.1730240174755828,0.6796688822568698,1.0,0.7805145198825728,1.0283270479795628,0.9823290745429532,1.0,1.0008976187416865,1.1174327234363115,1.074949072864294,1.465407249675251,1.0,1.047182489597526,1.0577349677444559,1.001845805442012,1.4353110184533087,1.1356967758035685,1.3245092532293552,0.8834269799024017,0.9188348294920395,1.0039062972686097,0.4315468577374598,0.9666744585938035,1.2983488300239079,1.079333894863376,1.6669724892497095,1.7032388318788456,1.0275112750971358,0.9909558113094863,0.8936197603258859,0.9430659253715028,1.1326821378262362,1.2600944745698046,1.0490748168164103,0.7192141245476698,1.1309819177288911,1.0076389405070785,1.0,0.9064236317157666,1.0,1.2097675401759407,0.7787351930471534,0.8803470478628764,1.0449496629991288,0.9406694531273038,0.6365707951741847,0.9949658326573343,1.2732807289751074,1.0457586399796617,1.1484073395514816,0.9498443346583992,0.851216759163661,1.2908653909835386,1.137540367491933,1.102066090459529,1.393965244316949,0.5695873515887868,1.0,1.0230978581545511,0.7636887527883929,1.2438817492456735,0.9065272269207046,1.1272610630014992
2002-07-31,0.8301170902404984,0.33847347445275344,0.6615263699657603,0.5647781191467485,1.3939124022276306,0.8298309327086388,1.3485712380056136,1.3238009203465702,0.7862657129659083,0.6609203221485329,0.9899626831925975,1.2490128101166582,1.1749087863807344,0.9886130248633473,1.070496969377559,1.3984203303262353,0.8944158587392245,1.5393248141267253,0.8342766282153464,1.0,0.7579815065223278,1.1062915288716466,1.5495648733067313,0.6997766097088787,1.0,1.3218601009846938,0.9569369975601846,1.0128278040791718,1.043567302553303,1.0804074278395261,1.5603622182999648,0.911960428093125,0.8809270319204854,1.0210136602560422,0.9840127104840418,1.1038867279518463,1.0748397475360152,1.4500696487423068,1.3066147533034398,0.8065196063338941,0.7838247697631495,1.2304391964791235,1.0,1.2707815625733494,1.0838941226686978,1.1822253851021811,0.897769476832105,1.019530337499636,1.0,1.1333096382085113,1.0,1.2827929097439297,1.3861493071840276,0.48766909907531164,0.9886032700941318,0.7447080598602798,0.9846504019736618,1.481604295328726,1.1359294179469301,0.8692280167846983,0.8819581048362415,1.0,0.7108237661076766,0.6630441017123156,0.698492593705398,1.338710167014388,0.9723926401502896,1.0630743372619338,1.3651135925471425,0.9157761508147899,0.6523888701859217,1.0546015129411284,0.8021397018806514,0.9493045933305554,1.2279710569957494,1.0815119780449571,0.5652991665556062,1.277591507556179,1.0,1.1295663786406722,0.980577667182666,1.3402538503077308,1.050313176237723,1.0276345367272655,1.1125656794499146,0.9806458118098746,1.0203216612692678,1.2811909275098328,1.2505361462216633,1.170724112247028,0.9794136081631285,1.1448835786338254,1.027994726168388,0.7848826263864759,0.49719685442226313,1.003118430404087,1.159751206286832,1.0726114511936047,1.161039076880798,0.6621858461712917,1.0,0.8164005043253451,1.0190782069135798,0.9458455546954156,1.0,1.0004220139009588,1.1141734885012338,1.0549611460358328,1.465530339604626,1.0,1.0496290965709822,1.0493740973156462,1.0018458054331956,1.434436786732669,1.1383135623778387,1.3268901914668159,0.8857892699636456,0.960839582997907,1.0147199424495739,0.4332032039345389,0.9660966673643279,1.2651928296801507,1.0907511939430072,1.6660630546009718,1.7016875933669078,1.0070970279387073,0.9931565334426156,0.8784250288199669,0.9032168930942492,1.1254490062438591,1.2179588558439367,1.0223730269873086,0.7089985687798007,1.1059512630364188,1.007536142643835,1.0,0.9064370687625021,1.0,1.2293313358034101,0.7772911755260007,0.8776696478236127,1.0290560032574396,0.7886098188350295,0.6333228008660873,0.931748184073522,1.2551585209401286,1.0452857199078727,1.1458931728946498,0.9063976362754815,0.8454944613541617,1.2881967434810568,1.1370660433899091,1.1005678893792965,1.3744157047896532,0.5613039430614428,1.0,1.2038430311770134,0.7739771396889477,1.238520302072321,0.8975690739098731,1.1157065356952085
2002-08-30,0.7663723963071488,0.33872493987875774,0.6615263445842232,0.5510926222906298,1.3601451863101792,0.8089056905981872,1.34684542253793,1.3113322274367056,0.7207382936171622,0.6615608620151299,1.0018382163736268,1.1868123959437158,1.1570461032565067,0.9844431175390962,1.0668218462641303,1.3942435364566328,0.8882659360479008,1.5295736728576088,0.8213775317080875,1.0,0.7545794096989378,1.1132003933098618,1.5452831808429304,0.6976717045444429,1.0,1.311370955654096,0.946897954882272,1.0128243130437369,1.0438925006516413,0.9900810814030183,1.5603151686315093,0.8958172805211077,0.8810635869310188,1.0207563189005646,0.9924523605809992,1.0522318215357234,0.9940692130203838,1.4483000114685178,1.2927431124775044,0.8057371507267521,0.7889716863992373,1.1598551975310583,1.0,1.2390219114532146,1.0272259494564557,1.1276504131558216,0.9074766036192322,0.9983129461341993,1.0,1.133307254538964,1.0,1.1933027684761999,1.343564415340183,0.48843161491948084,0.9793528060235384,0.7036180570422301,0.9230635170960587,1.4580987792917524,1.0596101301419454,0.8692915767759608,0.8957542115860588,1.0,0.713938521358398,0.65498895331099,0.6805561186368879,1.3131351799550204,0.9497594334460909,1.04449702206718,1.3061973554991835,0.9089279604352247,0.649868604215861,1.009083719486741,0.7838396268635309,0.9167480620056794,1.2230962511723313,1.0434383806619025,0.5162019126437505,1.2729559623556839,1.0,1.0770816849290468,0.9497469206667796,1.302722347598966,1.028586250814262,1.023430041538738,1.104775986336859,0.9427621448672703,1.0137258939916989,1.2740685613643588,1.169432508456984,1.1615878832321664,0.9751492436131738,1.1294681163639193,1.018230778039534,0.7907093571315521,0.4971598108400559,0.9910562816933423,1.1604880982132635,1.0774116014816502,1.1560292158836591,0.6264416753528443,1.0,0.8240794172590393,0.991339859218887,0.9072162755454432,1.0,1.0001018701523112,1.1093065739888588,1.0425317987195486,1.4649793120523693,1.0,1.0519460982188618,1.0154514415126894,1.0018458053687984,1.4325139691003,1.091104913708949,1.325119897464646,0.8889916564375728,0.9458203702724269,1.0018237169606241,0.43657668736805955,0.8917362675487996,1.179952642391449,1.081516129928102,1.6635820967635366,1.696505701075513,0.968051456219329,0.9921252029439905,0.8811743267236618,0.9050343542701778,1.1257192312739603,1.210765659699222,0.9890380742019891,0.7330141382323541,1.0677916795811226,1.0068887383746277,1.0,0.9072173788242076,1.0,1.2068077160548432,0.7777475103787598,0.8780736501398141,1.0193760698022465,0.5901357251676671,0.6358998438767869,0.8979064150173933,1.1971692767580038,1.0336941902122103,1.1286675464896339,0.8762819585002966,0.8431054289098471,1.2804165265456728,1.136305209824834,1.098027580418868,1.3361632959130711,0.5702586726918019,1.0,1.0421088996119732,0.7632354001069743,1.2036614321445422,0.8734042649246634,1.033932198793559
2002-09-30,0.7376426890576778,0.33846062226231666,0.6615263487134803,0.5599348872725808,1.345468319508319,0.7817494995861329,1.3430823895458202,1.2995345512722902,0.7126320131132284,0.6617093358727985,1.0427516797076994,1.1705189812387122,1.1839263837776104,0.9916464468231504,1.064308308204408,1.3811937638318366,0.8749941466985018,1.4985891077713172,0.8159540297145101,1.0,0.7543957363429165,1.0845594410233212,1.531156583501894,0.6959858359318805,1.0,1.2575288189355112,0.9236587605552201,1.012825767680296,1.0447828339153702,1.017902565830499,1.5602488197649036,0.8576502267800545,0.8812518510782695,1.0179906487789885,0.9928655646847391,0.9902881979657764,0.8970730108439813,1.4439251716499406,1.2751983389878092,0.8048869425956047,0.8369292118910773,1.1189065646214276,1.0,1.2395030559808773,0.9753362722845977,1.1306623713058026,0.9290514446357808,0.9972133717995859,1.0,1.133861317858584,1.0,1.1861762219946914,1.2733369612531198,0.48974724145766313,0.9658579414906356,0.6858528083632287,0.9181574170104619,1.4445911796336783,0.995205732488348,0.870382507007422,0.815039153439811,1.0,0.722193418619891,0.6594274906128672,0.6845594096874232,1.2778119724023143,0.9325378293558575,1.0263765203845598,1.3423377471053544,0.9327811687548995,0.6493749106017306,1.0000125663949566,0.7889568381086329,0.9266868370155045,1.2246999315261236,1.0667395503241548,0.4751315573290288,1.2616961018325066,1.0,1.0270294030554092,0.929891380355498,1.2789157077487319,1.0213980295051466,1.0259592584113384,1.0981588351529046,0.917991075214841,1.014613233755782,1.268801825111891,1.127404447956529,1.1044547375144957,0.9241116443965416,1.1381101966713147,1.0086552855419542,0.7998784198074627,0.49483207484367797,0.9782155825649587,1.0799788010982874,1.0849392335786825,1.1648285528301017,0.5750390236670397,1.0,0.81724189902285,0.9739226579642837,0.8959271956726796,1.0,1.000948778714227,1.1023319150349524,1.0313826218106905,1.4637701148312257,1.0,1.0523529057691632,1.0062760330377534,1.001845805294985,1.432993567631156,1.0688428664265264,1.3221952483474224,0.9155454274098895,0.8880577942965635,0.9610923937772602,0.4418523331496139,0.8489319312384377,1.1546475182547238,1.0620797637962731,1.660937475046004,1.6964838043586346,0.951446570267802,0.9931364562652656,0.8771488099497924,0.9003670211555826,1.1274916346857087,1.1804237675013405,0.9778451505130653,0.7416039909886991,1.0498474613711881,1.0067464415152074,1.0,0.909982808290212,1.0,1.2388601765309555,0.792715230840597,0.8771719333602197,1.0164498388820544,0.506979421955344,0.6392364704681526,0.9661552584616832,1.1542198491709637,1.0314550377997407,1.1278734229862997,0.8476598134928179,0.8423975065115666,1.2597646989217313,1.1344784762460693,1.0898897810725736,1.281025009553197,0.5607063859231771,1.0,0.9971718148762705,0.768046946808007,1.1734470775283148,0.8607484985722503,0.9949599569889616
2002-10-31,0.7687133690902973,0.3399134250107103,0.6615271070238673,0.567628800762275,1.2610913277606595,0.7996008079141003,1.3463152163500054,1.2967086328085777,0.7262612448135248,0.6621310958503624,1.049282060302321,1.213925757948659,1.1811316028975098,1.0003843936040329,1.0651273405017947,1.3877273783042268,0.8895568167181114,1.5187068056362403,0.8158844881978868,1.0,0.7560218048256215,1.0915121892235735,1.5429473502344258,0.6973754847547329,1.0,1.3164626726054487,0.9934853812735149,1.012827970241636,1.0456003600413109,0.9794268740068577,1.560330384171205,0.8596854600283657,0.8812371671090267,1.0202547328651543,0.9974959079092595,1.0781701859733124,1.000318162577294,1.4482066084669052,1.297831918911375,0.8052261744020022,0.7240376444376845,1.136191450579909,1.0,1.305400701957342,0.9778624693391826,1.1450221040032804,0.9379449896629611,1.0015455234249104,1.0,1.133787180076748,1.0,1.1987647345080676,1.3261366964655332,0.48756298689910715,0.9636920870395518,0.6540743956283448,0.9243765699633926,1.443158284274011,1.0107337114867236,0.8699068699754751,0.8439293539264204,1.0,0.7136078409485906,0.6557789687940803,0.6868727129300158,1.2885012050927322,0.9374719858460338,1.031248610464894,1.3638461474686292,0.9155460596411438,0.6521399098062005,1.0004527365185434,0.7882759158825874,0.9095554487860505,1.2241972156395489,1.065483433593674,0.5497487506856951,1.2696304395251783,1.0,1.0933773348052014,0.9498320109449937,1.3448329644730426,1.0253888488165028,1.0264005780516154,1.1105142296190171,0.9353238584987676,1.0060520886589357,1.2710916214063572,1.1737077432472889,1.136656413599829,0.9433846612037576,1.0974501363340443,1.0191580734560233,0.7691003216015508,0.49227945665061223,0.9812268511653413,1.106783527666516,1.1223118416926627,1.1699240227366992,0.6370012147528439,1.0,0.8325437122071893,0.9831821588227931,0.9080419802201615,1.0,0.9999541506732788,1.0903150774928598,1.0226399854736923,1.4615843368647465,1.0,1.0523982800115967,0.9890676887486184,1.0018458053691202,1.4344883899173997,1.116628137558441,1.3248869472537952,0.8903207060573202,0.9081000681193572,0.9553535733909255,0.4578773315958742,0.8350259785342915,1.2303245982775866,1.0756055366824218,1.660459866087224,1.6984576187953968,0.9617092376003984,0.993710264128757,0.8763362725764787,0.8995948964913643,1.1222457357736086,1.168357238128092,0.9883572816614279,0.7213428360097411,1.0629182874506797,1.0069783190563346,1.0,0.907603343303236,1.0,1.2424458571792527,0.7946576099510565,0.8791873705594331,1.0107436531160712,0.9012513686901381,0.6359660190097138,0.8379230894485968,1.1829136079311138,1.0391371443406827,1.1351670793958246,0.8495394407252456,0.8422395612762283,1.2776243464766845,1.136813335854441,1.0961115733548124,1.339139718117127,0.6378649897440363,1.0,1.019650999872646,0.7673957923185665,1.2082051831607155,0.8769868480716989,1.052501259245121
2002-11-29,0.7101022396543271,0.4143250977861045,0.6615280677767432,0.6309851981062842,1.1624987325192917,0.8876434560598937,1.348154606759128,1.1149664859050123,0.6755449462431845,0.6622196621825935,0.9976866891426499,1.1879613429178146,1.1804775085469117,1.0315043802315877,1.057535641965847,1.3769833243223089,0.8717303333325179,1.4201162261551168,0.7968339807174853,1.0,0.7523941985371079,1.0762785233593988,1.5413888993638154,0.6992554110661404,1.0,1.3742859505550094,0.9825302023988457,1.0128271821274384,1.0416064443354494,0.940099915027344,1.5603285813087786,0.8488895423137011,0.8810137058614795,1.0216799135309171,0.9745431663918992,1.082907065966941,0.9671013573838726,1.4486524557847917,1.3087634783049058,0.8063478020876624,0.7017036456099011,1.1104928016172868,1.0,1.2505482617885293,0.9659806021846028,1.1116084511907696,1.0024264246922443,0.9471551075162399,1.0,1.13423045283082,1.0,1.02225958351154,1.1412857661565021,0.49147118702839165,0.9274236229107803,0.6600998106205832,0.9684929461679592,1.3685856461471164,1.1358490697318002,0.8704966576845167,0.9321347720835792,1.0,0.7059628637847669,0.654451687578598,0.6837281789057519,1.255635479491157,0.9182890890521106,1.0074743016716547,1.3807483940242062,0.9013878544189239,0.6580444636345628,0.9186832145147582,0.8193148701434658,0.9539314506456167,1.220148652304005,1.0975218140606646,0.5760748799607325,1.2726934617308334,1.0,1.247213748225458,0.9076473961840313,1.383959892948433,1.0231211339038309,1.024967908858026,1.1098943262860244,0.9408008252093625,0.9833081959166783,1.2647148872661758,1.1390898444487703,1.0831146197836403,0.965664465534945,1.0695314630050623,1.014797497891863,0.6975256637874473,0.49316611102384944,0.9376449695842778,1.0891623719389532,1.0817487253178808,1.1518549154672801,0.6576260774396925,1.0,0.8359535803998546,0.9518449376633217,0.8833790417289296,1.0,0.9994992575259051,1.0910393699880099,0.9962065686647388,1.4533953544392995,1.0,1.0523684877458774,0.9716302060725182,1.0018458045642582,1.4339216805133521,1.1061573976135828,1.3222941847823646,0.8826060925834908,0.8960065845711815,0.9429232121806356,0.5749505211693582,0.840498150892207,1.2408850231045019,1.1232284623314543,1.6539015032780457,1.6960025758477622,0.9345759672138136,1.0087115694942865,0.869147035135965,0.8958159167838309,1.1241605831399455,1.1267963800257523,0.9595595042529594,0.6819407614634441,1.0355341959189384,1.0061679227472404,1.0,0.9093306609849835,1.0,1.2630590867732134,0.7684293640139346,0.8993449478890713,0.978192023254226,1.3071745096782297,0.6324391114319448,0.875463066494391,1.120784663163533,1.0349254173195184,1.1251522341084697,0.8026658814572335,0.8406651014539253,1.2861573207975943,1.1377399588868067,1.0985984741114507,1.3356524721849796,0.6583455247893343,1.0,1.0823168669905132,0.7623740382163489,1.125034103768555,0.8569420911868073,0.9441517934530836
2002-12-31,0.6998913389198869,0.3752116687633661,0.6615277072296907,0.5903501535228601,1.1484474020375646,0.8629640565949306,1.3465367992197559,1.0443490928273023,0.6755332064747183,0.6618634932203188,1.0256763269365403,1.2491551237471747,1.1474747499327547,1.011358483456195,1.0613734573535,1.383912268390526,0.8731306322668759,1.416744033663818,0.8179585454202556,1.0,0.7517438136827131,1.0718541761064377,1.539350094313437,0.6993306258758263,1.0,1.3673816052336811,0.9535779087392202,1.0128229924257959,1.0442551638227082,0.9989260673978833,1.560352389552798,0.8737962913659436,0.8808245401665266,1.020170783134276,0.9733764029747679,1.08473795124099,0.9226796566966801,1.4474849145985182,1.3090020384986638,0.8065848551849577,0.7014972891137858,1.1563696136319832,1.0,1.2781968193977151,0.9866237858773803,1.124646491022582,0.9562696493065641,0.9687954750255459,1.0,1.1337946126667875,1.0,1.022290570047734,1.1109589305587861,0.4903318570676104,0.9321610854580354,0.6665977740787659,0.873365115175644,1.39753017333037,1.122808946267909,0.8704612099456347,0.9304496912174414,1.0,0.7015516999184392,0.6603787202390656,0.6951323426294065,1.297142091660795,0.9253731902687446,1.015878564323482,1.4163848423726388,0.925446259036595,0.6484659375695698,0.8960780612691697,0.7947744179045962,0.931334313060889,1.2036087051040893,1.0760855578487123,0.5337444635653589,1.2703851119924918,1.0,1.185572794234487,0.9078200040698122,1.3176308309683422,1.0421996936901696,1.0297900208261845,1.1272101315353096,0.9978716737491701,1.00438696360763,1.2772477239790307,1.1581803796590457,1.1254531534176733,0.966712223122592,1.0664217063399803,1.02051388112126,0.6960131910594765,0.4967237468618403,0.9309089208898429,1.1069863209665813,1.0517816095988277,1.1696869208519531,0.6502870073652491,1.0,0.8211083438142835,0.9634986251366481,0.8899782996444117,1.0,0.9949029664204153,1.0936845778186544,1.0107566244221788,1.458211671242836,1.0,1.0523737408101779,0.9886656944980609,1.001845805165654,1.4336181787508067,1.0999496256053078,1.326230528468841,0.8825196307479688,1.096945911774231,1.0938580704369871,0.5570166215957999,0.8630028323086536,1.2294468601127075,1.1001845884058845,1.647741930000901,1.6945779211519096,0.9559982497692434,1.0399108227894436,0.8782327790441428,0.9187885607215677,1.147468716820644,1.1560101259848317,0.9513937957885013,0.7267606724787168,1.0500435196209923,1.0069157082285556,1.0,0.9078414542438035,1.0,1.2526677613614068,0.7755051298377826,0.8943193112941016,0.9768255007055711,0.9617922298180351,0.6335357073704313,0.8013267136970159,1.156922383853129,1.0422005790710513,1.1342529128640508,0.8076663897211507,0.840992540850745,1.2833903595255687,1.1379079395044125,1.098991784864072,1.3272935038096376,0.643470438497008,1.0,1.1566078602950334,0.7591448903643239,1.1639745198599083,0.8706170943413544,0.995160410521743
2003-01-31,0.6758507152349111,0.3582260289531314,0.6615291100039834,0.6017736883274671,1.1318213165944289,0.8167734097960812,1.3310143287045133,0.8467221689444188,0.6627700232404042,0.662129184185643,1.0136814612318306,1.1636735424514768,1.1247406838768224,0.7830867229676961,1.048508654275902,1.3664647758103643,0.8735916090514375,1.2788755486547847,0.7720112923322762,1.0,0.7513784044912967,1.0721332184085908,1.4889339120706082,0.6994429323473962,1.0,1.3704937885760422,0.9567458626837988,1.0128201802120531,1.0327457842566965,0.9642478630409622,1.5598978363751257,0.8714339863667823,0.8806641024770044,1.0239544668066083,0.9692062494077085,1.0206280413740048,0.823083969080656,1.4314836250322094,1.27188430221821,0.8062602851620092,0.6881675346809284,1.0842468849944669,1.0,1.277192437777287,0.9685885519356616,1.109077079446057,0.9617416624893178,0.9416561441142582,1.0,1.1294248692376616,1.0,0.8700934824440704,0.9096238161352749,0.49080876278065966,0.8977555001187614,0.6382934736768087,0.8853850841941229,1.358217704144379,1.109311990263494,0.8706465416861747,0.9348550862845382,1.0,0.7123688334766587,0.6735618621251628,0.7144914524555749,1.07850249233157,0.9091709095783865,1.0089757961274108,1.3992427523543753,0.8792297939172674,0.6453025452136252,0.8619350963178782,0.7775934064054291,0.891758254671724,1.1959115114934027,1.0685291551187517,0.5366576376683023,1.255359181929677,1.0,1.1040184565815931,0.8663935973787172,1.2189547948774533,1.0310125091352318,1.025962983027478,1.014832575629533,0.8551538543862489,0.9382150775056849,1.0902389466532512,1.0988139069445682,1.0913421370890426,0.9593314757565496,1.0998625505877508,0.9257211977148072,0.6620786949907888,0.49283969611307843,0.892036488826828,0.9373829846057771,1.0316152394935265,1.0309084858603401,0.590390350445984,1.0,0.8149216233823959,0.9235486626357904,0.8474288106334434,1.0,0.9900022993049384,1.0820194063044652,0.9805215557155359,1.440154246904776,1.0,1.0523403080365412,0.9646158172446044,1.0018458022105687,1.4215111824869682,1.045334883537922,1.2399877719501868,0.8825336137792487,1.0215494355203447,1.0444924084295173,0.5836699123830273,0.8306546082631274,1.0932822394884207,1.08456091549706,1.6143285942138157,1.6467602540937945,0.9311645115533997,0.9999587942092159,0.8669411469991481,0.9144054342320166,1.0960894922981517,1.0949265039403966,0.9029394015593581,0.6792878486303657,0.9884223679776402,1.0060142990892564,1.0,0.9082130542716546,1.0,1.2523280062544169,0.8110984398641735,0.8971901369498645,0.9578525892311843,0.8387987141516107,0.6282566351287138,0.5867188107079935,1.0517819219356435,1.0215169207591517,1.1113855857873696,0.7666532370175781,0.8401199483279123,1.2154346642934926,1.1370010143183547,1.095142795163843,1.2125933585020743,0.6401789286859682,1.0,1.0553171291355004,0.7673416706001868,1.0172797208707645,0.85106871527539,0.8977300883999944
2003-02-28,0.6517544932017771,0.36200438438805227,0.6615279302236692,0.5961821729607406,0.8071785377015771,0.8184552349114981,1.2997092364286598,0.6978604059939384,0.659650819075325,0.6624349083235863,1.0188385162728397,1.0799828589469211,1.099827088889335,0.8194305500044993,1.0394937030536757,1.3213272704226837,0.8646253652778471,1.2355460784208514,0.7132150759156279,1.0,0.7513486696082118,1.072308765574719,1.4098804649726007,0.6980657237969454,1.0,1.348565873661463,0.950708022111906,1.012557807144914,1.0322391418632175,0.9075932428751855,1.5593165444615935,0.8460746169812003,0.8806559071097233,1.0237615188556548,0.9733615250902964,0.97255179457755,0.790298970971208,1.3846763678439333,1.2581548773106144,0.8058199156878454,0.6995616529086439,1.0174719067731288,1.0,1.1435908128610568,0.932515078890142,1.0825303935425692,0.9664952421607526,0.8105166652936893,1.0,1.1298135687949598,1.0,0.6669382099452161,0.5579787526729674,0.49408304532178327,0.8285582220395291,0.6329249401863363,0.7332150952828114,1.335760208789742,1.0053765889539874,0.8736269125515059,0.9137652678559571,1.0,0.7188465364421948,0.6755348662039075,0.7160825379879623,1.0008480436521017,0.8850735065653024,0.990626677260738,1.3724175824533038,0.8282354641867786,0.6443695828236002,0.8277272361328827,0.7724801013621256,0.8481628408233459,1.0499099749570984,0.9955146007619162,0.518629539084156,1.2354281864520524,1.0,0.9743706866609974,0.7649053497118596,1.167252958458539,1.002440603993698,1.0208441558182642,0.9705493780422112,0.8245629762458527,0.9162063786093618,1.0385688043777432,0.9254816198329239,1.061438052821185,0.942135635927693,1.1024324444836597,0.9079553161008359,0.6762297585571944,0.4920485848152405,0.8963883166716154,0.9422924384568003,0.8692961176052824,1.0013415497939457,0.5677721482193421,1.0,0.8356835967965717,0.8651023965930265,0.8138180079132227,1.0,0.9897185674632031,1.0773980986772098,0.9610266865912737,1.4414095309476758,1.0,1.05193073815779,0.9627498248125261,1.0018457881464866,1.3092728951019519,0.9985044630403381,1.2237555351487999,0.8825419719896632,1.077366625705086,1.0832357060518452,0.6176954811840467,0.8260582312114879,0.9522516891868573,1.0790177413029147,1.5421197855381865,1.6121543782383578,0.8995370083721381,0.9944684914757765,0.8583700371539741,0.9059524287592875,1.082954156932784,1.0453114775503378,0.7623415589435986,0.6738981392053423,0.923169278475168,1.0049352703216272,1.0,0.9107847902663098,1.0,1.243342229948848,0.8030354939074268,0.8992057488576273,0.9493139835873204,0.7059925083915857,0.6283146360971078,0.5631905264557833,1.0075795441566795,1.00312719349595,1.0786274541408019,0.728210027203942,0.8392834090667026,1.1495394695701868,1.135173362144703,1.0869157022554166,1.1299384458860458,0.6580786462809562,1.0,0.9913854274064631,0.7569059284832612,0.8400897814351622,0.8293527411848558,0.8298614691088952
2003-03-31,0.6491770358378178,0.42040894570859133,0.6615278613161542,0.5802344320688737,0.7981862635600809,0.865028531301794,1.28748208889712,0.672112261267553,0.6593508714969567,0.6623687121755566,0.999931941391613,1.0899015111157457,1.0156051234144956,0.7702757845653213,1.0394376667367158,1.3068901565648925,0.8622881652931037,1.271917530651691,0.6908611719520064,1.0,0.7521019957202659,1.0743007099949546,1.394787409019045,0.6970870397530119,1.0,1.3283531429548947,0.9439442355249757,1.0126864661814987,1.037277307854573,0.9275964683245452,1.5595573685808373,0.8629209777192368,0.8805785029719576,1.0235528805212988,0.9662523579675898,0.9677413824723073,0.7841866151598229,1.3768488961562777,1.2409515483108184,0.8071848035448836,0.6680721676860094,0.9870262990599289,1.0,1.091816528997535,0.9101176450985615,1.0758594727875856,0.9530041895371145,0.7638201489957293,1.0,1.1301680735145887,1.0,0.6516044757750433,0.5511763033308542,0.49073394909190027,0.8083291408353355,0.6317536613803802,0.7025182027960446,1.3689128717298582,1.0191426413194293,0.8732888299944712,0.9165709630620485,1.0,0.7039845231797659,0.6680212094297651,0.705834228874771,0.9993822478678965,0.8817741273527171,0.990165942988026,1.3385741881466695,0.8149278505438522,0.6449124622596356,0.8521876698202693,0.7656074633643284,0.7883290153583736,0.942533554368694,0.9403162236043443,0.5302854990281985,1.2308788682048228,1.0,0.944643806449726,0.737670140999843,1.1489314657610386,1.001521330072606,1.014397093372746,0.9759182748048489,0.8276389038238251,0.9219700413259042,1.0419584478339428,0.872086812181974,1.0752906686883006,0.9117920124656016,1.0777087660923528,0.9134022952039584,0.6760897734513371,0.49295188296031356,0.8922851657015248,0.9559057134943211,0.8596337111675378,0.9934887255744436,0.6007423435886723,1.0,0.8320151772172435,0.8753957938183373,0.8146879744859776,1.0,0.9904817082564406,1.0664890519335801,0.9594822492799426,1.4501221634213592,1.0,1.0518558125572643,0.9633758438449597,1.0018457561818181,1.2676420027195112,0.9790475163505763,1.2321398331173827,0.8825452495714109,1.0637752755844772,1.075768110944271,0.5971997523787889,0.825748949197177,0.9234034575404382,1.0844874158037212,1.532296590792691,1.539740867409603,0.8989543284153819,0.9980184136967389,0.8591786190444078,0.900416185787903,1.0827053555463506,1.049500831535436,0.7357350582963404,0.6641589952735252,0.9223512837576405,1.0053837948592466,1.0,0.9100218408618022,1.0,1.210729453061944,0.7990774606550597,0.8970588499995724,0.9505584780182869,0.7770984550492315,0.6258635537183586,0.5365510485819016,1.008785233382593,1.002628262395549,1.0754849719877209,0.7200853654073041,0.838932202577109,1.1379609490455789,1.1314079934211487,1.081355880592915,1.118796169171628,0.6875993404208725,1.0,0.9736877711439296,0.7611578108936236,0.8224165796230279,0.8271995730111487,0.8261248149158289
2003-04-30,0.6462380804749285,0.47801243486943457,0.6615288449005603,0.6073773612559121,0.7848379036120718,0.8231254175739795,1.217865246057877,0.6637076624467672,0.6591530574433935,0.6649887759952041,0.9973243157216656,1.0352883397171797,0.9930577900218001,0.8611079804688468,1.0315786695483138,1.2310546553851363,0.8663026606373667,1.2321671302341666,0.6462695035113333,1.0,0.7523516669332716,1.0738102106941025,1.2712202922821114,0.6965526973515128,1.0,1.3157465687180006,0.9378431439908774,1.0122671185582395,1.0402035751169938,0.9490919437260226,1.557921840475263,0.8265074096258362,0.8805831515345756,1.023146465060001,0.968692405016306,0.9445885923719414,0.7751877749520216,1.2650653838947727,1.1830713550580731,0.8061362863831038,0.6569411842185473,0.9205544696810705,1.0,1.0914487269726376,0.8617955080452566,1.03401574943697,0.95971779741297,0.6714027732811999,1.0,1.1273084243002307,1.0,0.6269442076970667,0.5431888708695236,0.49477240677456824,0.7725712521188883,0.6312336358269803,0.6816086805656836,1.3222311626559877,0.9164195551059433,0.8750039574820365,0.9296707089233498,1.0,0.7200976185275825,0.671862564033191,0.7073467645129079,0.9413411114646821,0.8581773108783205,0.9833653202812445,1.2271086447771786,0.8019813268878806,0.6459597292497352,0.7938626214123716,0.7725825636026686,0.8001678491502551,0.864634075265436,0.9321525841355963,0.49149316276064425,1.2142527361763484,1.0,0.8953956721786925,0.6641467032848283,1.0868866422291932,0.9713986535946528,1.0096593834678653,0.8979866977035067,0.7733589335263646,0.9127877611609427,1.0121535496285683,0.8122615414226144,1.0312677395871261,0.8899380084285875,0.9708007040026507,0.8971686850286535,0.6681565725273684,0.5000278559860459,0.894726523869216,0.9220152272805189,0.8640597533110942,0.959475328734321,0.5754164673950832,1.0,0.8420803583368126,0.8132910961036308,0.7971762830115399,1.0,0.9903888233366702,1.0539851172974535,0.952643752523628,1.4472869014216774,1.0,1.0487167665630928,0.9606418392471273,1.0018452771202733,1.0837585433116745,0.9411067633618663,1.2117419250406114,0.8825519489602631,1.0563675753633417,1.041732266680187,0.6695493160723345,0.8149433248203665,0.8832849429755533,1.0688926372800018,1.3516795069806828,1.4484731292215574,0.8885655402044599,0.9833984576628404,0.851425419568407,0.8974798431699442,1.0820100153730294,1.007710105047987,0.639020610358482,0.6523564100083041,0.8186031513282069,1.0040225661512068,1.0,0.9157916338364069,1.0,1.1557509823889356,0.791429360918706,0.9086006784236773,0.9478975108196521,0.6798133079963176,0.6309492926305005,0.5466641384788874,0.9652309925517772,0.9861820011498397,1.0499820824604125,0.706967221969545,0.8369156027886959,1.081962445048908,1.1186765718622855,1.0593261264023464,1.0777472893299358,0.7071780551839713,1.0,0.9665346152115355,0.7720190613259741,0.7720973815365043,0.811810611492617,0.8101641329617191
2003-05-30,0.6459965933881717,0.8443902368251504,0.661542109486912,0.6432634594327884,0.782869654176388,0.8100839577829609,1.1850832899099257,0.6630144290347146,0.6591301567708743,0.6674225066122823,0.9704834646995991,1.0176410504897893,0.9392386209395469,0.9179819959700746,1.0274848737413858,1.1687567917693569,0.8461548290258647,1.2331539868439474,0.6162042152144599,1.0,0.7520509524122654,1.0737096809747955,1.2313892018833392,0.6962469738845107,1.0,1.3059645227789183,0.9404673096894194,1.0118903100184828,1.0307919150832787,0.9145314384476788,1.556665519321347,0.8396854298346188,0.880618656360471,1.022848677973956,0.9710540768918486,0.9269018910120393,0.7740837826273912,1.2352315959892601,1.1784415783799775,0.8116356445881241,0.6552541095482574,0.8952967084135147,1.0,1.0887533464705657,0.8982521752161365,1.0281784323454213,0.9549726204463925,0.6551481182280254,1.0,1.1235771984999823,1.0,0.6262220771445778,0.5430648394318125,0.49736137440781414,0.7505815727515907,0.631169826414127,0.71016492846126,1.3201983065108758,1.0691228931832393,0.8802970362669525,0.935370730601247,1.0,0.7465267505406253,0.6903223410307083,0.735130894911737,0.905033022265851,0.8455107178247948,0.9777036113860934,1.1918678208712241,0.8051343992010831,0.6468887272461428,0.7465418644104409,0.7941730921407624,0.8370084476840697,0.881228493833551,0.9494630040773713,0.47302698158965495,1.2057028627598538,1.0,0.938528041008361,0.6456048608855653,1.1100673517787898,0.9576529973678193,1.0073325178892985,0.831152373461934,0.7442845508327456,0.9158837673690906,0.9991773615157095,0.7714525226550011,1.0254824811089118,0.8874134818623859,1.0544290039888866,0.9052837920359325,0.6622968989974749,0.5244700118597883,0.8858626609292504,0.9196895121764221,0.8607160247219819,0.9726732669104166,0.5648483593861687,1.0,0.8690078679559077,0.7728690513578751,0.7913308802771594,1.0,0.9913230187270988,1.0256761680388475,0.9482951633069381,1.4480723271916338,1.0,1.047534457031562,0.9609282768969744,1.0018428859471096,0.9287225113389412,0.911795536273566,1.1763257568729908,0.8825395942235796,1.009951093899793,0.9959288362046308,0.8240700111685654,0.8404630090804937,0.8784636925083336,1.0809763189060722,1.3598562527613565,1.402081783414327,0.8854074121005711,0.9730487954164578,0.8481103660791586,0.8950527809880453,1.074762876786612,0.9707282575558831,0.6092393081968395,0.6544256872944664,0.7601776730064291,1.0031123682225027,1.0,0.9202677619073043,1.0,1.1793521951267982,0.7878728520501156,0.944140703798458,0.9466325758084417,0.7892125076392184,0.6397955534350731,0.6439143810018363,0.9330713499838144,0.9831165382618227,1.0444244698358474,0.7022668926260116,0.8350138212077579,1.0699782236565665,1.1135403277715974,1.05095513440167,1.0530416988086038,0.6987746599707472,1.0,0.9683653012917722,0.8254291410763959,0.7627832199785557,0.8054627622618732,0.8074610829722867
2003-06-30,0.6456147262354184,0.8116759148887237,0.6615438075928131,0.6029588375321251,0.7829323223646593,0.8115797509465961,1.141448104727488,0.6619730648863067,0.6590969149985253,0.6697657333340777,0.9559893541324251,1.0027872299192713,0.9152908292066818,0.9186981219292082,1.0221405639963825,1.1151158430316608,0.8505727787214297,1.1920719044929078,0.6015143327373111,1.0,0.7533420051604761,1.0744514420546105,1.1410206106064686,0.6953968674332154,1.0,1.2932227389132684,0.9219551384020784,1.0109214282175047,1.0306029565089299,0.8152260181870761,1.5502641164733686,0.8300305170722173,0.8806098889640364,1.0216986195838567,0.964770078840602,0.8909753035761568,0.7755967959445343,1.1645228792105748,1.106687650119541,0.80963044844689,0.6581474133120528,0.8697217789523293,1.0,1.0357208481348206,0.8475455683966955,1.0146788723489932,0.9410702703501513,0.6087591069413032,1.0,1.1281357983712992,1.0,0.6250366053163603,0.5418762621288034,0.4988452081092192,0.7332184037353174,0.6306199868514815,0.6931930612721922,1.299838743858532,1.0433688014253293,0.8880904957957294,0.8608080666640272,1.0,0.7539531242302957,0.6930881018988253,0.7316580846504098,0.8717869137143862,0.8268028655582467,0.9715457346381219,1.1445683825060347,0.802485013616564,0.6477306901008586,0.7300133803462672,0.7929684139871997,0.8417508409799107,0.8371744759404715,0.9222476392351737,0.4707319579212824,1.1928936021845071,1.0,0.9119678570214983,0.6238103169095026,1.0551320078729247,0.9365231076342471,1.0009301390203225,0.7997260475712434,0.709507516029165,0.8996109959825993,0.9736390681750191,0.7530267877475137,1.0057025890037927,0.8651636319090308,0.9322570234064846,0.8715861866972916,0.6729979306775384,0.5157520881043258,0.8602872748768221,0.8995243554703679,0.866074264998668,0.9274428356491238,0.5447934187826273,1.0,0.8658685261442776,0.7474808160915798,0.7851188206049329,1.0,0.993185680549265,1.0318251846649884,0.9445601791992284,1.4435061730414889,1.0,1.046784632446844,0.9540752536185012,1.001829476610904,0.9089774324707971,0.8153627728916563,1.150784495923842,0.8825837059966515,0.9419332891114723,0.9409337084169334,0.832067914537817,0.8701949870351001,0.8518850351935052,1.0961377244750274,1.2175679306975242,1.185913231681619,0.8819613515563922,0.9556750347475252,0.8422658487748369,0.8935313029204479,1.0425317621781314,0.9590661593813365,0.5758508978212378,0.6616894014340613,0.7214341302282957,1.001792400938128,1.0,0.9209970870023743,1.0,1.1199794395996574,0.8113293190507965,0.9464002184476533,0.946405664591741,0.6075373520973935,0.6385084286576179,0.6903528702340143,0.8916692113596184,0.9798067561577963,1.035905476140023,0.6998541201801121,0.8331827773094368,1.0318971062420845,1.0918138099709642,1.035974570174009,1.0163582882941544,0.6999070863604107,1.0,1.0890680792801088,0.826422771201495,0.7570939980649931,0.7981072797100439,0.8054512863421476
2003-07-31,0.6454146289152294,0.8514861177886516,0.6615610606454647,0.5950963748671911,0.7837326904888235,0.800056275689563,1.169134435392179,0.6621723566343405,0.6591005254215059,0.674723172172587,0.9592206141007638,0.9835669684131957,1.1038836242355272,0.9869720691643097,1.0123892884134558,1.047642485047259,0.9137967633651596,1.1096661828910066,0.5753705026880582,1.0,0.7531670887095243,1.0758527158730473,1.1757946508825265,0.6961693062593157,1.0,1.3055616795878262,0.9199002276839208,1.0092623357513208,1.0163432253861735,0.7270091749212804,1.5383303996800461,0.8258453148045216,0.8806658494633275,1.0211763334939057,0.98825539723618,0.8891150074081318,0.7748900263932231,1.1796903550836055,1.1286895833639878,0.8124576394085914,0.6551492960138893,0.8508316274515934,1.0,1.0091249623147596,0.8366162754431117,1.0193858423858093,0.9375213032246703,0.6173944952120658,1.0,1.1161218409944402,1.0,0.6246093231829473,0.5430011507720214,0.4984217935938059,0.7053443805614952,0.6303313156650912,0.7035364999336386,1.235600275771799,1.1174285048189807,0.880235098394966,0.9160059853086683,1.0,0.7621284784407255,0.6969417003748255,0.7421806209614223,0.8262066771224303,0.8119526600768912,0.9631210281141228,1.223593355883365,0.7936822762767284,0.6467204680904995,0.7112089866875209,0.8177070083905824,0.883478450492448,0.8857650032738398,0.9676407257895578,0.49052679716049463,1.2032361503020272,1.0,0.9331486693670326,0.605008398100496,1.037100867632476,0.9032416288846283,1.0005554518694026,0.7833519366068511,0.7090120948884056,0.8898537399586334,0.9713620061164233,0.7447955579385991,0.9791797646427031,0.9020603783156637,0.9393143468770002,0.8777782066400419,0.6700815607773308,0.5269548255449633,0.8342735023230612,0.8504149860554515,0.8602537110823016,0.9191338404537491,0.5697409391362925,1.0,0.8595501148265012,0.7219226091373194,0.780346148618938,1.0,0.997587146990352,1.0108649839629467,0.93894469154522,1.3655009293487343,1.0,1.039545653911453,0.9546538489860776,1.0018333887805317,0.8283191110054512,0.7606188615920757,1.0975831007532229,0.8825832756143874,0.8962021864525176,0.9002268788947323,0.8716041896182203,0.9612866936449455,0.8761464225423862,1.2110976264995845,1.3298612313902387,1.2265841244850402,0.8789832847256971,0.9372695407679671,0.8363065866450746,0.8894208510972192,0.9768815002224946,0.9075261768681421,0.5764298863863293,0.6712248434497472,0.6983960372337661,0.9997280415915502,1.0,0.9208894531198099,1.0,1.2515300615974552,0.8187107450177281,0.9510379424907018,0.9451217149846814,0.8451133321357085,0.6369289290393463,0.8811099401069017,0.8476566725387406,0.9784303519516948,1.034518069914209,0.6995792081058865,0.8295283392162245,1.0476891669708126,1.0886548105879559,1.0374233110131021,1.014775658713738,0.745681265864467,1.0,0.9706946524231163,0.8417712794981296,0.7545296375451432,0.7926956064731728,0.8045462403156093
2003-08-29,0.6453253369915739,0.8759290289227183,0.6616898963230451,0.6167000903517617,0.783548660442778,0.8038144611478699,1.135277025640323,0.6627677436921497,0.6590984496412033,0.6721623919779693,0.9625159369979637,0.9635376429170975,1.142177235737599,1.0328593908508634,1.0059431414792819,0.9796232719627186,0.9087215177352456,1.0555400871101814,0.5628009986438014,1.0,0.7537730239710404,1.0795833109468254,1.1438904783571273,0.6960589430971933,1.0,1.2525667711482016,0.9352264714820981,1.0092442384674813,1.0143039946729127,0.7650279734740224,1.5259434854371545,0.8210756649295934,0.8806516108861615,1.0208606998628462,0.9811846364588986,0.8876731757170422,0.7757630573626593,1.140869008560232,1.1163168919532809,0.8136392439169859,0.6527972999998573,0.8355748207309668,1.0,1.0807498425636612,0.814370214155479,1.0142504320382895,0.9508637671681079,0.5730452475236198,1.0,1.0997459262465985,1.0,0.6242976599909749,0.5429679635293967,0.49543116162897505,0.6926362562848687,0.6301641201223848,0.724020424585104,1.213300835119419,1.1185445248388208,0.8832337242835078,0.906018721886575,1.0,0.7616405016835421,0.7008151181150822,0.7514453505042913,0.8017114139908059,0.7964859169642423,0.9548617516003515,1.2273048495324816,0.7983935568452201,0.6466807679197282,0.6942627524789621,0.826510618390274,0.8777105172113036,0.8998974847371066,1.0041501023583093,0.46161389758074733,1.1912689553427322,1.0,0.9399049454026758,0.5938593815611791,1.0746334010827485,0.8848839349308453,0.9970915821623236,0.7619250124972947,0.7036885211543296,0.8759754515826618,0.9679580852671451,0.7248603457116343,0.9912198292761011,0.9558973855404996,0.9716019563530466,0.8649899766340783,0.6698497530272188,0.556949399753945,0.8332608222178538,0.8955071142114993,0.8557478841134336,0.8839378853191654,0.5481689702655939,1.0,0.8650729161349173,0.7094316972273231,0.7782227514126476,1.0,1.0000187423827924,1.0011306819585852,0.9345837257923603,1.3590164253561583,1.0,1.0229046667413149,0.952317565291859,1.0018078462766735,0.6876252468022881,0.7641706997178799,1.0762932996692576,0.882562020311852,0.895047874102982,0.9113537913580052,0.8743455342595944,0.9954398396534175,0.8851605628035091,1.2609366048296393,1.3395257091483852,1.1442512312099813,0.8753895245767591,0.9233776165516967,0.8317814213079974,0.886239023802272,1.020642000992677,0.8817361790566381,0.5772482105229433,0.6638859547734605,0.6872224904860782,0.9982596580841445,1.0,0.9248838822502534,1.0,1.2755410504459859,0.8126789736544144,0.9533082420282633,0.9453291799806676,0.9582891839990842,0.6372120495116484,0.9659152926110864,0.8139167057834936,0.9774729885836109,1.0312226630255752,0.6988799191702089,0.8274907113604368,1.0170754893911509,1.0791702421694358,1.0366911260990606,0.9853546180201409,0.7355052185498494,1.0,0.923217562745576,0.8509334641830549,0.752485509295161,0.7874377286998792,0.8039111998113115
2003-09-30,0.6453170897333405,0.9680097696409636,0.6616809065937562,0.6199800485164453,0.7825423596292531,0.7242563463001492,1.1744123390923524,0.6628011501703772,0.6590888464367037,0.684143057203262,0.9075621541783995,0.8931085505249923,1.0756606470168548,1.0561021974029146,0.9851247906104371,0.9371866984406407,0.9147651177653893,0.9705251091963406,0.537919062693586,1.0,0.7534398530372799,1.0993453003108504,1.1553068837870344,0.694758885313201,1.0,1.09540973778374,0.9090982244167288,1.0058115694120007,0.9904078206839461,0.5924286072094618,1.3761812608371808,0.8708196622550624,0.8805643682288528,1.0163873504715855,0.991235956716801,0.8614521078799751,0.7762756821241992,1.1633716988453588,0.980198632237618,0.8276265014602986,0.6412232293892173,0.8279491589300263,1.0,1.1077309587364372,0.7492485020488525,0.9904906977311696,0.9786483034458545,0.5666244957061495,1.0,1.0852085713653383,1.0,0.6242318684450696,0.5456682639692801,0.4916661509605422,0.6346924603515187,0.6301233068625824,0.7495109312707605,1.177801533345792,1.1416102064697775,0.8773296358600059,0.8351001759317421,1.0,0.7849282080671363,0.7253772832679269,0.7840062058622471,0.7449016906493209,0.7496776235453936,0.9305691730724465,1.2424262905529115,0.8138489377297493,0.6476379446208634,0.6684867444900425,0.8415164189125611,0.8892802231683133,0.8880204639946963,1.023053420932458,0.44020299387493445,1.1633212800346833,1.0,0.9380394084757876,0.5893971796856206,1.2014590382943695,0.7849609352468823,0.9841087380353669,0.7395775096192705,0.700241370590903,0.8790234646159804,0.9621136589861051,0.715904728234686,0.9654863101662007,1.0010634153230362,0.8859435293481531,0.8529755564191371,0.6851810713137882,0.580489795036753,0.8357228439286897,0.8503723379919291,0.8513511166973033,0.8740295352950536,0.5814610687189532,1.0,0.8737239179634525,0.6904334078968811,0.7745848654566879,1.0,0.9977432884102537,0.9747751991339337,0.9284683114963956,1.2800793727111281,1.0,1.0149339809664772,0.9499779550518418,1.001734377071011,0.6772121824788526,0.6993026603434718,1.0132009747847037,0.8825568185033718,1.042287463483133,1.0351844231948404,0.9281664433378195,0.9342243538870787,0.8905843515550191,1.3351757475101398,1.1856516547133311,1.0699178926550645,0.8605943131472028,0.9065951547106286,0.8222666117999127,0.8838976725875499,1.1099118718468162,0.8297334768704534,0.5607905730491536,0.6977199966499565,0.6753809773881114,0.994051615624494,1.0,0.9374266293424418,1.0,1.3154906585607355,0.8537522394530428,0.9683235545459717,0.9444374862175093,1.2170558192662162,0.6462789057932091,0.9751528006654615,0.7449599477294234,0.9755712003211423,1.0236445158350416,0.695125194170463,0.821640595630226,0.9861155778002757,1.0195509363730166,1.0269666589740352,0.983162318189329,0.721908402263816,1.0,0.9461002707066094,0.857143965729698,0.7504108216585377,0.7748359511458377,0.8032609738418284
2003-10-31,0.6451186870384902,0.8340901293130075,0.6616375417422031,0.6364887754425713,0.779677243409032,0.7821008937509188,1.0911172241644826,0.6627191499531442,0.6591019783736412,0.6877753786063707,0.9282497393029753,0.893231520675464,1.073526570322435,1.0688112617917218,0.982596828802775,0.9109232015949111,0.9104980754766953,0.9364988712475601,0.5391718507344619,1.0,0.7538137926189972,1.0825423364981939,1.0341328217495942,0.6946578185447372,1.0,1.1030345587948995,0.9073226173265021,1.0045940467565115,0.991895825295792,0.6211616319328321,1.4059235974968443,0.8805646019449617,0.8805951828135492,1.0179112621001498,0.9978858626486059,0.81325605268006,0.782385890671233,1.0853973994414503,1.036305940491068,0.8205540485779059,0.640795912122156,0.8146662338741764,1.0,1.060079770070356,0.7410006148509297,1.0033174351784475,0.9943234878686326,0.5736201583564933,1.0,1.0945964940044854,1.0,0.6240397503797152,0.5488664268243548,0.49094439898894704,0.627989124349432,0.6305232949050541,0.7431765324110907,1.1841896648784505,1.1335906520877743,0.870104358087313,0.8507987943142545,1.0,0.7564904036876459,0.7156956634942997,0.771497128434799,0.7536231986354799,0.7512431279742078,0.9237985476454789,1.3024231655888148,0.838846334531766,0.6454257188685135,0.6602400446540593,0.8440052813689377,0.8719640616285034,0.9225645011662424,1.0486979836527226,0.43168097994247223,1.0983879865768524,1.0,0.8966839555132974,0.5793136305854509,1.1396499969824625,0.790760019819607,0.9881205731132273,0.7630257246396566,0.7546949165940692,0.9259589279050355,0.9723804000062078,0.7087743858893432,0.9887521193034458,0.9944772417586705,0.8397348862461187,0.8863703348539472,0.6734657345662018,0.5686842698387176,0.8426677859336869,0.8048388893266231,0.8494382167745523,0.9686022574370172,0.5580354191404975,1.0,0.8314762695655451,0.6876598330286872,0.7741579010021528,1.0,0.9977621137118979,0.9953597007911054,0.9280515842181689,1.2659741487600311,1.0,1.0321858688117957,0.9503329826252856,1.0016728497869356,0.6695228451263162,0.6783722347808707,1.0067595283143296,0.882554162424497,1.1426451645442395,1.1265015539242846,0.9050519785908968,0.9058917466082901,0.8814070319200655,1.3172022945934918,1.1492216559358865,1.0387843623391637,0.8603969391697104,0.9164671072816593,0.8262731072963756,0.8835382237733189,1.0778249403874864,0.8249682584951978,0.5698719505674696,0.6622580355992835,0.6729338940057893,0.99393531356803,1.0,0.9409927868684339,1.0,1.336992496485124,0.8459630231984214,0.9618871640506733,0.9444368011924558,0.7529023041553606,0.647872428567157,1.0336629181264154,0.7391196257990165,0.9756526225545046,1.028303134181436,0.6947380300391095,0.8219379624717976,0.9360192788787345,1.0061365960875968,1.0281676010626017,0.894259526350378,0.6829015636597237,1.0,0.9520913469132479,0.8594421487263786,0.750023198392048,0.7730545581495788,0.8031217393607928
2003-11-28,0.645099646859919,0.453894378333923,0.6615776517292344,0.5933191919771994,0.7777434016864306,0.6991208381807428,1.1324447438462548,0.6626894323137742,0.6591122146558362,0.6752271055093055,0.945611247123263,0.920861499762776,1.029655376014242,0.9710958320427846,0.9942001952169817,0.9332673457560416,0.9224493943668393,0.9568855360363387,0.5615493453420883,1.0,0.7536245539363233,1.0774373635200944,1.0023117523216836,0.6945871112931474,1.0,0.8583213521379982,0.9106825904390226,0.9966689973547087,0.9946325046456747,0.72977834174351,1.493577236565245,0.8929556463968403,0.8805683407979191,1.0202869402796997,0.9871353487419702,0.7983110377445124,0.7850738697867022,1.0661745862528027,1.0930122154080155,0.8233969285721479,0.6411413391018989,0.8266443633662559,1.0,1.0389182083525195,0.7353641752732567,1.0027238000830319,0.9280611368041076,0.6075475311479255,1.0,1.1330698649877378,1.0,0.6243140342658937,0.5685970032071997,0.48918569190391537,0.6576437792454719,0.6310285510143019,0.7205249765622901,1.2201817193427957,1.0495804243004718,0.8685760055908861,0.7022864127339059,1.0,0.7356962979899745,0.7107357619859114,0.7779002824553356,0.7921939886908456,0.7709632185302852,0.9376779897350545,1.2804452955959311,0.8691089733834341,0.6439633844650297,0.6174775145062475,0.8041760886291951,0.820055274222296,0.8461298920875965,0.9540532344321693,0.42753960145537895,1.023145883348114,1.0,0.8331466127409087,0.5806762667740307,1.016910840164411,0.8176828838094596,0.9879086140065791,0.799329818672514,0.8427636864019789,0.9693605927248702,0.9993042381343968,0.7131916196654954,1.0301646834085325,0.9696459007266647,0.8303327035747519,0.9073630984424002,0.6585213150433527,0.546467046787863,0.8333995008562634,0.8341251830160255,0.8474768160394572,1.0589927883149506,0.556275250698052,1.0,0.8015189899093647,0.6922769402296061,0.7743975468849469,1.0,0.9960311311493134,1.0095284295036215,0.9368545834586374,1.3077298489586842,1.0,1.041828342396652,0.9517900592859433,1.0018233626782245,0.6419819668628857,0.6748633369210895,1.0625061941797767,0.8825604011699225,1.1612508461959643,1.1575846315880132,0.8177677207277548,0.9932699206047287,0.869063467463644,1.2053605709958113,1.1184635024021083,1.0238845274952566,0.8651712242754984,0.9352513344009303,0.833478854772129,0.8893716960558337,0.9853949019607966,0.892019810900332,0.5832813458887174,0.7280248191983454,0.6820113702171744,0.99650316157658,1.0,0.9317950768436818,1.0,1.3199213221507764,0.8290974267887081,0.9491498908736411,0.9457396772434714,0.506598653074547,0.6429261877862543,0.98554812478548,0.765568679714391,0.9762531796273025,1.033117196652037,0.6971224906036773,0.8249963637827947,0.8937510561780437,1.0060260185547367,1.0293737481154068,0.8715639325610631,0.6112568979242583,1.0,0.9522224104508549,0.8527234618461856,0.7501455868458919,0.7756300056630635,0.8031792159428325
2003-12-31,0.6451936298367358,0.48637581829318877,0.6616146794111135,0.6371862134873783,0.7780746689062489,0.7533515576980372,1.161693721130817,0.6625754722567193,0.6591349038499673,0.6772610739232265,0.9210182611987252,0.8987716428209502,1.0410995270223462,0.9984993243440795,0.9916470004881864,0.9194483765391771,0.9195866701578654,0.9141089880287597,0.5603151440921921,1.0,0.7506600619326755,1.085904049114847,1.0308351762110266,0.6945785075875659,1.0,0.8507526229923017,0.9127759340462784,0.9965064402938255,0.9867128019863463,0.7262207117915489,1.4782007130522274,0.8695054683951529,0.88058610016214,1.0182801749527988,0.9792558454194673,0.8002069192597103,0.7856268467473333,1.0777292077779603,1.0745535491703535,0.8301738938087655,0.6408668606044172,0.8174674409711458,1.0,1.025496449189109,0.7333828566258556,1.003152827700031,0.9420845656759523,0.5917695039648443,1.0,1.1253022620829451,1.0,0.6244050922423661,0.5583579370338556,0.4948275100686462,0.6703098265553455,0.6305509474941372,0.7495566595392733,1.178716812284748,1.0472257312141326,0.8686534679507615,0.6952238426067372,1.0,0.7352503114146636,0.7069124012377253,0.7722936403212759,0.7613915894442079,0.7727097962995738,0.9348578596976084,1.2479775097660493,0.8494953172269343,0.644347362390061,0.6016414809331219,0.8338000968955334,0.8897064875468527,0.9087557862932164,1.0080030424750697,0.4279704012520755,1.0145132329814965,1.0,0.8479891281988927,0.5838222465115194,1.0471376490338684,0.8126012770941785,0.9899511908633761,0.7628212505925129,0.7680619462940936,0.9381844278298292,0.9851502106919182,0.7049723452030341,1.0141218143153858,0.9866512095631487,0.8284606931998764,0.8873559133352711,0.6590645612446897,0.557814350020956,0.8392175821792827,0.8284260825402096,0.8475208574459225,0.998839259789885,0.5570163176498641,1.0,0.8073377211728281,0.6893334853570547,0.773995828209465,1.0,0.9962069967897653,1.0023302985326625,0.9345532207450384,1.2377667034358446,1.0,1.0305575109149985,0.9492147336426708,1.0017847529052204,0.6435380622211113,0.7180146817212301,1.0388009079118987,0.8825806875361998,1.1371451236178187,1.1220185090098596,0.8474371478737123,0.9537840045039043,0.8633753948164701,1.2159750451115325,1.139858798232059,1.0892483524161365,0.8634526670802811,0.9168788031287572,0.8299132425628748,0.8861317833693377,1.029484136710474,0.8639262270125236,0.591435562015479,0.7034788152402198,0.6765349099394923,0.9953694172430924,1.0,0.930882526617071,1.0,1.318950708056637,0.8049810882230757,0.9599517571462403,0.9453192244508475,0.5772488091037435,0.6423844310555087,1.0044537869552648,0.7453036832164254,0.9757579270644032,1.0290067274145114,0.6967716773687913,0.82568571319442,0.9085153522140107,0.9965077019881067,1.026526376961736,0.8785865911721089,0.631822457659019,1.0,0.9277986337700452,0.856458380145243,0.7501542248454853,0.7746835246717897,0.8032029710531249
2004-01-30,0.6451556806165667,0.6935125036143939,0.6618846347994045,0.6477123931935387,0.7783816566926129,0.7706576452544105,1.2247413069985436,0.6632267346112881,0.6591395767855579,0.7207955245248415,0.9364005533161228,0.8782762555462313,1.0546361157280362,1.0203203710547186,0.9866978480876872,0.8727831324375164,0.925906991639257,0.8648141105101674,0.5473436880119561,1.0,0.7509334068232301,1.0864425443355117,1.0743997026308898,0.6949542009103729,1.0,0.8559384996508039,0.9305827942506013,0.998893184087871,0.9864481696462465,0.6572470744970966,1.4487797694026778,0.8743091576215514,0.8805842613755627,1.0191194496848928,0.9948194612868284,0.8256937337799821,0.7799784578417027,1.1003089216214947,1.087670739350522,0.8512715834680317,0.6407511263899311,0.8112220792651156,1.0,1.0043171632598786,0.7331486203227228,1.000134541190854,0.9514588236297072,0.5648851994345943,1.0,1.1212409184197207,1.0,0.6243347958486176,0.5666166455925863,0.49327619841428216,0.659197629464487,0.6311044792512477,0.7556901833343977,1.1050930852932634,1.0308563777477517,0.8687974033556507,0.7067832528170805,1.0,0.7448002531337881,0.7394052133716987,0.8200151656108957,0.7462632738358854,0.7690571177669041,0.9328846527738247,1.2820017808550301,0.8575199656315791,0.6443208350445228,0.6225131840771754,0.8350994308649007,0.8685538960965348,0.906115689743655,1.0198382266958825,0.43011018965299186,1.101161968376768,1.0,0.8723584693552756,0.5760025341559674,1.1120332359285743,0.801654950029548,0.9862522628276261,0.7804620824461503,0.7955017159308737,0.9438137717972781,0.9849475831189763,0.7116070892563149,1.0035437917824868,1.0027814804804913,0.831038351136924,0.910652981645848,0.6600090216720867,0.597445804989587,0.846173054649618,0.8578965022131118,0.8475689908083219,1.0090863570260056,0.582351223830075,1.0,0.8148995325444933,0.687345631881972,0.7735589630328922,1.0,0.9967513315757303,0.9931729286436628,0.9321609353591978,1.1239123881606459,1.0,1.0245950527857008,0.9493978262882755,1.0017861433109043,0.6591156476184932,0.7171675739786934,1.024493163459803,0.8825711584742165,1.139613877511237,1.1249472411054828,0.910888247577708,1.0643941654734017,0.886787244569724,1.228632894718429,1.1319110211314154,1.1381736951398786,0.8614435008209549,0.9212639687318195,0.8270279308472078,0.8856825376599662,1.0607589557585893,0.8403498339920474,0.5726639216999097,0.7083213121263546,0.6738363880830848,0.9942523302367791,1.0,0.9355333326535648,1.0,1.3442881904358257,0.7863022097147698,0.9634357092918571,0.9448717202743626,0.8009634229749104,0.6560126714459324,1.046906216373336,0.7340390694901658,0.9754731646550487,1.0292477221463294,0.6965294169724578,0.8230397789972352,0.9236717197567553,0.9945082537393882,1.025444534791036,0.8988407661570688,0.6432858476959702,1.0,0.9527994374784398,0.8598559114228295,0.74999642073513,0.771944111493851,0.8031256052974303
2004-02-27,0.6451157305130706,0.6485873256042634,0.6618463348532049,0.6616765513808792,0.7792023163882302,0.8162834022303327,1.175399001260707,0.6625286627579796,0.659127475744588,0.7173284307384944,0.9143063413048428,0.8638121937357122,1.0767981489857739,0.9922187689506778,0.9808596914772353,0.8794907927918802,0.9186100476948578,0.8568718420700843,0.5403255577984627,1.0,0.7504287104832323,1.0826502403589355,1.051401351147273,0.6949867923004052,1.0,0.8536209259360155,0.9124147600962036,0.9916908389037599,0.9931109938495831,0.6652184484603063,1.4113389867430386,0.8704518124258307,0.880550497796761,1.017590611691264,0.9769151108848446,0.811325813736057,0.7838144742275293,1.0836645021330018,1.0637800530631791,0.8725575965103525,0.6405561025839853,0.797187608580659,1.0,0.9026556191393366,0.7317118269000464,0.9932261197686442,0.975190602679638,0.5727596927100413,1.0,1.1160483163623625,1.0,0.6240558472856779,0.5594133894991289,0.49129087711280905,0.6383954531530242,0.6317521942297757,0.7428537956768055,1.159923164951061,0.9922662149674738,0.8686734101692162,0.719725936145498,1.0,0.7262892914601377,0.7329075454429289,0.8080791553561923,0.736850174336372,0.7453082982377579,0.9246752139626255,1.2669498974059081,0.8745714237440323,0.6448387596183949,0.6239180148544583,0.8445893272619378,0.9063549892551934,0.9144132531611531,1.0277952917630016,0.4304997487270187,1.0382739329081334,1.0,0.8910984615908117,0.5724593325031213,1.119255805955954,0.7640903316738642,0.9845052504927002,0.7745345601651294,0.7930603384829746,0.9378886114163705,0.9865127901338103,0.7172739358762152,1.0483616830344216,0.9932632673727279,0.8293181268375527,0.9137377686705354,0.6547710268949153,0.6588561461794704,0.8443380426906753,0.8756179003233795,0.8474326903113328,0.9886481930455553,0.5799520404631164,1.0,0.7706321185204896,0.6851058588572692,0.7730840935571305,1.0,0.9981225187799331,0.9904459479402977,0.9292713024645013,1.0936212504157443,1.0,1.0300793946412565,0.9507096664347314,1.0017449068309756,0.7020959936995045,0.6766219311809307,1.0132705929640928,0.8825637840213238,1.128054939634528,1.1140589301362973,0.8989546992502611,0.9860268531634481,0.8836621361672842,1.2204420434218564,1.0465796775426428,1.1061132186783962,0.8560413114312767,0.9291998823111826,0.8224676660085659,0.8844219962075502,1.032568511838169,0.8198749260206485,0.5750825245019408,0.7180934600417889,0.6694390729588624,0.9939327658835977,1.0,0.937086325798034,1.0,1.3471676710617593,0.7751866973782322,0.9626050438540167,0.9453472241008105,0.8801821126104404,0.6584930130313283,1.056653488768064,0.7146533309678975,0.9750827601243425,1.0210563354052042,0.6954686866940284,0.8206901318796852,0.8830199247910439,0.983859199460831,1.02143572039604,0.8268121966931731,0.6332157074529033,1.0,0.992385218798754,0.8513088563901566,0.7498293865511694,0.7696451784197298,0.8030568092651426
2004-03-31,0.6451768618834683,0.45762172516983335,0.6618407359673568,0.6887024131910265,0.781116353308928,0.8602483538265778,1.1476116618540704,0.6632109920469608,0.6591400861235891,0.7172718574977346,0.9078508608420008,0.8621297544357895,1.0830072430584694,1.0034236377931254,0.9808099770338303,0.9036685455859478,0.9258953996474633,0.8565816804862366,0.5538633068572363,1.0,0.7502176231496952,1.0942226638622274,1.0356919350071028,0.695060831588558,1.0,0.8510336944506511,0.9131838730303473,0.9893208139969936,1.0022814031182843,0.7328784493569016,1.3934547726939963,0.8678186047461514,0.8805486262029828,1.0189923249259825,0.9700439010013123,0.8049362898384247,0.7845659467594062,1.0778000739927567,1.0516753228923126,0.8711399244877222,0.6405306542293228,0.8099130966985978,1.0,1.006785941953868,0.7336053741012669,0.9971047786919631,0.9877663823579113,0.5852590423009683,1.0,1.1147535199143757,1.0,0.6243318585298544,0.5627185300148149,0.49200165405256513,0.6405833784274462,0.631486430021714,0.7617023262563165,1.1536106608242531,0.9576578371715604,0.8687283580672207,0.7063670541846122,1.0,0.7245770425855488,0.736938747357998,0.8127751473930714,0.7404237624172536,0.7389862084745715,0.9247758907144421,1.3058809722343878,0.8779257978270186,0.6473492818659885,0.6158561149579614,0.8618208295248784,0.9393601862945767,0.9909699819352035,1.05081572498136,0.43056652758946434,1.0466952942480312,1.0,0.9015799726680003,0.5738470061131967,1.119436351316619,0.75428076237343,0.983062559897318,0.7641474265527588,0.7721732967138139,0.9378028548654405,0.9865738746526266,0.7230038701399046,1.0603215619110746,0.9981327064461708,0.820988882506213,0.9173812280900298,0.6544569683800064,0.6631650903345151,0.8422626394661152,0.8675490467042701,0.8474593375939946,0.993213261358906,0.5485346652277088,1.0,0.7718855707469301,0.6844665689497933,0.7730849982918092,1.0,0.9974432000746377,1.0012968237923612,0.9300237334526726,1.0479645617076678,1.0,1.0185252900659063,0.9501741906334871,1.0017200611180088,0.6879572163545862,0.6768177184653219,1.0163304488593656,0.8825566647956213,1.136036489211602,1.125259508126816,0.9155927571633142,0.9617794581230438,0.889854461372067,1.2452022981428477,1.0570096091583971,1.175245357564526,0.8531725939136572,0.9328939401544251,0.8190854851098743,0.8838424592456677,1.0165261239367418,0.8246320052482381,0.5892068048991109,0.6903355813687503,0.6696712629708772,0.9934813283399314,1.0,0.9414360248050804,1.0,1.3546648740244227,0.7703248079692077,0.9633280148049849,0.9454714256323259,0.8217893674761769,0.6559995142284535,1.0513850948476915,0.7134692116589123,0.9751609749634936,1.0232503063481795,0.6955767319097367,0.8228727793120523,0.8763664741127741,0.9811944852429962,1.0204247753035114,0.8084875459650408,0.6287566995902544,1.0,1.008197370513892,0.8452435771741938,0.7497956954731222,0.7695930664444329,0.8030481922932471
2004-04-30,0.6450201955466637,0.4167557657176374,0.6618418446876995,0.6451063051043187,0.7801009746447582,0.8713701897582656,1.078285875701328,0.6618846477535818,0.6591028929300051,0.6943867020758064,0.9089925371862778,0.8811239758463472,0.9826106346862026,0.9461099229484312,0.9838767365784858,0.8749052362959298,0.9246989857210808,0.9120279852981639,0.5729728214115897,1.0,0.7505472453513266,1.0897474040181434,0.9810089186246754,0.6952764816989837,1.0,0.8584174947817407,0.9196083538503281,0.9877127298753784,0.996783264235793,0.7780223743860362,1.3745531739983503,0.8613433977178313,0.8805285447269473,1.0181698423385361,0.9471955721072878,0.7942846284942103,0.7932873597301061,1.0502461046224498,1.0487617991248626,0.882017568615544,0.6405063970049887,0.8141307192807464,1.0,0.9949986087767708,0.7311445298138104,0.9833796970937468,0.9689301959506316,0.5570171932115251,1.0,1.132208869663719,1.0,0.6245883737016891,0.5530861584670728,0.49047437149206274,0.6530328996290647,0.6313507238904044,0.7368587959753141,1.2423800184184932,0.911916012757515,0.8688174361213349,0.7007320668133769,1.0,0.7050438605368117,0.7342470945917248,0.8029184251122057,0.7644205527986089,0.7634890819622855,0.9360215456197397,1.2176962122963868,0.8650973775397961,0.6453892445877166,0.6247437748196881,0.8411099456831568,0.9738391164604965,0.9571651707886867,1.0032598576849636,0.4305893852090682,0.9858895569387485,1.0,0.8679857825027876,0.5632536857395561,1.092734901061446,0.7747747913741998,0.9841428460373094,0.7618901281175078,0.7647624973259552,0.9229433348042593,0.9830199199446054,0.7141026185679269,1.0843733380821714,1.0307726375770803,0.8225916999465047,0.8836912964793127,0.6532097582760654,0.6315574441963934,0.8492137694689397,0.8770003539240195,0.8474872624956374,0.9670016316741739,0.5270072679579789,1.0,0.742588793263218,0.6867103934083604,0.7730796022557321,1.0,0.9983344256090522,1.0164947863644938,0.9368949950435713,1.1934748345228197,1.0,1.0226195981192028,0.9561107392177719,1.001462626413768,0.6889729284444099,0.7526331345558198,1.0682080924724333,0.8825734750376346,1.1362659559099741,1.1299291529866735,0.8432097651699013,1.175298100222351,0.8700334718813852,1.2162619498461713,0.9719769005695573,1.0937089793079087,0.867331096557945,0.9326675309563055,0.8164171335611743,0.8843739244127398,1.0005398095502358,0.8579844987288892,0.5501093579886838,0.6841788744302133,0.6699682748505754,0.9938394991471637,1.0,0.943706927105043,1.0,1.3353152066368825,0.8109600050551499,0.9625408535521465,0.9464550025947558,0.7188507312731767,0.6452635209501814,1.0200226266032821,0.7135775326407805,0.9750823060152987,1.0086283109447785,0.6950808415031322,0.8269331199161959,0.8406303094106018,0.9764854111722409,1.0189429789284976,0.7263551692308663,0.6142909079594385,1.0,0.9861648812020745,0.8256732279496133,0.7498182945659599,0.772475247432403,0.8031638683514905
2004-05-28,0.6450601420844888,0.36252467407871025,0.6616953036942513,0.6104906631346333,0.7789860901005798,0.8683314050462867,1.0551839803653658,0.662892485709542,0.6591429529151791,0.6836138770614621,0.9364797371929956,0.8873727523004036,0.9591516439997148,0.944573348091424,0.990071105029348,0.9205746344763402,0.9346940445187104,0.9102297800851158,0.5980977113775332,1.0,0.7498947719102773,1.0857881265315168,0.9581888618962856,0.6959438629197265,1.0,0.8623537073901562,0.9266474493828483,0.987597414836796,1.0011946100141376,0.9144932371934724,1.467309698315137,0.8640126833090906,0.8805368205555449,1.02022579219125,0.9537881047194586,0.8026651915354108,0.7926754289967537,1.0454939735902702,1.068596811083573,0.8425959869751626,0.6406061369910487,0.8099545878188811,1.0,0.9849558528252825,0.730749410310964,0.9808117541759788,0.95782363147627,0.5747467937816015,1.0,1.1336014896631146,1.0,0.624647430241694,0.5577090953950052,0.4910250481389553,0.666377302752795,0.6329125955855145,0.7154132994220279,1.2502958433649471,0.8633048687568886,0.8687844980685429,0.6888323627992148,1.0,0.6931981278392123,0.7147170936135778,0.7832845795135587,0.7929443558224721,0.7561039864397427,0.9420365073472461,1.2204345927958085,0.8788244772944063,0.6447358214929082,0.6642227825211819,0.8298814421812972,0.9542120339207006,0.9321272965604783,1.0014809349043183,0.4388276130835921,1.0070223472988173,1.0,0.8446542651997926,0.566818549891154,1.0579028478628865,0.7573262834756411,0.9867505082032032,0.8128527860727187,0.8067757271518006,0.9257445528128263,0.9824586490143736,0.7161410703053097,1.0968197014972212,1.0379218647010644,0.8141478079447078,0.858952052457808,0.6536286540095311,0.5855834964146323,0.866261203225871,0.8706766440810976,0.8477656226021775,0.9636897429346606,0.5094622194369495,1.0,0.7196197254393624,0.6880746619367628,0.7732330239603645,1.0,0.9965325386106385,1.0701118619996706,0.936775098165268,1.220677967364254,1.0,1.024485209079327,0.9589375146258167,1.0014210829406334,0.6814688365652843,0.8048994579289761,1.0975749673056392,0.8825597549136914,1.1240013856161346,1.1161393395430859,0.7754540931441448,1.17747315725628,0.8809986733555123,1.1895107710543864,0.944614151140957,1.0718784982984542,0.8638104740990236,0.9375713538690975,0.8229080747779383,0.8846377292028589,1.0424902854108433,0.8841106648601608,0.5647386093238587,0.7046842831517859,0.6726875916821369,0.994661224400401,1.0,0.9358605357478934,1.0,1.3225049967246925,0.8117953321629681,0.938151910583812,0.9472473411962616,0.6675256598395963,0.6425692906418643,0.9825261069255012,0.7243568589511946,0.9753409929895229,1.011849688995346,0.6955079819662895,0.8287672733768099,0.8129100286395496,0.9838154163623661,1.0222803451942568,0.7446705240897666,0.6566365901806521,1.0,0.9952769332384207,0.8020382800918245,0.7498251876934069,0.7730997536576921,0.8031676421990925
2004-06-30,0.645082777434378,0.3645164654953562,0.6617449821114523,0.6612413534301809,0.7784445262749503,0.8785659929973231,0.9508533243562045,0.6618790037742409,0.6591471307723561,0.6764539950539128,0.9328051925600223,0.872309323876039,1.0095213308465407,0.9190574917329805,0.988959499636321,0.9045296209601864,0.930704433068928,0.8931148227249761,0.6118762406787972,1.0,0.7500462358120247,1.083163372201465,0.9117794371843881,0.696445346263013,1.0,0.8582783475739212,0.9267510184597167,0.9879204528096808,0.9952871639018159,0.8985902806388748,1.360086869804117,0.8493421344221239,0.88054141551262,1.0204889761368117,0.9502045852921918,0.7962020755120023,0.7975432323559678,1.021237415077752,1.0505291606576699,0.8308861071005031,0.6406237738600418,0.8048424663659238,1.0,0.9028063530886865,0.730674169896318,0.9573273749708269,0.9468403880662581,0.5779797994544998,1.0,1.1326256406948105,1.0,0.624432831082889,0.5583071120789308,0.4947967519485814,0.6976787996704781,0.6328495311092291,0.7377085270589436,1.187356615836733,0.8607531023732582,0.8686853344568157,0.6764247653007671,1.0,0.6881841846558318,0.7190100685664704,0.7913664408742667,0.7913272991628757,0.7507797882240422,0.9384608976289005,1.1462660628074117,0.8805670185724991,0.6449031808963788,0.6361217128264425,0.8404723410494105,0.9669957362135306,0.98855989212315,1.019070693702425,0.43189073441759396,0.9724197231877979,1.0,0.8473133567921383,0.5677578366575392,1.0333716929387848,0.7677175319307024,0.9906940202017125,0.7924102424124668,0.7849499478098707,0.940282116651636,0.9778715391059121,0.7008635625212162,1.0847226340056981,1.061901669491767,0.8127950476551129,0.8589341609364866,0.652067412982368,0.6188920502089296,0.8402012765628188,0.8676842074291552,0.8477653377332545,1.0016084062853543,0.4795665956908929,1.0,0.7235236999208459,0.6879076240347369,0.7732218787608363,1.0,0.9961327595748972,1.087568873402996,0.9368116642477474,1.1907199599556029,1.0,1.025899138374726,0.9612966279179972,1.0010973676097612,0.6577080048449913,0.9323890859696459,1.10803380251169,0.8825605940373381,1.0973786950817679,1.0917963616202606,0.7910606288200906,1.1970869756758735,0.8599221156718149,1.130908254811016,0.8244593812726188,0.987357623796497,0.8639614443599476,0.9290617513145835,0.8186777133598321,0.8847122395368433,1.0629075911184156,0.8805566675775116,0.5912157254798796,0.7040724861632812,0.6695901804477402,0.9953981035823697,1.0,0.9419642350951658,1.0,1.3189164086894043,0.7975548100720412,0.9393239083902089,0.9505315953182286,0.6679238687412412,0.6514736645692305,0.9624663804114001,0.7080200819509377,0.9748694083375983,0.9798830478335705,0.695889515612893,0.8315771733687595,0.7890755589136325,0.9706725764315528,1.0154273200078738,0.697665957363318,0.6523470131008391,1.0,0.963571080720264,0.8010312744848592,0.7496479220565527,0.7720347525113338,0.8031028495175608
2004-07-30,0.6472564328211805,0.3526224112206984,0.6616677463974416,0.7080237050609199,0.7870325156778695,0.9033292323322215,0.8513511189132955,0.6633226533871124,0.6596436128094072,0.6714350372927489,0.8996834370322607,0.9362677206916055,1.08754082914252,0.8345162055982696,1.0060104077009018,1.077289057475134,0.904073036045529,0.8699569411412085,0.706086769270492,1.0,0.7634566148072595,1.0893235819830531,0.8677400980593061,0.6956854144679481,1.0,0.8546141752843064,0.915073944035755,0.9870766796314598,1.0118960503036443,0.889172065357761,1.4175263938392062,0.8760791630490565,0.8805235351378525,1.0176016275909976,0.9135902218071957,0.791098381788379,0.7957546923223072,0.9987470144975307,1.013970532351898,0.8292869194050629,0.6404486253173047,0.832698260434878,1.0,0.9373405755570308,0.7388672668485556,0.9773272501056165,0.9480757639512521,0.8866776068645219,1.0,1.1320270267392438,1.0,0.6338218569121057,0.6454014993329384,0.4982521615722142,0.7788945747232929,0.6354832724754665,0.7425169671091431,1.1356454526248247,0.8537117502140974,0.8687823755150844,0.6519706314079358,1.0,0.668487367234756,0.7058581408769519,0.7729987026517026,0.834949809748838,0.8025591741277345,0.961190099137395,1.0886340273712178,0.887876662967041,0.6463268334856304,0.6182755176185336,0.8339630503492456,0.9937384307475375,0.9585548650969223,0.9561849941945749,0.4301013512644605,0.922143381785015,1.0,0.8230314102389371,0.6499990755935936,1.0289541749340092,0.8187857522702017,0.989417730297708,0.7852722708703385,0.7735695638537474,0.9598106807391898,0.983239638259748,0.7447749353609023,1.1920772910854989,1.0567183536399545,0.8104696873668182,0.8505968984417736,0.6540883570328387,0.5904318033017195,0.8241494399452224,0.9007839428426367,0.8477506389587768,1.047947523984746,0.44486084635213996,1.0,0.7121934038649431,0.6974625267755136,0.7749037898970642,1.0,0.9907443789686033,1.1207600129246993,0.9448805365792691,1.0577261408642267,1.0,1.0190367668951863,0.9587240859628389,1.0010877628911703,0.9377035896512018,0.9832091014707138,1.1424930154287631,0.8825626713461218,1.1229071414852445,1.1164228232875575,0.7515164472287587,1.2297255923300299,0.8445211422688733,1.0667630429756951,0.7834482644257265,0.9499678313840544,0.8776239122795242,0.9428841063346451,0.8259763513924097,0.8874132529549036,1.0407135153385063,0.9572300298576318,0.6667844673867509,0.6951422265946097,0.6762101430906845,0.9974038712291745,1.0,0.9421075025297747,1.0,1.2691410129323666,0.7877838900329818,0.937264289606301,0.9617276700884388,0.5380365315410782,0.663668114824161,0.7856856005499238,0.7695353013679503,0.9756298187891885,0.9751343017270647,0.6985211078959203,0.8385271471898393,0.7416594203635833,0.9636126333665789,1.0105336941296255,0.6700029826673612,0.6210158050365933,1.0,0.9321406538820436,0.7850603738408135,0.7507105127402665,0.783701070524901,0.8038315532787279
2004-08-31,0.6502087929310407,0.34486221170086695,0.6615735294103583,0.7215458175301492,0.7871765521434897,0.8999347400961623,0.7866362621510796,0.6634986732170767,0.6600413971819328,0.6699207914067064,0.9046095845169992,0.9622299509191943,1.131301113481142,0.7775554110988054,1.0125194155840118,1.1880948370308455,0.8994253491118229,0.8822565632368244,0.7205791226320009,1.0,0.7864431741351066,1.1005769599087303,0.8516370342063733,0.6950303212009245,1.0,0.8510756350153033,0.9036026989653548,0.9865607279799014,1.0185605101408013,0.8099263143043338,1.4897774567207172,0.8944949374322534,0.8805243345997632,1.016167983034201,0.9018014754672316,0.7877702705628788,0.7874620157927428,1.019044182073613,0.9488193966413984,0.8239834794627059,0.6404400448396554,0.8337649158068335,1.0,0.851063013459435,0.7553414282748377,0.9943324756858307,0.9296499389903166,0.9667945347904614,1.0,1.1332071118780325,1.0,0.6495687579557762,0.6954289595535685,0.5025062116133674,0.8030858649781513,0.6354701055647447,0.7520286297903138,1.1557706098619245,0.858255756574799,0.868714262749454,0.642637040406342,1.0,0.662395237293556,0.6911333791460923,0.7546858666911853,0.8486918334396563,0.8293686352899295,0.970116120242433,1.0831913285557537,0.8802251489376618,0.6466523715794326,0.6156914409420673,0.8355928925780103,0.9988091581488613,0.9926016210224011,0.9475029079345112,0.4282501174833353,0.8716109195381379,1.0,0.794721439614237,0.7019030776632578,1.0041206714084527,0.847307498978104,0.991457114046949,0.7840081884809886,0.7818506272181541,0.9603722558494833,0.9829784425150911,0.7598268596653788,1.2060019373338586,1.036391067197917,0.8080261334380905,0.842240386488168,0.6538347833554818,0.5588264925564476,0.825315309112741,0.8767203265816084,0.847734049961706,1.059606543645323,0.4504601938317804,1.0,0.7064300022849475,0.7063208492826913,0.7761248696691598,1.0,0.9898149447488088,1.1209980469613006,0.9476797519623953,1.107048264301056,1.0,0.9911891331383463,0.958303968042322,1.0013517282673485,1.2648547354961241,0.9502435534624392,1.1638672441309974,0.8825647679831663,1.0468571717943536,1.0525065276880656,0.7213693776239611,1.2475457264422274,0.8377289237602519,1.0455966652461353,0.7774710945949814,0.9774425375914392,0.8842149933664416,0.951627789026226,0.8276371819360463,0.8860402102284071,1.0127681497600995,0.9837117859762369,0.6681652019407205,0.6810419792568851,0.6827753697074043,0.9989590268605913,1.0,0.9353592553629777,1.0,1.243828412188616,0.8094847805899293,0.9340649926838813,0.9596153033724345,0.4852950813408312,0.6648496845234795,0.6722723712124612,0.8129937463306033,0.9763330800712735,0.971910316729623,0.699407401145073,0.8385314852628214,0.6787775602697201,0.960288786687572,1.0059656678629416,0.6682372312478204,0.6113624255030526,1.0,0.967468051187416,0.7686279728478169,0.751849558865386,0.7900303533844238,0.8046359059378803
2004-09-30,0.6492423987584184,0.34419555519479483,0.6616091210029174,0.6950720400373642,0.7885406824566181,0.9049698177871524,0.7393795713166859,0.6632076672483689,0.6597486247668893,0.6701855017548257,0.8952215181082799,0.9380571422583085,1.142501984220538,0.7803752500786783,1.007707381222068,1.152849672536623,0.918053809195865,0.8412250230686491,0.7189428662932542,1.0,0.7766546131043567,1.112437315179694,0.8167851202443058,0.6950250337265125,1.0,0.8519600816566224,0.9058866504482705,0.986409082771578,1.0178406200295569,0.9122190273605296,1.412597209349739,0.8873977409024061,0.8805534250175333,1.016760309167631,0.9022649655675592,0.7825513320446282,0.7908957696068255,0.9854994286214723,0.9600453504814571,0.8357948284517375,0.6404184766182854,0.837413322200441,1.0,0.8778037645872727,0.7450170739763711,0.9735439262420003,0.8930881828378937,0.9390877125359801,1.0,1.1313276279606583,1.0,0.6460994242421583,0.7073163854159471,0.5024176344777749,0.795111667104279,0.6362574014766504,0.7327918974044151,1.1062291989707649,0.864026723815976,0.8686879973586323,0.6532297516632128,1.0,0.6537073373736244,0.6874402183053698,0.7428336413681383,0.821239654869915,0.8146470817916098,0.9641320413628246,1.0709185035216504,0.8804077471479854,0.6466030590093285,0.6440504169108714,0.819569393259157,0.972816083641274,0.9446619957897467,0.9224230393534836,0.42754030625081907,0.8231311690153214,1.0,0.7867328339110629,0.68846543010887,0.8969054574605564,0.8156340784115623,0.9896145021508677,0.7886255580373391,0.7955255984241217,0.9601199262899122,0.9823741125961483,0.7462399821381778,1.1983013670109928,1.0228172665873494,0.8074960693141693,0.8265714686990934,0.6537714684244927,0.54750506387059,0.8228504412553667,0.8691954730573554,0.8476313491358374,1.057451788142973,0.44058566102912555,1.0,0.7096450154067577,0.700613724716068,0.7755137050320389,1.0,0.9914251809969198,1.1162274620884216,0.947461344365045,1.0537827255587666,1.0,0.9475771670984225,0.9531094733804826,1.0012164079006207,1.1656963430283203,0.977878586845258,1.154493939347019,0.8825704864858216,0.8968696888407007,1.02177505333505,0.6671300210162979,1.3011092005403648,0.8228028125448045,1.0494647232777627,0.7714286738785807,0.9404369038008605,0.8794447519570702,0.9496185269356774,0.8259627018823195,0.8854237911049485,1.034633904411514,0.9742138235769696,0.6680886720072399,0.696107262144644,0.6769398062126054,0.9984144873510858,1.0,0.9443370700532491,1.0,1.2565010089919204,0.8529903294822558,0.9267313170548918,0.9631958016115808,0.4570324792130467,0.6604084198823248,0.6709451845106833,0.7805730490966541,0.9756317063741959,0.9472869046576594,0.6992254137245608,0.8384453320598568,0.6586750653428575,0.9554488500974792,1.0014929949955442,0.6327675272391551,0.6339828689955563,1.0,0.9873358349990716,0.7901429121425788,0.750998383583027,0.7861025894081917,0.8041114384688812
2004-10-29,0.6491359043325744,0.341042587710363,0.6615444621243398,0.6923722037766551,0.7880749450844186,0.8797539628621643,0.7546662224516106,0.66229938046889,0.6594669369851535,0.6776674740107483,0.8771060312025759,0.9293783148555753,1.1011624711046721,0.7490907035291401,1.0090229796620804,1.1486597490121637,0.9065281561170427,0.7608705884316753,0.727132531862742,1.0,0.7804708527319357,1.1101272482730924,0.8136251708374203,0.6950312340624764,1.0,0.8509037845775766,0.8986172172235527,0.9861959995531622,1.0205923201855058,0.9688600725372805,1.2721213197791157,0.8870030387641303,0.8805521931893642,1.0160876299829906,0.912178283913554,0.7803848121198174,0.7926654863828472,0.9808593233009282,0.9744816955793489,0.8318280843540145,0.6404891743500121,0.8413928670803559,1.0,0.8766656295200849,0.7457858646999551,0.9583400723455632,0.8860168575530577,0.9205629789439431,1.0,1.1310298923444109,1.0,0.6439745749241992,0.6394986273261373,0.5059063558554175,0.7997947801385374,0.6338682397942739,0.7195716943434909,1.0362169924753726,0.8647511519155953,0.8686213504063783,0.6576283134071447,1.0,0.664004025536631,0.7069572714608161,0.7737334150319075,0.8145108054506576,0.8173617779451056,0.9653968211174347,1.0080506848335777,0.8588863997284764,0.6485765048027994,0.6229433511818628,0.8177287665312978,1.0010122167333237,0.9547311919028385,0.9192073942891287,0.42710623257910496,0.8433572294967406,1.0,0.7747019675763843,0.6819945639461839,0.8514208176549715,0.8138965378872071,0.9872005920204767,0.753292566462442,0.736152960259659,0.9307079543245359,0.9690784044319649,0.7578628682267182,1.1464689774561165,1.0150894816259324,0.8091269793754622,0.8009518698904762,0.6544156650138229,0.6021751437716412,0.8196716570303544,0.8774708851036719,0.8475568936481793,1.001734725367401,0.44356153533894993,1.0,0.6942251636870699,0.7025695167726888,0.7764782531308256,1.0,0.9899294360857498,1.1126371546139493,0.9484206891421171,1.0909708537779201,1.0,0.9453715940795617,0.9526287493851366,1.0014092109322932,0.956196417638376,0.9972328471699177,1.1618633149295154,0.8825769336053635,0.7167245804292097,0.827754300863108,0.6424188901884708,1.2542899445222693,0.8128857383370018,1.0358873788806833,0.773880819368942,0.949227263972511,0.8794803147024426,0.9346594340375803,0.8271622352505955,0.8887307573675607,1.0382980712519772,0.9783428493138592,0.633170980457563,0.6890654757343563,0.6777910808445082,0.9984421626798737,1.0,0.9466625195619325,1.0,1.2124930762609807,0.9249797051232428,0.9271997761053219,0.9607171471614233,0.4480925582921327,0.6572230977440607,0.5933838737811405,0.7706119399224977,0.975307695658655,0.9364461851033031,0.7010426553291631,0.8385306830459152,0.6626267412122566,0.9486650351564138,0.9943656290130117,0.6350105991580308,0.5929953194577193,1.0,1.050241805802604,0.78705615572607,0.7506638559834058,0.7861212342680594,0.8039033635827151
2004-11-30,0.6493827663444011,0.337340214968632,0.661534860499704,0.6553930880305397,0.7903206063115354,0.845224035693303,0.7209774675880883,0.6647332444847684,0.6595475004474995,0.6750390727881985,0.8621023801039855,0.8733730659165804,1.0814626582605014,0.6623432254009665,0.9994046021434766,1.1202456059555574,0.9065963982873168,0.7441131709828719,0.7089295903523172,1.0,0.7771400840962204,0.9983275970054806,0.8110812189997282,0.6950011793674826,1.0,0.845436893811859,0.8971731960552533,0.9862070931653241,1.0191853154032862,0.8963463155786285,0.9448396580635766,0.8784190850982877,0.8805494583927022,1.0132695781389123,0.8936053631931522,0.7805700675820997,0.792038980822893,0.9722623047247907,0.904422979065225,0.8262262108613863,0.6403999035787216,0.8291187666210996,1.0,0.9785365275500028,0.7517523582527014,0.989953810470577,0.8357420870962357,0.9395683718981037,1.0,0.9359120233874845,1.0,0.653173633550751,0.6027544130183292,0.4937737250572021,0.7933195988485493,0.6316249311142235,0.6777328410321548,0.9970331301751406,0.875426396116834,0.8685091398409113,0.6544184402428233,1.0,0.648603198700153,0.6960195703727227,0.7561999456182849,0.7775785549982893,0.7976471882638004,0.9543698461534467,1.0536744245056726,0.8388491592104118,0.6455052518425108,0.6483607520017094,0.8069200013939194,0.9930434758331285,0.9571710945176042,0.9077436522409621,0.4265070228968548,0.8081893453575947,1.0,0.7600292635912885,0.6822949497488197,0.6371439453666358,0.7685635638361793,0.9852259422967784,0.7454698492467906,0.6948604984992284,0.8674886325105118,0.9475287151930225,0.7545237686898009,1.1262404314333903,1.0383266663552408,0.8132122006897745,0.7680157700935506,0.6541485210497657,0.5899994107254951,0.8204237628730455,0.836873785849461,0.8473421416532101,0.8865671027859272,0.45319296341037574,1.0,0.6922759654647612,0.6990631762579353,0.7755077936199868,1.0,0.9913368440703612,1.1088856889144203,0.9439015064450389,1.0740585086288457,1.0,0.9452533307621596,0.9498287951702309,0.9992750813383735,0.8662900186305476,0.981505278509086,1.1149699226127816,0.8825791208123925,0.6508742315255965,0.888039870280196,0.5581474335413078,1.246594385049911,0.8702590017573419,1.0210810693630454,0.7618553334670204,0.9333490802398873,0.8728484892147804,0.9109936503342237,0.8313696904724532,0.89189940225719,1.0857152243526784,0.9458527070653447,0.6962292956922178,0.7175392041174582,0.6723757283322271,0.9965481743373049,1.0,0.9605463220185055,1.0,1.272934230688916,0.9527593249534099,0.9203009273310907,0.9597410224115389,0.44207935683801824,0.6506211491893825,0.6024116423088979,0.7259350386788308,0.974473328768969,0.8978775140148845,0.7009506396981151,0.8381854793714884,0.6562795859267557,0.9194175948407945,0.972811707877401,0.6248530627826363,0.5848440789061796,1.0,0.9834052402638489,0.7830120564502665,0.7500414431311098,0.7812494936737322,0.8034930855999033
2004-12-31,0.6479835442189242,0.33742240582755356,0.661534176661738,0.6012322654842368,0.791043626135761,0.8697245445099004,0.766240937541578,0.6634285940686662,0.6593182630001387,0.704171935160657,0.8668564012204708,0.8241298277272702,1.0338586059500576,0.662111457891452,0.9919711076114136,1.0525777056318841,0.907687172263944,0.7844971114214722,0.6631227813338072,1.0,0.7612513996890646,0.9181038532816143,0.7882514971620193,0.6957733255038463,1.0,0.8392587041564983,0.8979026963919133,0.9863491883061017,1.0267365694499253,0.8040162201009702,0.8921656380958956,0.8867336689419232,0.8805314479101571,1.0163123017995295,0.9383223996894042,0.7749139544835406,0.7933882802229516,0.9592979974127969,0.8892328932140166,0.8410621257578416,0.6404067861808448,0.826810080914743,1.0,1.0387122295262787,0.7527276523181535,0.9750794608176379,0.8343368415744318,0.9090236748430722,1.0,0.9004626115992761,1.0,0.6454509809497414,0.5816710293862908,0.49102402899127273,0.7681921732800467,0.6325225653871173,0.6678557613548888,1.10747326315493,0.8605235233557009,0.8684991518167073,0.6733925505004852,1.0,0.6593909022683355,0.7144887832897693,0.7672606046189918,0.7567421284296219,0.7840020882617081,0.9450306978108094,1.047845391942298,0.872559356748159,0.6580879078628469,0.6737069016461427,0.7856003524345192,0.9577801464354088,0.9121474759555079,0.9033363184702852,0.429727291120368,0.8574112743159539,1.0,0.8177928712381322,0.6559542349701796,0.6324287676578988,0.7292335984573883,0.9806743502103418,0.7587327865077671,0.7101389307648067,0.8684248404369499,0.9512359336449674,0.7255511287096338,1.0796247572249116,1.0267408141055971,0.8142524835827919,0.8170540705394574,0.6538358496217875,0.5607112078447034,0.8173072422889898,0.8894593513814382,0.847359786012101,0.8933445042698724,0.4673268876541229,1.0,0.6928674404903635,0.6958656946939813,0.775596113675199,1.0,0.9933973276040444,1.089768555424081,0.939390446219491,1.0511547707299314,1.0,0.9452514865239499,0.9494627655110217,0.9988478413932912,0.7453052202048807,0.9145090941430668,1.103695466306495,0.8825799200620292,0.6248104079404566,0.8128902081901843,0.5711275695565807,1.154562928900884,0.8793985517463345,1.0530290361577717,0.797336625780255,0.9773441230298439,0.8643932984524085,0.9195050809966235,0.8262529631043873,0.8873054880114006,1.0930855780810667,0.9340152472696976,0.6614939333278975,0.6844379133346128,0.6724876438226055,0.9950566039120801,1.0,0.9624311152092726,1.0,1.2917407297674213,0.9936604613898279,0.9144168390082401,0.959831632613807,0.44196034891113234,0.6631078249866966,0.6188934336141634,0.7012115921177716,0.9741366616677354,0.873237073537011,0.7014657017561547,0.8361446758509354,0.6417826594080351,0.9167719778559508,0.9811595881281778,0.602437427163313,0.5735284455861606,1.0,0.9770777075145233,0.7963766671587857,0.7497330656599605,0.77287805086661,0.8032158699037357
2005-01-31,0.651837000050093,0.3373293925226859,0.6615295417635004,0.5853712872813193,0.7982822996065628,0.9015597649701853,0.7078322448533625,0.6661271191112379,0.6597833888434923,0.6744242515677497,0.8558517275752346,0.9224816774718737,1.1766371408583662,0.6435091412922942,1.012005670669574,1.1726206506939822,0.8941211404831627,0.819393750570829,0.7543427185278131,1.0,0.76329080397838,0.9211058291039698,0.7216688711277646,0.6966889232120439,1.0,0.8527262247659131,0.8970055309365893,0.9866274769734391,1.0492143143991748,0.9408398315290615,0.9364605881380663,0.8964339824334114,0.8805349701130388,1.0166634516761102,0.9163793282825308,0.769561353238693,0.7970484939012832,0.8635782407100404,0.8727247202361752,0.8223851788751503,0.6404214006071682,0.8566696688796678,1.0,1.0121246059808424,0.7575378233360902,1.0017597163123266,0.8294103858610257,0.9837848387868293,1.0,0.9821326079399421,1.0,0.6926752839890739,0.6758069994450012,0.4896157518054821,0.8540179987966684,0.6371437285409136,0.6656021423739187,1.1211961001755624,0.8805274147155415,0.868487614011497,0.714487595107032,1.0,0.6378937405067363,0.6820503464847728,0.7320311218245106,0.7945960610101888,0.8273467370199229,0.9676736191858343,1.0152242713073947,0.902409190679081,0.6746400104976804,0.6565634227210784,0.7737684671609059,0.9546246074062524,0.9072360204274652,0.9019824133698767,0.4319294525689781,0.721295983154246,1.0,0.8045766496122422,0.7397089240572485,0.5533362856130888,0.7934278639083585,0.9831151601525776,0.8055513809777479,0.7706880719806202,0.9047479264456176,0.9589166911478602,0.7092038526385298,1.2089549380310756,1.0332714650234232,0.8108219065636089,0.8021074746676864,0.653039336815745,0.5183172845676534,0.8225055770933746,0.8660394735142846,0.8473190454595552,0.9802563933060984,0.44774929441043887,1.0,0.6911799029819463,0.7117324013901236,0.7806044290695818,1.0,0.9920352684644052,1.1081386086664224,0.9506709215064162,1.1696052181749235,1.0,0.9452518943491082,0.9656505742889412,0.9991530724127357,0.7923023633707782,0.9363094472405806,1.1548675409224345,0.8825801142536243,0.6237701674750453,0.8173226068112308,0.5210252480877693,1.020690611307373,0.86676176926239,1.0611574457415183,0.7990644651711011,0.9595425364866318,0.8780983505241661,0.9613871979845334,0.8522888213815478,0.9146170652429813,1.067651428919519,1.0268427213263132,0.7670603143177388,0.6444217151678089,0.6828162577171766,0.9988456859965257,1.0,0.9522882426688535,1.0,1.256949651817734,0.9518720941490934,0.9105954744701699,0.9969351028710103,0.44158810701526285,0.668784780246752,0.5521916967597633,0.7629548123485201,0.9750576749839537,0.876176661940546,0.7099568777886274,0.8393696452736117,0.6007538580928862,0.9097138000344113,0.968070815242096,0.5936525791110083,0.5625812095038765,1.0,0.9369252636207817,0.7796228285259503,0.7514681859190049,0.7844215743277567,0.8043109346598509
2005-02-28,0.6533063650013338,0.3373554929475603,0.6615330742002021,0.5780281569968706,0.7925218373601084,0.8927393310166358,0.731576267646282,0.6767689512679769,0.6611130056627693,0.6698250552646474,0.8667967431126296,0.9183726009221737,1.188850478136557,0.6494494674525051,1.0154702204300117,1.1183319171098958,0.9024462382378794,0.8277328777815284,0.7871501481712353,1.0,0.7597613772963385,0.9060090220743826,0.7208894719456469,0.6968715944053576,1.0,0.8924483966213143,0.8971759204824103,0.9887078555759293,1.0501639748004952,1.0194436564739864,0.9524561156373406,0.925527569728291,0.8805621851857368,1.017386957937401,0.9049396915378257,0.767955622127297,0.7986857386464917,0.8866332567503522,0.9293786566880138,0.8259103765736846,0.640430109977006,0.886373696748033,1.0,1.1073282216737608,0.7641322189392104,0.9943221094632579,0.8287155717911274,0.9589309013329808,1.0,1.0102512185067876,1.0,0.7014798202499415,0.7451540855948333,0.48914105112763684,0.8671201357673112,0.636914091490451,0.6671990831405648,1.0886135571819044,0.8818840961238072,0.8684863770870968,0.6976876182347791,1.0,0.6344795106471652,0.6769521378175292,0.7169769664660415,0.796534237355904,0.8252832800605704,0.9713607167486383,1.024735086925679,0.9326352970408527,0.7153996486144895,0.685957820041535,0.7731664047261282,0.9140196393327066,0.8809054509554534,0.9016226910581393,0.43292348501986233,0.7057808724492117,1.0,0.8100316499016094,0.7465051439201394,0.5872803381868263,0.7769705867393794,0.9846087093537614,0.8604665258157635,0.8135732629220442,0.9257165179330329,0.9581671400346836,0.698849625094811,1.227058922926819,1.0493225555025454,0.811161425343666,0.8163605866292485,0.6528539986044034,0.5048182282188122,0.8417548223951798,0.8758127794235042,0.8473507902565006,1.0309519142615806,0.4420407753012845,1.0,0.6909313966911663,0.7274873122156312,0.7850101681217981,1.0,0.9914410797404026,1.1305565457993825,0.9547671618653143,1.1278016926314902,1.0,0.9452518513356706,0.997611931556717,0.9990803180172093,0.745744004236601,0.9982869102768581,1.164163229494921,0.8825799862184085,0.6220673066475956,0.82422844709536,0.5120600871573563,1.0482656793731857,0.8754254266091189,1.059996483731121,0.7987416800818867,0.9440266006558,0.8768129462308338,0.9668581336642901,0.8817439483687096,0.9103335415184362,1.1367478312848347,1.0554617737496035,0.8128855711286425,0.6338616168694453,0.6935997663769975,1.000343171188949,1.0,0.9520045660766229,1.0,1.2526595340689028,0.9779081711285339,0.9049657603865655,1.0137820928992474,0.4415999842942522,0.6711828014087555,0.56052973473728,0.773743325531271,0.9751401358569602,0.8730412629681885,0.7293697980397189,0.839773683451034,0.6258371336281059,0.9101412172966357,0.96567852305188,0.6235318927870588,0.5699849153974585,1.0,0.9422637554799325,0.7898987245763165,0.7519530118478674,0.7857533215196424,0.8042279028750754
2005-03-31,0.7070046993124668,0.33741759751709666,0.6615388291850127,0.5700548924714472,0.8099823869679585,0.9170006759844408,0.7792050215123669,0.718876458288157,0.6880520432186263,0.6647642196387553,0.8695762486194146,0.9745549287993847,1.180762910748982,0.648784984527445,1.0300155025882072,1.2524204497947062,0.9017935027488881,0.8227629618503673,0.9765995749804935,1.0,0.784420727269569,0.8867565873881649,0.7204239197025503,0.6971268124909347,1.0,0.8879458545142649,0.8973202813623113,0.9881592751959704,1.0481102059838,1.010581407213072,0.9487621719514306,0.9277128846606038,0.8805338839637511,1.0175043690516585,0.8534776506578935,0.8228339046692832,0.7877379767223903,0.9250658881049425,0.9671300400698587,0.8269698387226405,0.6404345446645585,0.9705140993857985,1.0,1.065242876194477,0.7823429709854102,0.9976607097791802,0.8274758078923095,1.055413461079494,1.0,1.05106843355256,1.0,0.8217773607782207,0.8569311332846902,0.48983034317679597,0.9266977150366744,0.6443959717784553,0.677601278346873,1.0530465805668348,0.8754851331387241,0.8684904443874195,0.6814309647199308,1.0,0.6105366839620372,0.6349435576711513,0.6730212869412455,0.8435384422594018,0.8672060610043755,0.9769858322906432,1.065251724424965,0.9776096799766665,0.771107601180933,0.705653665988745,0.7695343838509369,0.9500505638060078,0.9092193080788535,0.9015590203351479,0.44043565936730655,0.7037742627100874,1.0,0.8605081495412276,0.913648850273597,0.6905302660435754,0.8807293673679432,1.0041757398605957,0.8956321902028214,0.8694292871527999,0.9735691924411476,0.9597165646961597,0.8401407959232982,1.2245803380711247,1.0563425645004183,0.8113410143728897,0.9341018035547446,0.6517965966109271,0.48721960475890547,0.856872019048613,0.8713211134626493,0.8473552987312161,1.0930998365374702,0.7583697985818896,1.0,0.6904392001058643,0.9295938805905659,0.8740992426165733,1.0,0.991044906599287,1.1191186104389184,0.9689628478506185,1.1675778946333293,1.0,0.9452516324253454,0.9914032243738393,0.9991444323322158,0.8410507957879776,1.0395577519041561,1.1707117683128658,0.8825799629786428,0.6424724164784004,0.855379438484385,0.47767791265236714,1.0405384968395972,0.8898916037133826,1.1212002713884357,0.8360577672415317,1.05392625005574,0.8858864787066667,0.9725292793729677,0.9303113978324095,0.9392774510237784,1.139131238175592,1.1433521285822494,0.9905223071723119,0.5855904085423617,0.7831338739925346,1.0070803839886742,1.0,0.9141217535867598,1.0,1.2721788901531597,1.019073822957241,0.8804176895034365,1.0567800465723152,0.44161853656488603,0.7196648071459837,0.5465178151496091,0.8424240778630807,0.975799519695396,0.9012398640851051,0.8315186040299085,0.8523970668031436,0.7827787042222036,0.9193266643228653,0.9644344743758971,0.8416258797137166,0.5620135020478763,1.0,0.9312032444554892,0.7433975882143078,0.7582251867213161,0.8096556319421802,0.8070591100471637
2005-04-29,0.7573249810226007,0.33735886245162194,0.6615389232607038,0.5651962508473616,0.8021277411564794,0.9004918422107516,0.7751940107684787,0.8106416526330071,0.7397187823807778,0.6635610204025246,0.8877180835424893,0.9744723549318404,1.1706369797319471,0.6501309303925513,1.0330487042117489,1.2674878954547295,0.9043204844822805,0.7606708884569179,1.0358426621263794,1.0,0.7894664466186536,0.8568384304656036,0.7168094830860232,0.6963267159653322,1.0,0.8873981103281481,0.8978016286333377,0.9885298785241327,1.0440419250460307,0.9074870711566988,0.9523026089867415,0.9316628335463673,0.8805457888325544,1.0152066242160092,0.8298728775027233,0.8529214433870196,0.7806756735456225,0.9249680676500841,0.9405789033582019,0.8187735811420325,0.6404826166388615,1.018198553600619,1.0,1.0812881260387068,0.9516239825808309,1.002414947785941,0.8270146328949601,1.0883220325511767,1.0,1.0368979625457762,1.0,0.8405203342181187,0.9756328253231614,0.5095211059868096,0.9353433598409824,0.6500511816420913,0.6843179163996238,0.9689976946011692,0.8658522350305933,0.8685026978036446,0.6722972897112187,1.0,0.6078563670761852,0.6202925763604741,0.6622948666236204,0.850212683815299,0.8936339034491081,0.9784854020324456,1.0840301584478258,0.9914401229656744,0.7425919773225826,0.7757583999249564,0.7682653755669449,0.9172514915529479,0.8813674293874911,0.9013359414021385,0.4518049213551716,0.7458479538990088,1.0,0.8596494548008288,0.950531051622779,0.6895247643135982,0.9704843250714527,0.9996717732955845,0.9573661337949031,0.9219466425208033,0.983691249832731,0.9636728090569393,0.8979967868740815,1.195922385222612,1.0349544710499639,0.81212627154567,0.9484354371066247,0.651807682678429,0.4876148362790109,0.8556190957846598,0.8421111017866993,0.8475264457159567,1.1001375140718161,0.7334110133447657,1.0,0.6902922144535166,0.9722731986883203,0.891996608400784,1.0,0.9897440328537327,1.10756772891461,0.9701903312890263,1.212845932277935,1.0,0.9452511428549945,0.9620397632991605,0.9992935388854295,0.8251092289801706,1.0252262728721573,1.1656102028250903,0.8825801943065854,0.7204945298663934,0.9761627948065416,0.4644212594599725,0.8434483018193291,0.8941564843597347,1.0934496952384254,0.8456457378149432,1.0072567557110312,0.8847242941963308,0.9719956948660441,1.0250259906902437,0.9584153735008238,1.1468404295931927,1.1460828036687334,1.0064982617323437,0.5859349385575399,0.8552147614169696,1.0073525937544083,1.0,0.9080667566737242,1.0,1.2627297884295485,0.9595861301851581,0.8715433680370744,1.0575103549965608,0.4415724684001653,0.7019221276510087,0.5546055959181226,0.8669245609976748,0.9758267067523398,0.9053130117126627,0.8703065783601532,0.862067571848318,0.7924777263710778,0.9256569648023679,0.9763869957260004,0.9289378066758954,0.5856559215658894,1.0,0.9479690787291571,0.7381161167741991,0.761418317738994,0.8162947377435652,0.8083909113593118
2005-05-31,0.7579042100330797,0.33719710456220986,0.6615402885488149,0.5719217922818578,0.8142442000303742,0.905828144035499,0.7937924227329515,0.9043298339131642,0.7502760647660066,0.6654700950952988,0.8687054319178049,0.9615049416288111,1.1752044103437072,0.6497100617972555,1.0325424881224805,1.242696566062399,0.9057402468245905,0.7806650977398395,1.0217044500719514,1.0,0.7859538883186932,0.8530651638728197,0.7435452618165508,0.6974487867313863,1.0,0.8855419010114579,0.898696256089931,0.9876206474954278,1.04324972002837,0.7418024808946193,0.8621603258255628,0.9370039806357379,0.880545221910995,1.012798353447323,0.8180731004034483,0.8670246861880513,0.7810991467652868,0.9335338506791337,0.906028113359351,0.8122299681084928,0.640454758380632,1.1004213560297427,1.0,1.0741781761138778,0.9161202236272381,1.013108899739645,0.8278742750183988,1.1017231643306282,1.0,0.9656729901460424,1.0,0.8917473455746686,1.018548531324333,0.5029006905486854,0.9552750431063175,0.6475273036688902,0.6712661916858356,0.9778252702062075,0.9308418933555755,0.8684993713804432,0.7133457656129342,1.0,0.6049709122949459,0.6263351468823011,0.6657575911661002,0.8206213162571878,0.8948394944977283,0.9740204376715432,1.1161385880046966,1.003982147436317,0.7530586031173219,0.7051900947108536,0.766181001860734,0.9158059905124629,0.8613085107275273,0.9011597557058824,0.45536407480525976,0.7647881027360365,1.0,0.8380728400486146,0.943409611532303,0.6136052836309538,0.9807912114457554,0.9997728473632473,0.9032038559275037,0.9026386956109841,0.9887639498944499,0.9634983416348354,0.9158841197430493,1.1788834686700516,1.0271702373164442,0.8116542230511339,0.9837593516438352,0.6516113704417346,0.49607949420762365,0.8400252582034845,0.8337358324015868,0.8474690211131644,1.1066164527295428,0.8326096124160747,1.0,0.6896711284349888,0.9608292302685987,0.8824218326957206,1.0,0.9938006075588971,1.1185590729504074,0.9686221033820628,1.1211550652060485,1.0,0.9452512355130724,0.9586370321506712,0.999296006816415,0.8719889138300094,1.0244231911496724,1.131565377290232,0.8825803635011485,0.7538691336934522,0.9990233455701987,0.4438079503245196,0.8493275435027305,0.8938948654777035,1.110424996627004,0.8876057631515762,1.1842976167845107,0.8857054668677944,0.9692553768609223,1.0024055193006594,0.9976450118111961,1.141920886623322,1.1196808186461005,1.0160851272568543,0.5881530640380744,0.8298561317270108,1.0070273086401536,1.0,0.9098575828394652,1.0,1.2910140038136957,1.0325378182155296,0.8613820614257996,1.0568154065846869,0.4415200147763313,0.7155359146898053,0.5635388203077414,0.8445987528227437,0.9754896647379262,0.9149968761831796,0.8732586585113533,0.8615295588286184,0.8601757554201829,0.9173619075047724,0.9723272261945866,0.9683447368741931,0.5621961298456317,1.0,0.9441255246414434,0.7425614289238318,0.7642722477804296,0.820332432905376,0.810053934059406
2005-06-30,0.7884400288348286,0.33718495691737205,0.6615391771914765,0.5510936199673488,0.8146963463244399,0.8965237077312185,0.7848977118541445,0.9947480049464958,0.7517176521857541,0.668286905587402,0.8699157427950858,0.9704580335268685,1.1855576773947831,0.6477294246958841,1.0337350634908617,1.262930662749973,0.917556766116387,0.7847998086825066,1.0231922877253257,1.0,0.7872615285320744,0.8471277573099721,0.7253718972521348,0.6960774250660575,1.0,0.8830314593296351,0.8976417983831589,0.9876400327236179,1.04196257417982,0.7356528957806353,0.8589144491017208,0.9485531854203127,0.8805563145411989,1.0135670487299036,0.8237112407432289,0.8647939618511625,0.780038794495717,0.9355271834282514,0.8871272446928025,0.8097424820161176,0.6405039737683991,1.0964498879947076,1.0,1.154082440717364,0.9303198806305776,1.0231176818138126,0.8302034325172323,1.1028708474545383,1.0,0.9956711101326137,1.0,0.9373088809687745,1.1850660008116043,0.49335806144555494,0.9524240799221426,0.6502222354912937,0.6685591498639687,0.9812255060909706,0.9328486294550092,0.8685266520303959,0.7029771562337175,1.0,0.6067693938646708,0.6579017967788812,0.6877964301100075,0.816661649635607,0.8949321525816264,0.9747569757900415,1.1586845037934141,1.0220309233308875,0.8097600503583868,0.7474009407688962,0.76395250526169,0.8846977162697687,0.8323448073861881,0.9008865097468305,0.44469483840717905,0.7416879431711229,1.0,0.8348096095896692,0.948378069927353,0.6340705110322424,0.9811308082324852,1.000768481848556,0.9198741018469975,0.9139818207219153,0.9926370647929759,0.9621283313840764,0.9108226502464685,1.1997403360650902,1.0251868545221388,0.8175632098404365,0.9833944249816307,0.6517973661029952,0.4895005506141029,0.8363012240971358,0.8394592058008025,0.8474895190401874,1.1049911259516325,0.8630834221896458,1.0,0.6895930566281756,0.9639761823267318,0.8783930704000052,1.0,0.9917255108423905,1.1207242672727247,0.9682528704333375,1.1143682970361328,1.0,0.9452512868452629,0.9595682492942109,0.9994009276725451,1.0535294255866936,0.9867461109708279,1.1203111499130143,0.882580427852538,0.8744840222269664,1.0639575217270716,0.4431175570575815,0.8998694232113453,0.8965345837864943,1.121370941925492,0.9100478566548155,1.17616107991581,0.8861947921950833,0.9727311281667348,1.0287677035898481,0.990411308995435,1.1436608554818042,1.1194423527595112,1.0085282933108406,0.5833750443366542,0.8200890707065934,1.00660178680491,1.0,0.9066529113848795,1.0,1.3053320170554277,1.0491549334322057,0.8612430027732723,1.054134917467876,0.4415247746111425,0.6921124358119377,0.5580964256012646,0.853095630245943,0.9756734935261775,0.9073387240779704,0.8743780805136384,0.8588817172268313,0.8534043960455957,0.9164959164533079,0.97169033086804,0.9480611414149289,0.5572734292170214,1.0,0.9449685684281266,0.7618698267946884,0.7696880495719366,0.8252162675056884,0.8131592219459443
2005-07-29,0.7765399394653565,0.3371530921024589,0.661539583309211,0.5368024768815522,0.8000275172856495,0.8825793443934608,0.8142850591637396,1.0520350744938023,0.7561471221056122,0.67774011359615,0.8758861849127763,0.9619315621235358,1.1653217173369708,0.6764422472963005,1.0327279706820855,1.2095130894373154,0.9111429326620111,0.8302972867649567,1.0625740434094506,1.0,0.7718804472339319,0.8886417988754529,0.7250790715159815,0.6964947183911971,1.0,0.8963125665473219,0.8978440788257772,0.9926386667530641,1.0302158642760983,0.7167692858581386,0.8331929683494219,0.9756595564765432,0.8805700795621996,1.015244966680949,0.8236283223745208,0.8759143634535469,0.7812825647726933,0.9102810216602462,0.9130677423009772,0.8162776107073346,0.6404482855867053,1.0665454762072792,1.0,1.1166687910730204,0.8406816771293236,1.0262186343583346,0.8286889246385553,1.095425362866642,1.0,0.980373867076201,1.0,0.8745067705771087,1.2050406660654809,0.49275329427210135,0.9651908521002246,0.6547702344187062,0.6720135756044259,1.0590724440576578,0.9327833828405805,0.8685134435862476,0.7611646142351878,1.0,0.6047771179600278,0.6746775912642975,0.7159613031141521,0.7995925927348699,0.8925489759265415,0.9637353955414261,1.1991007337775892,1.040867922503994,0.8300755492042985,0.8365280042252087,0.7618721436337013,0.839605672161096,0.8458137946112637,0.9017453686666046,0.4439956468793792,0.8478437947609585,1.0,0.8665971223591741,0.935963851802063,0.6390502967856468,0.9815274105319755,1.0129895145012822,0.9941456390004383,0.9637056036689705,1.0255296331178099,0.9601599882942031,0.9004369867363914,1.123302493234972,1.0234953212305158,0.8178392430241956,1.0396227677094645,0.6509674595860317,0.4936465228295307,0.8517692098544278,0.803099451222212,0.8475826245645959,1.148252727110366,0.9611456731456134,1.0,0.6906825424908586,0.964606089217028,0.8631509381843124,1.0,0.9937001485710747,1.1154426733889458,0.9662412762944016,1.1190870678738585,1.0,0.9452515241510067,0.9616207315254286,0.999363067857432,0.8032152142531475,0.9652234347497958,1.0851785956232574,0.8825804156797775,0.799323028056875,1.0469192627643455,0.46036392349369515,0.8421928636099003,0.896811344261947,1.1000379237696387,0.9722960349345329,1.336214578413249,0.8841500351908698,0.9929049905592748,1.0562662324271905,0.9916584444419824,1.1529971007774467,1.0812370191718523,1.0237464692867704,0.5791606199200812,0.7892920758279056,1.0065748783542596,1.0,0.9092528725570814,1.0,1.3336924568250939,1.045317778493194,0.8603217654354385,1.0515250361186514,0.44167968748837316,0.7321247543745475,0.6362913680139266,0.808411857436153,0.9752629590185585,0.9122570235914497,0.8889662389733834,0.8578447442955426,0.8927259618097407,0.9212081991877498,0.9859218486775299,0.9642788306766685,0.5483928068864694,1.0,0.9779843246365632,0.8016385320566621,0.766332238877582,0.827615318668856,0.8147927153345148
2005-08-31,0.7463875423034865,0.3371779321998406,0.6615466032141116,0.5310885631089541,0.8008177291851983,0.8793594605498272,0.9070669155392795,1.0788192056358428,0.768457603254758,0.6789054802838738,0.8684016270053141,0.9508039491759201,1.1352211409740802,0.6682561217152123,1.0319018288576043,1.1690357291087454,0.9163501909362481,0.8285870371320165,1.0543609966161334,1.0,0.7596807272546391,0.9201569238763754,0.7273461428996199,0.6980014030059913,1.0,0.965963302812705,0.8992493589163169,0.9959200357892966,1.023407126802359,0.7695847406742712,0.7915574014190148,0.9836674987525046,0.8806075290179569,1.0172785559883315,0.8327370866790395,0.8520781328834546,0.7895872123384415,0.9228275452021988,1.0216607482872113,0.837211686551047,0.6404513407044834,1.1134446491341534,1.0,1.1538659771244477,0.7892308245398252,1.0220114541194427,0.8265706832910308,1.0717377419252496,1.0,0.9752840425371863,1.0,0.8068968576551211,1.1676836225533949,0.4976396809285294,0.962092248149041,0.6963006987714281,0.6724360910715999,1.0166284910208936,0.9181273950783053,0.8685402363755927,0.7513361571596398,1.0,0.6080421543351577,0.6977578305439573,0.728534485836662,0.8006881343761953,0.8859595455423303,0.9589956654888325,1.1811484539535122,1.0606520222689444,0.8986688419228133,0.8859421951370843,0.7595770776945624,0.828162560974912,0.8505491991470846,0.9017525788742611,0.4480642647841916,0.9229065293680873,1.0,0.8778461824222956,0.9143106893550994,0.6274912073291634,0.9742951059463071,1.0125047739049235,1.0243594576820771,0.9803505384071434,1.0299891601840154,0.9645350100589215,0.9419628442665131,1.1001171827489842,1.0334406666649871,0.8159458139120602,1.0673187428497946,0.6513395419958765,0.49596005128367115,0.8503283864787031,0.8207586194149475,0.8477285930777828,1.1563566714743336,0.9655130811815842,1.0,0.691330916114165,0.952860809877568,0.8536452782542282,1.0,0.9953846612245815,1.1078065374496755,0.9654354822735571,1.0851008703035665,1.0,0.9452516198281518,0.9651221408501154,0.9997499507414165,0.6874472520732244,0.9966929770260562,1.076032346311445,0.8825804850390495,0.9571011861160988,1.0634050919480103,0.4755611306773304,0.8747755868727255,0.896748466490217,1.1033232560823805,0.9323552410637896,1.3105543258064025,0.8823355849393014,0.9944331803869491,1.0374066111473945,1.0580071013186103,1.1528154227331275,1.0861429821093302,1.0250905665360532,0.5768941793414435,0.7680246923783474,1.0060276847214524,1.0,0.9131269065544849,1.0,1.3271593723844446,1.0430441393686867,0.8613984537293846,1.0525807045819544,0.4419129151186425,0.7173293288603259,0.6787840230824715,0.7941997863419459,0.9749455113943043,0.9500490810303597,0.8921497929671325,0.8568141818701732,0.9320454013954891,0.9222067964081577,0.994091487250627,1.0268643348658946,0.5482144688091484,1.0,0.9344676455458546,0.8058844771229268,0.7639225691655797,0.8250541895202219,0.8125857382862219
2005-09-30,0.7705321377334668,0.33716086042140925,0.6615520319074231,0.5251425843541258,0.8078412170219628,0.9190000001260251,0.986579560970663,1.0622678958304523,0.8309435082837782,0.677101728450555,0.8724512489345105,0.9568922027032668,1.155744847030768,0.657922539603392,1.0331996646395671,1.2005767811193993,0.9079192637299368,0.8616929144607763,1.0558620351165338,1.0,0.7635827302884977,0.9329785576112922,0.7167466975081795,0.6979805381408253,1.0,0.9398354028244026,0.8985767915344403,0.9983962880340084,1.02820937072715,0.7094148104511834,0.7844196791369533,0.9975236805954879,0.8806532438533445,1.0178568121600007,0.8425818518564309,0.8588052693341459,0.7871577436824442,0.9111829784756164,1.015966632398531,0.8279442328806255,0.6404895281905807,1.153217484639616,1.0,1.201295222357596,0.7912817916533212,1.0219405428492214,0.8263606620151044,1.0866456085126226,1.0,1.005674965779385,1.0,0.9234674601284663,1.2395371584147548,0.506294456857874,0.9689581522828478,0.7462978805221745,0.6756798874143992,1.016137007915105,0.9210594037012958,0.8693852417020026,0.7148314161320557,1.0,0.61365092221185,0.7342912659301922,0.7796827535601719,0.807842406544313,0.8872828771030062,0.965775371088972,1.1492534952953237,1.0708228158505388,1.0049355027829523,0.8915640742515262,0.7576434078970231,0.8432536367950516,0.9376885344774636,0.9018029963079615,0.44926635220329525,0.8902101191969817,1.0,0.8742322988571344,0.9263885853019278,0.6260925282753604,0.9755145204356489,1.0122377464453496,1.0266238783888444,0.9977926057481623,1.03051660071067,0.9666992047846115,0.9703888291285702,1.0883510589121765,1.0549897620824553,0.814727627630502,1.0751153480419395,0.6513040813647504,0.5065024829608142,0.8908255045589024,0.850337229266775,0.8479987794041925,1.154938354257564,0.9967083683865914,1.0,0.6930296353099865,0.9563824322630183,0.8582025686958458,1.0,0.9938277267867884,1.1081008968076187,0.9656135153885255,1.1214441334426424,1.0,0.9452517204372404,0.9741593346848426,0.9998115210231641,0.7134149051921114,0.9869244838672353,1.0846261294164992,0.8825803525965371,0.9781395362569967,0.9850131679691968,0.48491882440322653,0.8824141360232652,0.8983411129020926,1.1332858858197332,0.9366160558523373,1.3389783812604117,0.8827673923416911,0.9965430116723599,1.0244231268313657,1.0384756872317025,1.159346131294864,1.1007100511902679,1.0278364465612617,0.5757993966334811,0.7725044654732505,1.0060322476587442,1.0,0.908528296974624,1.0,1.306810464910245,1.0259203143804427,0.8626853523174295,1.0507413946288955,0.4417778485812881,0.7552649151068275,0.6738320448107469,0.8033807652882742,0.9750950301412815,0.9537715230974589,0.8977491167541921,0.8586840829931168,0.9295417856504405,0.9212254568152061,0.9959323401888622,1.0212186527051077,0.5369242185796129,1.0,0.9035966869604849,0.7994050924153338,0.7690776449776668,0.8268506729946928,0.8154644515592868
2005-10-31,0.7990913474216782,0.3371476327859323,0.6615388268088995,0.5268943481345909,0.8084285115377977,0.8910961328046358,0.9425734862160012,1.0355623237457474,0.8092159788199553,0.6714501345850454,0.8795449182845743,0.9585881442010677,1.1545646562395824,0.6357716262382676,1.033416890122637,1.2998904276370506,0.9092012934911716,0.8633072677811586,1.0551784707414895,1.0,0.7657574687077278,0.9104611640694362,0.7192844065561218,0.6984939755502271,1.0,0.9174671540893615,0.8977339198660401,1.0011219134485718,1.0315126080724804,0.7455708976467961,0.8155281906557752,1.0047618557004416,0.88059847841937,1.0192421628982669,0.8236490695605175,0.8814798871440919,0.7819768236923551,0.9007188815185511,1.023079157340774,0.8419666904465424,0.6405752942095079,1.1539692681371871,1.0,1.2252455647979776,0.8550518439197989,1.0227308680941545,0.8246788576958451,1.0948208728241124,1.0,1.059107397173331,1.0,0.9785631283180226,1.2654157570140911,0.528637568397879,0.9721359435516147,0.7908315549510185,0.67822888465253,1.2170235742150526,0.9328998976513658,0.8698940975249126,0.8322913995252211,1.0,0.6160731037950418,0.734397679546373,0.7805753641878248,0.8202730189890367,0.8945400876476208,0.9714301536687934,1.1347120900399736,1.0683356088419012,0.8922930394776121,0.9098285616689178,0.7588910624339638,0.8292396542878251,0.8990878223905532,0.9013370593695993,0.4414725308745774,0.9343302128858235,1.0,0.870004646700506,0.9502215508371847,0.6693077058157108,0.9813602703009623,1.0138826266223468,1.0401791168428787,1.0061222251144326,1.033640333122731,0.9688217529699908,0.9610721347708188,1.1436228193452576,1.0817795658698934,0.8132070979339698,1.060636567109512,0.6511484541620157,0.49843843697986256,0.8964912459739853,0.8332029516886541,0.8479785815636941,1.1557044427240515,1.010324875889734,1.0,0.6943077404136525,0.9628696403535291,0.8588876206968361,1.0,0.9936568456792139,1.0986399802379903,0.9653144242886919,1.1153839592154307,1.0,0.9452522225019029,0.9719889094775827,0.9998068743012604,0.7014697152646026,0.9820367971094237,1.0930786765222176,0.8825803573658378,1.0819473680328286,0.9493938790804671,0.47591629349729503,0.9313373062862087,0.8981951142894387,1.1265370420136396,1.1083325748935664,1.4418013256170132,0.8850459767571146,0.9973283893961925,1.017092131078327,0.9955844164718947,1.1591513497941583,1.1556598519014463,1.0312259060961382,0.5790197828420707,0.7936672888887744,1.0064563528986148,1.0,0.9021433879444254,1.0,1.3103598827551908,1.0216992182684774,0.8622859304236552,1.0543860460749879,0.44164023973008704,0.7499981338968994,0.6391545953885416,0.8317317286657853,0.9753873472998911,0.9756126752948804,0.9028163542510927,0.860009680169415,0.9177622148082958,0.9141342829161618,0.9778526955561339,1.0136982656837623,0.5430233066208621,1.0,0.8793903061676664,0.7836401865549222,0.7735786387963292,0.8297233940777772,0.8201060495136558
2005-11-30,0.7851743101770758,0.33715135771801474,0.661536428332705,0.5192485641985427,0.8087808187819762,0.8922781415477221,0.860825028329091,0.9600073210094674,0.7730833642552515,0.7065731334858412,0.8791215939834313,0.960625569139999,1.1594191394759206,0.6570169333445137,1.034726890036416,1.3295687567915033,0.9161998508182818,0.863826199797559,1.0484187613011808,1.0,0.7631859066561748,0.9409700210593483,0.6910245242493991,0.6966847644013507,1.0,0.9112827375581035,0.897833930824077,1.0026396012901715,1.029177245617943,0.7788666321058105,0.7997886079970343,1.0491368830494903,0.8806316497859803,1.019390050436239,0.8566093565364457,0.8558771894829489,0.7856113775036486,0.8334884912556696,1.0101825384550598,0.8500017340244171,0.6406763749021549,1.1457132337488491,1.0,1.179562389038809,0.8449459219363004,1.0191619888989483,0.8279252199559541,1.07819518573163,1.0,1.0536850148997337,1.0,0.9159509276764708,1.2359559785177998,0.5609228328575155,0.9762158825271843,0.7391275756298163,0.6688602801733723,1.286651478843805,0.9573210218624811,0.8701553712201295,0.8243755725204429,1.0,0.6198539000939745,0.7463147801907819,0.7939224063152295,0.807142962046656,0.8965325892828993,0.9773745248015236,1.1059206158461583,1.0405233965342833,0.8028076173284835,0.9240889880671251,0.757323262250114,0.8391111777807458,0.9665601655651083,0.9015443071444029,0.4407978067708389,0.8745132676910723,1.0,0.8745694301815845,0.9396315746260031,0.7004489485060572,0.9832786682403547,1.0106572125593802,1.025110229809215,0.976900802484075,1.023594831388484,0.9634194141983358,0.9530948902002812,1.1630880424584635,1.0744057955596518,0.8147856419141777,1.0622024456283927,0.6514955272024328,0.5038413983225682,0.8906637089523404,0.8022753445840132,0.8483242978003502,1.1469800907404006,1.0095478625138683,1.0,0.6991587590742632,0.9649058343433878,0.8627777187648042,1.0,0.9939014845443194,1.0999924274359276,0.9656371802690771,1.2194088289978269,1.0,0.9452522962070711,0.9718553712110131,1.0004562260956413,0.7208791578370157,0.9949011654669412,1.0963824395802564,0.8825804009222207,1.1298820356728745,0.8142137124373111,0.4716094072491923,0.8823629741019307,0.8972842673536396,1.1495885050463617,1.1934311822935189,1.4564162545359323,0.886658203344028,0.9992723868651251,0.9932829898454454,0.9598922954239557,1.159480593950453,1.1715906850873472,1.0174583048848165,0.579064435550733,0.8029660962013205,1.0064763730148059,1.0,0.9030864958880096,1.0,1.2954606321516313,1.030252797441872,0.8602479534466858,1.0542608197818886,0.44156271605664055,0.7691612605056097,0.6158869454427895,0.8324978485004609,0.9754555977285664,0.9798504411553046,0.9057967783568934,0.8577587578666201,0.9008600660314278,0.9143576982435231,0.9813729243506477,1.001182421198882,0.5592368950196547,1.0,0.9416195376140594,0.8165488364127985,0.7736287249652005,0.8292567927447958,0.8202997865992883
2005-12-30,0.7743923146004512,0.33719541437403344,0.6615545256400512,0.5142582493943783,0.8046327683174245,0.8970518804262286,0.8362452975118311,0.987036703480272,0.7697041895779918,0.6842986187782103,0.8835469570746214,0.9575873489059147,1.176117564480008,0.6415638030194439,1.0339660557394312,1.4038430954724124,0.9005344412718159,0.790285215581848,1.0089442277043135,1.0,0.7562898856283691,0.9534295775573844,0.683893017867895,0.7023993966900082,1.0,0.9667638807246131,0.9023095191056454,1.0101301034244934,1.0361381264347462,0.7357601536338267,0.782355559482247,1.2591084109816955,0.8806132494596969,1.0191844941793216,0.8669839190962064,0.8456190552617914,0.7856117377084655,0.8383257225359722,0.9869226683735014,0.8638145547602941,0.6407406501434669,1.1062804799726726,1.0,1.1417206593426206,0.845726910055618,1.0137847170321246,0.8208285419751316,1.0389810568426991,1.0,1.0080695678991598,1.0,0.8969148428776407,1.1353320824340836,0.6134686674695431,0.9696050984911602,0.7396453654554502,0.6584670863785663,1.0561464546690071,0.9433616031138585,0.8726157018526964,0.8069988100936664,1.0,0.6270242361419307,0.7679528417413061,0.8262883586243852,0.8070396166511478,0.8913409799545599,0.9858758831926386,1.1248700671397016,1.0348897162087272,0.6732635968017353,1.1979469100733158,0.754039254834379,0.7769263766062594,0.8229565716514343,0.9005820500441137,0.4814461159445599,0.8318178767014963,1.0,0.8805447325668749,0.938680320482568,0.6313303105007866,0.9754288258914398,1.0040456929672819,1.0946120119746683,1.0380102115677883,1.0254100679092477,0.9666775743365744,0.9203165032568511,1.1624189554268076,1.1049691124732086,0.8206167856555149,1.073094964760766,0.6521565610014728,0.4956168030751643,0.8240582016633095,0.7627261484899006,0.8676930707854856,1.1526134635655532,1.0186372584250805,1.0,0.6951681473512121,0.9559073309224378,0.8490477551217549,1.0,0.9931255434398251,1.1053965672745414,0.9654012080191668,1.1288029320961288,1.0,0.9452654258108026,0.9679165771768041,1.001191381896301,0.6509321148252682,1.0121553613861192,1.0956167989066061,0.8825803393756706,1.0944223079561206,0.8075362748105934,0.4697984132372286,0.9339625872729262,0.8941508703956927,1.0847832648195166,1.0570314989320295,1.3346371194365558,0.8845981236914663,1.014218309589444,0.953526402343686,0.9289100198620912,1.1575848866750809,1.1448918914447073,1.0129880744036663,0.5880221330397062,0.7958533041278912,1.0058893133389215,1.0,0.9070996492026295,1.0,1.2874920608342943,1.054014236928078,0.8647695627295833,1.050536004252917,0.4416631630875244,0.6993220074333542,0.6787819128385619,0.8469395923882866,0.9754466389704478,0.9745726661130716,0.9073121711366761,0.8558387275063303,0.9069738611179947,0.9217004058868522,0.9926996339698321,0.9962544769044862,0.5553150241623349,1.0,0.9180981729276965,0.8179809688279046,0.777006169756791,0.8280055356440064,0.8208010408692387
2006-01-31,0.752862946313959,0.3371716509574255,0.6615428858287002,0.5140956355689013,0.796532030500151,0.9069010474415498,0.7423869667161259,1.0065726872588339,0.7228602444737338,0.7389675899115449,0.8803047979139709,0.9221239313828766,1.1546079341346513,0.7032153101257934,1.0309404652138165,1.3942846379915568,0.9242114563835555,0.876132855333723,0.9470656512602627,1.0,0.75776734205834,1.0659949644550566,0.6397737789499989,0.6978626934951406,1.0,1.0698915312360524,0.9024414753195935,1.0117668795956576,1.023573337430646,0.906284408705922,0.722512190816057,1.3559963885742612,0.8808363920342223,1.0189515050986537,0.921228197895192,0.8229306413362855,0.7886457380281593,0.7358321701551254,1.0078313035995916,0.8641970734238388,0.6408352174143412,1.144738776317077,1.0,1.3208803016099289,0.8398422760055076,1.0194925070716119,0.820184232286542,0.9896866093451223,1.0,0.9343736445854579,1.0,0.7912877151571102,1.0754248479601298,0.6110819918829322,0.9576270097039159,1.2430807052601813,0.659131486862801,1.03916133568105,0.9569735261666384,0.8773009907394775,0.8903818180583771,1.0,0.6345001209414866,0.8069543484627633,0.8924761474120706,0.7748505252689992,0.8864683369516904,0.9812942880793825,1.3404477273013242,1.2366857096433665,0.6939545358498722,1.1826932182332068,0.7542714839205351,0.7907923026812431,0.8380167104757144,0.9011323698855259,0.4582511609622789,0.7607861549468321,1.0,0.8481234196403097,0.9249439416259424,0.5185268875993485,0.9725758937942726,1.0176811796462224,1.095769702382683,1.0944256959444787,1.0916121857915746,1.0584654376434317,0.9370369370872675,1.103541172968127,1.1057837230860665,0.8249280439281721,1.0495267749084907,0.6536566954534224,0.5270559922778728,0.850610101250181,0.7544741090790106,0.8793066280328635,1.1785788460834927,1.0155177327930665,1.0,0.7289295734255343,0.9370362672007309,0.841326962363002,1.0,0.994766429860457,1.1097573953401765,0.9598846522369385,1.1181862192006309,1.0,0.9452758550222322,0.9835622719942192,1.0006668147720912,0.6430738122825035,0.9929361510255323,1.051577493051684,0.8825802773772345,1.1422085206608816,0.744987989739088,0.5106084487249762,0.9395108821289491,0.8927675663185658,1.0926731986558291,1.0264266757001148,1.312872626460535,0.8833901246842204,1.0343629763743094,0.9193917563238878,0.9151303355775813,1.157369101774136,1.0680467988407367,0.9828402654133843,0.5884221410578075,0.7614712616735857,1.00515974734542,1.0,0.9085181274091961,1.0,1.3589955464743615,1.058513260749876,0.86895886383117,1.0313478225142267,0.4414930640304906,0.7602153547197313,0.9637854489414832,0.8003270246521211,0.9749278535733769,0.9668501098944334,0.907641469606223,0.8475276539004326,0.8763844449285569,0.9228861931409963,1.0003700538215756,0.972969364281894,0.5657485522016816,1.0,0.932196686396854,0.9088511072932185,0.7655884785533831,0.8195614141139802,0.8138043904650529
2006-02-28,0.7297576851012013,0.3372834849879812,0.6615336649695203,0.512711207150677,0.7965210203122475,0.8282880749399373,0.740222705914384,0.8140614782413799,0.6778479242650113,0.7825964897733505,0.8928707450449234,0.8980325597284039,1.0933682582935447,0.7734380780632241,1.0250213031809512,1.3893074159765093,0.9196751539967679,0.8437468265984851,0.8568695001938602,1.0,0.7772610994275947,1.0758421028917113,0.7236059564756977,0.7024474625099006,1.0,0.9672239865456752,0.9374524353673982,1.0047411104404167,0.960587510004056,0.6949334370567868,0.6772014829659098,1.2885852932468935,0.880796670768972,1.0172693485680628,0.9621327968924107,0.8045038736542297,0.7836654689831337,0.8237844283133268,0.9564780903368253,0.8521029215434195,0.6410045855479416,1.1661282858486044,1.0,1.1986650367465752,0.8958761420617032,1.04133836783222,0.8184572755247352,1.0227446900888117,1.0,0.8788455771111463,1.0,0.7742428500387024,0.870891734638606,0.7666455093112009,0.9455971768318446,1.022712096604736,0.6614377832732703,1.0454601349241626,0.8922212759211174,0.8766055344367996,0.863147799609018,1.0,0.6375917873223603,0.7942595490003812,0.87477350797595,0.7936346104626412,0.8972892104105719,0.9838429384391706,1.269314543310712,1.0468895568201997,0.6437680902547243,1.0701447459557933,0.7747837111699087,0.9529446687167421,0.8599040315543545,0.9114279154017089,0.4688307084181048,0.821405851201022,1.0,0.8556599288183843,0.9030931289682649,0.5076365215861114,0.9827291275390888,1.005788755087391,1.0234703231407942,0.9916427436433297,1.0328298015651747,0.9991675645347187,0.9443122401506387,1.000334145455964,1.0808776821875068,0.8252848142117359,1.0680433025204745,0.6684368801763977,0.6964414304523557,0.8973262000909934,0.9985201126011968,0.875371023767986,1.142401077489576,1.0678000855211536,1.0,0.7322209823832777,0.8777581202481103,0.8171184220448867,1.0,0.9976094899203122,1.1064547973967527,0.9550596723115226,1.0624906676345764,1.0,0.9453887158954112,0.9559430890769858,1.0012244218154982,0.6234244125473278,0.9372054654240018,1.0205767166485986,0.8825801612737896,1.0998578185581869,0.881642571972388,0.5141971031994312,0.8688033501183368,0.8863541990413533,1.1961853503172475,1.1108329980838527,1.540989167120024,0.888192848835841,1.0023068274698614,0.8799954659491063,0.901790795679743,1.0066044986903135,1.0126661384693607,0.9763684564134769,0.7510075053685509,0.7111980855774539,1.003511769932756,1.0,0.9088204126885866,1.0,1.353388967222205,1.0423690533878591,0.8656098050421854,1.0056874271560425,0.44183564787352037,0.6701245422647115,1.0040737311119599,0.7948888297721802,0.974924988911572,1.0278539401104942,0.8895386095314051,0.8431631785581398,0.8503504402119748,0.9543964044752455,1.014883731961637,0.9242922183083216,0.5890542517881141,1.0,0.9196373270624655,0.9121033279311795,0.7651381712326063,0.8232414870947579,0.8167556195777408
2006-03-31,0.6899065879243225,0.33735005992749467,0.6615359042929094,0.5039986931082121,0.7871142087868934,0.9064828505130391,0.724856889716539,0.7463314533729098,0.666351129491883,0.8423645825187878,0.9168984907794945,0.85006936068691,1.1234195387359645,0.8505760443902456,1.016720308116154,1.3710377546322123,0.9181362929674425,0.8587365421343011,0.7588916650976332,1.0,0.7587313887237195,1.0875537799114596,0.7203340310171922,0.7126481284731023,1.0,1.0243239633207784,0.9786789677846442,1.0125491144549599,0.996878876432714,0.832607338125853,0.669225805535133,1.3068701046133049,0.8811261178499951,1.0199901937033387,1.0295177511853268,0.7864339427635758,0.7868396378491103,0.8268790927647331,0.9633087023004338,0.8720509735792048,0.6413174863493734,1.1017322215678789,1.0,1.2766728919304526,0.8602155990764577,1.0401923271337559,0.8167386329313462,0.9023552129917103,1.0,0.8667251726022682,1.0,0.7025158234558693,0.7298698699391709,0.667523803595613,0.9078674750517044,1.1425557537973619,0.6552721348415402,1.1213147278752769,0.9347267304121847,0.8762596597940536,0.9009669627496851,1.0,0.653045503692126,0.8189069963332609,0.9131862689068745,0.7795723583815892,0.87837512248418,0.9790155827483266,1.3415116658043116,1.016788934352963,0.6516681654858334,1.1595486716278502,0.757754333223555,0.788131913805509,0.785184014270112,0.9008514088890326,0.5083520233318589,0.7017178330387224,1.0,0.7962803159865287,0.8500414693886011,0.4774501796591194,0.9587301825329557,1.0038117908137638,1.0426089281455126,1.0449972980754816,1.064661732891569,1.0375096060184557,0.9264478335314913,0.961783558288394,1.0958461152393628,0.8319631352498877,1.0412399358201463,0.6586259459964345,0.6902001674267528,0.9404451853209537,1.088917586934096,1.0946501657686767,1.144225871793132,1.0564815572297002,1.0,0.7530372605710534,0.8173172476903569,0.7987950661171388,1.0,0.9985053024684716,1.1020426912141938,0.946264516310709,1.037978783528291,1.0,0.9465123930329553,0.9581085516812076,1.0012836256322157,0.5958602864952494,0.8711970023232525,1.0024359038349748,0.8825798392627108,1.158968517318789,0.7993545397269772,0.5133794670404779,0.8519586542858635,0.8789627923121036,1.154134442711579,1.055400183231403,1.5236521377468377,0.8812003134829504,1.0195414765192643,0.8607524935654517,0.8876084986766668,0.9531979827032218,0.9612512667477718,0.9707484261373067,0.6102013507545946,0.6894291056927639,1.0016901995430703,1.0,0.9109388071188933,1.0,1.3651555899182106,1.0640057723270695,0.8660211492677661,0.9682847355258433,0.44178699926908893,0.6610981918499419,1.0564779360315724,0.7613440412286697,0.9746569536603386,1.002926210692548,0.8813012687931419,0.841569268912213,0.7828029701476883,0.9587951253573364,1.0171969438226487,0.8677276963262383,0.5849592688359813,1.0,0.9639129468145342,0.9351085243005838,0.7567297324608971,0.8099464196554815,0.8087198771749546
2006-04-28,0.6975494978680501,0.3373925359849578,0.6615423245614438,0.502921919936549,0.7828242139434669,0.8946738966522758,0.7240708025792588,0.7242656697883362,0.6785772744280412,0.8495603335925557,0.910407256570796,0.8226828766213731,1.167042383419707,0.8387839938464061,1.0108611826454983,1.3530350446865935,0.916610480982474,0.8654084703005822,0.7906461471437585,1.0,0.7542675183087046,1.1082519106456576,0.6965188772447564,0.7135547541796464,1.0,1.1613876120925937,0.9881541453214298,1.0126715999068516,1.0105384221874623,1.0699810910108987,0.667156333452859,1.3584411389811928,0.8822224535810765,1.0202627892316172,1.0360450637141316,0.7730341467351899,0.7887720731570312,0.8064983678875927,1.0268999910692758,0.8766502192834248,0.6424257082762717,1.086389757478686,1.0,1.2258539261024133,0.7599168963410338,1.028009337876661,0.8173167534656258,0.8104906928266734,1.0,0.8736774056453083,1.0,0.7161127600240121,1.1725510327414967,0.5496057072900367,0.8630361933528141,1.0095915697807172,0.6549531605710126,1.0557482750666742,0.9721113181504089,0.8750176080880088,0.9373606628921836,1.0,0.6534911333128356,0.814277535203922,0.90490722290679,0.7785149150565057,0.853837337919701,0.9749924825088806,1.3106489696629966,0.9970990488287803,0.6467088908306491,1.1676992295648236,0.7615677864436989,0.797985014629123,0.7808142030509719,0.900511219252935,0.49218476584601434,0.6169974994304199,1.0,0.7532006322305664,0.85799137299113,0.47128918386056207,0.9444177452437862,0.9965751922022484,1.006180849116411,1.011996374290214,1.054480952023526,0.9982830547180404,0.8729458245827716,0.9858389089278186,1.1165665418785988,0.8190543806934948,1.0346855965078576,0.660255574814815,0.7897095751234217,0.9642017293508334,1.1078640017493093,0.982286450662274,1.1265010601015075,1.0449137080419093,1.0,0.7617884516032493,0.7925780568415988,0.7953118819042582,1.0,1.0000759008264863,1.1074689461432992,0.9395733083276948,0.9268689699586443,1.0,0.9476847384976052,0.9602377279673708,1.0006095428210566,0.6046555830248834,0.9279981373616683,0.9829862852395974,0.8825791052141467,1.1174381773275874,0.7136221981126327,0.5000716813544988,0.8317986755754907,0.8714540407430906,1.1627687549924235,0.9405490237778996,1.544607879941006,0.8725192208027065,1.0224088300080465,0.8563320447054745,0.886646551996576,0.8519980168419552,0.946328681945215,1.0031447358664194,0.6749917707829989,0.6872550388066949,1.0014444676216918,1.0,0.9051399364849867,1.0,1.354584267821858,1.0853641396391713,0.865399508897185,0.9879356564856322,0.44186197338991307,0.719613818086501,1.0597109676156555,0.7410823098861568,0.9743466067798664,0.9992957009812181,0.8916242942153776,0.8415231641602097,0.7399662030893093,0.9597902884153602,1.016220202762733,0.9565732627935756,0.5627358602855945,1.0,1.0623319365554877,0.936794042379517,0.7535631201263359,0.8013050028888614,0.8056783698796828
2006-05-31,0.9209161868451716,0.3374020112993098,0.6615384392253222,0.5023289640770636,0.7830988584958594,0.9174893097042016,0.7071849943442297,0.693873798471184,0.6831947536058458,0.7560605872749797,0.9226435673943928,0.8750976233085102,1.1670719292859184,0.7753373923760036,1.0237930264326212,1.3977050704483525,0.9007732569443612,0.8279622030512509,0.8832855655889944,1.0,0.7942457937902379,1.105696537910462,0.6636881470033353,0.7103550254789103,1.0,1.2225661095991311,0.9944534456418956,1.0128002683504145,1.020356229808244,1.0492977693813763,0.7225156372578132,1.3569723342074504,0.8829078239900074,1.0191707403908175,1.0228917583335446,0.782555938570907,0.7793602391924424,0.9002661098051312,1.09990757373253,0.869697186540279,0.6450456618758538,1.097993371800921,1.0,1.253715097536507,0.7538487069186675,1.033824269618092,0.8158861466366601,0.8021978105194478,1.0,0.893684388087448,1.0,0.8121629927153012,0.9960936869275446,0.5620167805078169,0.8849112071779414,0.8937130435249511,0.6547459129588726,0.9462634399094959,0.9835133702564028,0.8721920096615567,0.950821352785814,1.0,0.650160831643122,0.8039966614467462,0.8912810233598438,0.7908687131587236,0.8832541509717793,0.984981768046472,1.2479828352367748,0.9701268949359276,0.6452311474410832,1.187306015857608,0.7671318903658033,0.8909588011201669,0.777635149992137,0.9003911210258411,0.4577824049181116,0.5745473873095208,1.0,0.7039753416135539,1.018770138712803,0.4657982533494729,0.9686891234556566,0.9934792407418757,1.0157914089939464,1.0165388598069391,1.0363293359906642,0.997744369153831,0.8287131499013617,1.0050309562206152,1.1741694994176606,0.8223786584996978,1.0010344820036308,0.659312220304767,0.7704422586517226,0.9792494991773306,1.0868003741807095,0.9361503980858874,1.1004548807879195,1.0113167885241545,1.0,0.750329519475798,0.8602129823149481,0.8168979079434978,1.0,0.9983500825014725,1.1077523021843174,0.9477278588324034,0.922702105705363,1.0,0.9618237758020478,0.961829808420529,1.0005143141233213,0.7956116375499183,1.0299526819037739,1.027070821775062,0.8825783794539894,1.1335303532423229,0.7601601483740137,0.48084014756991467,0.8627319197414302,0.8697423392837997,1.0847493536229196,0.8277006217739616,1.1779420410890449,0.8835823851348064,1.026463414471713,0.8654089101591347,0.8893316200468233,0.8299532465961365,0.9825171199977482,1.0323151051619344,0.7144002667365839,0.7254536000045637,1.0036843018215753,1.0,0.9032319139605991,1.0,1.3249013180166371,1.0690776460031766,0.8686098004955497,1.0165900684884754,0.44152364854566717,0.687160536635139,1.0384895121311275,0.8507487111830964,0.9749495096444446,1.0160370995695418,0.900460126532188,0.8427554860345459,0.765585711570084,0.9562407212590383,1.0122243518461804,1.0302859639825281,0.5613021339626593,1.0,1.0363225196345773,0.9194104792445958,0.7766947118340348,0.8217026505364503,0.8198980520758585
2006-06-30,0.8325210693807339,0.33772839620735773,0.6615575981286395,0.5023085356834478,0.781323250283523,0.9345750542412503,0.7133029135581146,0.6868080543719854,0.6864346632881153,0.7097013733317278,0.9125870525116334,0.8856371252158534,1.1523539767471935,0.7665017354430712,1.0278828614314095,1.395648795817113,0.8822704476785193,0.8476539487427668,0.9157525369892481,1.0,0.7914876959238316,1.1138029636461346,0.6756876125456517,0.7195930923636202,1.0,1.2207303806117238,0.9984909314489646,1.0128050036786673,1.0366636188105778,1.070437224273645,0.7917919247512615,1.3336606691861865,0.8823464854112392,1.0177247971175474,0.9956494316736859,0.8099335153188234,0.7798520663421826,0.9427620963278878,1.08900764690194,0.8739243446839565,0.6440235678535375,1.1193888873447593,1.0,1.1740376452984589,0.7733362623213603,1.0318393387893579,0.8155088334042431,0.8102430712007263,1.0,0.9292305875248903,1.0,0.7769947781728276,1.0576540246931558,0.6043194993704842,0.9158241294887666,0.7816917444074906,0.654773824293815,0.9865810131123972,0.9843623921808818,0.8713790346256802,1.028190906876862,1.0,0.6579573570494317,0.8055234849450393,0.9123915073099285,0.8017412068723204,0.894818478587893,0.9856831207298784,1.1853880508251182,0.9547565634314007,0.647151836171387,1.1589615632666534,0.7654396920827697,0.9033730487047016,0.7770882951639791,0.9003845272688861,0.4795093183720873,0.5836318158830767,1.0,0.7003199210507158,0.995993727609593,0.46412873385006514,0.979600688929708,0.9977962274731942,1.0052345230260902,0.9848247215882596,1.0206095529125232,0.9926721245221024,0.818495178023268,0.984264340676831,1.1609581331995624,0.8410118309390963,0.9950945530983848,0.6613737869937713,0.8256727019974046,0.9774895042832796,1.0732246563839947,0.9050111555565686,1.0813370477302684,0.9962402547741593,1.0,0.7473347467547893,0.8846345345927258,0.8358239348509138,1.0,0.9982584838336268,1.106010006265688,0.9514406845466312,0.9974713323063699,1.0,0.9590746302717863,0.9594785077855766,1.0013988980556279,0.768048751615638,1.055318105072585,1.077061113152177,0.8825784453462705,1.1512815824135756,0.68749794143473,0.4816676661713901,0.8295876468981562,0.866010369478359,1.0160706663885524,0.8049355653928179,1.1786616895917865,0.8875737617996867,1.0109518148584424,0.8598511092690626,0.8903150839700913,0.8297749563936003,1.0187413438170618,1.026574375374405,0.6926015565272703,0.7385157149073363,1.0049759257220248,1.0,0.9029964131663215,1.0,1.2836006298311258,1.069669921630302,0.8721768375578924,1.0265950839178941,0.44156144123676333,0.721363494735614,1.0115946869735328,0.8576077775093854,0.975260320758373,1.0175175961382334,0.9102936922903103,0.8441802390008398,0.7696472951507203,0.9534647717374893,1.008507453108804,1.0469699018796121,0.563334471166316,1.0,0.9829040193209031,0.9082454482913151,0.7751946843933234,0.8226510926013744,0.8194144608578016
2006-07-31,1.0258753531751297,0.3378493933244867,0.661572869555437,0.5024089948209483,0.780988203284082,0.9359541544145182,0.7095337121980709,0.7125364382228878,0.7381828655092095,0.6750629336928277,0.8977572277579452,0.9534324534243617,1.1280683946214185,0.7017879943317389,1.0355087328884285,1.4066620127404081,0.8513690492683204,0.934098849003384,0.923117753210666,1.0,0.8509367736201563,1.1083463225766146,0.7533941864228378,0.7336633231668168,1.0,1.1623032806576008,1.0013069153674883,1.0127593037501976,1.0366323793685124,1.0606858407951656,0.8747569784842588,1.2981757635006161,0.8820873240444145,1.0185194917300229,0.9731690474547633,0.8967984594742556,0.7796752767868359,1.03927027232541,1.0883783985066746,0.841373369479016,0.6448938495682849,1.209133209681889,1.0,1.2459962471217652,0.9631667187149335,1.1312608827788575,0.8153780357383026,0.8217350920761788,1.0,0.9195061533433609,1.0,0.8297010148285535,1.3455808914503622,0.61202224996597,0.9375366033294209,0.7554464079894679,0.6551876768316797,0.9199390848193888,0.9909133021762314,0.8730497517423702,1.000831195354395,1.0,0.6869278692739456,0.8304225568199424,0.9425484428460909,0.9133894945782907,0.9201360248975581,0.9977404064940206,1.1817997209356397,0.9647743003512345,0.6556077627140654,1.0793900767424542,0.7904679595768864,0.9620877985288908,0.7812444516330979,0.9003812904892446,0.4770893699550901,0.5890386554132704,1.0,0.7087414306816906,1.067956450429784,0.4732200347009806,1.0012092526480656,0.9988623608718115,0.9840856619297776,0.9648093153794567,1.0257958185849043,1.0171952498281402,0.8842171344598021,0.9705247575067885,1.2032214161221297,0.8383595048848083,0.9748080245103814,0.6638855553075107,0.7592083023353724,0.9644287743657741,1.1969652193857214,0.8882317971219745,1.0890414683662941,0.9896971574769805,1.0,0.7157580729082933,0.9104633624234173,0.8710565409545107,1.0,0.9978307657998406,1.1124473397395236,0.9533225818983355,1.053436331754955,1.0,0.9594028500983307,0.9790180842821871,1.001284915096182,1.0903554916295506,1.093496271080267,1.0860993615167787,0.8825785218248037,1.1423817267188527,0.6309350021638798,0.45497276453271407,0.8299761487744689,0.8630147284070905,0.9806178068017657,0.7850867817294732,1.077198923756828,0.9004747137846835,1.0059050880036458,0.8791810013783754,0.8895293035202129,0.8147946909385954,1.022323834804242,1.0290173491860908,0.676819663847473,0.8052878037822071,1.0062022518756268,1.0,0.907870181990407,1.0,1.2376410614035258,1.0749883905605477,0.8727418459180236,1.016404179864629,0.44152388514234253,0.7467836928790967,0.9196009075221556,0.9733632238401476,0.9769211018759156,1.0388525615681565,0.9478758307522059,0.8479088452076704,0.7714890682709714,0.9636228567768239,1.0067511241021103,1.085768313192256,0.5797909546251676,1.0,0.9531433306338469,0.8670599203968967,0.8798461347715515,0.8553636633011841,0.8930186549896859
2006-08-31,1.0220439965666093,0.3379477434314416,0.6615645819449039,0.5027223147726156,0.7828710592157195,0.9496059145338824,0.7329652471034451,0.7274955962859142,0.7623252686057176,0.6851348520359885,0.8754311096141234,0.9481474101629688,1.037114652797245,0.7503114512365221,1.0341838265378491,1.4041122924097527,0.8283903776250513,0.9130281891896691,0.9106721728124647,1.0,0.8591822124028778,1.09512836791149,0.8232074893552024,0.7608829355748665,1.0,1.0144304263084991,0.9968085800811702,1.0126435032971774,1.0279976422773756,1.020114861423132,0.8740505329517523,1.2615963494284217,0.8817480682337241,1.0154738559564853,0.9751479108345589,0.8958848534966792,0.7837940066417189,1.0491364734564144,0.9975885807969336,0.8223749995100549,0.646071778586459,1.188125046386167,1.0,1.1911811560900627,0.9931338749432802,1.1776723179308708,0.8151975959865068,0.7755965498197162,1.0,0.8852815719908496,1.0,0.8029325801389549,1.3795953489754467,0.5916610413242469,0.9339822781400833,0.6635303492665435,0.6563387934632732,0.9760485206683208,0.9943981379902518,0.906481403597229,0.9743389404878796,1.0,0.736530270562761,0.859002162691517,0.9787691885207083,0.894549819484684,0.9223227356010774,0.9981126439572543,1.229850846416689,0.9592972453115756,0.6939880988179292,0.9002258014988448,0.8561860306141456,1.0043524458581619,0.7976394601377164,0.9004200742762984,0.4616100583515631,0.5983450143997271,1.0,0.7228631597726003,1.0613551502834773,0.47857534720410033,1.004940960925416,1.024447160375449,0.9009718999894408,0.9033854436100669,0.9999640971723832,0.9993802910401592,0.8773586704617092,0.9795811500594405,1.1989495674892952,0.8431329921053059,0.9228398189755543,0.6660409732063565,0.702900482308189,1.016255536902841,1.180638624043092,0.855636674748637,1.041500124163167,0.978107931881289,1.0,0.7533611464882597,0.9020503304472194,0.8706993211378617,1.0,0.9939530122856995,1.103666940614375,0.9508636286589638,1.0198927832823634,1.0,0.9696324738277807,0.9709149447623453,1.001121476495323,0.9465962495513106,1.1679206587513726,1.06891924414562,0.8825772111170616,1.1218606543275365,0.6156504795688091,0.47502615507103285,0.8159023838543724,0.8644113822788837,0.8861960054206878,0.7485061959675199,0.8881739127439519,0.8993726489221044,0.9987502699112413,0.8999300088550852,0.8979124101213578,0.863615061823862,0.9991249220377819,1.0256719376082908,0.7138271662232887,0.7819530528023687,1.006480911906743,1.0,0.9103035113278501,1.0,1.2763377697257927,1.062241873089224,0.8715440008037914,0.9839715638075391,0.44158398379375197,0.71362982447543,0.9002309839456206,0.9646422176117453,0.9770795047701802,1.0496818665227003,0.9484343865226451,0.8473163592667756,0.7205265046199791,0.9658137900675529,1.010316655229204,1.068669910535649,0.6372431007525957,1.0,0.994240490700833,0.8893856938215619,0.8705874636319758,0.856436255065531,0.9011221582344844
2006-09-29,1.0656014157605294,0.3383412606047058,0.6615429302547151,0.5030920147729269,0.8043420971608201,0.9349019779683707,0.5888771608630786,0.7041015300166488,0.7316159831841531,0.7041043657489596,0.8798391822694285,0.9377280525239643,0.8848186326876968,0.7959634574442034,1.03346926374915,1.4056905186250177,0.8092460355157267,0.8801947880546623,0.9112686541694491,1.0,0.9032353741618468,1.0978465944004088,0.7668464664737187,0.7283767453093403,1.0,1.0026141299240283,0.9964941933409499,1.012615481007037,1.0314049424885936,1.0468722524775496,0.8990404770794864,1.2076524675985607,0.8814919073369735,1.0162637491965845,0.9878756145094021,0.8978147710249,0.7893406939233882,1.035415315143926,0.9625758859683342,0.814560869900052,0.6580403141594202,1.1908679373438709,1.0,1.145121273937635,0.9768137034285924,1.1430273901083436,0.8158759155132139,0.7518802947269947,1.0,0.8928877200648881,1.0,0.7246255242882402,1.2600784260522875,0.7714860765557041,0.928730038010671,0.6428083087625587,0.6566136232986319,1.2177616764432098,0.9953274036117742,0.8858465297736877,0.9837338253844439,1.0,0.7146330358920209,0.8373755291542283,0.9448539991338682,0.8870571201787687,0.9280867016624454,1.0053865385896406,1.168868253347462,0.9549235286307961,0.668705363133748,0.760440367945645,0.8790603872935742,1.0185642697940527,0.7986695764181054,0.9003945004895756,0.44696493322003095,0.5761564666496193,1.0,0.7131725318967306,1.075567327161521,0.47457242140094036,1.0001537491505297,0.9998526155439699,0.8349623816418513,0.8494842443580716,0.9789706388934273,0.9796262323503356,0.8036787369167316,0.9948645045549261,1.1742172441625167,0.8576213969430935,0.9225390721466559,0.66601607264632,0.6856148247858104,0.9821616801007635,1.138986598289314,0.8574355804187328,1.0057733756926963,0.9364085605423473,1.0,0.7382566472917642,0.934447667487676,0.9046549925936859,1.0,0.9963226824612461,1.0964174749645386,0.9511554803456804,0.9359456262665713,1.0,0.9878532241455019,0.9604398034682045,1.0007802854112775,1.1135921153155333,1.1426737953891564,1.0713952609410562,0.8825774378015835,1.0921451363063335,0.6080716038776153,0.4681725313839664,0.7889730650874658,0.853463374942522,0.8693289443720968,0.7528130012576659,0.9447961779791085,0.9015344907157129,0.9966202973524326,0.9148783928990516,0.8980656785657751,0.8497479345017019,1.0227565554885736,1.0574708442908662,0.799810653518384,0.8408451585590268,1.0071434956913645,1.0,0.9088819567656422,1.0,1.2652910068450751,1.0661122403451024,0.871179568509035,1.026141221933741,0.4415289156073433,0.6983247869479088,0.8204371238125261,0.9627069186392234,0.9770335181247349,1.0549679750013239,0.9652491292814798,0.8482925667154974,0.6268564823601579,0.9676776746293072,1.0123986106851421,1.0595344388642072,0.7344370332889604,1.0,0.9800913819831779,0.872798565332429,0.8563805636905035,0.8510310760089257,0.8925304467482637
2006-10-31,0.9979022419071331,0.33937792618720863,0.6615680392068033,0.5045721202094184,0.8165806703173939,0.9216034296808103,0.5726195804112465,0.7228840462047792,0.7920238507344455,0.700889760106552,0.8753522440130571,0.902722670145495,1.1157822513515028,0.8080170755429705,1.0293671924423196,1.3940497115990649,0.8150835282183699,0.8606024226694537,0.8928659039138567,1.0,0.8741729129813123,1.1017719903357117,0.7233955846904634,0.7068226111200419,1.0,1.1046201011104069,0.99564291011748,1.012649346569051,1.0191582431586825,1.0626009999644688,0.8499535663659448,1.1973255333040727,0.8824837661463237,1.0195169486694822,0.9700294518389289,0.826481305937371,0.780776615892411,1.0173738244504928,0.9657161689697591,0.8170242169322768,0.6476540974080449,1.2399653201777492,1.0,1.121989176579344,0.908907303892979,1.1275310033210735,0.8168431054055351,0.7676122918656579,1.0,0.8752713000004502,1.0,0.7114263077951397,1.3668696151467605,0.6349720730086904,0.8982019004459164,0.6348651803125269,0.6583521335006893,0.9917379605408064,0.9967198162242699,0.8847013985404134,0.8451267370961297,1.0,0.7015525787490284,0.8253442853802178,0.9129678509427455,0.8467044028095888,0.9071354160084731,0.9973915458991501,1.2377119610562353,0.9974224887671805,0.6589732706199457,0.783800598272776,0.8967242010585326,1.0237754804860517,0.8143071250634176,0.9005029002177046,0.4337866574539996,0.5502689643747354,1.0,0.6630838824166803,1.034620782908618,0.47838551459532785,0.9817760103983108,1.0096615138673812,0.8307149503495983,0.8641971637617037,0.962446007136665,0.9697522963176005,0.7514630620968575,0.8843640119872708,1.1890233226529423,0.8694234511366814,0.9082758081290364,0.6609295877910659,0.6966829063135078,0.9769869671509677,1.0492043250468244,0.8500286529778064,1.0082477898919302,0.7820280450636728,1.0,0.7147307560406826,0.8545209143519756,0.8737669798336192,1.0,0.9994360871583785,1.10468768719288,0.9485250479727052,0.9505545678327783,1.0,1.0190562966731038,0.9601780494457655,1.000196463555024,1.2223929674221343,1.154709742273928,1.0395781032488178,0.8825759270757414,0.9953956856935309,0.6195889230680103,0.49002244274156337,0.7666924416759255,0.8581418631858511,0.8373815284583134,0.7037840980910259,0.9082310513610385,0.891470121185905,0.9944790870490615,0.8981470131990802,0.8956485001792382,0.7531136578171969,0.9745192711407642,1.04860691460897,0.8906898555148213,0.7693102127350034,1.006028538635549,1.0,0.9031772783575407,1.0,1.3086532452976323,1.083402802482872,0.8731893543543212,0.997952589335736,0.44155474275068385,0.7324988726912229,1.0175881114958514,0.9313503410457344,0.9763910613068332,1.044057247134019,0.9200806185034427,0.8466177336199849,0.5579638252304466,0.9620414850330593,1.0109991868790515,1.0432571171457923,0.7064980932157842,1.0,0.9978010845857719,0.9012400256044708,0.815052377780473,0.8383399827546052,0.8545264748522012
2006-11-30,0.9904238023866555,0.34230993005943156,0.6618175222093623,0.5037806939497088,0.8104132998568018,0.8773608160190774,0.5393595067175427,0.6872275065363411,0.8150009656011323,0.674166776143944,0.884381169925488,0.8941052000388042,1.1516140293376405,0.7451826718594294,1.0264600973859879,1.3840052878951128,0.7545852834360744,0.8803721191326257,0.8954537330905669,1.0,0.8855704373742626,1.1003789962651682,0.5996705440361442,0.6993689477096573,1.0,1.0977322438519652,0.9925987858970022,1.0124486095389993,1.017090317876494,0.9547904415075178,0.8336770876376,1.1219958962330137,0.8823864067533043,1.0180339126345923,0.9655477932383035,0.8095522711346976,0.7813471312414557,0.8776945403428515,0.9193168592304506,0.809985800859046,0.6676616109050952,1.2218182186539626,1.0,1.0402494369449153,0.944374181500133,1.1562674719675372,0.8153748452168175,0.7373401742133492,1.0,0.879655104857054,1.0,0.7174365442792239,1.3370234649983332,0.6267778675094067,0.8714739233458555,0.6421814604284986,0.6573765425419662,0.9682832677716047,0.9979797656742349,0.8871590905670063,0.8010980978356843,1.0,0.7645841604287278,0.851634204804961,0.9530499952781794,0.8312078584812695,0.90587739311275,0.9943010178315114,1.181984293954366,1.03244101764429,0.6446021336319504,0.6813550620491123,0.9081674157808873,1.0211217252674678,0.789051444329034,0.90039866071868,0.4275663367586727,0.5450189297010988,1.0,0.5392817342574634,1.0272876626253586,0.4670726399902878,0.9847335502515252,0.9932881175194418,0.8099465707014435,0.8448392132974466,0.9613700713018394,0.9637430540221203,0.7190897328683945,0.7987478529945702,1.1506899891716555,0.8934304282484563,0.8685539889576434,0.6807289548353797,0.8068881812175752,0.964851873067552,1.0262267595646992,0.8485129319470365,0.9610373964053452,0.616137460418583,1.0,0.71375357959113,0.8284255681735344,0.8621882200891352,1.0,0.9989676008249954,1.0945856138168695,0.9475376357428699,0.7567910911194173,1.0,1.0088596519010422,0.9857460638085107,1.0000980000823654,1.024860276362768,1.1127207001297892,1.029327827457565,0.8825720060415203,0.8140741953740164,0.6019013275629429,0.5107035805689528,0.780834955072062,0.8257119902645595,0.6727256839057747,0.7026734284047889,0.8304330576006568,0.8874130988360199,0.9929240413747961,0.9046494201483576,0.8943009291844065,0.7804917809409527,0.9675108019853833,1.0290564398632298,1.3102740328939455,0.744067068370924,1.0051124585970856,1.0,0.9035839244019804,1.0,1.2524802105245705,1.0598872478936412,0.8851630896402319,0.992363451139228,0.4414080922950536,0.7265122120570685,1.0095418727693126,0.9384956389932295,0.9764708701192617,1.0415537217741988,0.9041783552897977,0.8474828570467909,0.5074589859853951,0.9571908731715244,0.9973411292404893,0.9976129647926606,0.6762028260904966,1.0,0.9638369184625241,0.8897966201551413,0.8067983602820038,0.8324876886574887,0.8453950542228462
2006-12-29,1.1319058495742012,0.34210944955573674,0.6616839800592844,0.5070265834502445,0.8184069058275536,0.8654718445769113,0.5350441480382708,0.6977486328351925,0.9209384890539104,0.6769458247858677,0.890498172248033,0.8666138823040885,1.1152739807917433,0.7737512416638077,1.0261228163004203,1.3905135011558434,0.7683331454059473,0.8987149080035606,0.8950662199179866,1.0,0.9645038651867274,1.0629443300014996,0.6016841869098591,0.6968336740641642,1.0,0.9333751695099689,0.9833556561325024,1.0116124816572725,1.0202627147731618,1.0051285287831822,0.8633981114780359,1.0444811694065321,0.8837094312964002,1.0178421465841043,0.9844610442959204,0.8149211621882799,0.7960018403863253,0.8643673876219117,0.9277407343899607,0.8073831853837798,0.6943327309472682,1.1429168703627317,1.0,1.081482261475512,1.0405269050832013,1.2256536435327507,0.8163641316964877,0.8380623877152724,1.0,0.8929912370480954,1.0,0.706374110328187,1.4105674059223974,0.8189791090983193,0.8834037391535774,0.6395460639928041,0.6852962179331163,1.0427966523875234,0.9993462508446973,0.8989524261722278,0.7983879648814645,1.0,0.7759943470350524,0.8496826461194538,0.9589302173968546,0.8547052015764662,0.9321915774596456,1.0035719263827667,1.2057274361404482,1.0299872082627608,0.6444322524239691,0.6266990148590151,0.9605045333080078,1.0423472944153362,0.8458200610961359,0.9004395581514034,0.42679200370224557,0.5447619604760833,1.0,0.5654174193131699,1.082554686414346,0.4722571504401605,0.9967234057455817,0.9966613084815449,0.7865032424740943,0.8165375634482307,0.9790865604136542,0.9594918147310301,0.7934851660596638,0.8550614550639251,1.1384656726973559,0.9468487236145959,0.9125016173369931,0.7653084743365963,0.8703216198043688,0.9821453127970453,1.0356541967683546,0.8477267366515161,0.9611270956825185,0.6530118463742778,1.0,0.7247217950430611,0.8521318667893776,0.8841906803511359,1.0,0.9996913397927362,1.0829183441872137,0.9410724750957833,0.8016322402032244,1.0,0.9655662438755074,0.9741200550393843,1.000977180769416,1.2440438583840834,1.0415384694972536,1.0193731736459632,0.8825694808363068,0.8090090038456831,0.615196505984293,0.5083636739098343,0.7898672782283748,0.8529769547483468,0.8169446932053976,0.7133895834853186,0.9062140854807517,0.897143276118272,0.997035890174576,0.9272986090286484,0.9235743689457284,0.7751321832368622,0.9622825453518544,1.0527793256399876,1.3351363586256957,0.7924654695675619,1.0064425318135464,1.0,0.9056618925235197,1.0,1.2774910595850189,1.042298313873114,0.8775335162766431,1.0080500850443168,0.44140613729903666,0.8016361621325057,0.9879309821399758,0.9685684514327751,0.977364352213609,1.0551487572978855,0.9412698054696492,0.8470864436780252,0.4999264442307859,0.9617896970552928,0.9952777069171825,1.0371268685947832,0.747406689304266,1.0,0.9388370553942146,0.8851138774466062,0.8176550481271695,0.8383430048489451,0.8559403865570614
2007-01-31,1.224179503587908,0.3405690416226661,0.661651979053582,0.5111339185147719,0.851120081449174,0.8420071793631374,0.5371747715654819,0.694216292593549,0.9516581344199906,0.6656110910351871,0.9156801601990311,0.8717167711873257,0.9963030145602967,0.7272582801389552,1.0298487416612536,1.4022414376518055,0.7273739003600833,0.8526778461473579,0.9400597695764403,1.0,1.0694047844408103,0.9870059205375913,0.6550217108993008,0.6990162749810966,1.0,0.8733662274143487,0.9810052284734597,1.007945527732828,1.012215453388639,0.9294149862613258,0.8568463354520665,0.9816726234011858,0.8823336354821932,1.0194717328891734,0.9521542473559592,0.8836380775791294,0.8613095972439297,0.9866278701757859,0.8753879205644595,0.8065543797961237,0.692371691587514,1.2484448909466352,1.0,1.0058649256718943,1.036821474522972,1.1956045460065814,0.8172475705964567,0.9108112960664048,1.0,0.9269922144302052,1.0,0.7089935325919099,1.3971966784631042,1.075248683984979,0.887893059196038,0.6314993290652627,0.7290654535377306,1.1834434824565303,0.999214250909122,0.902214099348357,0.7734369871797585,1.0,0.7398392330266865,0.8023839315624081,0.8911980514796894,0.8670513608888558,0.9642189200891932,1.0124059882238494,1.1077919221457777,0.9589245583507119,0.6435598724727765,0.6415463751273685,0.9758250225256051,1.0531082893842012,0.8641195904428605,0.9004312540448843,0.42735458788919645,0.5449556577815167,1.0,0.6128420524760662,1.1622320066184146,0.4684923046512147,1.014680372709367,0.9951458280152614,0.7736141405234461,0.7631881938275027,0.9440423136237656,0.9313132230629672,0.8150581185936567,0.7833883894370041,1.1335589059003863,0.911031568330051,0.9195304765266353,0.7652356917542418,0.7468413341839959,0.9599547236678005,1.0442374677109916,0.8478666493596926,0.8691730274784993,0.6599554311399836,1.0,0.7003815012408859,0.950041536064949,0.9628172690200185,1.0,1.000279146502345,1.0630306327382242,0.9385454086118522,0.6606460069279236,1.0,0.9760642785173781,0.9531970718408079,1.001078266567794,1.3745387681099603,1.101128826194474,1.0418048108370026,0.8825699040653993,0.661863919624353,0.6754510444995767,0.4774380623488953,0.8099254367236041,0.8469222709789703,0.847631690345329,0.7248375741916023,0.9332395928877835,0.9103239290695678,0.9912014175290041,0.9284576618827687,0.9303719851706191,0.8107623691266821,0.975428754754947,1.082068420048208,1.4201898103729738,0.9192749038668978,1.0072680798321858,1.0,0.9082328050573959,1.0,1.1841782642937733,1.0577233987887638,0.876982243597762,1.0274148278956539,0.4414184899680995,0.732496249087819,0.9313527410118396,0.9864671915303819,0.9776024961085512,1.072504759389139,0.9892373584576012,0.8559758267912769,0.5005718359169942,0.9614168242231662,0.996396119526585,1.0826335315771065,0.7771403221167426,1.0,0.9348517827242807,0.8234267705831178,0.8535510334491823,0.8489447958216687,0.8913764147047453
2007-02-28,1.2095100155233336,0.33966121750952727,0.6617475514539508,0.5134008896815074,0.8446035318750438,0.8055248560761119,0.5336986832155484,0.7121390096473074,0.9773107914178485,0.6667734902510694,0.927845345867886,0.869637905308884,1.1265310739837222,0.7096391089188472,1.0300250016510275,1.3937649788132185,0.7397984575747609,0.7737780263842339,0.9399962202139949,1.0,1.010941598693642,0.9729699145464954,0.5872861148995809,0.7026493452011515,1.0,0.8845131589863425,0.9806258652210166,1.0100056697243196,1.0189915577872761,1.1349264012292515,0.8425830193304565,1.017303190877882,0.8831016638506843,1.0195318757197,0.9415646820262484,0.83455505267771,0.8123842644319356,0.8306800928367675,0.9550784832723499,0.8057065493475863,0.8368893387970039,1.208154491489451,1.0,1.033977399816628,1.077570706501082,1.1347813414386756,0.8196086607755828,0.8380360554209116,1.0,1.0046943637445482,1.0,0.6873211551070916,1.426534953678437,0.9891169334568964,0.8634892076196116,0.6307326890433439,0.7145218241394622,1.047528085853949,0.9996958286060623,0.9571514004629303,0.7759440575934712,1.0,0.7529590204860107,0.8218611097715216,0.917417288867452,0.8435221209739134,0.9383580268994342,1.0014373410745676,1.097477046833506,0.9813240006665641,0.64392035833859,0.7029555820521991,0.9711038743497177,1.0405398634204772,0.8506972254486056,0.9004289740227593,0.42721932818532304,0.5445899931306177,1.0,0.5510261130536058,1.1284072810503063,0.46287500474915877,1.010759307596863,0.9920141881500302,0.7653202380187477,0.7491330708829438,0.9264096844154788,0.9205682101522855,0.7892542520121852,0.7862973728621574,1.1871581006219827,0.9448116964036851,0.8612161785811134,0.8184341151560113,0.7159410794260674,0.9488944826197453,1.0238528859667786,0.8479547988188231,0.8204432806067915,0.5622095203158255,1.0,0.6992116999533953,0.8959261824910345,0.9422866159672468,1.0,1.0005073126312096,1.0679014087422287,0.9350149584639079,0.6048604418610797,1.0,1.0048631923562228,0.9509181686804619,0.9999557494994722,1.3534632266734974,1.1868039749985173,1.0314961768184492,0.8825704289916078,0.6773094607884962,0.6409115230757116,0.4712183694823624,0.798376955980433,0.829427430657568,0.7446582313491314,0.7128795810779085,0.8524542626228275,0.8990619959598076,0.9868529786812783,0.9030202399875583,0.921326027827739,0.7793567229263998,0.9618269035970932,1.0713563276517055,1.3145373195782304,0.8929792495527902,1.0067062807995135,1.0,0.9059859328958483,1.0,1.17780373826238,1.1066282387403734,0.874264873383697,1.015556171109975,0.4414048553097004,0.7512618816409143,0.9820900620977708,0.9716417998735201,0.9769035423004121,1.0518269382762953,0.9830351233175869,0.8556987046876183,0.4985232228382309,0.9494748792752075,0.9783977089329302,1.067396912119456,0.7355499255587639,1.0,0.9211615542269971,0.8304809571362554,0.8233268978886936,0.8413649942925561,0.8619160757241175
2007-03-30,1.202236664059266,0.34028186430765794,0.6617696731689058,0.5187064444746112,0.8243936216993124,0.8441353456711356,0.5309995273669097,0.6989197514342038,1.0112202228112437,0.6669851647610014,0.924305111564752,0.8749495652052659,1.1466713850442982,0.6820742298404644,1.0313208991750835,1.3859400514873506,0.7457676285409778,0.7766652877283957,0.9122716512042454,1.0,1.0257186616357108,0.9653284838938789,0.5253334688457727,0.6967278755984665,1.0,0.8617951019817895,0.9898267157833844,1.0094172516289186,1.0145495737460182,1.1158192940725031,0.8800156975356901,1.0141636145620696,0.8855402087178135,1.0192917836058266,0.9502452778325378,0.8134165996802949,0.8058351730696334,0.6517924345317007,1.0995287502907822,0.806848015597065,0.956501667934131,1.1567880024299384,1.0,0.8996142141264826,1.0331779585189953,1.144022818044594,0.8237592657327262,0.8306601183067823,1.0,1.0399000623452725,1.0,0.6785255142242976,1.4361255028682693,1.157852295457446,0.8382973787392901,0.6304704453079575,0.7379740595083072,1.0274462974471164,0.9998921128975083,1.0210315374148264,0.7739758499832281,1.0,0.7936127050683881,0.8347453301619805,0.9403247555494144,0.8683312893620918,0.9496772479053245,1.006027634264649,1.0743963287980327,0.964202456780541,0.6436338929406731,0.7574148164906037,0.9741493331214496,1.045699006237983,0.8244004499303448,0.9004049038835906,0.42637595875791734,0.5443638887674431,1.0,0.525572863893706,1.1092397945380459,0.4577192091591794,1.0028455225626292,0.9859544471934453,0.777657270300472,0.7762995922661464,0.9063236121810933,0.918449949544947,0.8063358830151535,0.7430330718643736,1.1739788199103798,0.9578893788165241,0.8206500888904986,0.9424803323967516,0.6522715638805963,0.9858454774844542,1.0102696621039984,0.8473195500893617,0.8155877065179393,0.5515563353266828,1.0,0.7023676863599138,0.8345382896285536,0.9022751136371154,1.0,1.0007132894936732,1.0836451167568864,0.9298966532959975,0.6086061718565106,1.0,1.038738084368093,0.9514580271249441,1.0003513491905784,1.41121046022871,1.2291813932793805,1.0395867795281408,0.8825705774166048,0.7108878250727466,0.732572898999218,0.46968853109629605,0.8136113613216064,0.8060200154637679,0.7301303846362901,0.6865557726921084,0.7625709300101933,0.8992310923779983,0.9842623445170542,0.8998333311059193,0.9133545343879516,0.8111832691568643,0.9429516532899926,1.0474001925719552,1.4159833116042593,0.8638624355868445,1.0059153280440223,1.0,0.9075856765866321,1.0,1.131813765957074,1.0936995944164534,0.8811044848591632,0.9963416905780799,0.44140051557898263,0.7077962873422905,0.9302753962164533,0.991815825765135,0.9769714896192032,1.0527754939796308,0.9739098306746508,0.8530636229137118,0.49453509045050437,0.942848339399025,0.9454148414357163,1.0757302130496504,0.7588536870216703,1.0,0.8873542092322626,0.8166572621910595,0.869696997827239,0.850968803432964,0.8930908104781122
2007-04-30,1.0813738735164147,0.33998431195994405,0.6618306133731566,0.5175296934895358,0.8212993747766024,0.8493284233102248,0.5315481823745449,0.6788230080562017,0.8460181260696059,0.6685012329696807,0.9239301567776887,0.8548761627360035,1.1317687166062647,0.6731032096047662,1.029710010850044,1.3671744968899118,0.7360755717837029,0.8420897081965251,0.8999242185127762,1.0,0.9869340409117787,0.9456381141990107,0.5463908524176158,0.6967380699552648,1.0,0.852085024778366,0.9858707586462472,1.0092124155845268,1.0089490490208786,1.0010356668870297,0.8536557749264058,0.9932583235858345,0.8840065956961138,1.0193502532017027,0.9528320828881146,0.7920688553622157,0.7950195225812221,0.6469915825505927,1.1057487325654014,0.8064881241699504,0.9283546326732628,1.169207449044309,1.0,0.8920224113667832,1.004356587387603,1.1468857887517294,0.8238601483245847,0.7786898455827456,1.0,1.0255674480412866,1.0,0.660807174654277,1.3662568100572932,1.1537015707609484,0.8403206390303206,0.6310405069737812,0.7154217456311129,1.0704907088131193,0.9999252401687077,1.0195460791069841,0.7609250370176528,1.0,0.7851873104268343,0.8292460975379212,0.9218354375707554,0.8406067423183183,0.9530273221689467,1.0044504167615527,1.0413471368471678,0.9561299269577869,0.6437785711542133,0.7481121651296063,0.9578094734481989,1.0378472984071652,0.836363146245039,0.9004161939626663,0.4264412755284861,0.544454209498415,1.0,0.5063695874969829,1.0449772245075346,0.4584527586909649,0.9940269718612481,0.9842671171938074,0.7866268200557311,0.7802706580772626,0.9387564221376761,0.9165801788145408,0.8212965740283529,0.6989311970862602,1.1493909482854576,0.9625059836721549,0.8075300910835235,0.9434064000474179,0.622343305903493,1.0145529627787466,1.003470083283002,0.8473657029816087,0.9115461795447538,0.539172310128587,1.0,0.700792887876649,0.824932602604618,0.9113196643096135,1.0,1.0004361829467001,1.0930762728769368,0.9302039472505048,0.6690019021813082,1.0,1.0418204652407106,0.9529782745176233,1.0012674592265316,1.4159232256363143,1.2052386260422563,1.0386285175998107,0.8825801987591426,0.715555880909132,0.812812140344394,0.4835473427715248,0.8105793163825095,0.7664940049440687,0.7988568376063776,0.684991270858477,0.8676302782614499,0.9012672197491248,0.9799818313277688,0.8904819893541939,0.8957528838552823,0.8278796830209854,0.9266055914705709,1.0247117092864313,1.353220531816351,0.85618435495415,1.0052428820442472,1.0,0.904720430120473,1.0,1.0983285490274897,1.0630894366070462,0.9206864714857351,0.9837512286660157,0.44140218869047765,0.6700946236319432,0.9662608048011931,0.9742442503778683,0.976703606276116,1.0553418081380561,0.9455089329612443,0.8496203564117648,0.4946694094205937,0.941323629580897,0.9492634895821912,1.0482418448392208,0.8121509795378521,1.0,0.8600698621435161,0.8285241948918289,0.8463987812442632,0.8458955376605175,0.8759266288495041
2007-05-31,0.8438352238505966,0.33879278383103884,0.6618897809433324,0.5095602108582109,0.7992080089033413,0.8314838279245289,1.0,0.6639951731328899,0.7377850872359764,0.6765403322218234,0.9815114277114128,0.780796365763302,1.1158973099977596,0.6948339944965258,1.0231275824232926,1.2972788942523767,0.743173405581552,0.8447533896491438,0.8578123214657927,1.0,0.8540123696331259,1.0190483987435621,0.47821148411137104,0.6957181853043617,1.0,0.8585858153989475,0.9628894704354917,1.0072806273647341,1.0261117203956842,1.12619421842343,0.8072546579013092,0.9834590497173882,0.8894534852088838,1.019772698116509,0.9739422475618604,0.7577358438503436,0.7851893278911761,0.5026109183858893,1.0615121842396733,0.8049158369586493,0.9753186240466568,1.175913382172951,1.0,1.0888993135032647,0.9616454312688896,1.0477604964073903,0.8256900083918957,0.7440139178942817,1.0,1.0998852788720932,1.0,0.6383703654446684,1.3430235797628336,1.138932956113722,0.8095287751719116,0.6343059589747315,0.7141241685821352,1.0450474006638615,0.9999949592399117,1.0322209893489092,0.7747647566027185,1.0,0.8062408555076708,0.8311696004694482,0.9207038487815522,0.8160101817965109,0.9203274700151268,0.9922749988606012,0.9072360263495494,0.9738649701064033,0.6447567887642562,0.7572741858197426,0.9238102253903225,1.0085916070534409,0.8138845752670326,0.9003909419841396,0.42584963611906457,0.5442850042211729,1.0,0.470864288269051,0.9577298189334624,0.4588762117204751,0.9643408124149686,0.984448526842067,0.8036897626213954,0.8629645890967376,0.9842526654964301,0.9356520215461597,0.794236986377423,0.7119365593796619,1.111300190247351,0.9184557580782065,0.8130537492312977,0.879616375337791,0.6439300461471357,1.0148529408981866,1.0063024314368234,0.8477075155968248,0.9616407678069315,0.4760283335032791,1.0,0.716765354554022,0.749418997167598,0.8623900831349391,1.0,0.9997665170852652,1.0900839022093851,0.9226785765171331,0.6920451740954423,1.0,1.0491145251516723,0.9514977486991023,1.001073491347887,1.3070783034094644,1.0960305223690148,1.0432068347628134,0.8869205196863387,0.8550939378009892,0.7593500769598185,0.5005405892374949,0.7889405166034049,0.7123932667473262,0.8650831416204279,0.6682668429410314,0.8820557249167786,0.88557439808057,0.9658748056081571,0.8819444092007599,0.8868711091669623,0.8173698825345295,0.9153184405998018,0.9809876768734567,1.2526862928509257,0.7736831664395363,1.0032497241946803,1.0,0.905134627310177,1.0,1.0194148236007838,1.0503902250327743,0.9368662818991128,0.9868253583988179,0.44140273969841004,0.6954932130108956,0.9753572961582585,0.8992984331634045,0.9748155088428547,1.0325769267219687,0.9126885227610639,0.8437681759852868,0.4937545049731683,0.9301931266741355,0.9250399495738282,0.8813426003862028,0.8522028765400596,1.0,0.8456332773588324,0.8448807381361639,0.7743296761798055,0.8229909637688,0.8211593375516033
2007-06-29,0.7877959412979632,0.3401934314885531,0.6625562095630853,0.5095386219731239,0.7959244275518561,0.8556736030805736,1.0,0.6629243330146994,0.739503682789199,0.6922770818605166,0.9978356037779837,0.7714705338725304,1.1032670729742675,0.7283570502905066,1.0185813939076902,1.233249568231523,0.7477484152187848,0.8102648669345092,0.8115397313255579,1.0,0.8324604655819685,1.0168353281657234,0.47428527119724495,0.6961848764953386,1.0,0.8613198708731452,0.9452711352534856,1.006036118701644,1.0138360732023297,1.2599753034153025,0.769676940052237,0.9926850642324521,0.8899990438590877,1.0194834727158029,1.0120580458497916,0.7537326802531008,0.7863752496093934,0.49702110070309236,1.1328709998512962,0.8105376829883004,0.9993899115566225,1.187054844331896,1.0,1.0462829221639913,0.9385695928602484,1.0503908261595238,0.8274555179998602,0.6914993546235451,1.0,1.0782676801667326,1.0,0.6332758758547863,1.2318087389029586,1.1151604108342656,0.7487888265732957,0.6492682693686305,0.717808757110105,1.0319461088819963,0.9999933580153684,1.0534026163039991,0.702823243122525,1.0,0.7815698332176879,0.8062113588836867,0.8791194448059292,0.8070913283015484,0.9117492021276032,0.989607535324778,0.9647936011933809,0.9692327990968614,0.6444698918753027,0.731728126121795,0.9364978611358584,1.0103097044312157,0.8167631310093659,0.9004081327303954,0.4258008080021437,0.5442734344279918,1.0,0.4765978371542654,0.9180074214713396,0.46725206126021357,0.9527465140383171,0.984080794540746,0.8149745655634093,0.894064802290937,0.9816965924789309,0.9443495223986524,0.7929703553397784,0.703111160586458,1.1082556615550667,0.8720688446908422,0.8412786226796732,0.8543903931332406,0.6701993428882242,1.0377237979894314,1.0359876653693885,0.8476206259531277,0.9631774734156787,0.46740109071850744,1.0,0.7429665740946647,0.7194490828277162,0.8470964955121818,1.0,1.0014472328337358,1.0813216245317285,0.918849402611152,0.62183544716637,1.0,1.050419138637111,0.9513777516148467,0.9995247480084118,1.2355417555760122,1.070549925251648,1.0167407712334748,0.8872018742652157,0.6866682361761626,0.8130761421689706,0.5275639643558274,0.8571014827790071,0.718878759402108,0.8951480193841482,0.6500064323030412,0.8044744939698584,0.8829856772077631,0.966086317281875,0.8772528918509825,0.8897228898437899,0.8762255711086715,0.8762377741562914,0.9646152902062204,1.3829883936365843,0.7607857516707951,1.0021233945924186,1.0,0.9052532128499927,1.0,1.071447270570472,1.025632483399157,0.9743167301716,0.9963469624091084,0.44140579515530765,0.6710569752108293,1.005943321998912,0.8813531912386383,0.9745335016780358,1.0384842630272213,0.8873877080104714,0.8402741359941045,0.4937381786454049,0.9301073733228332,0.9370969979151106,0.8529638490334254,0.8519572511075129,1.0,0.8790485768039786,0.8413119587472617,0.7707926190476365,0.8199862213537346,0.8186141594377189
2007-07-31,0.6970917589640384,0.3421562531366802,0.6636182052856948,0.5043752293979544,0.7946401462774229,0.8768449636039914,1.0,0.6608814428858527,0.6936697505270226,0.711105514925521,1.0173257404409797,0.7316264082168376,1.1026702540063786,0.792991508859581,1.0145964419704827,1.0187281843772955,0.7698296742110455,0.6873071864459598,0.7907384937933339,1.0,0.7784719820883245,1.055401834700467,0.4573673162406604,0.6949799518782767,1.0,0.8485134592613119,0.9312129219500056,1.0090803191691682,1.0368037102850534,1.3535625132057627,0.6733059476790999,0.9714518870683215,0.893042298298888,1.0156771929776374,1.0539332485512798,0.7515650917744556,0.806408957455371,0.4897423139601108,1.0875485417463957,0.8142407653655768,1.0236943391944182,1.1155659863925567,1.0,0.9627921517817623,0.8207413676803849,0.9820017511558132,0.837552205710786,0.5420726135624727,1.0,1.1337323833243946,1.0,0.6271804657132707,1.0726726241268525,1.143832628080777,0.7222538727930655,0.8677121854518353,0.7193303321224924,0.9859915826111528,0.9999980336437214,1.0646460390485188,0.6447917965972504,1.0,0.7168532158386931,0.7549130881538009,0.7937165167478132,0.8970574788539365,0.8931125047105091,0.9798926594571475,0.7324474597415419,1.0389099876340229,0.644214839073239,0.8918833328832977,0.8381642334246013,0.9380599483727502,0.7824965251655553,0.9003885260532972,0.42565791785823726,0.5442505235160343,1.0,0.4555254734034454,0.8312194935886617,0.47123467779770156,0.9322796557733981,0.9835160099957415,0.9023833072400015,0.986069438945954,1.0465725500390466,0.9310103313829996,0.7138255955125835,0.6331740908164856,1.0810970404131113,0.9814242535428535,0.8031322885047052,0.9531511941151549,0.6141706627786276,1.0189621863988665,0.9905859722881386,0.8475998431170942,1.058169982346443,0.40549265946936197,1.0,0.7801992803465152,0.7101747374061856,0.8067953595352001,1.0,1.003985175830115,1.017767411215074,0.9163929719050398,0.6670247050582383,1.0,1.0524187202896498,0.9511463590345957,0.9983540289985045,1.0151654532412862,1.0374278419113054,1.05738417133277,0.894941402609391,0.7390309627045586,0.9028815615647874,0.5565111601059742,0.9042460007557165,0.6950372504754472,0.7657165970917106,0.6376468124593048,0.6311338164177047,0.8753024165327097,0.9377675426237377,0.8562842416706242,0.8864625204733805,1.0711708443458536,0.9009954982580585,0.9058968463820665,1.425493711439788,0.6989534882597896,0.9991331060551135,1.0,0.9051911709527426,1.0,0.8862611667933008,1.0556372166312442,1.0047207903609565,1.0121538162808643,0.4414003710514529,0.6368056568478342,1.0153624488644781,0.8050363813209621,0.9738653908388515,0.9918356039282371,0.8925287922948483,0.8403713921422278,0.49359302274545036,0.9009430405650523,0.8948780046477613,0.6380447481986982,0.7678337808549681,1.0,0.9106494921626508,0.8362188285486192,0.7568236764167666,0.8029093894105586,0.807744378526976
2007-08-31,0.7524384583521565,0.3432652412792042,0.6629212430118758,0.5115684486988783,0.8059982607167447,0.8186774114146932,0.5323646801603842,0.6614160964051552,0.7269673601760065,0.7050844408699415,1.0174902686695841,0.7071496106901995,1.1303040332960668,0.7582057160148059,0.9989821669386065,1.2193411856618757,0.7761967450638669,0.6816822633034691,0.796474223792987,1.0,0.7961413624814511,1.0247071154912089,0.4621106949304272,0.6955053685790853,1.0,0.847154834230076,0.9687692055788751,1.0109717510892573,1.0203901967428528,1.3213007423944436,0.7216507826290206,0.9806132379238883,0.9000822245838555,1.0175324416341711,1.0060565054396755,0.7519167969645573,0.8031161715931683,0.4905210679605051,1.0986009540252677,0.807953048224239,1.037746374302559,1.1155303929860054,1.0,0.8958915067147972,0.8628987597409015,1.0035415091068205,0.9677680981522977,0.6343059751079817,1.0,1.1323167058317747,1.0,0.6356677787045422,1.3382987303354643,1.0399808055955948,0.7706449131148263,0.7505696345887688,0.8095565221600762,0.9521408675596773,0.9999939995007446,1.0410075383576418,0.6832327412250722,1.0,0.8341865012675448,0.8315972061759671,0.9140643261997203,0.7224482059881013,0.891384478891916,0.9804181864103843,0.8199506454574074,0.9878848553776945,0.64365949215818,0.933697788799751,0.9123549717961698,0.9556598204484058,0.8006859721193281,0.9004555781571524,0.4258157433712473,0.5442913970495287,1.0,0.4669145689391685,0.9045013713625556,0.47847907347675267,0.8422304329457393,0.9840542907072982,0.9458471157687303,0.9879319612532824,0.9965038352193023,0.9233890739589743,0.7109291284178909,0.6289683543970269,1.1082609506239163,0.9216561822450322,0.9172638706912928,0.9306952056216851,0.7048707641254874,0.9472200437722682,1.04570070261028,0.8477572129509078,1.0636962180157594,0.42619003323065274,1.0,0.7592723359334651,0.6896440044519252,0.8071167913616903,1.0,1.0032293844051263,1.072544590442795,0.9148631171492209,0.5869415642555454,1.0,1.0521256301781694,0.9512161344875724,0.9985681825411092,1.0797625314659791,0.9928657223338698,1.07557408099278,0.9989887307391312,0.9570274120538018,0.7881442282333093,0.5217584477724913,0.8533619478534115,0.695384217716149,0.929622383320133,0.7017338466462699,0.8084758279425184,0.8735757354862882,0.9132612424308134,0.8377734575113354,0.8842483490647838,1.121132880064276,0.8577940734447459,0.9803119107072084,1.566389345808342,0.6987987108104341,0.9977676982089584,1.0,0.9115616058245385,1.0,1.0623355712210825,1.0595501570635162,0.9983901456412406,1.0193073339187297,0.44140159006469815,0.688752074542097,1.0260248068603082,0.8092690306088842,0.9740970067180998,0.9052077569790736,0.8782079086856139,0.8407489876203709,0.49388278599512425,0.9005878321958521,0.8997218646013692,0.6853893180611548,0.7415889423119497,1.0,0.9294141587928536,0.8468484976061145,0.75564489661899,0.7988054647934965,0.8061089368105121
2007-09-28,0.7157234240313639,0.3461350132064792,0.6659642000237316,0.512010520480846,0.7831257290719461,1.0188298382206145,0.5343182805534528,0.6618416877623381,0.7170757832414005,0.7119832374931565,1.0322015881243276,0.7055853331179397,1.187267765453513,0.7286426621199978,0.9983079735488517,1.085327172848468,0.7558063693041263,0.6610272779624661,0.779766711287893,1.0,0.7716956109094066,1.0432251998056667,0.46425261191585887,0.6955650446477335,1.0,0.884616031109632,0.9575463915098128,1.0127784222136385,1.0518086254158736,1.295991503060813,0.6788839992425124,1.0219496655973064,0.9066722647385866,1.0176982241733359,0.9971436887938242,0.7516360446082365,0.8103125847047712,0.4902559874494947,1.096332601089638,0.8097670672395989,1.0132576300291316,1.141436660297909,1.0,0.9444354159749259,0.8475005757421108,0.9687777182692476,0.9607349792813707,0.5796749468544323,1.0,1.13428978256499,1.0,0.6361049604555563,1.336362783062422,0.8764456306257034,0.6358385656853032,1.0683972114302405,0.8095140052832165,0.8497430486449268,0.9999763262208089,1.0524457989642224,0.7101988832956045,1.0,0.8283908880504505,0.8266233495118936,0.9037895984254208,0.7808820273211277,0.8718814534708208,0.9699979874251405,0.8062368728676395,1.075218220343389,0.643950598346668,0.959091608953855,0.825793141177048,0.8413195255395487,0.7847023123598658,0.900504383992681,0.42598265771343036,0.5442814323234502,1.0,0.46229157268667087,0.8605863502956773,0.5115548203400836,0.8175631963031522,0.9827417928280511,1.0830058834479297,1.1324745770589986,1.0943484300049318,0.969099004452238,0.717428337039411,0.6621935406871233,1.1110158075286902,1.0403337068024774,0.9160381653944556,1.0392891170387466,0.6993604553339048,0.9362836025874648,1.099459537781948,0.8480411378188778,1.1178043721062556,0.4018038366634096,1.0,0.7575348970583593,0.6874805731878965,0.7940747071221956,1.0,1.0035154444703998,1.0715083436368897,0.9152249989871909,0.5942843439699352,1.0,1.0523910808627084,0.9508677456468205,1.0002437123295667,0.8927819421034442,0.9994986363707213,1.090044625895705,1.020382823800698,0.7474437689110016,0.8159360519603102,0.6463306045774436,0.90016029490283,0.6954140551774368,0.8369208299329662,0.7002249774235025,0.6732339322018388,0.8615679125757852,0.9666682848834454,0.8566877406692561,0.8880887519586156,1.1367441537942702,0.8609016998959387,0.9072274030654777,1.517600247619939,0.6807970697009931,0.9954452249901091,1.0,0.9160315522885967,1.0,1.0025707344021917,1.0764301057790602,1.026005158401309,0.9900646465203453,0.4414035782777328,0.7895660932975163,1.0577755933721082,0.7697568067664522,0.9737482357259828,0.8674028009187242,0.8598791007433682,0.8410184612176346,0.4941526019022502,0.8967863234867961,0.8972930297002941,0.647995544682315,0.6783651315406306,1.0,1.0791017589833596,0.8488862576737489,0.7527385223335117,0.7917956334183351,0.8045347811375234
2007-10-31,0.7358614392929013,0.3460372896946422,0.7774168689188534,0.5232321639032675,0.7794107852301824,0.9712613827209037,0.5402377142100577,0.6617509796508676,0.7236426900533873,0.7010521193185538,1.0573972224844903,0.7015659766868605,1.1922289734644311,0.7347066216418825,0.9919851388500407,1.0373612642048462,0.7639721772749803,0.6726172315741933,0.794818853913785,1.0,0.7666212427739106,1.035357598598887,0.47435230656487803,0.6971831492891216,1.0,0.8553460713277977,0.9711532863793658,1.012531951274191,1.0547399500440675,1.3189977978883516,0.6687928613169322,1.1049332814587591,0.9781276561891117,1.0180096997976735,1.015071879206176,0.7517737325816405,0.8105404854602444,0.49101013916062863,1.0799731131961101,0.8151995449268672,1.098650497657129,1.0608511964793572,1.0,0.9950476057444089,0.8421689406150668,0.9749346283818763,0.9676945170343169,0.5577013575020193,1.0,1.1341987083708012,1.0,0.6385381810348338,1.3597639274285864,0.8478724689403448,0.705894115915483,1.3520113398998501,0.8297657411934194,0.7880979462336482,0.9998999460462605,1.0676568228314811,0.6908068748018426,1.0,0.85307635591587,0.8318863306863766,0.9324181547474579,0.7960707933231798,0.8648259669914667,0.9691190842391422,0.8000792592149669,1.1000239011654898,0.6515818250419574,0.980858629251959,0.859990576164491,0.8427311126297314,0.8197338268361193,0.9012699553818116,0.42732279352891755,0.5443369554898361,1.0,0.4758368526390977,0.8679430732378469,0.5255958463851561,0.7930163009685838,0.9845734662492649,1.1226832263633968,1.146311524595809,1.139247287488572,0.9590945238306243,0.7257626055376681,0.6389971262173876,1.0975788742495005,1.12542640760958,0.9404131666980898,0.9532747973677235,0.6940078523445263,0.9171768600732154,1.2116581985247588,0.852134147122786,1.131967200503513,0.40645827831462045,1.0,0.7711403864092792,0.6891239873849111,0.8019824660217387,1.0,1.0061052409813134,1.070339350034547,0.9144344094492303,0.6122528722228153,1.0,1.0517328692055028,0.9512396269516212,0.9983462865761025,0.8654440371787171,1.0211394077167162,1.0719744448681232,1.0267072987398076,0.7369008790558585,0.7342979673789118,0.6680980574536791,0.8985678095792865,0.6970998530633492,0.8429158691459496,0.6991550167573232,0.5637197975847917,0.8673720574183896,0.9435261270008679,0.8390721284294953,0.8853201086332123,1.1613234663050538,0.8375779895477895,0.8944428610500081,1.4949086276356869,0.6828891811897515,0.9961889663419243,1.0,0.915140470656777,1.0,0.993449321238948,1.0664862130546888,1.0300328447117857,1.0052565592896023,0.4414119239567261,0.8682686273297279,1.060980736656331,0.7633201861226412,0.9737587721458728,0.8858515327074918,0.8878902209530796,0.8414051920441761,0.49571263281008215,0.896596305101887,0.8998898217236185,0.7014676861220124,0.8155939781291441,1.0,1.0291527306831045,0.8387063078113519,0.7528467589577947,0.7894078723918385,0.8048828187695669
2007-11-30,0.7439845286117501,0.4141583304193821,0.707788705230159,0.5212981740523126,0.7786487063864532,0.9569138057502792,0.551387180666095,0.661450352012343,0.6969301167543016,0.6798196901313676,1.0261686162675803,0.7251766678730696,1.178389304353197,0.7539145344411299,1.0235467950912134,1.1358150534119786,0.7676996157820867,0.8321395333742871,0.8239450038136948,1.0,0.7668531611932932,0.9680137211221479,0.4835219553361888,0.6993681151169462,1.0,0.831965039539752,0.9836447102466945,1.0122582496502306,1.052681805053253,1.3404039119925382,0.7198749138519251,1.026687636148743,0.9503677136197054,1.0120564682557067,1.009524613981256,0.7520761492411786,0.8022727606552036,0.4917511637423724,1.0774244944818407,0.8151525613882386,1.060778780822482,1.0328402695387264,1.0,0.9949781879350666,0.8616510314864586,0.9335295711350319,0.9518133359490115,0.6217620623074032,1.0,1.1346331740636741,1.0,0.6473686224271507,1.3610564932353362,1.005227082250192,0.9054383290342565,1.3511147926884424,0.8109368092727711,0.9009177668318943,0.9997549659061026,1.0723278401848244,0.6763251848784843,1.0,0.8828628680162148,0.8395531563415021,0.9478919188983012,0.8359028071484781,0.9093000778005593,0.9835326597467918,0.6046363357127316,1.0341169083642967,0.6451287749059456,0.9464318175976221,0.8520617968943653,0.8114940964525108,0.8362204088081177,0.9013824700772641,0.43165637919773003,0.5443994776703864,1.0,0.48690215225803113,0.8933849225886894,0.530117584650865,0.8790810998226141,0.9891409709188779,1.119874772434721,1.1395924729493885,1.143105049145685,0.9922728471755912,0.7431270430700972,0.6359160620953934,1.0964237651620714,1.132647608466128,0.9322269557795623,0.9595370803685941,0.7102072644510923,0.9067753488928204,1.2074141904206983,0.8519495879210792,1.1334814323804412,0.43607104711817446,1.0,0.7960828747031368,0.7306015084605181,0.8412516420105434,1.0,1.005892718819271,1.061769458825789,0.918748658202159,0.7551760260304119,1.0,1.050218452792439,0.9514108773252368,0.9986532880418745,0.8998214792229264,0.9710523352635302,1.1842135827264517,1.0734306717337394,0.8306260207832521,0.6690666254886466,0.6504770110311411,0.8857804171355443,0.6965280439530817,0.9526675409893539,0.7391336456563347,0.6917743602183531,0.897548805489951,0.9068843270607028,0.8444882511300206,0.889861783227691,1.1742822593058149,0.9906581911745228,0.8998186836139359,1.5564817649038702,0.7492360389065054,1.0016800484451398,1.0,0.9121441771407077,1.0,0.9330254065584641,1.027644497826497,1.0174010512774379,1.045248800106025,0.4414396642759554,0.9374093866878093,1.0276680122026256,0.8260212484685399,0.9739281659215031,0.941634014268343,0.98576822754277,0.8415832716739813,0.4975005585407366,0.8975845286054961,0.8958680573324472,0.8805326753784672,0.8794604092837417,1.0,0.9123251338672062,0.8066744961776112,0.7572274046186092,0.8020729539129954,0.8097263526838411
2007-12-31,0.6957153105711646,0.5379318125758773,0.7335433097316607,0.5470536917678595,0.7734757331668631,1.1177070259439101,0.5541012358428783,0.6608987878148901,0.6704071828491664,0.6828286933321832,1.0101206250329906,0.708067939237649,1.202852126116943,0.7503261353620785,1.0169669101486625,0.9924995023687232,0.8324318555579899,0.9583607732108939,0.7858094353737751,1.0,0.7574871437377646,0.8558253284913955,0.48781359333496643,0.7064749782673554,1.0,0.8250057304698262,0.9821828957747593,1.0124419441840602,1.0562880415581246,1.3626722858595726,0.7395464103049809,1.0340940519509274,0.9892338852185555,1.0093777585793902,1.0374845697711332,0.7520038890183043,0.806367552853095,0.4921056237199747,1.0706581491733536,0.8450742963894392,0.9919195775943019,0.989499870673665,1.0,0.9935416902540725,0.80716698828666,0.8249714779893177,0.9594208009426702,0.5690552750789548,1.0,1.134646390713366,1.0,0.6488702825284678,1.3187787820632524,0.9856346325067671,0.8912256539753317,1.3424625451218568,0.789143961397022,0.8692598782807709,0.9977927464262092,1.0677050487902913,0.6438226698766998,1.0,0.9587065425868041,0.8692213713938014,1.0043606172646031,0.8394427758780723,0.8812342451922127,0.97577085170874,0.5345457810010414,1.044479258802334,0.6491860751870655,1.0227642859048036,0.8253411093619852,0.721571022486785,0.8202954427292325,0.9026832200731165,0.4438827653160621,0.5443922199256072,1.0,0.501067506711266,0.8211573366896535,0.5698815935184482,0.7998525513131447,0.9834402236742411,1.123810446402664,1.1451895605704931,1.1317148569331184,0.9722260818156641,0.7267083675222956,0.5866715739488455,1.0928984628429599,1.1225075260758963,0.937387047817106,0.9451738003503632,0.7247245101816637,0.9229107136466836,1.223955169414008,0.8570294166371493,1.1102873626738248,0.437408564588578,1.0,0.8734414314178791,0.70937299529349,0.8206541795474874,1.0,1.0069968144752706,1.0735752153825302,0.9175853040368007,0.8292253441127956,1.0,1.0406281533873567,0.9532118451527154,0.9983649094389204,0.7879231888794439,0.9909565429600995,1.1801020976784575,1.075938577207326,0.892728219802595,0.6154962764599381,0.7463142168804386,0.7964498893534745,0.6952276813127032,0.9852096141334967,0.7484382485228946,0.6658732392555451,0.8840838698458761,0.8899809114359151,0.8454684490457045,0.8943412754521204,1.1593387221373892,0.9745455765127309,0.7738360398993365,1.507402118362105,0.7072560027002961,0.9990978947861064,1.0,0.9222801262038476,1.0,0.8812255472267627,0.9914248107578697,1.0282582945648786,1.048739612065062,0.44155019837314613,0.9911003536995731,1.039110323456227,0.7931718421641727,0.9738486593040229,0.8817236508185083,0.9152033140222039,0.8411765006401036,0.4989769508692291,0.8919843210672376,0.8881099721557469,0.8683884369733252,0.8890995330200538,1.0,0.8988098637198185,0.8357671330117142,0.756807456203543,0.7974292044121424,0.8085264208126426
2008-01-31,1.142588367763101,0.5254694014478507,0.7280069584509965,0.6043154901671322,0.7944911908599742,1.15875746364057,0.5790577276134672,0.6646933746554401,0.7151529661683371,0.6752702458846084,0.9724753218522043,0.7111511983907933,1.204511715694745,0.6944431533062764,1.0186422890733644,1.2710827774949176,0.8210542524660724,0.913018382022958,0.8993292854619613,1.0,0.8613749388998337,0.8061859207427158,0.5065535107708337,0.7136500062717629,1.0,0.815715513568172,0.9898113350614245,1.0123079393837564,1.0538995440808134,1.360855919742825,0.7475316600342545,1.0013782239362061,0.990274789899887,1.006805153655331,1.016128869090917,0.7548560551686867,0.7908087429701389,0.4969737979837482,1.112466066946606,0.933538066586808,1.0017183996402057,0.9279278613265352,1.0,0.9996795357246968,1.189895567529696,0.9718718426599456,1.079946747290293,1.0277126306744027,1.0,1.1345256305740565,1.0,1.0442029736350207,1.4332897731699217,0.9785995465228622,0.9915881742045793,1.2576557279934237,0.8592820906483405,0.8506853465086981,0.9955616760958834,1.0596110992161596,0.6814011195357381,1.0,1.0289214103553077,0.8902629071210865,1.0442615038083995,0.8173412280219001,0.8623338571485123,0.9882122284515,0.48761906913227915,0.9868611573793731,0.6486728522796166,1.0195196758036542,1.2260403765201966,1.1357246345996672,1.205697587427363,0.9104751197122973,0.46875220175382115,0.5443614960165633,1.0,0.5540979459459106,1.022310908254096,0.8724752042497603,0.8277461923308114,0.9808657747979888,1.111739904871505,1.1376955879294142,1.0960530454084731,0.9479942582983596,0.7470672864351582,0.5754598058987795,1.081498507113494,1.116328750417541,0.9285323775325398,0.9500639802395605,0.6239564112055341,0.9337579305735878,1.260262738623602,0.8525711083635057,1.0578009211199142,0.46983722402536543,1.0,0.8747709869932154,0.6967859675098846,0.8025996966969717,1.0,1.00667219874712,1.0675948089158016,0.9198257279125145,0.76378041772695,1.0,1.040452235097232,0.9525774949417004,0.998220149616259,0.9162624778592875,0.9393483595001162,1.148391890806949,1.058926324795091,0.7772797119309978,0.5946897028167466,0.7662204193341782,0.8004754665551395,0.6935773582644892,1.0310822263164285,0.7547192281942519,0.6940133116225764,0.8716860716575195,0.8736648027009254,0.8458959357138884,0.8987288860027134,1.1569097119532086,1.0161249298090196,0.983778187260261,1.5510648656235966,0.7166033511644487,1.000112082272461,1.0,0.9326668366343324,1.0,0.6953893046156707,0.9275127812578812,1.0334923827554716,1.0527781355712424,0.44153196569191755,0.9384638154872177,0.9114811641887056,0.8624721921575715,0.9743346098290508,0.8992130521620729,0.9088267910005068,0.8415445270152704,0.502063704427133,0.893146581373048,0.8862234671305373,1.0329374057566896,0.9413059385675261,1.0,0.8959751099861497,0.7975111640924691,0.7711893774025639,0.8107721985138118,0.8165459278550864
2008-02-29,0.9138050885242798,0.4974055368801318,0.8242658244299463,0.5736536288744833,0.7912741620287949,1.1643253872446115,0.5544606230028225,0.6612156552236319,0.6933340818909964,0.6699143514543189,0.9514571406234381,0.7131844399062208,1.2122852638573696,0.6682434564680455,1.0227692543191282,1.1727186820505604,0.8277839799696943,0.994272513092766,0.8577931024873666,1.0,0.8085528936308272,0.8147599114022485,0.48065224959990493,0.7038524320683802,1.0,0.8053892098248714,0.990473244947076,1.0120494494810364,1.058046081588952,1.3331006387647437,0.8024735789394716,1.2579831753352855,1.12373324433814,1.0045396281319698,1.007587530806563,0.7527088299192418,0.7956485730121914,0.4918896931344756,1.0704720396927212,0.9246098569011401,0.8874855762885666,0.9340718700301993,1.0,1.4373725971013518,1.05626535493525,0.9288635704882854,1.0388998463214623,0.9224238377429654,1.0,1.1347328329604944,1.0,1.0179268793115155,1.4292073170259338,0.9403195195966437,0.9734591520251551,1.3217474157201539,0.8895247467708874,0.8634265707756985,0.8726157474676748,1.0501450551126812,0.6733946432897009,1.0,1.0615378169473886,0.8943475151890116,1.0778263180229946,0.8930728666811644,0.8594134508142348,0.9842663893579369,0.48647151183131965,1.0498607465803529,0.6450812247767616,1.068524494017382,1.152820282366049,1.017264581876145,1.1438106420151768,0.9029144170360941,0.4497641011004251,0.5443096427659723,1.0,0.516066024810955,0.9530646868730378,0.8269894685937215,0.9018432483714309,0.9795145038000743,1.1308824027204492,1.168337477871457,1.1463971811877538,1.041461301784381,0.7373936395122668,0.5737217620031636,1.0671222382906098,1.1380740201176782,0.9449303574141777,0.9476920717731092,0.6717689397005413,0.9299926953591353,1.3011432948951756,0.8577853214716187,1.1906731462503295,0.47588871708118596,1.0,1.0678545903552892,0.7000468569162359,0.7961580636128133,1.0,1.00662796040637,1.0131434062584106,0.930775906308501,0.9678226645888016,1.0,1.0463710767297303,0.9749891611680147,0.9982559449836713,0.7808625800756825,0.8751096862392924,1.165964601607646,1.0583261202795893,0.7082640104505631,0.6156434395798798,0.817737929815954,0.8055900879772148,0.6915973071115702,0.9480247844803316,0.7249572534861678,0.517621569256185,0.8848707135384962,0.9395847407183339,0.9251338781933829,0.8977346487747696,1.1592448526610877,1.0792851337868037,0.8540355596822105,1.5799946515902246,0.7156597950223901,1.0003390237725234,1.0,0.9180431243340966,1.0,0.6674385904771303,0.8921379067668127,1.0406010774281513,1.050519921066188,0.4414832510177281,0.9646497248202298,0.9456527103514369,0.8561759175761591,0.9743516227348921,0.848277207539664,0.9073331592315423,0.8404483509677766,0.49750856577292835,0.8907775874345746,0.8852570907099515,0.9182834361639433,0.9430383719433513,1.0,0.8917495870267307,0.779955037843161,0.7684875655302505,0.8102250980768647,0.8143507536509831
2008-03-31,1.003216025796507,0.4665067011116826,0.7929805300035835,0.5881499164331642,0.7925462814447397,1.1632009948948736,0.5563103786459573,0.6618957898229675,0.7000787882995356,0.6653108564980119,0.9265217839921444,0.7116941662044362,1.2105313502787507,0.647220344119615,1.0218195798794794,1.182331874921032,0.82768579701941,1.019341269414665,0.8647942692078481,1.0,0.8378429900914506,0.8211883610824933,0.4793156183921221,0.7012987437574807,1.0,0.7993686560669644,0.98004948112363,1.0110034652827051,1.0557909813750699,1.3113924673617914,0.8413811242996532,1.2471280999333723,1.0823078949732554,1.003906425444661,0.9917113871708348,0.7527031806099486,0.7994248494839877,0.49185122045528973,0.9643635503841383,0.9754725726509322,0.7685597727730044,0.9341210438935578,1.0,1.4479930511707182,1.0477074221767824,0.9578563367569858,1.0178416311302334,0.9519866690293238,1.0,1.13472571374531,1.0,1.0226303316192182,1.3995008334287578,0.948334934219932,1.0836316368989454,1.3172813818497526,0.9098424434826131,0.932793463361215,0.8760559617473437,1.0314320989239267,0.6497791904907482,1.0,1.1682825668503176,0.9611345180454937,1.2211439720250792,0.8907689422825996,0.8763961738051962,0.9897643808393687,0.5481640270999928,1.0438769423989323,0.6439877888161958,1.1259248836738136,1.1934203066354914,1.0508632121584844,1.1714774637904015,0.9034336353166885,0.44533064411080636,0.5442662941528017,1.0,0.5320941515866333,0.9776269350596228,0.8624534412641724,0.9416276905164552,0.9813598736440282,1.1300781837693372,1.1652223483487347,1.135644113319968,1.0195741205489484,0.7569164720781283,0.5662357487222626,1.06521294509559,1.1373986225560044,0.9428195795783166,0.932671180394051,0.6550317915299937,0.9004212274204694,1.3147543953098668,0.8577288817508473,1.1829758688744672,0.42997317320668416,1.0,1.064180588788193,0.7092029285008384,0.8123568682452131,1.0,1.0056404008641107,1.021185761265469,0.9325304857192473,0.969443782849173,1.0,1.044287578043727,0.9670356966772466,0.9982238808402739,0.7295900496007237,0.8033799906509849,1.1708606533108545,1.1518650614851496,0.6987758479528308,0.6084306901576744,0.8319947898037947,0.7783281643025232,0.6942586815399377,0.9571387134289192,0.7745826394231161,0.716542017359939,0.9023540585050925,0.9452163594320653,0.9302417369358809,0.9066597058699617,1.1680316510708495,1.0932390417909508,0.8923989001119428,1.5754015666126113,0.7649766116480028,1.0016004565199372,1.0,0.9143253145213872,1.0,0.7878703504063289,0.8828527964981617,1.03187470644827,1.056453711506835,0.44157534378942087,1.0274214267959774,0.8660086885321074,0.9182898425281746,0.9774175232271888,0.8441545315626584,0.9316574174625962,0.8403522914873527,0.49450562106915863,0.8923051115316822,0.8851635485731024,0.9487296158928135,0.9527842081842917,1.0,0.8730282259053026,0.7840607049076951,0.7879596056075924,0.8257300294454069,0.8328265430982235
2008-04-30,1.0224050601547678,0.5327005205152424,0.9318656557528565,0.5949564114483512,0.8035237696321175,1.1558742384846636,0.5599727544009774,0.6628651249068329,0.6815781329167551,0.6636862855746694,0.9011793281493586,0.7118685882052831,1.2556909843919861,0.6505818824302715,1.0229361339307528,1.1960249264725245,0.8609787393316012,1.230802931405191,0.866787563575548,1.0,0.8456361753985249,0.801412130288404,0.47839263835114576,0.699215430897214,1.0,0.7598554143288215,0.969188389594826,1.010927349659632,1.0570129120992864,1.2725033983007343,0.8535112796531815,1.2684427001408833,1.1095683821410347,1.0035157607689433,0.9866664431033033,0.7531739711433383,0.8038144023111405,0.4923126996133933,0.8533966198100051,1.0237088117301745,0.6925325839421854,0.9002551319090598,1.0,1.4559327449273665,0.9672752551535385,0.9797492281620953,0.9953289140377583,0.9137786749138819,1.0,1.1347280187060251,1.0,0.8927200847887884,1.1963682991995492,0.9452284746432317,1.1058201121668771,1.3247304239705302,0.9059367282524701,0.9112563466515133,0.8754803559884878,1.0608849449213755,0.633043253038436,1.0,1.270984587637443,1.0813410848981206,1.36581209659705,0.9038381231765958,0.8716783970467514,0.9865583397317499,0.6376117491124917,1.0441268380486812,0.6436426222830427,1.313562401702372,1.1998978189509795,1.0214077259510939,1.1083084695717336,0.9025472057024643,0.4349775221937855,0.5442575405287076,1.0,0.5424053920715204,0.979618530910273,0.8963315048039697,0.9663382757404854,0.9866158242897913,1.1322740777762315,1.1722959614508013,1.1174758248904877,1.0347637094685367,0.7547657656193105,0.5571070868773506,1.055928053862323,1.133465388086458,0.8878611319544785,0.9064566710483076,0.6404846878160002,0.9420378320738334,1.324988727369462,0.930168400630909,1.1590689382709736,0.43875563314600896,1.0,1.1121970119090423,0.7054427402523616,0.8162470405971576,1.0,1.005037211633744,1.0130961154749547,0.931349975541407,0.8674052324152159,1.0,1.0436730992435266,0.9643634532011539,0.9981893365977651,0.6899142566012577,0.8129976337498483,1.198775357581614,1.1680953210384515,0.7428988876522362,0.6043997824878282,0.8084094901420552,0.8194366001891991,0.6983271242995157,0.9978163556768691,0.7977396399773264,0.730362119535927,0.9044234255385841,0.9642778686229299,0.9862843805723623,0.9339719206841502,1.1714044157744816,1.103140560661131,0.8462712549573573,1.5631918862315355,0.8005069174860031,1.002907018089666,1.0,0.9126941715035121,1.0,0.8547270577392251,0.91541154112724,1.0237804866135487,1.0563652757876008,0.4416101187600221,1.040635957349011,0.7963683105624874,0.9492942385596237,0.979428374113258,0.8423656021351948,0.9566111017123452,0.84040567642181,0.4948868765736526,0.891509201811915,0.8848876491914515,0.9075162043403536,0.9249698526851678,1.0,0.8423688398182979,0.789942269710348,0.8182607209188055,0.832863911205643,0.8497757006973283
2008-05-30,0.8369109510114578,0.5918267646732969,1.1640686353408565,0.5960494217128895,0.789548758195863,1.0743311476936528,0.5592253592697094,0.6629624315569985,0.6726265204830171,0.6653680600500522,0.8723705046399821,0.7133974518180826,1.2727334341207464,0.6786083447693023,1.019222402289282,1.0757485922894146,0.8715718506508432,1.2128530204896202,0.8204662628426077,1.0,0.8046618616152289,0.8046221128069632,0.48427529013951187,0.7022233432968431,1.0,0.7496625678177353,0.9543704389454514,1.0095749366483424,1.0569347516473564,1.3458128411897925,0.8486142178160906,1.392857238373395,1.0512294101864232,1.0031467704111905,1.0563333566489628,0.7534005086262601,0.8017800706551884,0.492117648192847,0.9722983564920716,1.1800467883841843,0.6918757372935913,0.8889860965239073,1.0,1.4409699787308803,0.9768465430073455,1.0130312806922417,0.9641544159375506,0.8363411572103421,1.0,1.1347250055243105,1.0,0.8139161357343617,1.0214072803163623,0.9341223840809494,1.0694864881867274,1.3087159888463136,0.9048989608377974,0.8832015124201428,0.8756802246816684,1.0638708510884,0.6219653017372155,1.0,1.299334210120009,1.1069580361031446,1.3999891958883763,0.9215054228968403,0.8665169537735249,0.983758002017056,0.7839398746071576,1.0776595867347825,0.6449075195755807,1.3062667402611456,1.1874083822371444,0.9453530926760145,1.074337218023091,0.9034418299647402,0.43703379645580487,0.5442608878431865,1.0,0.5892289702157213,0.8780252039133135,0.909427516769522,0.9907342273201268,0.9854407606442626,1.1359200458097534,1.181211423717687,1.123505599446039,1.0189082864103838,0.7711959653836888,0.554535285023205,1.0461084165181034,1.1304587937197401,0.9095122177970395,0.9339813461676718,0.6037164790033199,0.9374373165902111,1.3139945885966546,0.8964859990453458,1.177444252177417,0.4400393064346986,1.0,1.179855558243931,0.695118893412866,0.8006837748916087,1.0,1.0072170959879756,1.0237099301155164,0.9260652908383581,0.7908737698434329,1.0,1.048256090678266,0.9601196306643952,0.9981871790007926,0.6595520892141754,0.9474020817300297,1.1608659374049255,1.1199474053316385,0.7284479957228549,0.601964321658806,0.8543887140156419,0.8193222903422847,0.7214099976390871,0.9527341545772207,0.7820548834654192,0.5921714910255589,0.910520754674948,0.9968410952147179,1.0429325684368034,0.94086121109571,1.1685615810966536,1.0495937614637285,0.7470619180623761,1.5445766322177854,0.7363644067438813,1.00093999173233,1.0,0.9126159278893619,1.0,1.0172640787549245,1.0072950258361801,1.0176232589776062,1.051437568149463,0.4417464105992751,1.0803461290374206,0.9129163480696598,0.938976937865872,0.9799203534511831,0.8489213573941186,0.9278300023298619,0.8399595046452808,0.4949531910140812,0.8915656014364726,0.88484965697363,0.9198320993062933,0.922535707621927,1.0,0.8732115412231378,0.8281575232021943,0.8089075089722564,0.8287959496202439,0.8423781705546671
2008-06-30,0.7912526642585386,0.6140594909533166,1.2824855710736087,0.5944325354409179,0.7982390734825985,1.1552950083101674,0.5532207949070373,0.6618116628071977,0.6643272222435976,0.6626554241158995,0.8536022012087925,1.0134493251587573,1.3047158806192833,0.6745679617017053,1.0290555943933946,1.0083400540074687,0.8946511867248323,1.4151125569822827,0.8132509648351466,1.0,0.798904091057492,0.794218981216823,0.48361537921947273,0.7007607435618948,1.0,0.7414818939475956,0.9466630215686676,1.01202133605287,1.0587446912366614,1.2676921466392128,0.8148691777910665,1.4060513024798806,1.0363233276780939,1.003016129024396,1.0440432257804788,0.7533041009791842,0.8026123285769994,0.4915728358751075,0.7834504111273922,1.1828642970300103,0.660557151334244,0.8586742884342853,1.0,1.438023232091965,0.9580464676317774,1.0117170468205414,0.9370943828778678,0.8004960911763725,1.0,1.1347533652736401,1.0,0.9544267509803759,0.9267365985570871,0.9143169679524835,1.048028516317565,1.367548427731749,0.9580667615618795,0.8569940974352686,0.9014699481918842,1.0760424596616487,0.6178394318627547,1.0,1.3614041379929458,1.2040961178569929,1.4533873124759276,1.1045154133279844,0.8574347086278027,0.9837269110586575,0.7410084439332524,1.1642301149776388,0.6536434599037169,1.3465533949226756,1.1952497282422274,0.8649631701096644,1.0718092174793747,0.9036605442196282,0.4402766733825967,0.5442666535648897,1.0,0.6595450116599453,0.8452811234032802,0.9134168312319287,0.9643605991967463,0.9801864532379392,1.1545716926246192,1.2384944725673488,1.2477011364980959,1.2395522356686643,0.766326765671896,0.5517799883185588,1.0523854597357427,1.1296005799524818,0.9610484562345033,0.9286737105100425,0.6316402157708927,0.9694788290012082,1.295649939867454,0.8971860947350907,1.3117814979582283,0.4272102885915051,1.0,1.1360029811686747,0.6919536170286877,0.7912855436322113,1.0,1.0068062996432678,1.0460846685466987,0.9315524566762945,1.1259907851843238,1.0,1.0458642437054437,0.9984218429417924,0.9982053219390348,0.6275106729363829,0.9970236553640582,1.2300214776380385,1.0942857193919944,0.6549070541822566,0.722987937752172,0.8602896182257247,0.7675792571394155,0.7222973207732957,0.9623773979896756,0.7851197113586221,0.5356313160508323,0.9244099822562559,1.1276781689048256,1.0281113566641198,0.9195040571737194,1.1527749567253822,1.0336726220008743,0.6756501470868534,1.5275180410946765,0.7177430497563451,0.9983706512598038,1.0,0.9275194098976252,1.0,1.0280396296787004,0.9980793191203283,0.9997498778431372,1.0342846978915556,0.44193137549461625,1.3213947128636354,0.9363150631274919,0.9485171166295796,0.9844925370256927,0.8422473500627107,0.9012916516229237,0.8398260755916612,0.49535128522208727,0.8911876027282177,0.8847388591236481,0.8501521927449134,0.9432426103123481,1.0,0.8476209754600109,0.8469454749966423,0.8679330177051063,0.8723086428795541,0.924072016749452
2008-07-31,0.9902520315101733,0.6807147377228397,1.260682473980029,0.6381902899044103,0.8733061766869515,1.0846969308604206,0.6803119205144863,0.6620649938674933,0.6603360415696542,0.6637385337866082,0.8470395110749896,0.8849743330591373,1.308430701400651,0.666719374490242,1.0257259511134442,1.1481827011406067,0.8901811066776685,1.3905480464482356,0.8305587294842858,1.0,0.8849392918754037,0.79591631857837,0.5809479725700637,0.7329755033321439,1.0,0.7512605049743468,0.9368147366617222,1.0114887368246477,1.0569230918627757,1.0646308313195383,0.8360779363123227,1.4060004189497086,1.196638146039139,1.0030453306435938,1.0788451723038728,0.7615976308390145,0.9904387740353585,0.5131911464153757,0.8792826328486496,1.1819276528554783,0.7144897838336349,0.8748178223355498,1.0,1.465282440785496,1.0601591665661667,1.0581661981156092,1.0277753623744414,0.9339570037977135,1.0,1.1347261163779108,1.0,1.3314933101438793,1.0391957114896722,0.9360905443610592,1.0738709194611848,1.356831719861023,1.1332070511813648,1.2228714028975547,1.1549644124385445,1.071785694374853,0.6193671978916612,1.0,1.3739958226400981,1.2179264644559766,1.4598731590530147,0.9728127802300132,0.9348013106507316,0.9879090671785271,1.0317609946149724,1.095402041546647,0.6532965008929434,1.3271083090654412,1.2552683309843162,1.1720614883086509,1.2287228235685355,1.0273936311209808,0.4512821529760962,0.5450493147969397,1.0,0.7928851492034741,0.963454615836582,1.1214946483013915,1.121382900836411,0.9826430015734073,1.1511146097638147,1.2300564965850795,1.2098439701953234,1.241767208123989,0.8549918374258656,0.5551107124948185,1.052591730982848,1.1242057750812506,0.9722064478395597,0.9086376767759919,0.790836363018296,0.9616204178938991,1.2823563596413072,0.8846552048656003,1.3117338632261506,0.6740034200693781,1.0,1.0191528214766217,0.7342028696485072,0.8119478067937282,1.0,1.0039958913387927,1.0406632631376236,0.9298534550409856,1.1356172056148934,1.0,1.0322843531598473,0.9812657493366425,0.9982484684467169,0.8233345844739542,1.003831708499238,1.1993362703415402,1.1318522233417723,0.7448511203397798,0.6720444507791761,0.8931293569137875,0.7578224096589293,1.1020023297566819,1.0528403204355092,1.206611592362461,0.8674032098792512,0.9757840835015629,1.1248870837741145,1.1874980390351377,0.9428228846671646,1.1570303742426267,0.9969790635664382,0.9545381970827109,1.6004850611219301,0.7888453498860392,0.9970911445096637,1.0,0.925647695353278,1.0,1.3486937916242279,1.0145149686550048,0.9861738426737934,1.035609545745279,0.6218257672341951,1.3153884858552154,0.8996690344612572,0.8509961094694003,0.9915916534332961,0.8314006300563908,0.9048253449414568,0.8407932616929752,0.5036820284442272,0.8941903035208832,0.886149727916599,0.9923899446963744,0.9596260846025366,1.0,0.8378416637547144,0.9147137919417816,0.8259312257545468,0.8607982798065771,0.883222296287002
2008-08-29,1.2090491663796124,0.8264611999851654,1.2389873344743285,0.8074947375475174,1.1188877996019635,0.6909984811402066,0.8361197756187915,0.6611034195001939,0.6608238648582649,0.6631342272000431,0.8578081513684952,0.7214659919269676,1.2488298129501914,0.7220744974591521,1.0108871155030672,1.1763369164231032,0.8754907717253677,1.3947837500777451,0.8921476657567093,1.0,0.9923700654581593,0.8007412885224047,0.7639044461016169,0.7716791658887621,1.0,0.7860816998863868,0.899027370459458,1.002828961143522,1.0379088630063547,1.0517606131069823,0.8402683827951585,1.401990589418094,1.2162610651588799,1.0032728672100792,1.1338396333794885,0.7744811494592759,1.0700891716518937,0.6203058960085981,0.8907763582219658,1.1689083121254558,0.7473186042220612,0.8995881034188137,1.0,1.467633377396408,1.1189649073860173,1.0622962233001985,1.098834219616652,1.0557884740045227,1.0,1.1347072747319191,1.0,1.3763950879425706,0.9008172037610551,1.007947530485015,1.109705467120313,1.3053761447028933,1.416533310564065,1.482979902122745,1.1713499762192374,1.0646571785217671,0.618557390746939,1.0,1.2674608730491603,1.0499067694963164,1.3722296533370566,0.8930524413864944,0.9740088209101672,0.9948280770507819,1.0670157112987844,1.0306512389375047,0.6437406316328793,1.2123972857279792,1.2794724802292583,1.2867148738045115,1.2300155680919718,1.0988226707130497,0.5102732940226623,0.5649951526215682,1.0,0.9308981077924927,1.0464050924681019,1.2359809806983342,1.2325711964620134,0.9880195268484995,1.1347943528311526,1.190215502368427,1.150651828963083,1.0775861388552395,0.9767607161998624,0.5600664979153772,0.9320109008993626,1.0889985294813749,0.8581879379925583,0.8662822100386284,0.9409217379811384,0.8828128490367948,1.2368831607049433,0.858481533830537,1.236245372283315,0.8791600545215774,1.0,0.8794428701163923,0.9145886606792426,0.8859143967652016,1.0,1.007348545532723,1.1122860547826954,0.9249974294667398,1.1379917813276528,1.0,1.03636211963778,0.97410684408197,0.9982409676800141,1.0560385417138067,0.9366883388605686,1.103175902212415,1.0851207189055192,0.8973234937275082,0.6415387133874605,0.9202745337219564,0.762177682572146,1.2742005639344853,1.1408543827118822,1.5474124885831873,1.3134297515441493,1.001997090709061,1.0836026090468092,1.285145459871134,1.0429540881046635,1.1697535478774053,0.9812043446414567,1.2552214658459535,1.6071633355311397,0.9639715587182821,1.0013264026720181,1.0,0.914400571132935,1.0,1.3707129417505082,1.1211100613586826,0.9858411772475367,1.0572651585256647,1.0107272036893333,1.1715659204354942,0.9641521536987252,0.7190883692795291,0.9868426401176025,0.825437137718974,0.9797159234973388,0.9208443718469099,0.6127366602953875,0.9194973402916272,0.9163721617230507,1.065595080989638,0.981180584766814,1.0,0.8204333585115421,0.9158400071054559,0.78665402837262,0.8418126623955674,0.8392043195115096
2008-09-30,1.3405577548518446,0.777556115125485,1.241189674823915,0.9192478451369891,1.3311478420885785,0.6256760809421487,1.1308584782887712,0.6629386990799753,0.6743527410535606,0.6621152971913685,0.844732139299263,0.7163681608954777,1.2245030777932058,0.7283613654945673,1.0098133433225904,1.310573825776889,0.8809226726606912,1.4272688477714541,0.9356530864715156,1.0,1.2189628150042002,0.7996349395062802,1.1813990639133845,1.1398384711287624,1.0,0.7665249451562207,0.9091040501132436,0.9906848417552621,0.9908855531741422,1.0484364863539317,1.0954157264370024,1.3951518361341104,1.2189874603771507,1.0034747398839232,1.114505556920086,0.8700153960499483,1.4119523636942186,1.1047752856543542,1.082446261529349,1.1852909781609038,1.0394651633782976,0.887384138203431,1.0,1.4675807923171584,1.2934853814539615,1.1853578459343284,1.1276021183459428,1.106437410108625,1.0,1.1346894603692141,1.0,1.3795216311344618,1.4148634172735015,1.075038006570845,1.3446946504076986,1.1492876235968583,1.4662140839551654,1.503411192197245,1.1734524296927769,1.0589365378797848,0.6199474584217293,1.0,1.3921866638813745,1.2831010429423202,1.4577905987907682,0.8463100046445069,1.4398452666383381,1.1230020683654491,1.1390442812883719,0.9822113511962569,0.6485126703712949,1.1718080851343653,1.2887937530720848,1.3379032054286648,1.2301286818339623,1.101478847341235,0.7780876320595744,0.7825872561131497,1.0,1.4144071004878949,1.2568291876035163,1.5685150137109076,1.37591120702563,1.022024770768888,1.1279452763611075,1.1515927785615367,1.096709819805526,0.9830586622192425,1.1975388172696317,0.5692816200575543,0.9293907146898355,1.1174130390662746,0.810680554541409,0.7994309604694203,1.0825137434614183,0.9162269815520022,1.2249005578810483,0.8566398855485595,1.1623447217521408,1.1728441660634723,1.0,0.8892360973903113,1.0341128061603333,1.0032089021786756,1.0,1.008739291703761,1.1140107024705714,0.9230207908350765,1.2849921295513311,1.0,1.0083746066120076,1.0381667108312755,1.0017889523631285,1.4001267639531214,0.9126142571720531,1.098316217830327,1.177845934570594,1.2662508515000501,0.6290851286385882,0.8254783067921447,0.742978909846843,1.3690296539962563,1.2070103957256997,1.657110517206466,1.633823148719928,1.3060591002228672,1.0411855637067111,1.253689824444342,1.0036715699898173,1.170051795219974,0.963897215828754,1.3748397850775782,1.6059750846080645,1.0541613013830917,1.0054420354574853,1.0,1.0162813876729122,1.0,1.3866678761005296,1.125370118343327,0.9693125609151547,1.0601494805268101,1.284058252081591,1.1531972338130392,0.9831046972426292,0.7339115364042715,1.0278942721924347,0.824096696880285,1.1757852406461125,1.030557906986757,0.9503668558031253,0.986929552239909,1.0044521353754625,1.2472276678599867,1.0145067464277366,1.0,0.7858146394333269,0.9102514458138088,0.852998914631321,0.8723669298333239,0.8892796435660643
2008-10-31,1.35443390628019,0.5519687497519019,0.7726745141320785,1.0198947322088026,1.3765918842502483,0.7756844242024357,1.2620962122157713,0.6835535681838274,0.7226327043358252,0.6622308800471064,0.9886360538947931,1.0221874683563459,1.1890368238513795,0.6792833594523042,1.0357679874390753,1.3742521363410656,0.8774007903238287,1.5669623594668047,1.1153534778906489,1.0,1.3257279753134315,0.7916176357410712,1.4150717206107877,1.3723439817866836,1.0,0.7504121713443371,0.8961971595373222,0.9882912868496601,0.954157188778883,0.8819358965127788,1.5591465962605005,1.3067178334619343,1.2180979984730946,1.0039290700986139,1.2453141101820402,1.0037210560550731,1.424809535759567,1.2681120278992675,1.2722311612317518,1.1844309229046766,1.273060049506675,0.8630500281679874,1.0,1.4672661111895615,1.3256041501738063,1.2630441001227013,1.1524352145808576,1.1661139153165307,1.0,1.133668097481522,1.0,1.3796491471324384,1.4577380266107447,1.2319373002178966,1.497696351499711,0.8173375916939654,1.46250696130864,1.5089610839597132,1.1742259756161144,1.050252465278844,0.6197499914628168,1.0,1.4393251602358952,1.5740640815299414,1.4992622947257468,0.871683153548672,1.4689858357515813,1.1418993091985088,1.1617260299969205,0.8694833826421303,1.0329203342418873,1.1345482795052435,1.2914989555959953,1.3449946850043462,1.2301301656244057,1.1015761049714614,1.2562463599243492,1.2054248575916633,1.0,1.6277257616350105,1.3828608030343883,1.589405701538034,1.3780540094284268,1.027279905089977,1.1179736379387444,1.1393307004513755,1.0484990698174361,0.9335228806624054,1.3616894606749175,0.5762090557357549,0.8278041391612484,1.097761261840056,0.8675505613607666,0.8660023978426279,1.4815597505142037,1.231210594315022,1.2545124452182308,0.8476125913002983,1.082834284648622,1.4668573240651486,1.0,1.408005920506,1.2066059167891305,1.1690503067360254,1.0,1.005509951279933,1.1085526159657493,0.928139631535546,1.465838053274861,1.0,0.96888223009844,1.0853565788772388,1.001845704486048,1.4250056406963634,0.7875585125746387,1.219420951270744,1.1839416786706196,1.2674269501517799,0.5897174003060184,0.741172619054496,0.6847627788392158,1.3855760157600743,1.2913744188573277,1.6664211812416228,1.6958313297477554,1.3621867392549414,1.0326460437945086,1.2205738075256163,1.2065020731002263,1.1471886864950578,1.104339353412825,1.4076133080568163,1.601568683399969,1.2441863217769638,1.0066093863397805,1.0,1.123234009170821,1.0,1.3885242522872263,1.0728050142340062,0.9435049623671429,1.060407597053671,1.3575160962902266,1.1055402773072345,0.6270992397473384,1.0180290822237166,1.0531796012005596,0.8247512797789229,1.3059694751940718,1.191311741783406,1.159373392817774,1.085374998477158,1.0647879536757203,1.3133029094953388,1.078428544682189,1.0,0.7658606975644459,0.9283456475095838,1.2006645447526128,1.2053800511710924,1.1368266373606677
2008-11-28,1.3502778127883757,1.0275780438009356,0.8088923675333347,0.8365632014251341,1.318932322702251,0.9677378116887994,1.2208891667319934,0.6637175672862805,0.6674686132283264,0.6662455845545661,1.1254221369966941,1.3295543860070387,1.1849171320016954,0.677417459358864,1.0582412249710897,1.309817151981997,0.8560043448891056,1.57285488792313,1.182811228397611,1.0,1.2685053230554573,0.799670150708284,1.3526957593528388,1.3780822640742798,1.0,0.7794941117593567,0.8961953898895043,0.9948846232599088,0.9526737781674623,1.0053690275285707,1.5601273896615278,1.3092195558960817,1.1958071101253536,1.004371501051242,1.2999790731029166,1.017214906636188,1.4233968731293372,1.1375183776865734,1.3358598195244071,1.1894270090366454,1.3630700480242421,0.8690665035393821,1.0,1.467801131784753,1.3201233203250875,1.2732317435582785,1.1276083529120682,1.106846195895234,1.0,1.1321304722483307,1.0,1.3794646301730185,1.3029874642111579,1.0743451718378432,1.505023200874332,1.0809208951351819,1.4239646945330522,1.5089370832389448,1.173876583049457,1.0548968535436165,0.6184913979131141,1.0,1.4413000620769527,1.6090081779777454,1.5005815825442443,0.9471887083150197,1.4692498422653146,1.1426063976633882,1.266427744137047,0.8449378680342394,1.348134277962889,1.2923602330158548,1.2869964368088556,1.3426208346952804,1.2301301086202643,1.1015592472219815,1.3135420651231238,1.2333755504819368,1.0,1.6015792343826392,1.298621526296727,1.5896896429015404,1.3780610890180172,1.026907090559516,1.1246840669325258,1.1483166324678684,1.068225708442205,0.911742657602747,1.2145398157448297,0.5608223145716807,0.7216127401123094,1.0649002134914445,0.9212154700051485,0.9222333700665285,1.5078280731017295,1.2334480656011124,1.284559346901932,0.8478558849608367,1.0822944594675772,1.5066328156289477,1.0,1.4359938275346593,1.2266445856375419,1.1024794494568109,1.0,1.0045459450498597,1.0792623532010563,0.943481887381984,1.4659738126195472,1.0,0.960672252561985,1.0878468428757062,1.001844588188383,1.4215812764510327,0.7798427859850707,1.2944947268109424,1.139579523802457,1.267416156602426,0.6109418414618246,0.879342734132006,0.6905932108098279,1.3919781489197496,1.1344767371381386,1.6628672238422175,1.690871102313391,1.3658340007004897,1.0735297406252235,1.2825817390115493,1.2345510110696458,1.1180484308633414,1.2644832964479404,1.2763179763037802,1.5185598359591292,1.2700523164719844,1.0066975725986382,1.0,1.127947551296993,1.0,1.3894924522344656,1.099922875582667,1.0163040529654208,1.0604190915946667,1.3550184559206961,1.1305008465216175,0.5879671324773034,1.1199232752188004,1.0534439341412956,0.8831742275435803,1.3013617181275334,1.06382818394958,1.2077640464173014,1.0972328037408146,1.0780368527745865,1.194571803850466,1.0863006878426227,1.0,0.7888578778182731,0.9863970285364403,1.2555006699756714,1.3755597048657358,1.1956988831658621
2008-12-31,1.3519980298781886,1.012892688227716,0.7486920390144017,0.678752935819162,1.4375981083409946,0.8513116179592283,1.1929599183382247,0.6629549032806181,0.676153727365759,0.7403797083644875,1.1224104935062555,1.3261336420921954,1.099167955491434,0.7638038119606875,1.0613099271184938,1.3270963341423307,0.8050780153496047,1.5707024010724169,1.2179347620103746,1.0,1.327709077224236,0.8115929541375737,1.3550923697920805,1.376065751362466,1.0,0.8222996636514082,0.896196522429489,0.9931950329133238,0.9449529200276807,0.739680170132233,1.5599184677270994,1.289150361535556,1.1793529671369212,1.005499915975024,1.2998479503303613,1.000852872286929,1.423587455564931,1.1309096497509117,1.3351224474460444,1.1894620331157169,1.367825605160209,0.8542079275796403,1.0,1.4678400916038281,1.3275089342039177,1.2683224045680694,1.1451823013505722,1.1373999124968441,1.0,1.1278003951115956,1.0,1.3796090749846681,1.1481291400091185,1.0392578447278888,1.5071137891187525,0.9760087443536947,1.427302836489912,1.509382721810472,1.17331940480743,1.052331029279096,0.6241275074167755,1.0,1.438782669376389,1.5680395611029199,1.5002552670349933,0.9192827309508051,1.4693906970430428,1.142498135351849,1.1566340297022097,0.8038644878415003,1.3552838475945792,1.2614252960287353,1.289213888719059,1.3463492963195183,1.2301301662583788,1.1015647839140728,1.2425622386093345,1.252919673755853,1.0,1.617759006347946,1.3379870360870378,1.5895106152930507,1.3780623354272254,1.0241392410252197,1.1147894928209687,1.1315776152242472,1.0330003513497383,0.8813362236813458,1.0361253014802012,0.5494348614747855,0.7175446713722452,1.06182086760356,0.879782054941705,0.9266349105162026,1.47385201112476,1.2334409228463499,1.3027534270746097,0.848261892107399,1.0264672219507236,1.5102286717790023,1.0,1.4354462868486653,1.2301221285013169,1.1308902766054727,1.0,1.0047328812389853,1.088890336939897,0.9428112074033035,1.4659719556602047,1.0,0.961758187783882,1.0870257576618065,1.0018457070394757,1.4326648281547343,0.7037104073000628,1.2860396266790692,1.2017888936037429,1.267399812634244,0.6061110651865489,0.8742009697749842,0.6913874955279589,1.387514187389674,1.1275992528148353,1.6597681754368534,1.682383143890338,1.3650164367293978,1.001366524702035,1.2651158834039584,1.2346041378184196,1.1336889833241393,1.2834394135372338,1.258830098510105,1.5376028058511302,1.2785960751534267,1.0066995189881334,1.0,1.1265255143824058,1.0,1.3892655162714245,1.1273791462454208,1.022897707120783,1.060416457570135,1.3727150668995047,1.059289993493963,0.6116062058519875,1.0708136554833037,1.0533443794350081,0.886502324601721,1.3046254937281534,1.0836369586184096,1.213002711562228,1.0986608061275303,1.0853885849668625,1.1509482164829363,1.0351415209488422,1.0,0.7461796792600811,0.9759450375273405,1.2501378986891447,1.3289653019816319,1.1913928603662285
2009-01-30,1.299074868830669,1.3483039061750592,1.153043547796013,0.6240242489795927,1.2781307603175922,1.04301963941806,1.1623671778722953,0.6608379094362485,0.6619534646217338,1.1222428449167103,1.1322000205494325,1.3444900004931073,1.2043610186485423,0.8330962995724035,1.0718931161017637,1.1213338694296944,0.8452128811773563,1.5737389624931468,1.1103190096836952,1.0,1.066525071854625,0.8514611156988269,1.2033834620265735,1.3478723962203085,1.0,0.8085526693849258,0.8962317237016463,1.0019013227851987,0.9560882272646489,1.1547018814649144,1.5597233652280609,1.3118999807287175,1.186481479132456,1.0032248724963573,1.3014057119091738,0.8856178180954886,1.403943449943993,1.0105757126245676,1.3327562263537145,1.1898827402109244,1.3639031359609983,0.9105172004766062,1.0,1.4678288798611225,1.1882946512957642,1.2669034715086553,1.042688724251187,1.03279964871653,1.0,1.1340117456456356,1.0,1.378274080085526,1.1766214448801902,1.0190575254674135,1.4909943389263955,1.125920860231109,1.2795699742104478,1.5089654124656147,1.1716832369376446,1.0656450538362343,0.6152330999804503,1.0,1.4345608550509426,1.5154422103823721,1.4997799209704716,0.9541181418639859,1.4691319930843956,1.1409292736430847,1.244964909147482,0.8618156170738192,1.3590835776983308,1.3372091712421983,1.2674990362605982,1.334922323674407,1.2301281771490538,1.1013987668886083,1.104708289363687,1.2266574569036686,1.0,1.5221521783223921,1.104732085936782,1.5847130331181685,1.3779705251899046,1.0269100355700804,1.13144071332969,1.1636299363464155,1.0821329101605275,0.9269115684769679,0.9878373342929159,0.5553207483288148,0.7112823625673477,1.0568634633662048,0.9122023113548564,1.0043405533531398,1.514967533707734,1.23358485614451,1.2758530660686471,0.8491888181023366,1.1659454597485597,1.4802674695722802,1.0,1.4363866702184738,1.2192147884811702,1.0239501872661472,1.0,1.0093031028967072,1.0767001534170502,0.9346485281125347,1.4659725707949964,1.0,0.9928926537148131,1.0875300017705767,1.0018457978975392,1.4032223511554989,0.8254603095217866,1.2919395218541236,1.1902874868752995,1.2674014050429334,0.5954196919533395,1.1371780765835935,0.7015332917720807,1.392783695676509,1.0828947397172253,1.6559016227915226,1.6745710071912883,1.3730331326832033,1.071039925754145,1.27282059871294,1.229189109427907,1.1063284477534536,1.2159820678813256,1.0932786506217158,1.4701912477474424,1.2268822594781714,1.007033964506806,1.0,1.1274792170347943,1.0,1.3891944404161678,1.11111530370109,1.0720051894700993,1.0604089882800964,1.4047547846594817,1.2141738355011131,0.7330159463985553,1.2181818921154677,1.0532301750862587,1.0746559761920476,1.2904941800311447,0.9871387581168708,1.164875404816545,1.0703310646850492,1.0713124359002457,1.0435832288684201,1.062122915578966,1.0,0.7733510365730796,1.0256541175104106,1.2615136162126066,1.4027714219151888,1.2039073034483676
2009-02-27,1.3142860206396922,1.4320525606736583,1.0989971963413703,0.5894118051389512,1.251493481012619,1.1607645831442754,1.1848577158515825,0.6610169677980462,0.6635555280972967,1.3089018145243076,1.1373514109557015,1.3460905890902422,1.199804216729814,0.8765514700047126,1.0714366134941387,1.1770331486772863,0.9059788749899392,1.573946082571747,1.185244379282281,1.0,1.1137501294821124,0.836806714051697,1.2202220582957353,1.3531490162907185,1.0,0.8099917270011023,0.8962122966542814,0.9987046159520605,0.9502319806439223,1.156758268748538,1.5599387990229936,1.1475957424339058,1.1209890604573811,1.003208186766302,1.301737176436315,0.9010389911719296,1.4022469958582628,1.0319883203646107,1.3375803099928736,1.1899289436507854,1.369118522624996,0.9015306002473873,1.0,1.4661404563872018,1.189747987055804,1.2586555064642226,1.0894468935864587,1.0358530763282257,1.0,1.1318525633391336,1.0,1.377490544451794,1.0901421572277916,1.050308111989921,1.4899953242740391,1.1354601246580678,1.184709521322343,1.509576568243149,1.1515476198829262,1.063967547390947,0.6195288813238071,1.0,1.4363145571838996,1.559676689985781,1.5001091821390928,0.9523412724318597,1.469230289889135,1.141548600623722,1.1676267895338976,0.8174759454466989,1.3598720240403406,1.3185555897468197,1.2704189456306054,1.3387915010246847,1.230129094888231,1.1015015152009293,1.2680391932783046,1.254865798143632,1.0,1.583179173028302,1.1516523755414674,1.587581756770249,1.3777909372257857,1.0295591488235722,1.1249319562016507,1.1480437144036393,1.065261070287455,0.8629872734289352,1.0277707335814448,0.5556475432979411,0.6718213754982378,1.0815464876686556,0.9188062138380833,0.9593225605220242,1.4926167064803444,1.233572674669102,1.2195130761166304,0.8519484445389003,1.1019960845947352,1.5205037485309074,1.0,1.4366266292449092,1.2438403710817667,1.1825100467642207,1.0,1.0097864384284432,1.0551174151544898,0.9371875227836645,1.4659699553027774,1.0,0.9775036252707182,1.0835749581799925,1.0018457900630058,1.4243822372207278,0.87815242821908,1.3032391186062986,1.2006338372200942,1.2674287945307672,0.5924055402884921,1.0151113839598984,0.7401957198727365,1.391344266689364,1.1850495713162543,1.6608375295591191,1.6943882547828726,1.3719626977737196,1.0084088315421331,1.261463433988547,1.2328793678731846,1.1081352239551303,1.2469138184396287,1.1168724143965485,1.2316058075151968,1.2737409906527142,1.0064112876308722,1.0,1.1260814680620526,1.0,1.3894926284273699,1.1325561645400963,1.069131279297567,1.0604204855732284,1.4488493843094177,1.109275592524909,0.5870614080107498,1.1896224227837013,1.0530871271422606,1.0511141989843942,1.2914502727989348,1.0103442426388027,1.2385958597236042,1.1008077691964513,1.0906126450174942,1.0358647792588629,1.061769173948062,1.0,0.780855534447321,1.0494373212978845,1.2404246894421542,1.3736756903537415,1.1854825056980864
2009-03-31,1.296345720233518,1.4365135119258499,1.040272452915891,1.2174214933045817,1.241717445994236,1.0095100656112153,1.1514178100070875,0.6607731567190376,0.6610978695408933,1.3163568288052836,1.1366956680020555,1.3454967434087721,1.1955263564201901,0.9858244594116088,1.071134654360798,1.1714767018243966,0.909520487862212,1.5741612594412513,1.158490192258507,1.0,1.0846488297967418,0.8290456484543183,1.1715125743785055,1.3446825325051361,1.0,0.8185820393664425,0.8962162883565545,0.9988356527615797,0.960898321370836,1.1201590603611031,1.5592218104904008,1.1688868580265963,1.1798498897028291,1.0036657753337164,1.301744771482295,0.8536363895377078,1.3918111340882167,0.9513217307471802,1.3356664329967893,1.1899142744188607,1.3701780870615747,0.907151430359368,1.0,1.4651157848591545,1.1911311503622264,1.2179344969933112,1.0776816911676388,1.0439865706828186,1.0,1.1338894308385519,1.0,1.3780270184768741,1.1231054372706777,1.055720998632061,1.4472063122643857,0.9841959154135886,1.1301587484794837,1.5095963291789933,1.1428309615403962,1.054875081194359,0.6313073152618598,1.0,1.4316334168457776,1.4577863006253002,1.4989171196888587,0.9280221759585937,1.4676877811386346,1.1393960743052753,0.9961213814255611,0.8198288484260791,1.3601046049225194,1.2780477879764889,1.2797957587529425,1.3419087105031378,1.23012905311025,1.1015286787417409,1.2739249115338858,1.2521468635244144,1.0,1.597508259984454,1.1370196878848637,1.584764927047741,1.37733005918971,1.025701311113831,1.1156274659551428,1.1345869009382399,1.0481089334815639,0.8297947481299116,1.0513905275932043,0.5589448621492923,0.6448433974286445,1.0912304408697215,0.9301593303948092,0.9707864351443716,1.4942655402511487,1.2335972753941307,1.167357439047827,0.8533242784245119,1.0391704154323893,1.5179676739396495,1.0,1.4366691906134168,1.2425521414748342,1.1551828404530156,1.0,1.0100882976915222,1.0645422732016652,0.9345456212559814,1.4659723023877507,1.0,0.9869713456041347,1.0846799736236186,1.0018456292171467,1.4103274115472086,0.8300635097533913,1.2862466593853028,1.1792790833119664,1.2674168536266939,0.5992123826188732,0.9938484541148791,0.8159964002489246,1.387285692620035,1.1730025774630974,1.6509476743233147,1.6810996363252868,1.3695416231054087,0.9914549754992257,1.2372424168304774,1.2286384322100197,1.1039271271580264,1.2156341587579953,1.1325584577863033,1.3271620880974306,1.2551944577446168,1.0068088379220017,1.0,1.1222904380013397,1.0,1.3856812201508153,1.1256831863495058,1.0709383430608854,1.0604217315279552,1.4508606896565612,1.0622055653305158,0.7170625411751652,1.1066098189178797,1.0516597402273202,1.023931886979195,1.2740910907042642,1.000790063298312,1.2271739633905403,1.0742815281574625,1.0827707161682303,0.8644895834694863,1.0367528528514187,1.0,0.7854645659297914,1.0573645558668472,1.2067498493744608,1.2707865390974644,1.158379853587042
2009-04-30,1.3321680533722722,1.4275473572376285,0.8284157687676117,1.399196552644332,1.498654929087241,1.058422091076608,1.1702379285970272,0.6607349701410361,0.6626876058507148,1.3174884073012776,1.1371848612043691,1.3464024232685903,1.1426341312894217,1.3616946572680815,1.0895143342182836,1.3161276388150365,0.8982522770245516,1.5735041481632028,1.3819444457294883,1.0,1.3421863645391563,0.8385348007766485,1.198129880470286,1.3530988814568023,1.0,0.8553832611886377,0.8962279436514029,1.0042713750183512,0.9883260529804839,1.136941495907736,1.5598493619772442,1.2494242548209455,1.2126243802940095,1.0034873895465881,1.3017202564918793,0.8699039966023588,1.3937441517076157,1.0763270473097388,1.3371458689847948,1.1899142269186438,1.3704222234643986,0.9539938957613064,1.0,1.4633854252811176,1.2709255679421938,1.2469589883141907,1.1696699107837658,1.1113972086895778,1.0,1.1331186276557283,1.0,1.379145315463956,1.2569419876568886,1.0785629813579864,1.4508970132972228,0.8049044758331773,1.3491983403686847,1.5095082531894162,1.1497768076743962,1.051467109710663,0.6280857193553657,1.0,1.419721407444597,1.351922897358028,1.4971239082734027,0.9276917897946846,1.4694533083482768,1.1388065561664846,1.0672660050008633,0.7620372405134725,1.3600340078659405,1.2045606334415155,1.293548804904698,1.3480004368078218,1.2301296612400607,1.1015615496638858,1.3082824459985258,1.2485233363706412,1.0,1.6181871816195244,1.2861312980947255,1.578016026904256,1.3780721925806036,1.0294752131204499,1.0514489531640467,1.122655076219001,0.9983338459670492,0.8356234706479555,1.1298185512522396,0.7433130118857403,0.8126359022698892,1.0832759304556348,0.969720133952567,1.0329174915696644,1.522188096451906,1.2335797055122903,1.304170263922613,0.8508765558494582,0.9483493780939497,1.5139169227739437,1.0,1.4366838797316417,1.236319500613735,1.26272829561002,1.0,1.0101817349579554,1.0802668846381522,0.9577388942018852,1.4659728177532312,1.0,0.9865286221824385,1.08330063159364,1.001845796453221,1.4349632146967328,0.8837850550567685,1.287721849972023,1.1947564229098242,1.2674039251768154,0.5930313415896267,1.0471064131127505,0.7316209526406874,1.3804445988393788,1.1816533195457843,1.6512750025127745,1.6854986118638133,1.3745915598085756,0.9547538851442225,1.161192099005494,1.2255955454087137,1.1016401518548482,1.2247494610506746,1.3972631587073243,1.244389575828653,1.2067133711793916,1.0068296184435817,1.0,1.1259391327903303,1.0,1.3869232492758896,1.1071567773589077,1.0554743165590683,1.0604200892153093,1.4441922548893154,1.2448721259541835,0.9533268727302184,1.157795434034886,1.0526227080686195,1.0180890857109377,1.2657646041630655,1.0555124961915696,1.235164153126181,1.09299055083717,1.081913228919567,1.0378740314627517,1.0337433574449066,1.0,1.3184043835408867,1.0417684569381733,1.2486848552796155,1.3725751414764729,1.1961377127389148
2009-05-29,1.3005280199160227,1.4143312188946977,0.8076523008311265,1.2677329428916941,1.4949770310123418,1.1683995149402777,1.0897815997125568,0.6608313770958598,0.6600920954708769,1.314821770420687,1.1500975814642442,1.3462678650477753,1.1627934095253951,1.3302584606938757,1.0924568178869152,1.259710086448591,0.924017368274298,1.5735115921464318,0.9770841182183687,1.0,1.3177123327738436,1.014077396638225,0.9356783231899491,1.3205025763424145,1.0,1.0206694740771418,0.896460444587056,1.0122984088238578,0.9567422247174324,1.0560725633644845,1.5599635637819376,1.011442696368856,1.203270776462647,1.0032896147980668,1.3017489874882104,0.8032366740345429,1.3921736261841293,0.7162645951992506,1.336109966431543,1.1899077445333415,1.370179355165888,1.0221746555251083,1.0,1.4590806802391547,1.2507687319448855,1.2457310904854926,1.1377177791061313,1.0623061423335276,1.0,1.1324257013003791,1.0,1.376895325074507,1.0753358354661102,1.054266580971408,1.4405751992175977,0.8994575361065243,1.15748741369662,1.5095309879671888,1.1415768858585138,1.0390051111638208,0.6767367396463962,1.0,1.4330235639113411,1.5460490428588947,1.4996764088293795,0.9439293830491589,1.4697699239960036,1.140580313675365,1.1074014474605203,0.7687819006568919,1.3537934120373663,1.1901249468208699,1.2914491810766238,1.3474298134651204,1.2301285338302743,1.1013266702146411,1.2521265920594784,1.2346469029173044,1.0,1.5426045084732065,1.2282424092185311,1.5785893584767572,1.3780519700516614,1.017319097818323,1.0169848769192176,1.1179868292643698,1.0273386038383936,0.9552104347814275,0.8404069449104816,0.6206459107815641,0.8896340678526776,1.0946589814175152,1.041779764727001,0.9895242309777282,1.5168887726714884,1.233519749025829,1.1653638751776785,0.850833368025876,1.1499598192385847,1.5240863731663206,1.0,1.436803306563836,1.2401864656862547,1.117288905947215,1.0,1.0099186090691246,1.0930425030070434,0.930043821163976,1.4659754667762166,1.0,0.9712592792815545,1.087059046678187,1.001845761352699,1.4333823545529247,0.7151156108376855,1.2934835070706587,1.1333589528716639,1.2672756526133049,0.5900112427458695,1.376160378661833,0.7588297032829528,1.3588054506205407,1.104425270330585,1.647117577258909,1.6673552901213777,1.3743470093896746,0.9790569617716129,1.2165205344012153,1.2171900929270059,1.1000912745543152,1.2316299284914074,1.145071248992478,1.3922657178967852,1.1717713289226095,1.0063402222013278,1.0,1.1247751967225372,1.0,1.3841901338919258,1.1915075346624735,1.1248986375394554,1.060417389005031,1.4378437086129932,1.118567365886837,0.901533234883195,1.228712706583201,1.0527435359660475,1.0538919290631998,1.2298753656913586,0.8815215515696065,1.2408849935366224,1.0675395073111198,1.0748202483172808,0.6654647433455501,1.0816323095403642,1.0,1.2426103005321445,1.051297630324434,1.2572191604610912,1.3881322043410969,1.203043955262692
2009-06-30,1.3247583830541036,1.397856198786788,0.6809136652073523,1.4477275971969072,1.4938543604500607,1.0117670533440029,1.138524261840763,0.660736008966377,0.6605361576706319,1.3206526397235634,1.14951567819759,1.3432954935513777,1.0075069755748416,1.365810944166325,1.091665251748382,1.2938788867958617,0.9364732161921294,1.5729166297294541,1.0055739031947675,1.0,1.401479208397371,0.9691374487851939,1.0651674604206183,1.3306128669646269,1.0,1.0755340257602648,0.8964289304153581,1.0115848708829882,0.9450227428126149,1.10239442261542,1.5600968764016878,0.8164326271875901,1.1997892550045715,1.0039312344568265,1.301763137311669,0.7924676900422671,1.4018693158737459,0.9722819741924655,1.3362392141102637,1.1898717059226247,1.371111100921277,1.2471073844511609,1.0,1.4570305882157282,1.31111850588476,1.2543994854952503,1.1612209939454206,1.0583683010800664,1.0,1.113951704147087,1.0,1.376474549612952,0.8616910376246655,1.1800986892607916,1.4625824776806167,0.6523401713641606,1.078437855467057,1.5096871410789707,1.1212648539595718,1.001098848815254,0.7171893653864166,1.0,1.4120857331818173,1.427130223713451,1.4967492200175225,0.90541763276533,1.4702182530683674,1.1410310599107387,1.170627820286074,0.7499339634435079,1.3395023680473535,1.1812243880206834,1.2927171436334874,1.3478548186376276,1.230129623680066,1.1015201171475848,1.4428458325785118,1.2736797520252305,1.0,1.6047671294188754,1.2903497424780224,1.5812240425863016,1.3781329470626673,1.0281821258316008,0.8410662471775288,1.0438004268549674,0.9698892680034504,0.858926239171981,0.9211307363253676,0.6262969011254735,0.7919616112431149,1.1028823842621645,1.0086833932357202,0.9989972393392743,1.5210266578626164,1.2333246570999499,1.161087458632976,0.8481400104814791,0.8676466897972017,1.5306802977758065,1.0,1.4368017855646056,1.2438183028496157,1.2417948786540016,1.0,1.0102026390610401,1.0865601940268599,0.9251034047355686,1.4659663311133069,1.0,0.9726466323682887,1.083480994682753,1.0018457518127,1.4347336832091968,0.6572990592898446,1.25949509025045,1.1932671254809764,1.2673803017757193,0.5895419010676524,1.3784774167390341,0.752821607103624,1.3489690185036103,1.3274162670678078,1.6651460026521891,1.7009250196368395,1.3742824391732724,0.9436783391162782,1.1721488841041707,1.2261582676413179,1.1008305510105372,1.2197826956522841,1.2296450904431273,1.5587600502317436,1.2167671678131322,1.0058279590227983,1.0,1.115551764601906,1.0,1.388439433342506,1.1765761749498305,1.1191974798516544,1.06042112735202,1.4743238473583287,0.9701403086682375,0.8531140854403565,1.203594893630215,1.0524692333807024,1.0893002032792527,1.2480931638701032,0.8788847983977776,1.2809974786525107,1.1247326404457703,1.0971052088345636,0.7153034057808422,1.0677301265108001,1.0,1.205946140282929,1.0799298800987518,1.257609353225249,1.338138436468343,1.2022952775983777
2009-07-31,1.2951247485495854,1.3987497345975013,0.7439499974585355,1.4570791087286552,1.4845823128188929,1.2345070995950587,1.1067889994279618,0.6609343788233428,0.6665734179141293,1.3206606936220573,1.1517934694017855,1.3439554213935923,1.1445319089897399,1.3723031771648844,1.0918225442367269,1.2532436965510017,0.9367333579391315,1.5730166195049309,0.9563522539370015,1.0,1.3350079746815595,0.9048291887914142,1.0496969700059626,1.2955274536715307,1.0,0.9930231257533176,0.8969038464941079,1.0119178232914605,0.9617477022782921,1.136805934328937,1.559619970448308,0.9729040043149128,1.118605361148873,1.0046332540329757,1.3017286275445386,0.7743193203508292,1.3570775364342669,0.9150748981364755,1.3335838002204243,1.1899157006953478,1.3697198290198869,1.1976470715969478,1.0,1.4087473214789057,1.1984078151822217,1.2054720589230519,1.1336009775881428,1.0542371837709723,1.0,1.120935027881807,1.0,1.3722533274623914,0.7333527742582793,1.2044990242698632,1.4521414581922203,0.7073514648091777,1.1347189241109845,1.5095184111117879,1.045831967985299,1.0254080183021812,0.6838608423964962,1.0,1.4122033486668426,1.4359259651512937,1.4966813032320296,0.9208382020301311,1.4674534678619051,1.1382621199638585,1.087455907211782,0.8161224462191443,1.3547819952432136,1.2055817635208315,1.2908463394504222,1.3473542310548523,1.2301258207453083,1.1014904485119998,1.3659974991676362,1.2453074411163036,1.0,1.5695395754355195,1.211055000021533,1.5673064435502626,1.3775699827095347,1.0302167987926953,0.9782188832835551,1.0917059543163619,1.0048096983323558,0.9438611540964776,0.88382817973497,0.6331747028570933,0.8809292687336339,1.136764872911107,1.05036759514076,1.0006832233087384,1.5191040600249468,1.2335047367310288,1.1472101767349394,0.8494153815126246,1.1429799879041427,1.5110948246794198,1.0,1.4367888180648176,1.2195352666866155,1.1620114556808054,1.0,1.0102107806223626,1.084320599391127,0.9245855627120496,1.465960238250517,1.0,0.9503312326359058,1.0832600095601714,1.0018457436147106,1.4344070644477325,0.7406552476456812,1.2729278851837993,1.1741614414143633,1.2673175835796189,0.5902496196041158,1.4108853283326752,0.8041919880584736,1.158045884688169,1.2489240444664844,1.6511571474059452,1.6961163367422594,1.3721091420114364,0.9975832721634235,1.056324157878624,1.2207176191245404,1.1021796839843538,1.1963742784281122,1.194590862735047,1.4816154726042101,1.176269886177208,1.005561925835538,1.0,1.1182579404533899,1.0,1.3779044526855329,1.172954355030948,1.113837579827509,1.0604201885365994,1.4568488566190965,1.061294513154599,1.0352393178536357,1.2057878370261121,1.0506822038090562,1.0844396243756238,1.2160952135247989,0.8626296305825324,1.25135679182086,1.1110782424415233,1.0910296534744448,0.6898076916894214,1.0390184240721911,1.0,1.246643908256646,1.067408974744359,1.2547572645854947,1.2872177405973197,1.2009709690848291
2009-08-31,1.3235783975470814,1.4130538630999514,0.7859629526006929,1.535832222002783,1.4817908325782017,1.2718042942334649,1.1605758215568487,0.6619960726005654,0.6769752529207207,1.3206430827258027,1.1526350259205103,1.3433176461623646,1.0914693376276483,1.3711261386326246,1.091622223582617,1.2934946751452245,0.9342610376565849,1.5718898660865368,0.8730077802609479,1.0,1.313441769355689,0.9715285655360926,1.3411729239095898,1.325951001760198,1.0,1.0266427784760865,0.8977095831791289,1.0122810459553229,0.9793234643955917,1.2043062254622965,1.5586824369601486,1.0560857263353893,1.0544711346916544,1.0051777183122472,1.3017052702019274,0.80812778299876,1.359813493597644,1.1099444045161668,1.336628626684335,1.1899347052529063,1.3697839061992572,1.1818454012722537,1.0,1.4404464821634642,1.1575217570190697,1.1632055761710594,1.1199813762865307,1.0507944556980933,1.0,1.1139205621419241,1.0,1.366709721662565,0.7945280554131,1.1022546583197839,1.4364960793476744,0.9090747776073465,1.0359838273843078,1.5091228467092155,1.026825553597008,1.0371026249065742,0.6578824860815757,1.0,1.4095852262898114,1.4074843631302074,1.4960569634207768,0.931008205377237,1.4649112658113297,1.1314679552148585,1.0363145897982275,0.8324416405260937,1.3546794893013703,1.2283713569618093,1.2904230249868107,1.3470830749711524,1.2301244486931016,1.101543351876886,1.389696675838534,1.25259197878621,1.0,1.6260143133930844,1.3104258190424358,1.5722500972560125,1.3770698541461714,1.0293497665334836,1.0169078671420935,1.1076780480132393,1.0247016396061817,0.9588299160558815,0.997798056437872,0.6854557281732327,0.9499612628255553,1.1424116911055837,1.060885517677533,0.9806313154300399,1.5199520569826301,1.2335509666744349,1.1336253868652322,0.8496919786267578,1.2194387880010844,1.5142950106463848,1.0,1.4367688551920585,1.1963072045579293,1.0920759174663133,1.0,1.0100823657987315,1.093346787781903,0.9239684500336219,1.4659486658789689,1.0,0.9496091915511602,1.08113510155621,1.001845569670766,1.4342627954538436,0.8502022697863327,1.2666580588654812,1.1182819711117749,1.2669400592117575,0.594940203469351,1.4487890605409373,0.7910998145768666,1.0817570627267314,1.2317699446835357,1.644363665470462,1.6879121085404323,1.3695495728781053,1.0222263960938642,1.0521087437357097,1.2126992271788484,1.1010739460255499,1.1298154538891494,1.188314266666012,1.5124888415180635,1.1103532032726682,1.0061224640464774,1.0,1.1164689917461974,1.0,1.375897539679439,1.1374818389200199,1.1113705610654412,1.0604131081406665,1.4678812633407374,1.1631731218467551,1.0986356919543125,1.2023144322944308,1.0483187759358308,1.0663695812061063,1.1868357901033482,0.851801130051919,1.284037255717127,1.1125304717617663,1.0921919720874216,0.9316368029195825,1.010983273305352,1.0,1.2733940595301845,1.0855364818672204,1.2535278621313992,1.2654052314195723,1.199950888816396
2009-09-30,1.2500370487866432,1.431306091624546,1.2116262009360919,1.4823927179233929,1.4513226244384643,1.1118237754058904,1.0679759934681639,0.6622957758846602,0.6741306638773582,1.3205395785070186,1.1543861098574948,1.3434472652556062,1.1823706040203241,1.3818449718406125,1.0909797601607212,1.2087337700098097,0.9294098444814972,1.5695004811590758,0.8207980408067692,1.0,1.21850572300534,1.0177274262841813,0.9802330891456875,1.1292598074979026,1.0,1.0221233572782458,0.9331244596187559,1.0102645160426147,1.0015706093465404,1.2296632255441313,1.5483362725429888,1.2476337489197737,0.9919742599115133,1.0064023838008915,1.3016677887632335,0.770609294176929,1.143796961040729,0.7985500585119627,1.3299190407528443,1.1899391500323546,1.3488776967023084,1.2598521282519655,1.0,1.4612323772214828,1.004108210833299,1.0871624045288124,1.1102813580329882,1.0411495162198792,1.0,1.1332098904750618,1.0,1.3003726092419274,0.6047719877504569,0.9957248910999432,1.307481960350731,1.0061810109692326,0.9617863547392106,1.5070679064307413,0.9531630279753734,1.036538002467517,0.6527619963506983,1.0,1.3625315355999776,1.2247890446128262,1.4874833110483612,0.9222580583311849,1.4309947438000303,1.0787059357362396,1.036472209107595,0.9265946402866343,1.324958621070924,1.227587917131707,1.2856357865059265,1.3440426348617007,1.2300526544152148,1.1013146181995883,1.1297260631609325,1.15157606514136,1.0,1.3979968377576946,1.1757636077385465,1.4952370145604221,1.3646694230011174,1.0237047976538463,1.013789401426091,1.1061798599967803,1.039920903897444,0.9660917481097433,0.8749680638875725,0.6366558653424216,0.9545522993279274,1.1417088450611101,1.0791166651554847,0.9646531330837346,1.505552945687836,1.233509035950694,1.0935158270548078,0.8517339706029912,1.227779569685656,1.4518348627072726,1.0,1.4366810313930434,1.1269716785675012,0.9568768546290792,1.0,1.0100504468211524,1.0932186948510645,0.9246493155241453,1.4658449517770586,1.0,0.9491240849973756,1.0598174000090517,1.0016443211871444,1.4269302739808642,0.8735031260459261,1.2434996509224492,0.9887967035509587,1.257769913302876,0.9589485362738462,1.4559778438531241,0.8479488819794576,0.9933307910720418,1.2439672834644953,1.5286372302362718,1.6209160688294089,1.3494435822126767,1.0097121203143165,1.1059292404022183,1.2197968015169718,1.1025233910182644,1.0891380776441724,1.0587291652677064,1.5597975739134096,1.0014784933862193,1.0067675454534368,1.0,1.0610746112135503,1.0,1.3694233163978147,1.1769429356495278,1.1361507113133198,1.0603521202806987,1.4397256194510004,1.1256035328029976,1.2502195169295893,1.161209590351466,1.0313936536870225,1.082672258715489,1.0778457550728746,0.8404763576738504,1.2500950970800142,1.0677274799446008,1.0664111319953662,0.628744865402413,0.9726556310759128,1.0,1.2529168698860504,1.0888373933258693,1.2240564933584863,1.1574248835920598,1.1901070118987822
2009-10-30,1.1272266821629886,1.4233219352189388,1.1198143587023999,1.4587572189228182,1.4527281837343482,0.9989077184609794,1.0047666543369207,0.6615424188073153,0.6694809922727534,1.3205712810739676,1.1497311842513562,1.3299544712689857,1.2031534692889072,1.382941989623132,1.0887779380360492,1.1963410311413756,0.9375498670136534,1.555233397800389,0.8045277870539391,1.0,1.1524398318652656,1.0320705090215814,0.8521930735938377,1.015540591073083,1.0,0.9689978430250749,0.9627840019394547,1.0083931205880008,1.0005622996703971,1.1258527926078388,1.5075228214005882,1.2179071376458044,1.105679814177159,1.0060974080027898,1.3012537629010927,0.7599914517382742,0.9695525296263653,0.7098871385050659,1.3190650126064705,1.1899358351859357,1.284069447774828,1.2348544239028796,1.0,1.4486990889619442,0.9920958397252707,1.0273892434529162,1.104173872398153,1.023235938917251,1.0,1.1341463697085379,1.0,1.2578760314289388,0.6281735294960249,0.9567175156145526,1.1773014020907644,0.7908465815556764,0.962800338769784,1.5077155344991477,0.9255146661375977,1.0342704932452413,0.7681739965624567,1.0,1.2832096875981982,1.1260119718662553,1.4613473052655785,0.8819971351908895,1.405494413562891,1.0670628186407702,0.7962105938887085,0.9357525769277555,1.2845107490211816,1.270829476306559,1.2805753719526232,1.3416862681175568,1.2297424734727305,1.1009033682828617,1.0492690973440917,1.0927612935070368,1.0,1.2893979915921419,1.1123803438113369,1.3899735454861,1.3584595279547842,1.0233838593814089,0.9494777702563884,1.0630234499692666,0.9963659274564756,0.9251423286037009,0.8359873143316392,0.7050844529467477,1.01943204720422,1.1171279709722206,1.015412217266026,0.9604248352790811,1.4869670041572192,1.231832331862233,1.0368958459722664,0.8616177122156858,1.1822938119594448,1.3543298396318488,1.0,1.435106256513353,1.0921956264426818,0.9193960347648412,1.0,1.0101418343234825,1.0913439662031639,0.9293244526797203,1.4651602382628268,1.0,0.9523229211805645,1.0600536675935177,1.0016978199216495,1.418813525468008,0.8625081162816414,1.2240792474535727,1.0826266840771155,1.2384856953340773,0.716310163062404,1.4420756704332678,0.8449346051708715,0.9060796491388052,1.2294858261028538,1.3390310424382221,1.5445076458144915,1.3365009021321996,0.9755316358138352,1.0578640291072174,1.1615664055428265,1.1121595070739179,1.1184866698921903,1.042234401623621,1.5848281940926419,0.9469306707823264,1.0067797630836512,1.0,1.0145565438865642,1.0,1.3655385421603428,1.1769475295795497,1.1133489138482702,1.0603173381651958,1.413167347049824,1.0862728964907526,1.3083169201376466,1.0383254883184225,1.0038619593492573,1.0241567989280913,1.0078228156277491,0.8393364255554683,1.2174932658432078,1.0340417500882124,1.046878097187446,0.5911485891853258,0.9950881597083738,1.0,1.2443459311362457,1.0718364173382695,1.1605669451708145,0.9987219593687916,1.1648421674887894
2009-11-30,1.1477090159536216,1.294396804162227,1.022778159625508,1.4476508719934296,1.4777646825313355,1.0115160782697272,1.0012586833646961,0.6624661346137319,0.6697998721162914,1.3200138221324103,1.144720115401531,1.2707460563101818,1.2039123089914585,1.3833320685401098,1.0826599205703817,1.2233382487078555,0.9366048701997411,1.5357428645142863,0.8084484156538103,1.0,1.1778995925264693,1.071897230661747,0.8660057915329813,0.9823595262601356,1.0,0.9428902349159057,0.9515910453158885,1.0060088493261534,1.0038816142807538,1.0753751203883974,1.4251615453659405,1.2953822182609833,1.1679356059013517,1.0091329076741777,1.300679902509422,0.7586362149592142,1.0237323348616156,0.7279569992364148,1.2658801072647394,1.1899323338538013,1.1620164889961093,1.1933050510215673,1.0,1.4342725536894143,1.0268713535142981,1.0017535175201848,1.1101967131521264,1.0344376131473068,1.0,1.1342281600915218,1.0,1.2998847394463204,0.6366380165001833,0.9574492877710938,1.0651065063376495,0.7005198120071379,0.9556789763013472,1.5073476012356413,0.9346961593369434,1.017880983697031,0.839723180970723,1.0,1.2680246617659476,1.0919380912442975,1.4482845214761446,0.8295664227717746,1.3474354170697607,1.0248626372088938,0.7120177007594606,0.951132919823036,1.1812903782673911,1.1868268323240412,1.2843232930292452,1.3434874490348367,1.229860446822418,1.101191262739074,1.0366473732737742,0.9988062784326074,1.0,1.2676396984609692,1.128129650898982,1.3982563296710027,1.3291180917502912,1.023085954804727,0.934761315237451,1.0474780080131392,0.989428438120989,0.9028762018619213,0.8752580156181755,0.8203174810366566,1.0468997652651215,1.1080040982180424,1.0181244586439304,0.9839283884871027,1.5090050491193567,1.2325002846714044,1.042296092678825,0.8569386385517443,1.168366163100019,1.2272999135930143,1.0,1.4313039304613335,1.0228171221665976,0.8861520929674281,1.0,1.0101319100088675,1.0815977929308596,0.9248941151932323,1.4626774297474843,1.0,0.9523645898143973,1.028526094895109,1.0016741155253457,1.4094466318715353,0.8954089935706047,1.1582206741647825,1.0479688206647864,1.2227098411636619,0.6595703069666369,1.4325174765165358,0.8331418632418315,0.843511243138891,1.2431170184152345,1.3315535215539547,1.4940419613954457,1.289929840725158,0.9814934696836429,1.0074152848592783,1.1207221272240346,1.1143352009376464,1.0269138599426264,1.0879505725872303,1.5948195631879263,0.8619488066779457,1.0064779452628057,1.0,0.9836265640977901,1.0,1.361659920953723,1.1652732831715102,1.0871349622142745,1.059733532850411,1.3971538643079624,1.0103866458708792,1.3463685456398513,0.9160933724255541,0.9905919769696455,0.9782175475216043,0.9516919313774409,0.8395477862176053,1.1698700106391875,1.030777573751831,1.0370720240613702,0.6035528682259126,1.0214527291728892,1.0,1.2102896827700198,1.0649872276565007,1.0042748671505286,0.9155945937084027,1.077761503270082
2009-12-31,1.1040445393694696,1.4093106251120269,1.2588277599592421,1.5188629829556848,1.4323783380712256,1.0208532871969034,1.080480570895782,0.6625806200733786,0.6645713773871036,1.3196561118371544,1.1497671867788852,1.2857850101389912,1.2155135449686745,1.3831300911924997,1.0830533374087319,1.1872387093116883,0.9407462798382038,1.513803590990932,0.7539124862873983,1.0,1.1418268253110646,1.046066240202105,0.8609558885449105,1.0356379549694907,1.0,0.8773338068570586,1.0236377356745807,1.0050456031417423,1.0042084850389439,1.1156954002569697,1.4085390011474053,1.2520387443765013,1.1447115676866924,1.0100668180506212,1.3006424467995648,0.7682759045822396,1.0181814779260256,0.7511593865053023,1.28214699921531,1.1899366765853965,1.0810599799551288,1.266819401425045,1.0,1.4334267080077572,0.9843666841029064,1.0159846024807888,1.1006202875606987,1.007906181612191,1.0,1.1338111485046865,1.0,1.2081376087229156,0.6228470376449856,0.9447893548521312,1.1010387425392802,0.7822937626585581,0.9256875688084621,1.504744574399083,1.0049689858906867,1.03307046285356,0.7932481636194333,1.0,1.3515329293247438,1.219706093528518,1.4711419652792321,0.8514179525975094,1.347537099641464,1.0403112547695161,0.8775686177943703,0.9537997326986181,1.1822451315518914,1.228629364631522,1.2779572375228727,1.3370486203382044,1.2295166764221053,1.100978460631858,1.0802679956398091,0.9586009666673699,1.0,1.2764093826012606,1.0922686017285415,1.4256364232579364,1.3265919623782716,1.0296429550296342,0.9449902073277822,1.071893693333789,1.0044752136183284,0.9264267356857064,0.9564243807157145,0.8780301974384205,1.0016151465859353,1.1125032470566059,1.0233453991284889,0.9556930224877747,1.5156501807716836,1.2300200775533148,1.0080742090150843,0.8629543231627119,1.1521096235093482,1.2425688584864698,1.0,1.4311509981408124,1.037550431766563,0.8882818206172002,1.0,1.010163403308886,1.0837919066519237,0.9252920986178369,1.4624824348811805,1.0,0.9527935457886795,1.0312544669854127,1.0003022590730917,1.3656851335568696,0.9388773237701075,1.1771254866600138,0.9741022807309678,1.2223031731239982,0.6590771358067071,1.4626408968268128,0.9061374822744745,0.9543641067595549,1.3285816753158435,1.4838846892530744,1.6090487159490459,1.2927152067078391,0.9879014301887105,1.028126586001156,1.0771259663039179,1.1084779533466047,1.0064473737401198,1.075652341407192,1.5944961554528136,0.855426746326112,1.0064430097313515,1.0,1.0271309931924166,1.0,1.366469843055153,1.1471951166778283,1.1052688887250472,1.0600963800914822,1.4138894235629202,1.0633429393565323,1.3417951253786944,0.9383182779812872,0.9932865177380467,1.0087184841394492,0.9583274466115898,0.8382695044746022,1.2022425735775537,1.0282796106667877,1.0387118776869428,0.6699938005807102,1.0520252045060474,1.0,1.2082710026156565,1.0696240140488225,1.0561133504638207,0.939477454506311,1.102399681120165
2010-01-29,1.163369874972439,1.3082079599809575,1.0553586207257983,1.554087140152506,1.4485641207844728,0.9690723750561882,1.1091308362270123,0.6672528283645376,0.7045937657778354,1.310398291444964,1.1475708900461703,1.1412666097801978,1.1784934856065479,1.382359456183308,1.0759267781619248,1.295652739313093,0.9326093554010171,1.3857092859019313,0.8004776289961876,1.0,1.1196427332063927,0.9626827588581834,0.9385568088440963,1.1275446470755588,1.0,0.8546247054317474,0.9530587491794885,1.0015573962036475,0.9969131519395158,0.8835936084164606,1.5105577880497236,1.272230149309577,1.1169072184202222,1.0211291043144242,1.2969039746056157,0.7795638335305645,1.1105774967895738,0.7993479452989366,1.3149776102605435,1.1899224014627723,1.2427415272536013,1.220092787453252,1.0,1.4225281248378217,0.9144073393323767,1.0005774658430695,1.0591441594890894,1.0294230325393374,1.0,1.1277774143114254,1.0,1.222142846106941,1.0503044738303442,1.061488779516221,1.0827304688509114,0.824981261164311,0.9798001046729724,1.5044447256069091,1.023124869666797,1.0257762734273386,0.8130411551217565,1.0,1.401945290274858,1.329100307241519,1.48744663391233,0.8469388679778245,1.3495492292420854,1.0305680070539553,0.7916849665405347,0.9501652939484823,1.0129792522424235,1.1149435083875612,1.2665540447574246,1.3295666306038392,1.2297111511338867,1.1013851935186212,1.2058370803964915,1.0863225879016754,1.0,1.3540578377051689,1.1537668709390811,1.4493820388087366,1.3084210945370476,1.0312338257999312,0.9285862657331303,1.0393372906030003,1.0251102434654598,0.921618008306433,1.0508252513757983,0.8129624145494883,1.0388632543689484,1.120736097068349,1.0429287160579193,0.8939035675860101,1.5096785943704294,1.2177542490200801,0.9980808917538708,0.8721257677131065,1.121351094561902,1.3384985776816338,1.0,1.4247125977981239,1.05044503751759,0.9330173495600664,1.0,1.009398795622733,1.082859720912738,0.929975236533857,1.4616927851250394,1.0,0.9461059515258962,1.008660698792322,0.9990138963522357,1.419941560616686,0.9045524356503297,1.1792138615738763,1.1635759183417054,1.2577256087960578,1.0262385369672449,1.3972180565040293,0.8850423435253445,0.9138610085526172,1.3753976423954823,1.546111250228456,1.6584128056002196,1.2126328210604793,0.9836251373270877,1.2150153096857896,1.137486568869106,1.1160747099715609,0.9796887261111145,1.1056778500328903,1.5923286507821075,0.9219290121937058,1.006658782346751,1.0,1.0395018362167867,1.0,1.3713340913617813,1.1537930996274215,1.068567146458767,1.060253245850674,1.4176240172516508,1.0392223435809385,1.3061728002944715,0.780397459854576,0.9882430315380304,0.8597330753712145,0.9891404313357058,0.8487204364561973,1.2437443104376908,1.045766088968671,1.062697875951129,0.7585190990219761,1.0024522830054758,1.0,1.2216030004686618,1.0482685213121117,0.8860313694454826,0.8944572807356241,0.9554656264569948
2010-02-26,1.247109053013268,1.2023104364253694,0.8499773490972765,1.6092633861242711,1.4726457592518165,0.9442845369816997,1.095314570969495,0.6944833066331635,0.875738691588814,1.2374559097049624,1.1458581940579864,0.9423525323938394,1.1203936534150434,1.3823207327933795,1.0638781059849214,1.3313190285912513,0.9192835911563206,1.1867152147867754,0.799795134269324,1.0,1.1503316242013644,0.9516460273119622,1.0152003303870574,1.1425507148140652,1.0,0.8388494335156982,0.9473721699283683,1.0032472873125196,0.9973621408339207,0.8192921511488155,1.4781217723188769,1.2361592420094631,1.1237454268025098,1.0247783939948116,1.2713479810901276,0.8213402179495273,1.2388617946339833,0.8590120909544222,1.3005637983515115,1.1898989538054696,1.202662024529584,1.1756291573681714,1.0,1.2986509776958086,0.9484950209103928,0.9930732587428125,1.0512027167515514,1.0495429128144096,1.0,1.104452435862145,1.0,1.2986396223099181,1.2334827404394186,1.0289287354967014,1.1148163721057982,0.7970745607200476,1.0886427483109495,1.4936477524169098,0.9343220896382269,1.0035362286830405,0.7932452854378728,1.0,1.3995888533998921,1.2671981774695316,1.4865253850956344,0.8061379703363504,1.309113847550975,1.0266040190411712,0.9300801316300579,0.9305444962610036,0.8690036139490944,1.0496075549157908,1.2697198765252096,1.3311090804903332,1.2298038981829524,1.1014408426943894,1.0944155409951044,1.0443614805071744,1.0,1.3793860106154057,1.2078960919754826,1.4311176008420305,1.2427761799282755,1.0317632404725232,0.8871559469555925,1.019304073146148,1.0198909070111721,0.9009139976752751,1.1140697209417465,0.8845256972522398,1.0431074233271462,1.097351331490989,1.0493755239219127,0.898893962368616,1.5147984066560467,1.2132472503578664,1.0206507118066739,0.8669992116438386,1.0562145091660808,1.2401766137878187,1.0,1.3739943514135682,1.004602996115447,0.8919079376281408,1.0,1.0083176833143308,1.0970496793175664,0.9271640579653453,1.4548927383104298,1.0,0.9457935379786766,0.9902781308224115,0.9988209326071231,1.4126166229179744,0.8499112589455965,1.150765150951793,1.1932720411230653,1.255981456447553,0.9912505285529978,1.4134423978158535,0.88437051302523,0.9589762195085316,1.2751212775597682,1.532889028700049,1.6285154738770173,1.127726760397525,0.9586594001895471,1.1720740009084567,1.1334451085430268,1.1189190835832226,0.9136026846856552,1.1414448133400668,1.5942795300748647,0.8705398337061853,1.0063058701448024,1.0,1.0340871474759152,1.0,1.374103801569284,1.1634391152048762,1.061120554260715,1.0599317447046916,1.3855279363782584,1.0843671768545748,1.3391899817966122,0.7705374896015159,0.9849917684529212,0.8387277111528199,0.9758393833724989,0.8578213826885782,1.2174842430501893,1.0421990956331226,1.0549692985295949,0.8599259447763241,0.9710630519339822,1.0,1.2563328026664107,1.0262814609736601,0.8652080367575976,0.8601083429044938,0.905875312366514
2010-03-31,1.2158113493604294,1.1890242159732178,1.0116922957319365,1.540204095580025,1.4799471609173511,0.9321741523544507,1.1402820040316863,0.6880062671381876,0.8608806203786402,1.2255077258661478,1.1505120280344223,1.0240350929901034,1.0967938127971808,1.3805455230355694,1.0678711519216033,1.3272202023091235,0.9255825430212973,1.1201486805142,0.7941404452942353,1.0,1.1467183374024499,0.9653614457003553,1.1114618219093906,1.1789520955547217,1.0,0.8522543247112901,0.9847989475483457,1.0070278296597663,0.9861444650616682,0.8948319109075754,1.5004164175678558,1.1866594971900222,1.0516519002062212,1.0228398575924231,1.2733736570681937,0.887428144903994,1.2343484469974768,0.9891204876550149,1.3078867223818031,1.189881030490214,1.191388383642483,1.1801384220863929,1.0,1.2797377676293509,0.9337262026796732,1.019279255548318,1.0543988981813825,1.0439709718545211,1.0,1.0615270195422482,1.0,1.2563823186029626,1.1394956166371808,1.0131564153077393,1.0685138896813482,0.8883824445319588,1.0793549499032178,1.483384497303762,0.9954880847404035,0.9976317237161867,0.7497024409510187,1.0,1.3883026172908555,1.216949681469937,1.481834703617238,0.8504956810146944,1.3493034856580175,1.0222310426877816,1.1029113501060785,0.9421068522910246,0.7992579010287668,1.070805405893818,1.261475589079367,1.3257140567121941,1.2297645931750139,1.101433671799975,1.2249240884618193,1.0830224216144069,1.0,1.411553502363804,1.1855813009267637,1.4547362255918812,1.3030298402305096,1.0318843653189764,0.9865436859659911,1.0738370870169935,1.0472524018772762,0.9409632496986704,1.0807841414220616,0.8545714246234878,1.0973937176452404,1.1418612094234954,1.0556853999553257,0.8954284296586398,1.5152738755056143,1.1958833931128496,1.0035650077837166,0.8763103455283944,1.1638810216775184,1.2539501153067445,1.0,1.3517818698473856,0.9800974435808927,0.8842127068905329,1.0,1.00758217593087,1.0922095084802539,0.9319602149410517,1.4483932306921097,1.0,0.9455392505010212,0.9959218642202318,1.0001156048507127,1.4216380222478737,0.9661876306414678,1.1818644091129034,1.1744594439219496,1.253655043152521,0.9526077202598473,1.4268643381262176,0.8193141197056538,0.9725799030049626,1.3092080672586244,1.5794058512002895,1.6102642119544432,1.1875161648900534,0.9679244177552089,1.219052934243462,1.1539797859921985,1.1050304420217065,0.9241158297105586,1.1228858332815017,1.5955776177438221,0.8597459350813292,1.0065626524621427,1.0,1.0238577519314824,1.0,1.3783279910993225,1.1762055494865669,1.0647079730086946,1.0573000524120912,1.3837733021844032,1.0950166433412098,1.3188091513616005,0.8851439597481331,0.9894881435755323,0.8578575091121451,0.9735026138012965,0.8507923593567752,1.2209350167574917,1.0549528056679276,1.0686454822283202,0.9735684862284707,0.9465944910291935,1.0,1.2900901259041433,1.0239266535873368,0.9231759906833672,0.8776666649484912,0.9586838197075047
2010-04-30,1.174769337703347,1.269662864101715,1.1196605507754398,1.4404537235830428,1.406981870208031,0.9795354967030403,1.1379576884929796,0.7444947768254282,0.8539740723855496,1.1968570478044795,1.1546385727699802,1.2596261947469736,1.0683822184984872,1.3421518063862694,1.0824345196760436,1.2601242766548446,0.9368700964354877,1.1458206232030044,0.6533523152391402,1.0,1.0258571895428998,1.062442247089317,1.1908854239675726,1.2100648168380315,1.0,0.9281319311029294,0.9726915089093104,1.0114584402450884,0.954149809339336,1.0513945021775426,1.5409661442737215,1.0416930256918175,0.9133194042190823,1.0107898451967856,1.2939654141992811,0.8975901600152757,1.2689683496876953,0.999557574621698,1.3073329794650823,1.1899184850355513,1.2464697984468174,1.0939604549063073,1.0,1.333887212419025,0.8934882841293297,1.0346955421517119,0.9824134073235065,0.9915436802419157,1.0,1.0011390164961032,1.0,1.1188646323983666,0.861977879753306,0.9940361364613891,1.0768271556013242,1.3036169755912868,0.9799333112666027,1.480479665945606,0.996444093073949,0.9650889185670256,0.7748590246377287,1.0,1.405422207114981,1.3774631249487113,1.4922437844264878,0.9540991060696266,1.4209314656077277,1.0292943073662815,1.3035424950863748,0.991283074024297,0.734331708561702,1.085722476839747,1.2093652509992836,1.2630249527662973,1.2294894068547213,1.101303801023138,1.2492348233438977,1.1080850004874145,1.0,1.4312083061082999,1.1261451694741273,1.5177602134937374,1.3480028747778858,1.03207198931353,1.1442178442203796,1.1928702565766802,1.197075966664758,1.1445395180331874,0.9875547201853467,0.67496020247203,1.1077425376461207,1.1393669123286552,1.2300481773189706,0.8742184467729688,1.3627292095581762,1.1767054212560644,0.9741018310831329,0.8888071046391869,1.3004735607537912,1.3429928367733526,1.0,1.4304411152582057,0.9882422819092382,0.8546298021674815,1.0,1.0060908593700908,1.0788299650613378,0.9219743187661918,1.4599643994426117,1.0,0.9453777128943357,1.0250822946676141,0.9991262017857513,1.3721153189778885,0.9570474924772762,1.266997345810627,1.1058922831898852,1.2551789929870822,1.011221401431402,1.4781647746186672,0.826035676741015,1.0686297076383522,1.2969457346679878,1.6070897183675528,1.6057005437390552,1.2972780901403074,1.0046681848318233,1.2823342537616498,1.146344620430815,1.100341377570081,0.8847824592627357,1.0437269977565555,1.5977221899145022,0.861735778650514,1.0064781873666178,1.0,1.0046388995062814,1.0,1.3853264951321798,1.1959912225928648,1.0884308673265248,1.05630641550485,1.4183551023466991,0.9925119870446771,1.268061711235457,1.0649521614055748,1.015987862717622,0.9144749046731269,0.9735261205036403,0.8423652011084303,1.2366122905988508,1.063526348163034,1.0817687939639542,0.9892847189436782,0.9617050320173703,1.0,1.0205190223876672,1.0612056417437548,1.091023817573469,0.9586274847885693,1.1120880631466667
2010-05-28,1.1351944174730422,1.3489206364926476,0.9166656512884237,1.402288742469096,1.401215277737104,1.0162480363351476,1.183969585333942,0.6859841453089859,0.7816341043259536,1.2346820368103146,1.1538433589665074,1.304648052725724,0.8288410451942156,1.3034513706659925,1.0847396484965828,1.250746780938894,0.9305565525860912,1.151237358920791,0.6839934290828042,1.0,0.9610842732764542,1.038398736835969,1.3018197099918098,1.234515911916291,1.0,0.9198095868216135,0.9320956886915553,1.0118829603813417,0.9543910951348066,0.9541446371073677,1.554327416073952,0.9142577076012973,0.8951302641456322,1.009755643905994,1.2939000281872801,0.8793333800195,1.285683689104871,1.0816513331797926,1.308351626209356,1.1898957291181054,1.2804017138406505,1.0003702418603841,1.0,1.2538484295550376,0.8963800140845929,1.031202558726474,0.9780269494219193,0.9042487036568047,1.0,0.9683800460014402,1.0,1.2348965761215998,0.7204073788632033,1.0177255987921852,1.1230709409780688,1.3352465919457785,0.9783336914931214,1.4956659324044734,1.0290203363021615,0.9584564250532365,0.7150985217850131,1.0,1.3779193512239338,1.2836499922043119,1.4864693990814213,0.9890515785495297,1.4354373196598484,1.032909314583574,1.336819546112343,0.9935309877236655,0.7352622110771596,1.1050126343959987,1.1821537527376462,1.233262087137832,1.2296621341854626,1.1013052497912093,1.3986022319888818,1.1664054966659299,1.0,1.4199385823059927,1.0945028178210194,1.5435679542636827,1.3557840696956407,1.0275491147997977,1.1487465906265044,1.2073601044391105,1.226390071724818,1.167348582747441,1.036338737682751,0.6328869346760353,1.0472196611403308,1.142302238071735,1.2288191965100945,0.8901525610032007,1.26054131388277,1.1555542611476204,0.9625321644073127,0.8680618479296145,1.3063508154923804,1.3706969736497572,1.0,1.426462264651942,1.0834669742294711,0.9390302784260656,1.0,1.0072704082617434,1.0977350944806914,0.9239769532059119,1.458495250036083,1.0,0.9452829891993301,1.0127099744825518,0.9994859635481932,1.3491653401714307,0.9306586192528754,1.2921144661131923,1.1259527288165907,1.2611688756458004,1.1722741332521032,1.453522723338066,0.8075645447928084,1.0986667490917215,1.380220509778781,1.6425423464390614,1.6535669660309225,1.3188360303637798,1.0439608768285575,1.248309939671846,1.1645754840160942,1.1004689411169621,0.9123162879267347,1.076434954985594,1.5977708509752806,1.009675130358565,1.0068295475032747,1.0,1.0233144422980667,1.0,1.3873411342724622,1.1927990872693426,1.0648256361494883,1.059265410289075,1.445264019342455,0.9723402960743965,1.1918792100748334,1.1033213299454998,1.035244948421335,0.9609009974868391,1.049449051770743,0.8477357686913196,1.2433561167335043,1.0883112634973922,1.0922144683268011,1.0239957971050326,0.9428800599917495,1.0,1.0016370839342073,1.0588037412621694,1.2011047656841392,1.0417250048380438,1.173646884431594
2010-06-30,1.041381778521655,1.3541412508198223,0.8512954037854231,1.2611427460464595,1.4021859879042693,1.0045355476650581,1.1565461860298623,0.698637187003739,0.7562614836784579,1.0505442774650517,1.153323198650518,1.2841817297477072,0.8121221211829662,1.2155102266554234,1.0858439828644082,1.2514170232735393,0.9158990911561853,1.0818428118427663,0.7158891934604441,1.0,0.8454080657614489,1.0667361734769398,1.2475450848639884,1.2088740407791412,1.0,0.8981474758648588,0.9270830498296703,1.0085142093567703,0.9513710323279609,0.83726838261464,1.5546678287324927,0.8404918940940911,0.9016002062724366,1.014109216904468,1.2840521089949184,0.8790595499759719,1.2562340048151266,0.9927851717369521,1.2958736182276918,1.1898667465094526,1.2231110579851192,0.9333022888322564,1.0,1.1751746093796125,0.855322846411283,1.025882045321672,0.9436563804937756,0.9119275387557144,1.0,1.0107977712968979,1.0,1.1926686427740125,0.7725889216963832,0.9755054233693276,1.1206882181098632,1.2132087750419285,1.005091159578326,1.4795110456206286,1.040529224321265,0.9346862233623312,0.7209052239973506,1.0,1.4170478716152464,1.3954920460110238,1.4907122200984684,0.9583385375765042,1.4394002988215067,1.0438567085472854,1.277235406362424,0.942111498962277,0.7184593852832135,1.010351800609203,1.1034035307192542,1.1568828940393825,1.2291414649140693,1.1008200134453157,1.2727681360909102,0.9792559935269098,1.0,1.332565989682219,1.0466838394181923,1.5297129571516914,1.355814910202627,1.0319344478645518,1.116774421443693,1.139157662773464,1.1526512161999962,1.014030945640719,0.9680068271212274,0.6146836859307876,1.0512710513654775,1.1405610211054864,1.2148531150303776,0.9875079997398699,1.139691825911823,1.1429410038477485,0.952937840244634,0.8909442973887183,1.2651026586641063,1.2481936389630137,1.0,1.4247020173019422,1.0942553490689444,0.9075250316067829,1.0,1.0057781311131506,1.102357290443764,0.9287210945892319,1.4519140243758342,1.0,0.9453245614299302,0.9940979176541207,0.9990468507191467,1.2586209287915437,0.8633199698029215,1.2913616738085323,1.0830553329707393,1.2577500834781656,1.0535098275620687,1.4410899126232593,0.8331697545940364,1.091528980679509,1.2910655590683984,1.5975069337190209,1.5612857521572496,1.3203685503808398,0.9821780255265109,1.2808952683604429,1.1524070648961557,1.1016981740527851,0.9928214021477804,1.0489020514102705,1.5647555512390312,1.0202072628164958,1.0069116947023078,1.0,1.0422615318843496,1.0,1.3815529218862688,1.1884506750138732,1.0607926447448164,1.0580798413267338,1.3542483270778054,0.9045592144160685,1.1690559606661015,1.2170030101505662,1.0386439132589633,0.9370378009337723,1.0510792822524706,0.848982113952343,1.142591430594413,0.9853399158917412,1.0608229119101993,1.0129004955593854,0.9139980308939019,1.0,1.0339508840844538,1.0283729801029078,1.2220199637084654,1.0579005135671296,1.177150519148992
2010-07-30,0.9072883072830862,1.3198492887605284,0.7912990216939197,1.2022220300615305,1.3701898819828486,0.9226553482890365,1.1386616681031867,0.6837459314913138,0.7241482108632112,0.9904340433119274,1.1529425297145062,1.276633798023198,0.7317462947441369,1.211477062800064,1.0852517071147068,1.2335695480243924,0.9179630979855611,1.1056316200263046,0.7593800746289432,1.0,0.8092585032177763,1.043298680694712,1.0320018353427802,1.2413164509634353,1.0,0.8778411254091161,0.9275452571245372,1.008818625784592,0.9440380571408932,0.8088748039527394,1.5551871402335693,0.7972302470390057,0.888601173848312,1.0111721255214696,1.2839728216894943,0.8644762979955728,1.2000277763859144,0.8479959773772537,1.290253025898309,1.1897054471645718,1.2226916480848078,0.944787658338469,1.0,1.073211997340002,0.7865506095496732,1.0130542090944448,0.9154423419620694,0.88485038463585,1.0,1.0075728688555916,1.0,0.9713685987811589,0.7296078393054528,0.9558964422361496,1.0936176450251676,1.1076111582373513,0.9270107815040917,1.45711985694729,0.8918972539746841,0.8972289107793725,0.8592688442314682,1.0,1.4033872077727276,1.3555324112359592,1.4866678394651744,0.9557844029081737,1.421380016244844,1.0497359306503191,1.2151731973253268,0.8978930609303712,0.6582725924435977,1.0520611342880282,1.0638811257120933,1.1069231172590932,1.2183596908594705,1.093712426435168,1.3605527877136006,0.7498926856077079,1.0,1.2809782861975636,0.9984966259086795,1.4871671857130617,1.3380647843073394,1.029647812770559,1.1224609029759092,1.1402935739074291,1.1433160620088816,0.9887238045641118,0.9300280438273365,0.5982927155478318,1.002167595154809,1.141257656146353,1.2091842517064895,0.9882606885705502,1.0094397058882014,1.1134589037458187,0.9540093033865135,0.889717956802103,1.2352555651253136,1.1037468409960243,1.0,1.427935510039834,1.0634368360500543,0.877692461536655,1.0,1.0057381173907631,1.1064065887556451,0.9252728801682991,1.4567017636849833,1.0,0.9453330162807722,1.0069738398678318,0.9989746504119064,0.9577133261825573,0.9070617141344408,1.2952262653091855,1.090927918064663,1.254208585574969,1.092549843940683,1.419028008888969,0.7750267072069619,0.8988376617583713,1.2401938237501011,1.522376724406817,1.4848090827921618,1.3154171629322013,0.9634863625459266,1.2409177822969168,1.1216903554065936,1.1007584571565985,0.9959903344201122,1.0110276483366727,1.4585618625325294,0.9956450967138185,1.0069826761609422,1.0,1.0373187558503327,1.0,1.3670259822530286,1.185837361317075,1.0602339871179658,1.0582129923183932,1.0359369882176657,0.8491220504051599,1.1393881091958404,1.224398029567312,1.0380220973253196,0.9380499266859735,1.0575299399860472,0.8421578458728991,0.9258188439486519,0.972460960877334,1.034336620724528,1.0370988416571276,0.9539417853601383,1.0,1.002776672026744,1.0221546487892572,1.2122224748691202,1.0563888404952804,1.1725163894070583
2010-08-31,0.7510632684153725,1.2563820002825663,0.7416475669473928,0.9283441301978835,1.204268958681201,0.9276148015330884,1.0563883105953826,0.6663064419452303,0.680545861188929,1.0594912338528968,1.1508799080532879,1.3157787757510386,0.8484242505896638,1.1573739086401935,1.0881692138264099,1.1602232104513832,0.9134967987348892,1.1160701102429724,0.8274483786478322,1.0,0.7864335963303755,1.003291983148249,0.8045324901869183,1.1581141194445344,1.0,0.8565824473042449,0.9138306279372486,1.0066892640455072,0.9420981464358085,0.7275886873678786,1.5563279627051525,0.7613582168379267,0.8926757620673256,1.0069259172903067,1.290420048120384,0.8022787800591501,1.128970747757514,0.641393648046819,1.2461895025064909,1.1893217015674145,1.2083696038455014,0.9669325153750186,1.0,1.007080591934621,0.7977708919326312,1.027477030574154,0.8879500010493793,0.8435603446058433,1.0,1.1044808638934978,1.0,0.7689009485711408,0.6836789780602632,0.9634132204188797,1.0636569086811907,1.0358642958884974,0.845103577902172,1.411531029138037,0.877958948403443,0.8974825536746501,0.9149275434788222,1.0,1.411155981291924,1.404890389797404,1.4880858970026016,0.9942075449634842,1.434907640653024,1.0886845631251236,1.2089037058480596,0.8903103730027205,0.6486830734862581,1.055183283015786,1.0280309362908087,1.0869423035900125,1.2061108901251911,1.0727441313873471,1.264059637374189,0.6454641981278586,1.0,1.1264478471703632,0.8961701883684331,1.4356548983461523,1.351905552630859,1.0230212325194428,1.1319627421206713,1.1606470097141877,1.1430691067125385,1.0115004407679424,0.8272313161762772,0.5766408123415985,0.9623301366437103,1.1368885717183754,1.1901464037551164,1.0109327973080646,1.0332807187839217,1.0868290757818322,0.9459613705010412,0.8716950482127801,1.2270515152816164,1.0600845322970045,1.0,1.4313428686124716,1.0840506188470944,0.8687473007085107,1.0,1.0061282539502265,1.106480053170017,0.9223988066397528,1.4586846781268659,1.0,0.9453235418353511,1.0056254629360648,0.9996766026366214,1.079918793726309,0.8312789039281291,1.3098165747788335,1.0823374218237594,1.257624655458505,0.9371732708298111,1.406902254906402,0.7770926370852353,0.9143214126508122,1.202890054311537,1.4313660778751407,1.2745988287670296,1.335894134816317,0.9665005763145308,1.2657387831183755,1.1719781386828572,1.1015905912341961,1.0708633109414751,0.8800481647412504,1.5018345330982852,0.9840406886496387,1.007001179650305,1.0,1.0323890035111627,1.0,1.3610903073077931,1.1930636255612115,1.0756063421757724,1.0560528921811414,0.9004719405394728,0.7752172060369955,1.0804723363167645,1.3012882201004203,1.0459507140963855,0.9791848588333679,1.0307678628210608,0.8376197052925103,0.7631388391211782,0.962197260038363,1.0202159703428202,0.8268779847099076,0.9447139176768102,1.0,0.9667215663470394,1.0029070784476068,1.246400165135804,1.1503062281231553,1.1911800870260545
2010-09-30,0.6915455388043822,1.272689806886322,0.6818691360816069,0.9421137345217674,1.1731676945194343,0.927706774026707,0.9432742301742449,0.662921292584426,0.665287912540929,1.1419962709441946,1.1502878078423018,1.304986812658219,0.7351289540058477,1.1325693199150646,1.0869197536473814,1.1393313309625714,0.9142994016020043,1.1392610628158926,0.7896941357184386,1.0,0.770828833096362,0.9868952444814838,0.7531710749105727,1.0582781003180453,1.0,0.8763257759852915,0.8977675801391243,1.0081714808126971,0.9413479540315719,0.7734736940622284,1.5508175645665783,0.6936818242943574,0.8865688211227112,1.0064530390988264,1.293291226571504,0.8084704123430297,0.864200084301451,0.5798865779430761,1.223670942693947,1.1877680776293833,1.12253923785956,0.9410720460724012,1.0,0.9704958334683078,0.7530787498023828,0.9942560580887931,0.8844762624184878,0.7551940603383035,1.0,0.8935715993790172,1.0,0.6815176337002357,0.5709986765629806,0.9901704277519127,1.0135191632440985,0.9469731588419243,0.8235019109820183,1.4234329589591312,0.8841219455754219,0.8917902664880271,0.9504734985261203,1.0,1.3758893608614295,1.2890459678305495,1.479606899990808,0.9790393209343978,1.2323338498324263,1.0130978631301635,1.2026219862939054,0.8196955532354484,0.6483460768203644,1.069337509597002,1.0192937653657745,1.0741794767572326,1.139725910553562,1.0632062793387003,1.2872183177901373,0.6140632161407309,1.0,1.0095116206134036,0.8381408573787706,1.2068231238198674,1.2366298657055612,1.0159562132006492,1.1403727478170862,1.1552026720032296,1.1346246619356708,1.0001345967411415,0.8036545537523835,0.5828767086407232,0.9491181051787297,1.14114830657762,1.1880946530984076,0.9747919699914981,0.9904612576964644,1.0674436273315437,0.9577058920006923,0.9112829315964647,1.2232272550566163,1.034456878817306,1.0,1.4343485854743214,1.0533466709203088,0.844387603768072,1.0,1.00735737260751,1.1029629069220204,0.923083312436442,1.4579043595778225,1.0,0.9452790002903567,0.9907008994668959,0.9987956162839216,0.8546871766763278,0.9013093851536027,1.3085171956130972,1.1194017529398965,1.1712200869900318,0.6253077433041654,1.406904838020357,0.77251764847082,0.8929623166438279,1.1766553469849719,1.2210124687875212,1.0936794279566928,1.288275742894786,0.9584290868168422,1.231701670051406,1.1284375258268715,1.1004755205902417,1.0676737512460348,0.8814374351417941,1.490259977953844,0.9615530260514579,1.0070736859860001,1.0,0.9524777620475673,1.0,1.3537123053457845,1.1713316705177264,1.0575845017969354,1.056060711580534,0.9366165328441806,0.7842143263507456,0.9982943541735305,1.277026841331814,1.038452642480818,1.0005983365967461,0.9823853009435782,0.8383645825331703,0.7571600236864633,0.9661655838122112,1.021391150667935,0.9311784977365491,0.9463032346564069,1.0,0.9539870074061165,1.0311225572527494,1.232581134360115,1.084630511920973,1.1794833725091471
2010-10-29,0.6891383445322228,1.3175387495275137,0.679644926916711,0.936244567068542,1.1152705649471,0.9211095383356753,0.9557230974333156,0.6681465953741853,0.6670059815705793,1.2339624388419284,1.1476019922998,1.2044085631366401,0.6600858711772832,1.1209405255033906,1.0770047545398802,1.1243721682184245,0.9259476517352705,0.9936199936045851,0.7509950218126801,1.0,0.7706422590087858,0.9277032289544217,0.7979347793045488,1.0003308444017016,1.0,0.8659430558060578,0.8974831716631444,1.0095492295208914,0.9407580081516678,0.752464228678218,1.288361626670005,0.7105727172779187,0.8828178860923408,1.0067793110956575,1.287386087125515,0.8133850399201399,0.860387251576554,0.6156436596311957,1.2020016517154846,1.1862593038116662,1.053339211263594,0.9473543543011197,1.0,0.9338591578689527,0.7404454488024861,0.9850154480202358,0.888614014362399,0.764156758462262,1.0,0.8739941049444286,1.0,0.6713071764460707,0.5562907274023206,0.9767878552674619,0.953328831193404,0.9064208177161739,0.805576920043526,1.2891720552833532,0.881452386341524,0.8906678813587123,0.8974922500385298,1.0,1.3679325507773368,1.2900483052119367,1.4637414228780758,0.945366926680615,0.9997905622331992,0.9861829117696984,1.3422658949984831,0.7884481079172014,0.6476133619829699,1.046766930968817,1.009829309322142,1.0696992690440903,1.124038498304344,1.0735666795898602,1.1115079709167386,0.6098972586095102,1.0,1.055127374470468,0.8238837242305402,1.164172462785676,1.1415446051090383,1.0133995782515632,1.1389158123565741,1.1609587974511693,1.137445821837661,1.0086042232892387,0.8076000562096655,0.5831584898030155,0.9083977795701309,1.1200389016518624,1.2006093545817935,0.9558970358878388,1.0594535674304018,0.9201272299231239,0.9640882312903172,0.9136460426709999,1.2339079729958167,1.021761097313292,1.0,1.4309929050572117,0.9676493360899135,0.8290647466239842,1.0,1.0069839791300697,1.090683033499805,0.9164697767504317,1.3392016798387603,1.0,0.9452719007755864,0.9561082453844484,0.9986544137727991,0.926768236104274,0.9237294655403743,1.2814340344117197,1.1166374456062196,1.1634581430663595,0.6231901650941082,1.438245703248745,0.7704808302102981,0.9181931146531765,1.2214473562209136,1.2237777266815477,1.0819058759550746,1.1846739243282425,0.9543678420183568,1.1674097485816761,0.9325177287683356,1.1012677641476745,0.9313982132028659,0.8797408077177217,1.246684929363885,0.841844356788035,1.0060895997707375,1.0,0.9095894298419333,1.0,1.3651579866520929,1.162973944250554,1.0577205754623156,1.0511887362332188,0.9811626858663082,0.8021660949127505,0.9530932704166692,1.1484816113017249,1.0023680259425325,0.9727900049325802,0.9061853905953572,0.8389048253599392,0.7575682398329351,0.9617829162597527,1.0207326052209171,0.9715218883532581,0.8767112326355566,1.0,0.9808611689325129,1.0598211130201347,1.1276676742580611,0.9504789523750613,1.091829550889341
2010-11-30,0.6789062394436893,1.3035639489380257,0.6943683389118884,0.9561607894647174,1.0387400480762237,0.9220252473701938,1.051997543272377,0.6710622746796766,0.6656843486589417,1.2303193309815428,1.1455815072561388,1.1196903474792448,0.7240710277013853,1.0618672558587081,1.070339184041555,1.1033044750773113,0.943745886524694,0.9608687182142834,0.7444175408234344,1.0,0.7669859302035218,0.8892622102927599,0.8794526471519561,1.0540161973957747,1.0,0.8627301511863323,0.8972189151219275,1.011280683502985,0.9410436732188338,0.7128222166030972,1.2923547485588895,0.6882711472463761,0.8819964880537897,1.0071612912346242,1.289715051465472,0.8283805484300388,0.9177392329473233,0.657476151643035,1.0792956376325336,1.185661945696266,1.0059899003770196,0.9417590468616227,1.0,0.9114642842472959,0.7362823341702096,1.021121039559605,0.8676207422437446,0.6927324230720933,1.0,0.8662574086518606,1.0,0.661999281704077,0.5512091198071913,0.9734840576084712,0.9197936653466274,0.8070557627037178,0.7866671139155088,1.2806821670603694,0.9043714070023914,0.9344302600894031,0.8911473242849411,1.0,1.3612018219709547,1.276320318612993,1.470031312161285,0.9263892896691556,0.9647415698715249,0.978500732989076,1.4106956205996943,0.7868035798551726,0.6474791994829218,1.0253059891049934,0.9762840877883069,1.048391378750842,1.09008004924659,1.0567784625434773,1.1952444886451346,0.6270713472968097,1.0,1.0616522812444622,0.7896356527157216,1.1350413132511195,1.1100506631332612,1.0123681199564458,1.1394233126185642,1.1597819678052506,1.1375558403364774,1.0083115120976747,0.785393346880195,0.5596960075387378,0.9110594018367593,1.1362671681870378,1.2121630493008593,0.9362552817945646,1.0136609037794522,0.9002034002787536,0.9582181919296002,0.9179773225151611,1.237368260048255,1.0021394530476606,1.0,1.4333971810809671,0.9617123676635226,0.82117515263533,1.0,1.008339093251963,1.1047771462917961,0.9153107384230756,1.2101515144704598,1.0,0.9452665238016372,0.9552374465691399,0.9986941254356133,0.856798149540673,0.9586258072624091,1.249223405126369,1.1161091365514222,1.1571496163118336,0.6216133515697833,1.4017476326909155,0.7499321594403963,0.9030553793249128,1.2801502858956615,1.3696214179112545,1.1660290858953735,1.1320013800372821,0.9539471227330562,1.1575469962818763,0.9277955324019476,1.1006903112228164,0.8682269934873881,0.8640724072375103,1.1071443390296996,0.8305114388178689,1.005980970537513,1.0,0.905038866773281,1.0,1.3726297180433717,1.1910350223795134,1.043518133881208,1.0410764400903891,1.0437355533565045,0.7812315051200793,0.8561165844469587,1.123211471084451,1.0026294557412205,1.000339269735387,0.9166637602215562,0.8389564379728847,0.8154841278556039,0.9652304298196002,1.023700932596639,0.9749647976773858,0.820239731855986,1.0,0.9517609390530418,1.0650796825087847,1.0849868016505433,0.9286515833330058,1.0534151189825216
2010-12-31,0.6858345994680033,1.2041245424226548,0.6680021975360535,0.854982915600715,1.0203852861407257,0.9122577980784413,1.0427064720605992,0.6728099301374021,0.6645215748616977,1.067601082699725,1.144508496132438,1.0832569051086305,0.6840351498919726,1.0541390645833122,1.0691168793821897,1.1614357301847105,0.948842763923196,0.9743219557422056,0.7017743474937377,1.0,0.7672528778966824,0.8930463622540805,0.9575060362222094,1.044290663688072,1.0,0.8378957587337718,0.8971421461000917,1.0109506297083397,0.9406803836728592,0.7005909642442207,1.316412867461455,0.6864242866141149,0.8821200368856698,1.0082942292150898,1.2829296699699664,0.8350234286655472,0.9334282280299598,0.7245458815725814,1.1200274260632046,1.1679074505446845,1.0078519275240199,0.9229518247125043,1.0,0.8944941061718972,0.733459327038599,0.9980403282343724,0.8569838657247649,0.6399083023636002,1.0,0.8635601007475574,1.0,0.6363334124681714,0.5665222968977262,1.0061210725334884,0.908585636210678,0.7589523206298683,0.7950497169068056,1.244488371326094,0.9180082194462167,0.9096948467406836,0.8461763482021274,1.0,1.3492312814216803,1.2408389003191835,1.4652335035859085,0.9166359820006423,0.9731617353146126,0.9724633764290015,1.3877469228425154,0.7690631480646561,0.6493378752029794,0.9983836489922479,0.9763057133386731,1.0410699448939351,1.0998949568064036,1.0659047892191058,1.190215560461914,0.6588568602719673,1.0,1.0733245006091852,0.8186544869404009,1.1560669830944765,1.1092273403314834,1.0105674359581898,1.137618883957877,1.1508247647659404,1.1199185989933609,0.9862808818965547,0.7701318695401029,0.5684506733421918,0.9100734516414627,1.1361750639686754,1.1982988429347832,0.9180941213333617,1.015823788979233,0.8991745168735077,0.9642732645109325,0.918980919494872,1.2140584048500014,1.0401896417809329,1.0,1.4342033198125048,0.9448434731869566,0.8102668418154765,1.0,1.0075466667123878,1.0845771706300995,0.9151645164747331,1.2278960220616773,1.0,0.9452657439023449,0.9573577153818787,0.9983908593771484,0.7733945191294614,0.9520565472281889,1.2454516431917442,1.1274527737454676,1.1558830606064867,0.6180363915248541,1.4209927461351712,0.7164062339336887,0.8765483104453548,1.243944888402184,1.2453364790258639,1.0573054106446802,1.1352591420456042,0.9504923296282652,1.1465462136661209,0.919474236154333,1.1003535476556716,0.8586927272796723,0.835676074859043,1.0786984263800221,0.7977877077642697,1.0057561552873548,1.0,0.9031639787496967,1.0,1.3703992797969926,1.2043490565180763,1.034480292451974,1.0374490506084604,1.075678544879368,0.7559266126716556,0.8648644617749752,1.0952630823856626,0.9961390210392466,0.9773745719215333,0.9105864846777169,0.8390363951137364,0.8297325169268188,0.9709076083075542,1.0333373505759724,1.0128037498585236,0.8686215640842201,1.0,0.9892621957870442,1.0796226521572037,1.0466255016021038,0.9150554265279776,1.0203811430701057
2011-01-31,0.6516734429057403,1.1486459967335758,0.6643432184351172,0.8266243626777585,0.9208203003409301,0.9041377744387125,1.0057687054118332,0.6631035948323726,0.6594454469658786,1.0039515594098425,1.1461210063479417,0.9209859718991957,0.687070699152919,1.095671213557426,1.0615580677997634,1.0452756589827743,0.9533843738336207,0.9054348853249595,0.6603384154599721,1.0,0.7575107313117797,0.8895975319021862,0.9323251454703827,0.9760617943834766,1.0,0.828325320293426,0.8965482087411928,1.0104482972574442,0.9405889492996538,0.7434753220940884,1.11430044651284,0.6832298654953242,0.882576185525525,1.0085391375174813,1.2744829746830575,0.8010827997223102,0.7953122457228021,0.7304784988086943,1.0561286784825565,1.167087350655624,0.9050965598472045,0.923755892145462,1.0,0.8566477976039508,0.731941179819618,0.9010818970390875,0.8552404295340803,0.5213386737417689,1.0,0.8635014287674048,1.0,0.6270593415864656,0.5398447306860443,0.9486699002742791,0.9042881118044482,0.7667536811953735,0.7512644075567855,1.223649891338913,0.9584238657172162,0.9157495553944174,0.8026757766242429,1.0,1.3081078020938208,1.2708471899897886,1.4580640754331367,0.925898775337386,0.9688811524002747,0.9768398325392771,1.3558506214277382,0.7521389064205476,0.6502962736430775,1.01513304795831,0.9465083330939357,1.020087742639278,0.9592379613115143,1.0284329713292668,1.0821124997086304,0.6199216905243567,1.0,1.0439688116288786,0.6851848703417873,1.1307523218749693,1.083522871275098,1.0074352645776798,1.1399993509354713,1.152542032287948,1.1180512871277264,0.9927300800319211,0.758945417928272,0.5853031709426759,0.8683569379418214,1.1360766905894606,1.2020020853315598,0.8603318094596021,0.9877583887294372,0.8659099067312662,0.9878795068759316,0.9253356696953352,1.2165649431089927,1.0091739810107343,1.0,1.4334250401912505,0.9366495782845308,0.8053418511732333,1.0,1.0061818163772862,1.0885998010949673,0.9153324507594205,1.2052468466517712,1.0,0.9452644278482888,0.9568697821841364,0.9983763718323212,0.6047711980729177,0.9503066533302985,1.2554986361364433,0.9521910349139788,1.0565486091603553,0.5981363235375216,1.4208125759880232,0.7901008008879378,0.8724157194872129,1.1848520248484755,1.180184290831621,0.9632806503916479,1.0273986939722985,0.9451324566639693,0.9526406243158086,0.9037337157011245,1.100638234102569,0.8623781331662806,0.7465850271526452,1.016140139912883,0.7614603386263147,1.0052457335508227,1.0,0.9031323796078358,1.0,1.358356980980481,1.2058348634711926,1.024945824234412,1.0312982346946493,1.0529354347011939,0.7403396485063911,0.8695194757013267,0.9318036924229721,0.9878374025215759,0.8550680736809638,0.8902405635955106,0.839166776213825,0.7635759522050503,0.9659441799415213,1.0217398782758833,0.9725692562793503,0.862307458994406,1.0,0.9871627326317632,1.0753756733905104,0.8268898436186436,0.8575649047139262,0.8506941393824888
2011-02-28,0.6478527045636971,1.028865381592808,0.664017606365618,0.6724465372588346,0.8704025559259183,0.9130059452954655,1.0304860910429792,0.6615032708026771,0.6591373555711968,0.7787946842976449,1.1447843383053817,0.8443333245387956,0.6918588657789326,1.0775301722408464,1.051301201820405,0.9914994847551472,0.9475481580629479,0.7719393154477175,0.6785688370278642,1.0,0.7542464572678137,0.8832274998348313,0.8920490928560162,1.0072490073405982,1.0,0.8026883507855989,0.8968998477684369,1.0104581812923534,0.9405898500715612,0.6661995488127765,1.0801979900187586,0.6743092731812392,0.8825576748581329,1.012856235207016,1.1905674416130965,0.7850297766365181,0.7791928820844056,0.6937999696521254,1.0675134445000773,1.1147947348480458,0.8984539912378208,0.9251106311180417,1.0,0.7910916874605354,0.7305667105096496,0.901114968963944,0.8439701074511547,0.4761585966619154,1.0,0.8623698652104523,1.0,0.625181728158984,0.5396743306782046,1.0493765523515368,0.886664606841285,0.7956132407334799,0.7105149123478773,1.010447613734244,1.0164489856133365,0.9146891700404858,0.9147297626328621,1.0,1.3049799298567168,1.3034646692746996,1.461088497786339,0.9170893898640025,0.9638612475256829,0.9792572572496807,1.3872093062562227,0.7532514727024664,0.6554368936644586,0.9605330073861943,0.9296193047511165,1.012869384775829,0.9447831091673184,1.016899371683565,1.1005842539283384,0.6173563338741239,1.0,1.0176064604412072,0.6443743338200341,1.137133303931806,1.073673340973747,1.006278414489565,1.1395086148769638,1.152266065664921,1.1183034998690946,1.0054303124410826,0.7470652014695581,0.5717035679756113,0.8717168984681218,1.1326106437288355,1.1938891905033047,0.8519838955431545,1.0255364330785097,0.8593605073538868,0.9723341006911753,0.9457122618690575,1.2099249541475965,1.010186116643336,1.0,1.429596961981504,0.8814535114941094,0.7903168166349926,1.0,1.0036854553217902,1.08775506940357,0.9159645638923266,1.1818785032245227,1.0,0.9452631919228582,0.9587622154621859,0.9984267066473153,0.5946937241570895,0.9530476644286627,1.2480952826577167,0.942144404362967,1.06417734660404,0.596530593022754,1.4063383151647246,0.8010343691737106,0.8796121662306894,1.1685872129239034,1.1454018683091158,0.9623161452456263,1.0077003117168541,0.9508520479171427,0.9383305709369062,0.9177339401080203,1.100663545294177,0.8154514273031216,0.6978240827525473,0.9378634333257895,0.7552372978705653,1.0042498628200855,1.0,0.9045143603549983,1.0,1.363007392214967,1.2075208923467253,1.0174437598622752,1.0327245727944807,1.018353879441514,0.7333042339017827,0.8130601320765058,0.9560733201128468,0.987400666493196,0.8480269859157958,0.8900698288651666,0.8388512235310426,0.7639738456379392,0.9641469426567778,1.0216460615262257,0.9760356336144316,0.8770270144857297,1.0,0.9979067866962109,1.0712226361475767,0.8355622849993765,0.8579631730760472,0.8568794140980943
2011-03-31,0.6471004922248123,1.0506450932921663,0.6654201829336392,0.533905591735705,0.8435921913496371,0.9206588361429806,0.9673453864010607,0.6612337850555317,0.6591065206237317,0.8023076128480255,1.1404225438391085,0.8614745322222083,0.7738050947863847,1.036142815288125,1.0512549308475383,0.9667408366987935,0.9508970496179209,0.770199841318629,0.695871658032986,1.0,0.7546444649451158,0.8813450794909649,0.8335001777911379,1.0041103919400927,1.0,0.7902921283203844,0.897320423195967,1.0100519512091708,0.9405289427358526,0.6695790642692006,1.0940293816016557,0.6829445405396575,0.8824408766160757,1.012550469303304,1.1878763824698613,0.7776240452862413,0.7782485350065196,0.6164675137299038,1.0692370943229923,1.131259800631992,0.9313983606658425,0.9260186498350308,1.0,0.8058832055776849,0.7307217946737522,0.8847950766100963,0.8403867904520651,0.46431138531873617,1.0,0.8643398891100192,1.0,0.624799974031872,0.5396623352042729,1.0218883610686507,0.8952269655434267,0.8482111370054932,0.6958678132144458,0.9739536487288307,0.9629058456510762,0.940720885231519,0.9319000267033468,1.0,1.315508969317873,1.3587255049254892,1.4655728136628703,0.9216834478474687,0.959947268206674,0.9835022679205638,1.3548412635264353,0.7552671089688882,0.6519572980452659,0.9480616784970324,0.9024702096153102,0.9947441668307467,0.8913541191847386,0.981217820637877,1.0696289415377511,0.6110232531317032,1.0,0.969952076708885,0.6282938818545366,1.1157859086814783,1.0541885442984245,1.0014973258560247,1.140890448334412,1.149505430774246,1.120396714468435,1.006998741707418,0.723557984785971,0.5760973629446582,0.8631491254983894,1.12049444420237,1.1933160736218054,0.8495380355080884,1.0238555409204395,0.855450480825565,0.9815303269072793,0.9352151994147435,1.2018162620189334,1.0105945535533474,1.0,1.4282640680076237,0.8736594440191605,0.784756085669345,1.0,1.004404893935287,1.089705787091384,0.915567086487105,1.187227725158204,1.0,0.9452648334127531,0.9607878739797898,0.9984198663080779,0.5844257727016801,0.8843496149287523,1.2535848307468904,0.9310387686864893,1.0660680070982225,0.5942197739273325,1.3939524986108767,0.7886397329993167,0.8731107126517068,1.2024787788965567,1.1401938249405545,1.0144747311782427,0.9992137257075816,0.9518448274450902,0.9214084176045406,0.9157038617764679,1.1034669106552797,0.8471805054783328,0.6623857043438984,0.912505012247549,0.7603301141528785,1.0041546711195184,1.0,0.9037791651589823,1.0,1.3594705865764476,1.2076024903030749,1.0236619588587519,0.9993882562161381,0.9751706086394081,0.7343243936699224,0.7591003769622238,0.8860139569428701,0.9878632204367401,0.8613180866350991,0.8867529898801138,0.8390077534125436,0.7495945607720302,0.9580748240621849,1.0172164510494084,0.9263849283680674,0.8695357904044203,1.0,0.9651150214148839,1.071476402510808,0.8219515683909069,0.8588820018201249,0.8458800014285194
2011-04-29,0.645616171242812,1.0462074903927236,0.6634851697278845,0.5175185023516203,0.761172746271278,0.8709680898230154,0.9020619761050191,0.6608513957393134,0.6590734449415376,0.9040977038464598,1.0946292805255575,0.721302651712977,0.7251522663638437,0.7523710832104145,1.0058195853334932,0.8002978361333404,0.938524063536539,0.6952271067650426,0.5535531446917026,1.0,0.7612208366066067,0.8443234179655177,0.7437949393947647,0.9880637098396764,1.0,0.7408306538356386,0.8979475603283061,0.9882208537881462,0.9396670522427579,0.5500748528719397,0.8746430518344253,0.659374012709671,0.8811074261130278,1.0242656016338862,1.060742925326779,0.7696773675947957,0.7775297877881205,0.5451645041013216,1.024182745139029,0.9097260011401116,0.8942305887178887,0.9267049576301767,1.0,0.7767673658602917,0.7305436151464944,0.7980095000486755,0.8189514332405154,0.41331382078876744,1.0,0.8656909184727237,1.0,0.623860560658045,0.5396328575347686,1.0070551025730503,0.889906944812454,0.6315139657323163,0.6670462061655665,1.1043799147782511,0.9428602837209703,0.9392668573579402,0.9854720695831785,1.0,1.309181047015696,1.2175505115827325,1.411225065773186,0.7063847884841659,0.8987299128351305,0.9863265679872177,1.186070575845763,0.6456716493855653,0.6495089901989383,0.9185900483662183,0.7888560669051151,0.7590177966063119,0.8485790241932392,0.942201358724147,1.0313096484815065,0.5984587385064226,1.0,0.9206719103107238,0.577790117499142,1.0084291308291986,0.9642446594692465,0.9957200975729551,0.9109374949810628,0.8184868571157624,0.8698825853779237,0.8048294153096677,0.6794826128059772,0.5532742660854695,0.7895888464551596,1.1035037935316956,0.9385269227066037,0.8578975159919296,0.7805717501089415,0.8268738574974411,0.8508227756658387,0.8899224925589773,0.7571249088057872,0.9551298265042785,1.0,1.2736269442464192,0.8818991604290423,0.7769538033380111,1.0,1.0040529352357286,1.096369487012934,0.9149923853833625,1.070313065650792,1.0,0.9452667947760846,0.95298154355745,0.9984312879726364,0.5756909943068087,0.8675648090978731,1.0895219724453546,0.9199827910243319,1.0618045798627413,0.5927316123577098,1.1694043384978596,0.7703916314895655,0.8381026772393902,1.186019474299983,1.0718680331784363,0.974036540839236,0.8885993321811867,0.919789559291886,0.854638364984156,0.9289098117000961,1.1628776917901877,0.9020654721758307,0.48352583362572776,0.8913660836967224,0.7668205972066497,1.0044548337110661,1.0,0.9041331213709902,1.0,1.3417495745482628,1.205973545745871,0.976304080159053,1.0109795880735462,0.886142692016606,0.6686694909355044,0.6111462170173168,0.7212003022140534,0.9768015539725261,0.837178222252644,0.8755748153644672,0.8327255623449327,0.6805312628753273,0.9451300255614785,1.0073160959265728,0.7970901703143939,0.8252529459696305,1.0,0.7472362961911665,1.0587830175403665,0.7576780468659015,0.8020155682949246,0.8053331331233353
2011-05-31,0.6455935947874105,0.9983105222492213,0.6631197244381968,0.522541845098331,0.7576859609351194,0.8249158653631893,0.7494927269615675,0.6609131438333302,0.6590919576856316,0.9198671612160887,1.0964969800996585,0.7157090684535664,0.6482325741527353,0.7474185440636796,1.0047568320309206,0.8019849923807395,0.9348929534834945,0.7589567911792889,0.5507157096715034,1.0,0.7610008982174282,0.8843403573827135,0.7032321452369888,0.9737424052838182,1.0,0.7373695808956617,0.897246029544199,0.9873510390444297,0.9396702364739259,0.595038877586297,0.8413039023843435,0.6669228513352332,0.8809223768627492,1.0237816963638853,1.0460913192948094,0.7701054384525241,0.7782941244552622,0.5170768558182584,0.9780093765115192,0.8753025745202636,0.8736555063753415,0.9111563411292698,1.0,0.7677266583239267,0.730469051459764,0.8259552895827657,0.8183605263807548,0.4109124080542921,1.0,0.8633606606682684,1.0,0.6235186639010096,0.5396066206646217,1.01815547105189,0.8485466912889039,0.6306313177454124,0.6689420024101933,1.0870674379849061,0.9250855162822242,0.9503841667614751,1.0037108845787766,1.0,1.2865659728311554,1.2016780920680916,1.400758756635117,0.6822466195940974,0.8954693611276915,0.9872050154668541,1.1707191242793271,0.6046584523433207,0.6509994649990456,0.903247302582176,0.7889135574364053,0.7558882083781246,0.8268159091943318,0.9444683270602959,0.9024687677935758,0.5788453903936931,1.0,0.929364154809286,0.5793100976624759,0.9250116565470461,0.9633315592544961,0.9842934281482512,0.8741747358399676,0.7596819998866545,0.827452727625604,0.7977790241488235,0.6720324801963773,0.5729073996146279,0.6824566273965222,1.1331359911705035,0.9292179841418382,0.8370582730013448,0.783042145328217,0.8265816995411629,0.8319500151671022,0.9011048478990806,0.6794211525093039,0.9340367752806629,1.0,1.2205028159525688,0.8175447983117333,0.7734273271678601,1.0,1.002386415463361,1.0781728076611719,0.9147453759626649,1.128740632515787,1.0,0.9452670642692432,0.9519518778551246,0.9984755050680032,0.5762598472078511,0.8221733084686723,1.0618303054330707,0.914374139240302,1.0168940776965476,0.5918700856037966,1.1551944347707697,0.7766833868475189,0.8442792655032543,1.1301320670828623,0.9315742487330461,0.8529433197675167,0.8884577785230956,0.8865434930196411,0.8536229068910841,0.9189856031229284,1.1623291445747725,0.9049276264470809,0.4703765294516058,0.8777666215343211,0.6986862544828674,1.0008299352168897,1.0,0.9067388160051025,1.0,1.33644387569307,1.1990808889635294,0.9505679214904976,0.9718875288650318,0.7305047168598677,0.663214923633382,0.623903887940491,0.7231789180520348,0.9759336803667673,0.8345389934868026,0.8249746985545033,0.8308224565699528,0.6366257182586208,0.9237219157142845,0.985122770004812,0.7475568791711161,0.900131696152489,1.0,0.7417363845130182,1.0557377192393447,0.755606084939359,0.7974607576307977,0.8045510158476628
2011-06-30,0.6456874562560974,1.0184810385976248,0.6627641869156873,0.5232425403718686,0.7648828693906609,0.8106847947889935,0.7790979804472657,0.6609441687711003,0.659113039256451,0.7804707254387089,1.105280985508272,0.7051522001470192,0.6256214578489145,0.7874602937982698,0.9970876985907136,0.7984961153791789,0.9126488169202933,0.7443071716004218,0.551536479136493,1.0,0.7614148344739045,0.860605679124774,0.7262290349029012,0.9932133941377489,1.0,0.7396066454188053,0.8973051502805219,0.987287393044871,0.9397033311584864,0.5864661971672016,0.8567330983330088,0.6641621167354904,0.8809199801357818,1.0229510704158957,1.014809676373595,0.7719688819171044,0.7778324617185615,0.5253465944195507,1.0047681121210823,0.8764896074329714,0.8871980312333417,0.8084301645248299,1.0,0.825584700105368,0.7301967813743622,0.7664524920996791,0.8208949067109086,0.40983098063733625,1.0,0.8625303178211072,1.0,0.6239020538413457,0.5396116271895588,1.0210371605922657,0.8592238125844879,0.6308038769342463,0.6746971944354874,1.0586533866347678,0.9205619966958236,0.9286643777009029,0.9690052139863113,1.0,1.198905704523587,1.1132228661205847,1.361423035000569,0.6790062581297232,0.8915282309302488,0.9847559387563569,1.1800236542372333,0.6065371254460195,0.6493477807737014,0.9144882273302479,0.7902531811968168,0.7518376563190718,0.8542832543879165,0.9810299462957345,0.9002163966636196,0.5834894009473186,1.0,0.9636868417139547,0.5836188664247394,0.9918748287776638,0.9450578475414755,0.9832858590967665,0.9021279423005581,0.7810151514023269,0.8372446141719523,0.8034657172171452,0.6742582996371369,0.5717136687341531,0.6845264792726155,1.1357078638916538,0.9511869060855669,0.8015317036758716,0.7190244888728866,0.8379878705211474,0.8410939482311148,0.9009758657833755,0.6775215033990682,0.9420307062663398,1.0,1.1301438700468904,0.8386569994652389,0.7754140705950603,1.0,1.0030965339989442,1.0839848254624318,0.9144601492704375,1.137847291526416,1.0,0.9452612032585735,0.9510260472734049,0.9984671430500472,0.5781682744465915,0.8135120601621352,1.0626267183344131,0.9280121257348057,1.0435633279520091,0.5929711000838609,1.0951403338935584,0.7841404570181751,0.8422885098876118,1.0874156563538029,0.8696331285028785,0.829225080001842,0.883893916201097,0.8850300292087198,0.8448283987066474,0.9172815888383635,1.1635194925107342,0.898777695500163,0.49644241797857613,0.9118774948884849,0.7157816705441771,1.0021793516218265,1.0,0.9117316413737061,1.0,1.3390763545753932,1.194155489210329,0.9388655284577632,0.9840596542776021,0.7930573542964386,0.678628952686171,0.6936546008535205,0.6997486095642413,0.9754106488536739,0.8270804160553091,0.8297405535227449,0.833776417983064,0.6801457032060252,0.9252817460390484,0.9878546877574942,0.8113702430706767,0.8932156106566221,1.0,0.7356485738553677,1.047444228162528,0.7526486465907672,0.7876408872537161,0.8038101831032336
2011-07-29,0.6453071688163998,1.0250245789044063,0.6626636365564837,0.515846271148859,0.7640130098649441,0.7974523093580663,0.7020556102672982,0.6608428080545293,0.6590716697973509,0.7653213731089674,1.0928845263954703,0.7118032776230685,0.6016745725165374,0.7300552942048527,1.0021909999031764,0.7429095801640497,0.9265930419845504,0.8093861877101762,0.5367209858727059,1.0,0.762467711784846,0.8986771251833379,0.673578633578936,0.9502020005538842,1.0,0.7460475147403045,0.8972011475991992,0.9866046274305471,0.9396997469320645,0.5479052151032764,0.8909730259290569,0.6517122783559126,0.880925703849014,1.0219858202460712,1.0089998606025188,0.7655671659578851,0.7799459178684515,0.503931790625096,1.0071325067564951,0.8703517116116102,0.8848754380042454,0.7962096706582719,1.0,0.8160093791153813,0.7302143160815654,0.8035606411968043,0.818763743407142,0.4052489182808936,1.0,0.8626049166538654,1.0,0.6234448800879526,0.5395992022386907,1.0383250725142616,0.8426495626519465,0.6311963494898015,0.6595067488660671,1.069659894098238,0.889884617384448,0.9493972943267932,0.880421584416745,1.0,1.2231447374965598,1.1091137385391967,1.367838062327479,0.6847086573087899,0.8914297508049427,0.9860361198012552,1.169971655406469,0.6142006635629207,0.6499798765325189,0.8740585890599527,0.785049572214731,0.7281470033845923,0.8174914016580442,0.9291013929389662,0.8783599665210561,0.5705802354986886,1.0,0.9374823834556893,0.5680458162719547,1.0368641619800125,0.9571519902376479,0.980694586049922,0.8871032642081786,0.7777284416270474,0.8408189853755015,0.806814815443259,0.6641041133058692,0.5716852408875661,0.6922762777899849,1.136478933764535,0.9457776660922425,0.7792801152791948,0.7276627893371679,0.832014071877136,0.8247521405342498,0.8906765185081921,0.7047004700205961,0.930917359703946,1.0,1.1695543540612683,0.8577107017266382,0.7756587922895167,1.0,1.0028586960466987,1.0906279486594412,0.9150680610443191,1.1863999586232734,1.0,0.9452593728771514,0.9502536918855587,0.9984540893664906,0.5783189561381559,0.8199524924576823,1.0640302764990586,0.913067864877682,1.0355666229712601,0.5931555765674885,1.0078710726219227,0.7844242472660341,0.839649517063461,1.0997697435196194,0.8768381421441953,0.7814887621183858,0.8861437650947902,0.8924917924352836,0.8474637911020935,0.9171868670502284,1.1585474049289575,0.9154860683714314,0.4685341867213533,0.8446704019540292,0.7179739289124544,1.0020705733495368,1.0,0.9173513064382423,1.0,1.3424783695454077,1.196938620173346,0.9376571595453718,0.9904890468170142,0.6621259426914274,0.6617915034415036,0.5853497346774266,0.7139041585069537,0.9757661342639263,0.8283311342334649,0.8297785702622855,0.8305638353804146,0.6549354677473878,0.9163626010780369,0.9763148687840357,0.6745073721090251,0.9149052951409731,1.0,0.740724626016477,1.0396528652437642,0.753742996004332,0.7901758071386897,0.8039998922397141
2011-08-31,0.6449273299320091,1.046511821789739,0.6633019371158126,0.5104348840330537,0.7635252133835158,0.798326509400857,0.6371251215366125,0.6607110827820472,0.6590601192908437,0.7514759478712856,1.0937525836149877,0.710355994342345,0.536887470445113,0.7624595040712899,1.0041710843658052,0.6553893584097681,0.9307827551835861,0.8848522938828032,0.512743309233229,1.0,0.7633668378115456,0.8832770823250067,0.5799714462068053,0.9779857716423529,1.0,0.7492160746203982,0.8974121938040185,0.9881031737216412,0.9397414162380369,0.5506694066692157,0.9306799691578782,0.6478078227865516,0.8808610952163535,1.0176769121922977,1.014715886490506,0.7672954814912916,0.778197002257958,0.4958406023501236,1.0238128890505762,0.840282748513604,0.8935418888892634,0.7744237467239166,1.0,0.7493876311377313,0.7301735377707965,0.8037460107244903,0.821412164190672,0.40450825178402894,1.0,0.8654360745228282,1.0,0.6232969659169381,0.5395899481667916,1.029833904628841,0.8979624039998778,0.6313932526869409,0.6566929266167844,1.2055782055258921,0.874561427002327,0.9001606781688378,0.869523538085776,1.0,1.1504792664895378,1.045164999010717,1.321290133094336,0.6779789844541133,0.8950628854434236,0.9858043900542639,1.1875786959015857,0.6176671274180503,0.6493186326067584,0.8764393490107271,0.7722086749916264,0.7111517767849758,0.8032141562564228,0.9156634181653023,0.9392287994841649,0.575086270527392,1.0,0.9024699184354923,0.546630624928905,1.0280569633732206,0.9704370696640955,0.9798789350974138,0.8626976555648656,0.729601934666577,0.8487774628977772,0.806942276678565,0.6361934299482934,0.5763666821404555,0.6568649924539354,1.137529419462033,0.9550203981783001,0.7493252043261662,0.7426604507302943,0.8274067648803602,0.8111921733061231,1.0033668320579494,0.7004443783675542,0.9411707996671196,1.0,1.1472119700902694,0.8957579295021878,0.7792828952505072,1.0,1.0035380162476952,1.0997256325758131,0.9205616573706958,1.259029376656173,1.0,0.9452616895719469,0.9513360542788568,0.9983632761635105,0.5799620656981248,0.7866938801796172,1.063328879311674,0.9103293990533758,1.0636767205646078,0.5932103469149681,0.9993211667068068,0.8245169835271231,0.8348751165925188,1.1696746106801743,0.8990704566369029,0.8003789719072462,0.8893975741746666,0.8952672525498014,0.8478445001931988,0.8959186400160476,1.163025426221565,0.9520337352641481,0.45295212098220816,0.8043562915375257,0.825840216008192,1.0041564946667287,1.0,0.9224657818041919,1.0,1.3522805381386238,1.1973731695378493,0.9244228544785642,1.008407562535773,0.6879816026416321,0.6566530347817403,0.5491311818346418,0.7046579107425839,0.975664284908844,0.8225522008490203,0.8431350057616102,0.8265872397171752,0.609031906670624,0.9142670395939653,0.9809803501049488,0.6490969672766258,0.9430025473938325,1.0,0.7328420403527354,1.0393327454360675,0.752539700265423,0.7886396743380688,0.8043253293807106
2011-09-30,0.6449567316407708,0.9881328939856806,0.6619816378231004,0.5123277625538223,0.7610955907254264,0.9029404541092574,0.649739835175257,0.6606931676391277,0.6590587611848668,0.7368975852706283,1.0606077828486498,0.7533075395980947,0.4973935112933775,0.6920709946835547,1.0196538683876815,0.6722355942656763,0.9351600737362584,0.9305607043272627,0.525584256257398,1.0,0.7630817763921696,0.8798063971872869,0.6049764620256023,0.9412024287851477,1.0,0.7418861821574874,0.8971249727358332,0.9877821435955676,0.9398777343098503,0.5550910173991412,1.0615832377474816,0.6362020295803033,0.880802561070524,1.0177903316737285,1.024517458606595,0.7673445207023422,0.7776447022293735,0.4968081311281579,1.010950349186632,0.8299792268158366,0.9270133668480726,0.7687659670176021,1.0,0.733044322031944,0.7335037626461645,0.9489697195889188,0.8221845973376918,0.40947716052223293,1.0,0.8711162514656942,1.0,0.6233768742805651,0.539604734712938,1.0012024665862995,0.9295285590301097,0.6320691551695181,0.6567036552311937,1.2894555202861437,0.8744106829651068,0.8997151037258148,0.8071601649936004,1.0,1.2033984379594593,1.0452237923434988,1.2967325253003903,0.7017433868751319,0.9137525922146625,1.0202533373503893,1.1349065921240284,0.5886665944190848,0.6640114600654143,0.8948497046129891,0.7685254917174428,0.697932146639928,0.7982200498078148,0.9113700650759264,0.9049338758704634,0.5848367305056505,1.0,0.8614030104303442,0.5499899846513765,1.0755207796646977,1.0045293667529331,0.9803569390123429,0.8218634430664643,0.7317611516690397,0.8460941494335655,0.8163771800621888,0.641637761036344,0.5898793158792268,0.6666579620369362,1.1379583055180476,0.9366377761888602,0.7982222000208086,0.7469125378614176,0.8295730990711546,0.8079760326571945,0.8811390588717432,0.7015583980957631,0.9262044804930917,1.0,1.0561342755865941,0.9397678514400083,0.7951800938727287,1.0,1.002629280006373,1.0914698627349906,0.9265846750085379,1.29266987706305,1.0,0.9452683197496107,0.9555983471329558,0.9983146885805747,0.6060632849583015,0.7331573737846568,1.0925486878062292,0.8933550567120696,1.0524190354448442,0.5985146737932423,0.9670239032383207,0.9130481501403194,0.8377911952359121,1.1533127899806375,0.9370215583258521,0.8758401052995002,0.9187590079488042,0.9026074973334662,0.8529579220447082,0.8987586320426199,1.148303101063819,0.9864916618457477,0.4496398578309807,0.7594011500539393,0.9708021792934135,1.0062821611333355,1.0,0.9128921831429749,1.0,1.3399287172291352,1.1954583918372372,0.9118890056736974,1.0034870949064976,0.6437909392415428,0.6424982088220178,0.5262934828885732,0.842853517782725,0.9777772996235984,0.8235428065857926,0.8543177897592744,0.8293991555721298,0.6155018339377406,0.9023921423889094,0.961240151261706,0.6245972087303271,0.9976734380488024,1.0,0.7290132558701659,1.0156515438691704,0.7820945719345861,0.8210223202223108,0.8215930333393745
2011-10-31,0.644990370411632,1.0295367068941779,0.6651358670011303,0.5174216727061016,0.7624790242422617,0.8919629664479097,0.6429610574190299,0.6606697408871074,0.6590579535018375,0.7206906180516903,1.0855163422562788,0.7460826876386173,0.524367634260982,0.764740094219964,1.0176763786999954,0.7200323071944046,0.939381230566877,0.9037040848359229,0.5123366920758246,1.0,0.7618700450671232,1.0795978100995982,0.5804409694256536,0.9481716352652788,1.0,0.8050961785454844,0.8996606953830587,0.9976887160596916,0.9398895310068254,0.6365581789650647,1.0205735581070592,0.6857195061565063,0.8807637972870909,1.016123043939002,1.0222310039617883,0.7669651537807745,0.7821702607707417,0.4952997604335354,1.071173584389038,0.8236457733678922,0.9798958093324438,0.7786388623633292,1.0,0.7109347364426044,0.7328639610128774,0.8913514607509428,0.8229740231939866,0.4061905616222242,1.0,0.8666655966967021,1.0,0.6233549891956613,0.5396074285471623,1.015541412588723,0.9452744872471819,0.6322982787649334,0.6575768702840963,1.1097594866088576,0.8753177397100013,0.8916654332463041,0.763926522535789,1.0,1.1889405331303253,1.0834104619108147,1.3473394120259212,0.6988812959167366,0.906212225771372,1.0057692846594746,1.082360684793998,0.6051701805464474,0.6723241859330329,0.9914115450915939,0.7761929127130274,0.7306058429776572,0.8085555407013898,0.913038910001078,0.9406690863552265,0.5865310301678299,1.0,0.8637194549647634,0.5545292544359923,1.0566525709736256,0.9942022134793476,0.9894110096343642,0.8221333404141108,0.7227546221880372,0.8325091141473654,0.81222600448189,0.6421568326108988,0.5795263897660407,0.7554180475165309,1.1373483681862908,0.8952473301542644,0.817450945562137,0.6815000527233943,0.8186522255238575,0.7829184839814288,0.8943175108799987,0.6615499363073278,0.9483771848334971,1.0,1.0890668188849049,0.9241439933044129,0.7991187123977256,1.0,1.002709578777554,1.0915835442115644,0.9230598365028496,1.2205401911835325,1.0,0.9452648454017253,0.9488577815761763,0.9985355696490433,0.5969511860678007,0.7528647758257795,1.0769104335818458,0.9153278319757202,0.9947851337173331,0.5961686407549818,0.9214072006313818,1.0021709671550953,0.7867663148855091,1.1284848710467514,0.9358718318971129,0.8792454295595611,0.9081424587808723,0.9001501091278717,0.8515259049174758,0.9175621863643111,1.1456649926033329,0.9222956301879305,0.4534790598839309,1.1377957354452841,0.9544854143906225,1.0058020511990187,1.0,0.9181195085919407,1.0,1.3297160423727798,1.203887054827937,0.9236551996608239,1.0026996818149754,0.6937899429043932,0.6357599076548943,0.5481283287819552,0.8174223738865172,0.9771720224514436,0.8238687853000746,0.8665442375789306,0.8301733257138263,0.6743655340794014,0.9238516419020704,0.9815616767297344,0.6136714816550595,0.9411292463982537,1.0,0.7307864430527393,1.000684806313818,0.7762413360560025,0.8178663491542156,0.8178821060585786
2011-11-30,0.6450291936905004,1.022595800106865,0.6647135848654866,0.5172245698606728,0.7601634322743285,0.8854096186601734,0.6053099036311906,0.6606628677821973,0.6590584549923857,0.7263736246760721,1.0726334805469324,0.7531282097770348,0.5366228311248763,0.739740696426174,1.02266129378192,0.7625210020601895,0.9258625318688204,0.9258307058056994,0.5082301800564533,1.0,0.7614150428313795,1.0694160779563942,0.5644951700986103,0.9239676705804496,1.0,0.8287511138688372,0.902426501134406,0.9949905530557395,0.9398923341864469,0.6275607632411737,1.084811662576513,0.6876082936587633,0.8807882899186905,1.0156094480291185,1.0205116835604395,0.7623497991318913,0.7894064057086403,0.49552709235503845,1.0638375588242686,0.8219709783852285,0.9442722496191888,0.782762060768991,1.0,0.7382823738711436,0.7331078321566002,0.839874141444903,0.8248091852020747,0.4067466994913237,1.0,0.8717380886083549,1.0,0.6233594702783309,0.5396118919584133,1.060000809228854,0.9599899439089579,0.6318887864949188,0.6581202381641633,1.1556933808658045,0.8740835779414431,0.8767340454953301,0.726123973103648,1.0,1.1917443364653708,1.0864135947840938,1.3295398684715516,0.706778756691365,0.9137482634563631,1.0252762175396084,1.0216592588386748,0.6056675385480155,0.6607707977148007,0.9593958769459519,0.7751355364304122,0.7262671375521871,0.8086925153952131,0.9133503449181531,0.963263379739058,0.5860906381676416,1.0,0.8601296473246057,0.5587087512758719,1.071308427209688,1.0029244009477827,0.9933461513450235,0.8068560039822817,0.7315342482860314,0.834133220807204,0.8124068244242335,0.6511133232760575,0.5815031860341131,0.7460122311299566,1.1197781929565689,0.878863892676238,0.8899967485402958,0.6412756896528148,0.8277000748046636,0.7924139487973184,0.9000388838206833,0.6606328115172109,0.9598669523982143,1.0,0.9848588427290089,0.9406817259993958,0.8145991701193152,1.0,1.0019767749251318,1.0617060318535638,0.932469676232312,1.2994834740325252,1.0,0.9452664065668787,0.9497259668237668,0.9984948839033249,0.6115892577112436,0.7020177245786918,1.0941601437155062,0.9182030574306647,1.0318097739975347,0.5970376277177016,0.9187969617177157,1.2149116273849971,0.7885607341367743,1.2050675065688923,0.8422183005020387,1.0441196342186696,0.9201032147133573,0.9092930344391741,0.8581754616091308,0.9317514831562397,1.1323101672640434,0.9416161144376021,0.4514927161198188,1.20805852579775,0.9827650187399779,1.0061967104139564,1.0,0.9096779708766696,1.0,1.317044577729305,1.2014259825222617,0.9227929501537505,0.9937044536750984,0.6520086057532862,0.6378425822320346,0.5404227422544076,0.8431532298380486,0.9774216368818378,0.8225825788403185,0.8748015178240107,0.8301212112994704,0.6474360229662475,0.9237266951329076,0.9892069316696854,0.6202374237854658,1.0002837883316362,1.0,0.7342207765347839,1.0000205640936357,0.7782902030589933,0.8221106030003152,0.818974796776875
2011-12-30,0.6451404032557809,0.9712905540012862,0.6641903241052763,0.5170740961050317,0.7673598518991009,0.9051088966154728,0.5881923173144088,0.6606612751442981,0.659059052509021,0.6910367207550545,1.0551652855669806,0.7886225326028179,0.5118234400970145,0.7039175735735672,1.0265959209084703,0.8138344428752109,0.9131123708426294,0.9314483703165481,0.5219367688837947,1.0,0.7597911943837657,1.0667705056172878,0.5621660041417097,0.9239918923003945,1.0,0.817539627999406,0.9007288789716034,0.9956130956686524,0.9401043426892881,0.6381254625975139,1.2181646425343027,0.7068628963220672,0.8807394910549634,1.016630093210374,1.0244877999276483,0.7625131682259979,0.7884120083110362,0.4972823554205653,1.0403712045994438,0.8180072171329356,0.9153407394163221,0.7793725851061112,1.0,0.783053961524093,0.735422110035762,0.9288497583973883,0.8243524493962492,0.4168265721001361,1.0,0.8801050303034997,1.0,0.6235519679974184,0.5396311325338823,1.0196716761380442,0.9712371253739253,0.6320830409920054,0.6571009609324502,1.1825197675962416,0.8729686343235741,0.8784250333795985,0.7871462882866971,1.0,1.1690157980936051,1.0401307145984977,1.2797613176712863,0.7247987299218054,0.9237318717455316,1.0617389556771226,1.0023942328034425,0.6089622457638229,0.6554228517258756,0.93321481049012,0.7721523006539119,0.7198642892720125,0.8230369923202646,0.9095884531513616,0.9682016707030382,0.5863021797687995,1.0,0.853745937225266,0.5700292665713658,1.0402875336785353,1.0172481790298724,0.9947025598529414,0.8184514435717782,0.7436518321844736,0.8442612987102123,0.816279447502317,0.6591229276487185,0.5831474940236959,0.7497295565728395,1.1167012897799462,0.9013762322359282,0.9118315178860544,0.5973873924630808,0.8205145014393602,0.78157455310886,0.8931919368068603,0.6939033083857792,0.9670759717392895,1.0,0.9060497098438749,0.9651196243712128,0.839334776279937,1.0,1.001516518201474,1.0764097858455088,0.9488031449941112,1.2787947294672142,1.0,0.945265829775636,0.9497828010572282,0.9985758568863268,0.650265407576331,0.6901803308082894,1.106133749053952,0.9103160959659755,1.0100783139355851,0.5983411796057968,0.8104107264902295,1.3336646582539133,0.765018865572735,1.1624092592325947,0.8586822207978896,1.1239060360279711,0.939555450786539,0.9172326631506389,0.8822830506463982,0.9699628365368196,1.1239971200608934,0.9678432307054436,0.4551209593051443,1.0927552673312393,1.0238177293171984,1.0069112315753603,1.0,0.9121003051902468,1.0,1.2933216668493932,1.1919487582088704,0.9225500290996691,0.9872463364798895,0.625363065945878,0.634304832662048,0.5261948445268492,0.9325657724000658,0.9797110867326202,0.8230921737516856,0.8898245550524725,0.8351226548470927,0.6394915279868154,0.917057806542254,0.9841468799018497,0.6178091476347511,1.0142100047579548,1.0,0.7286115959333466,0.9707572073251438,0.8297033662656942,0.8429090289478638,0.848378205059433
2012-01-31,0.6449535128138351,1.0046264506217064,0.6635899637051099,0.513305047551527,0.7673854665408804,0.90539586455965,0.5903833204695426,0.6606600706775958,0.6590569683034966,0.7593920034973496,1.0723771979267758,0.7811463668168641,0.49561449655610157,0.7514297165996017,1.0232183977717644,0.735370668133604,0.9327473309841791,0.9606703170427643,0.5076295140343647,1.0,0.7613893767280807,1.1150004517421068,0.5382613710951948,0.9280689639189659,1.0,0.873323243755544,0.9008633085094973,0.9980319108657891,0.9399791236720941,0.6430514996855002,1.2696575330378312,0.7013320560717484,0.8806628199203295,1.0161731912639822,1.0507319593844753,0.7590711905692225,0.79511537793092,0.49424583742545003,1.057084398388415,0.8157995393808128,0.945482054642132,0.7782746617532039,1.0,0.8423737893284504,0.7343013959126741,0.9637657073719954,0.824154179766312,0.40981875370031984,1.0,0.8709590291154534,1.0,0.6234818300630063,0.5396036677014266,0.9632892969772914,0.9759367112277458,0.6315642536718837,0.6558613185963336,1.314107196153641,0.8767668400215108,0.8770557158182881,0.7873972716028412,1.0,1.1535500350787184,1.009794282390199,1.242084411712332,0.713693609008446,0.9205096066613179,1.0509470570773867,1.0901397371886195,0.6087098352708622,0.6536123030331429,0.9183753844336083,0.7705681345864352,0.729986314557105,0.8121325103798132,0.9077845043695352,0.9741058406360936,0.5906978342526734,1.0,0.8234880264859921,0.5534284668753144,1.0119573824019188,1.0064503209431244,0.9986977571459109,0.8031266853991881,0.7423044366331648,0.8284812618832224,0.8118679128346151,0.6456308561896271,0.5676376677761434,0.7647296723408402,1.1255140591343125,0.869379538422212,0.9168722834196705,0.6039111011750244,0.8811446884534639,0.8077997781329525,0.8700512742490962,0.6724502096344634,0.9943983817191898,1.0,1.1452220800930863,0.9523499924282872,0.816397142605809,1.0,1.0018083646822287,1.0364251285832466,0.9578056882917253,1.3337248572795481,1.0,0.9453294226337532,0.951294662266005,0.9990503040210768,0.6312956138220522,0.6796139086472115,1.088749916506287,0.9055432619558516,1.0341275798539515,0.5963047825570023,0.9161493482008144,1.1059981547065931,0.7557045225450724,1.166730007909256,0.8593076907321338,1.1071089846597493,0.9265187844372605,0.9164015775844907,0.8815229618383146,0.9602644625467424,1.114314869520047,0.9529043110080534,0.45070547306954034,1.171702678091953,1.0096842605365763,1.00644076793203,1.0,0.91771220857303,1.0,1.3299890412550122,1.1981347482057134,0.9418346887085762,0.9730313138815719,0.6038547642731413,0.6275440100765212,0.5516968239087967,0.9237612239928054,0.9799813681050501,0.82231315979637,0.8816354964592428,0.8333307637859004,0.6275171539695303,0.9261224473949587,0.9891225449790965,0.5768956269816863,0.9984812175919607,1.0,0.7271406094985354,1.037109325452103,0.8310135741682771,0.8403364598526152,0.8456948828526785
2012-02-29,0.6449831280731644,0.9867169923778409,0.6635350087665495,0.5118875876758593,0.7706942681270339,0.8959185716860868,0.5819919638098543,0.6606616801435986,0.6590571861479133,0.7348309842292549,1.0695515063965482,0.7872872608603433,0.5408250738940747,0.7507453903708138,1.0246952213322253,0.8071060654619593,0.9239576302642909,1.0014101070213939,0.5155440645753324,1.0,0.7613772604882403,1.1154707783568598,0.5473444130659704,0.909823485599024,1.0,0.8584161223404356,0.9005493243378921,1.0000657795679901,0.9404207779310068,0.6544554607125678,1.2628152590899788,0.7417015789922856,0.8806751375360167,1.0159304399624287,1.032692004352133,0.7592688651248922,0.7985236348672614,0.4951296955996549,1.038909339599341,0.8117321551836152,0.9246287936008464,0.7729657781657143,1.0,0.8126954623163489,0.7361435669120787,0.920848514862878,0.8234744318749856,0.410608035143455,1.0,0.8721579037064064,1.0,0.6234755567550339,0.5396213143481373,0.914964433682339,0.9822698879042496,0.6313819542086199,0.6565788116608522,1.3445042268091696,0.896089231864492,0.8823354427551628,0.7150857944221307,1.0,1.214616374422146,1.0300199532347436,1.2611333036274264,0.7111640447587011,0.9196081037475944,1.0444632902819608,0.9863368411663329,0.6114249746364143,0.6536812780562327,0.9303263892514512,0.7729928022327848,0.7281496698329887,0.8146694884914434,0.9072794389905445,0.9720308251808054,0.5855169366162323,1.0,0.8063058111490702,0.5598395290612135,0.9993327110804403,1.0022857287023117,0.9965392305620009,0.7933109300479724,0.7303941717454241,0.8230815058031798,0.8089251455555669,0.6500960355780145,0.566986630368441,0.7614519409740877,1.125936506848757,0.8749875919884267,0.9244079655112568,0.6130310222411359,0.8730142270120029,0.7714441219905722,0.8713212147598368,0.6694821709097267,0.9805918842322238,1.0,1.0701094328894651,0.9739947125570464,0.8303393122688026,1.0,1.0016413527750665,1.0367660202363165,0.9762091907344366,1.3585475448852538,1.0,0.9453652773538072,0.9509235414177111,0.9986529840353966,0.6879407604656147,0.678620282475237,1.0984886147624509,0.9124468632267658,1.0493779745346032,0.5953213246960103,0.9043466401415172,1.0437109888188576,0.7517595502221216,1.1480998763597705,0.8575662125271621,1.0809108186787808,0.9207560015666162,0.9210388086674823,0.8862018457437626,0.9341891359922084,1.122220384638982,0.9854564528289298,0.45180874684004013,1.165985553721478,1.0141629873253075,1.006652472271903,1.0,0.917331870480983,1.0,1.3023763049829373,1.1812289605994601,0.9371665169828407,0.9787697233820133,0.59317366941113,0.6324415338299014,0.5534827703998735,0.8998348050129034,0.9793994072764916,0.8217577675425557,0.9010198473361323,0.8347753271346252,0.6099058418869305,0.9261917763142233,0.9886740791227817,0.5750590333144147,1.0009143146614288,1.0,0.7237743881339154,1.024300991093097,0.8227388260825149,0.8332002847000526,0.8385361464440417
2012-03-30,0.6451259222322779,0.9601865215859714,0.662251598410152,0.5155255255624351,0.7664946105346484,0.9007964962363387,0.5949342434124576,0.6606674099498904,0.659057553459743,0.7466849913383116,1.0683397333948532,0.7814152884156512,0.5078685689202311,0.7449431499954607,1.0240092569632708,0.8902717627334792,0.935015876797521,1.036043985572183,0.5118593111100929,1.0,0.7601169651000527,1.1122830477555623,0.5765298548232793,0.9199937531909133,1.0,0.8653055256859868,0.9002556816837232,0.9978509355428272,0.9403678456079679,0.7397658611490414,1.3086572704215496,0.7559982784864319,0.880644660977699,1.014526065320451,1.0445438643040243,0.758649301808784,0.7931959209089441,0.4983324623060227,1.0665008823190207,0.8094993815347273,0.9607677416130511,0.7687232123209332,1.0,0.8368043057496608,0.7355678968157324,0.9063294274009547,0.8261972903934807,0.41334648503469074,1.0,0.865993653848079,1.0,0.6236549456845346,0.5396655636553818,0.9167480574223517,0.9842052397937602,0.6313789014282629,0.6563991201258558,1.4533972700552185,0.8856301556413989,0.8779353902840518,0.6923568506757329,1.0,1.2025759248081123,1.0092524399424714,1.2577782337231702,0.71258771915404,0.9222258799661487,1.0425615736109308,0.9219354103472007,0.6126231250334234,0.6561369557614775,0.9243438074622944,0.7768934260106173,0.7398992316345574,0.8285457426884766,0.909175254173143,0.9455048767398616,0.6276231153171747,1.0,0.8120662407352419,0.5710770964531757,0.9112637305635057,1.0033166540312008,1.0025723573464447,0.7819044751260659,0.7298735412594476,0.8188700360822654,0.8100402768214156,0.6743371927318651,0.6177860745251802,0.7086910833707072,1.020962886110912,0.8769907412098963,0.919089663725391,0.592364591047178,0.8680702023727371,0.7530123045267585,0.8652309230229956,0.6610032002573072,1.033078105797721,1.0,1.082646344467579,0.98538839438323,0.8385019109547734,1.0,1.0009797996479668,1.035658734842549,0.9668442314124843,1.381301369442005,1.0,0.9454200255740492,0.9509849922727771,0.9986929086877795,0.6788052718772712,0.6586854541914907,1.0927907908901484,0.9270858820332148,1.024998301323409,0.5969065878261507,0.9131272127460861,1.0328964556183762,0.7770391358494169,1.0974051083651304,0.8597064293377171,1.112208020602912,0.9212368381855294,0.9312073033334965,0.8777281313276296,0.9206968500860732,1.1188981483175722,0.9634792477998452,0.4576078375432767,1.1416873566158747,1.0183157463732488,1.006794939309729,1.0,0.918959053238494,1.0,1.3054215329391818,1.1762720596279341,0.9339369357672529,0.9782285914446714,0.6607335145950051,0.6289526407605218,0.5483110671121068,0.8785569297504542,0.9783262304823969,0.8223209811292338,0.9249720301604376,0.8347067659165958,0.6772371021441821,0.9240306748833995,0.9888770099665558,0.5849676540453463,1.1551682225467825,1.0,0.7253981466416313,1.0203966317311404,0.8096964986036308,0.8311061927405778,0.8334197091682246
2012-04-30,0.6451361298459704,0.9108297861706594,0.6620022486107321,0.5180431828050992,0.7621523924913969,0.8862975431419593,0.6269943744572148,0.660664439561677,0.6590570569840895,0.7090055801601867,1.0619371830644855,0.7819900022245726,0.5144636074567437,0.7314632032808358,1.0240031706379913,0.9107195905292274,0.9409159734720896,1.0218859866607004,0.5082790979884242,1.0,0.7605659588779476,1.1152008171892605,0.5850740683689797,0.9299652472503372,1.0,0.8586949649674479,0.8996685648879855,0.9975573608477495,0.9406300621315936,0.7687613481573794,1.4035850068862505,0.763929364262631,0.8806203532567002,1.0139615574188088,1.0283859777265603,0.7631604971162294,0.7868007030033083,0.5014379227183507,1.0691455926885314,0.8077963552858156,0.9640886318479763,0.7676782396680197,1.0,0.8076018568301554,0.7374045464391565,0.9174704792743418,0.8248547131432069,0.4113728992435396,1.0,0.866528449626725,1.0,0.6237172883518389,0.539643015233193,0.9260883506589459,0.9933445597701525,0.6320870691091162,0.6572147576571823,1.4269514373901304,0.8811482297327731,0.8750851642592737,0.6580881411254007,1.0,1.190348924862727,0.9979997539361111,1.249281272235657,0.7208619784531769,0.9285638554676364,1.044570821654653,0.8717011461446538,0.6277583711884657,0.6573480518756438,0.9759467211858612,0.7761607604958278,0.732535156879133,0.8199403435069255,0.9064222590026149,1.0362879427199652,0.6667521519071717,1.0,0.8199081206585932,0.573831889493107,0.9395297649360577,1.0163621807574557,1.002111217391242,0.8031092144120422,0.7464468987874305,0.8276181417549813,0.8095562617858181,0.6752815421918306,0.6278720891601739,0.6728353552138381,1.0550175367435828,0.8947812700506225,0.9078628447262761,0.6048463567847862,0.8430362903836863,0.7675735467858178,0.8609407787646739,0.6694000155398587,1.0230959567683582,1.0,1.0079500779490047,1.006216744179683,0.8764425159349928,1.0,1.000315377747987,1.028443781858415,0.9700256129100412,1.3797303649614268,1.0,0.9453697027652018,0.9507370755837456,0.9987818969418369,0.6317193449754319,0.6510627313069755,1.097114381288735,0.9183992833979632,0.9907554461213065,0.5990160490089264,0.8897625663802226,0.995395520221491,0.7874377972433484,1.0780571427835273,0.8569660078781861,1.1311081472572042,0.931962522733536,0.9421490882599751,0.8890172760264977,0.9485114717987496,1.1331383411938314,0.9494574558352183,0.4565168538488261,1.1566856767691454,1.041660365364368,1.007023140629584,1.0,0.923490237530681,1.0,1.2856098441175488,1.1666049992628669,0.9322168296006825,0.9701960184957261,0.6803704295260127,0.6271847202550589,0.5378714860938671,0.9116836584725249,0.9796285534466379,0.8228203433549757,0.950807848923067,0.8344140188448957,0.6619821421167146,0.923598119475711,0.9926773527036094,0.5894467336679963,1.3199656228576562,1.0,0.7221155093312043,0.9957497147056792,0.8291699538978262,0.8389890761354245,0.8446573285720005
2012-05-31,0.6453414432432816,0.8963240024808546,0.6619970730249529,0.5161194818085875,0.7707241304609517,0.8979051228792111,0.6500656084345635,0.6606712877861118,0.6590562265679494,0.6942926983299369,1.051112638581705,0.8207588523318023,0.5233953054092506,0.7317683751200332,1.029489392874574,0.9570338057735603,0.9526283493305134,0.9981082736972651,0.5023263471361017,1.0,0.7600147323175214,1.1122705685716074,0.6367241565758932,0.9397630853252024,1.0,0.8602668112369041,0.9001738346772746,1.0019394723479604,0.9409048812803286,0.8685943308798838,1.4051085323190537,0.7594374437595948,0.8806329724119362,1.0150125088657722,1.0427454286239837,0.7794368202383002,0.7807710156961484,0.5066896872299926,1.0862205955360162,0.8071047081991226,0.9931323889100895,0.7672930607028846,1.0,0.8393441824320271,0.7529582815550082,0.9901340563042035,0.8309196701734476,0.4086503422922223,1.0,0.8698255536192829,1.0,0.6239796784260294,0.5397086991685864,0.9062696741002872,1.0649996058008897,0.6393142956181019,0.657640930414359,1.3719785708662342,0.8708659191435588,0.8732878624963836,0.6413281767740878,1.0,1.2060088858902929,1.0127416553310382,1.2765146616248106,0.7730067408065538,0.9388348874797784,1.071322300802849,0.9572047035436545,0.7094372383842094,0.6898136267837814,1.0499894913353245,0.7734948585506886,0.7127349546343816,0.8243427134753174,0.9065553869663479,1.0446270239459023,0.7384973821864302,1.0,0.8703909671041486,0.5902867394679852,0.9075622956245442,1.0252288715538374,1.008013069211431,0.9092222207679153,0.8276358827908908,0.8301474796117229,0.8247256664539488,0.6915424424682423,0.6443947791536804,0.6902702124041082,1.0112053650217612,0.9253741833818779,0.9232019709649333,0.5846478168081707,0.8512932108432505,0.786571349928108,0.8764272523543187,0.7143713801020586,1.051699012270704,1.0,1.008105695401894,1.0042835718081065,0.8713525276923042,1.0,0.9996431301057528,1.0038370735934958,0.9666992876028051,1.3537348693723836,1.0,0.9453304848810062,0.9510454120716352,0.9986551629923065,0.6147616591255778,0.6546631231668567,1.1049606226678184,0.9138624565535894,0.955548161483536,0.606932915495308,0.9074900911052489,0.9824280479503826,0.7894726177940413,1.0995836754268409,0.944631825449187,1.3244664563594428,0.9401573100944626,0.9653138981144938,0.9412094300417354,0.9635778368324669,1.158658679026746,0.9329584848889629,0.45854454735536976,1.1336569819376343,1.0412564918360863,1.0069779640299257,1.0,0.9092385466365979,1.0,1.3047772609047819,1.1526973611437534,0.933858759215356,0.9620869262632317,0.8587399281033508,0.6301063237635322,0.5323058842494592,0.9833333915240687,0.9836049957063939,0.8230701219206815,0.950823594842517,0.8366512883256092,0.6993163120286794,0.934584765900308,1.0105987667009473,0.6544397134213129,1.1781361166079174,1.0,0.7224690025037972,1.010671235701058,0.8803593682590246,0.8799943142006835,0.8852333204065851
2012-06-29,0.6453098999791885,0.8803400758024228,0.661817461937261,0.525732733095926,0.7616194530401956,0.8978851400568837,0.6569329927175187,0.6606680203932355,0.6590559049020097,0.6931878014045321,1.046788370395272,0.7978497242157216,0.5189644643421891,0.7223716323020186,1.0248953245302936,0.9665436230468302,0.9605369991725727,0.9671358401410318,0.4953541113304758,1.0,0.7592336458852362,1.1041869697147138,0.649803675058747,0.920558780686414,1.0,0.8539318274066483,0.8995102764282615,1.0058302258756504,0.940517253546328,0.9186849783260278,1.3334705510650107,0.7621165512441178,0.8806235189241258,1.0137286014895286,1.0691193930982177,0.787460520581206,0.782928187104193,0.5071067963110703,1.0814202763541216,0.8090487975343218,0.9943355231986074,0.7668847365113651,1.0,0.7945560593330743,0.7597539856757457,1.001787344328169,0.8292211083125948,0.4103096972792535,1.0,0.8658978630130421,1.0,0.6235366275932214,0.5397571759539045,0.8984334981994927,1.0600879496204851,0.6369441501093845,0.6579927799498594,1.2953688438598245,0.8695371192554489,0.8735139510892466,0.6409440769162533,1.0,1.1781524377718644,0.9906578410236685,1.2926348766387739,0.7690231688587381,0.9348162785583055,1.0641779466731232,1.0490434353115776,0.7227715620526689,0.7237968295685264,1.0423523540185404,0.7778845360477865,0.7348626936230809,0.8186625805054337,0.9055024930072423,1.051344856284632,0.844306266233296,1.0,0.8699594733310458,0.5881926778097329,0.8843877882858353,1.022500445955465,1.0101003182985016,0.894782453541127,0.8172722751111847,0.8252010687851217,0.8277947184129477,0.6976651059735507,0.7051025527392727,0.7259842067284803,1.07055612589711,0.9279777864259224,0.8190194106622459,0.5790355728668218,0.8664979567858336,0.7822932694171648,0.8828104666276464,0.7378872905311136,1.0736977304777497,1.0,0.953826802207896,0.9771819023438636,0.8319309076233514,1.0,0.9968345300775573,0.9653968707102861,0.9486163113376517,1.293759955205708,1.0,0.9453049865487041,0.9522492885542212,0.9987647947421654,0.5889693040144093,0.6484245931691092,1.0822682476226069,0.912794881364481,0.9234235724871404,0.6100083968428948,0.9772281557334394,1.0183425627703602,0.8012431013862908,1.156219756051031,0.9172212429061374,1.3936780649944196,0.932033368813312,0.965517393954407,0.9251646997689205,0.955990938507232,1.164645914935957,0.8728835757625147,0.4456148242259146,1.0598166854990867,1.0111126653027522,1.0061189424878025,1.0,0.9102208948598093,1.0,1.3387176806354568,1.1641387493574913,0.9327511529571058,0.9545370681264564,0.8619799926223422,0.6281028129114016,0.5294471856005898,0.9211172543691536,0.9807559861356592,0.822367889421822,0.9420435575940985,0.8331224347687303,0.6620606788832805,0.9345367019415144,1.0125005809915895,0.6356473626831126,1.1354556266717086,1.0,0.7362508174358744,1.0346131316478837,0.8110463540558707,0.8605774497281069,0.8483382703275173
2012-07-31,0.6454166787189317,0.833339411222493,0.6616855155349961,0.5253643295337667,0.7606138338484343,0.9051762807567494,0.6514064592221529,0.6606639228142598,0.6590561848000663,0.6959164604888308,1.0433490633298694,0.8144685520050128,0.5167415032600287,0.722709558850516,1.0272044687848088,1.0162378722429029,0.9426484463272012,0.9709958415627193,0.5043421867529504,1.0,0.7581403072223047,1.1003315868892176,0.6579286835402333,0.8527663488379351,1.0,0.850573924168067,0.8998617027361917,1.0090526287349157,0.9402624444563383,0.9162095833733596,1.3585977730609622,0.816427969219362,0.8806732453856415,1.0140178611741928,1.0606727368291553,0.7804920144555121,0.7889386616332883,0.5156069707526523,1.0825266581306343,0.8100885124435778,0.9723326907037246,0.7660159614474035,1.0,0.7661386904661738,0.7871481957256025,0.9975506782182005,0.8266566578795482,0.42004426071192313,1.0,0.864180133620239,1.0,0.6239435044168675,0.5397770551865967,0.9209623876578052,1.0884824766715424,0.6382501371113312,0.6568901341206559,1.2322851362443106,0.8882008577421335,0.871507931002438,0.630922807905613,1.0,1.155356857661741,0.9791137870837763,1.2669356441758648,0.7760488625741014,0.9580887996555288,1.0829704623127476,1.017232704232053,0.7057931526973007,0.7265811814832371,1.0407676330650037,0.7741444692608426,0.7406745261379313,0.8294076416287166,0.9049990401827225,0.9919204974660965,0.830510094918639,1.0,0.857385793535401,0.6011635145465813,0.8310924245835106,1.040624573010847,1.0146360554334406,0.9485292779352122,0.8805739399318535,0.8590571426176086,0.8278334871597599,0.7146017840327916,0.6989641786560079,0.7299794609980381,1.0250749586829555,0.9450380604346704,0.8746744296163061,0.6399556223179463,0.8837408464004668,0.8652414499179168,0.8929134119399729,0.7671058650504203,1.0665659287856126,1.0,0.8685827968970419,0.971530478661217,0.8408720965068566,1.0,0.997721335676048,0.9622101968447497,0.9713201367387452,1.2922503961953624,1.0,0.9453093948544267,0.9517231869952592,0.999164416212575,0.5821851691097455,0.6302359821131899,1.0992230593199839,0.9154483271190754,0.9476288901808239,0.6081769198432303,0.9836886854997386,1.117048444190957,0.7974292709721917,1.1592085579325129,0.938658188785743,1.3826684737185873,0.9419638859360735,0.9661122303247855,0.9399757385039853,1.0226048691254555,1.1611538813457134,0.9002778875191079,0.4484613308932013,1.1627955966651875,1.0149759804988465,1.0061710192306799,1.0,0.9038666736535466,1.0,1.3238093222917988,1.184100723086729,0.9320283849940446,0.9523418822635317,0.8238587946849067,0.6300273368217056,0.5309718128223406,0.9604400652405913,0.9815123783462862,0.8232792715236278,0.9580964362962756,0.8353670144365621,0.641979549802149,0.9344376474072431,1.0113558218168583,0.6232920978924535,1.1523643890139164,1.0,0.7280338128739858,1.0299814765718194,0.871713465737556,0.8911137172705392,0.9034991144122707
2012-08-31,0.6452321611256038,0.8582418044945759,0.6616609512565921,0.5213669150374669,0.7563654233057024,0.9138734132285508,0.6231217787670544,0.6606721722013397,0.659056875089291,0.8181988989929989,1.0746211111957058,0.7721016988875139,0.5598487536198666,0.8164103599404258,1.020675383451989,1.001037601824209,0.943133640085515,0.9175230168669832,0.501633164421121,1.0,0.7587262144005289,1.1109438312425117,0.602601810700043,0.8204801411133682,1.0,0.8557005764863641,0.8983231116287395,1.009968891705476,0.9399842914626282,1.0389395784228657,1.2959830076330612,0.8078047510987542,0.8806228636098105,1.0134834442491676,1.0615500944921634,0.7593277226677431,0.7845602468482553,0.5063060033623269,1.0912713046444107,0.8270946542890402,1.0111761037383393,0.7742627102573532,1.0,0.8425489674127797,0.7588856833992785,0.9231193524554,0.8399967948738865,0.40911745462290783,1.0,0.8614866152827859,1.0,0.6235311153552646,0.5401293283091746,0.9133931905243851,1.0501514169733686,0.6382031227260869,0.656154952373424,1.2023158305083848,0.8982722142982978,0.8786336742080278,0.6227882423458025,1.0,1.168844907202723,0.9877108963509847,1.2658139398766513,0.77457601952871,0.9401855134275531,1.0477689430014208,1.0134614104092223,0.7459440791087656,0.706487214592186,1.0588744891342818,0.7736860391101426,0.7929662228147583,0.870871776834317,0.9061148281684689,0.8967946644499282,0.7136752745051169,1.0,0.8511105124707349,0.5870721660474938,0.7470283387397715,1.0217501252989454,1.0214365137505261,0.970573935418857,0.9047766902745441,0.9014854211553754,0.8401287878104005,0.7083762567995946,0.6684634526413229,0.7355291287122429,1.0228279384089016,0.9361592274322668,0.8905926654500665,0.708913900089323,0.9070940969124164,0.844407353909,0.866582551697969,0.826892567548595,1.0616936749786967,1.0,0.8726221636817839,0.9618163938491278,0.807905730668534,1.0,0.9969984692003169,0.9701002083259777,0.9456060382134874,1.28414128707609,1.0,0.9453581549897109,0.9505026933253132,0.9994756793838487,0.5762475836196441,0.6402922510081428,1.0891411949685366,0.933618783712515,0.9634365096006132,0.6095768002725456,1.00862717609628,0.9994573171681047,0.7759255415620565,1.1833782741027308,0.9857839916516452,1.3802015047909335,0.9188644485979414,0.9646849436227296,0.917858643363933,1.0548233689090456,1.1528808194049953,0.8356731394834436,0.4446373655982663,1.1465645227235224,0.9567600917346726,1.004787512859001,1.0,0.90378301235341,1.0,1.319895081558412,1.197664134773147,0.9459900045625653,0.9764041754382348,0.7115407396580955,0.6243064176450266,0.5700882388342425,0.8797127117003705,0.9788514145946773,0.822962838690869,0.9368207952509799,0.8324050205391219,0.581919663806083,0.9456226449789745,1.0100859445366541,0.5626602002446811,1.164416111602285,1.0,0.7262500150671165,1.0429665832722255,0.8079145049068353,0.869290674550955,0.8529556171783188
2012-09-28,0.6454411998280338,0.8298208391370387,0.6616272514531581,0.5155964492791996,0.7591553700852007,0.8885144463684744,0.615134996643353,0.6606847064213632,0.659060677908447,0.7962927977076617,1.089093784423791,0.7323829030462643,0.6333359135021418,0.8290076571582292,1.0085541350862084,1.0206980193299833,0.9425327106908389,0.8736883642535762,0.49576362065111024,1.0,0.7574622756892403,1.1065799431865926,0.5822762090534578,0.8116540401551255,1.0,0.8564368156577773,0.8984162694125609,1.0120748912196658,0.9397469289882754,1.0188294274775513,1.145141609214254,0.8252193739524942,0.8806186731832958,1.0133886165286912,1.0320668550708694,0.7576083663622316,0.7840287808002806,0.5068902234701509,1.0800007760371748,0.8253926283857769,0.9638321688164557,0.7704897141176351,1.0,0.8177661571339752,0.7437681272691175,0.9009239519814075,0.8460368782421013,0.40350874897764766,1.0,0.8610832980661082,1.0,0.6233827838937563,0.5400709458135813,0.8737775300595668,1.0198023140519221,0.6346380667417473,0.6571165313472084,1.073304646053525,0.9005408608939957,0.8806821421695455,0.625417897192086,1.0,1.1652422906105508,1.035682722108476,1.3538143620395051,0.7372979641124113,0.9193996935707314,1.0049757707912774,1.103859202495293,0.731493788107451,0.6717235382609466,1.1475974766649852,0.78068956664224,0.8441671242979883,0.904100919065945,0.9108679140327441,0.8559489124144681,0.6754192856228115,1.0,0.8857147991497945,0.5965855758101581,0.729371772055434,1.0025164896071337,1.025428696628932,0.9751542988241585,0.9040385518277174,0.8918185633209009,0.829357025794055,0.7009522147717624,0.6976898544106802,0.8306002890095331,1.0966713894094833,0.9637072252614272,0.8551731120295127,0.7969607211439866,0.9694221937228322,0.8193468989005563,0.8775716812424832,0.8126972652491994,1.0954891206870339,1.0,0.803043483093554,0.9146481379427894,0.786954521969197,1.0,0.9917559240502165,0.9664837402122762,0.9332355308689089,1.2230615185720468,1.0,0.9455338830189629,0.9489527040679004,0.9997329926056502,0.5753975176729734,0.6438652631189383,1.0616506707252678,0.9390855963303707,1.0761146573568916,0.5975226970188134,0.9870590761127417,0.88403676937137,0.7827004624844361,1.2522108190953865,0.9421557438055754,1.2991649927746567,0.897593331063499,0.9563148817481044,0.9016853794581695,1.0304270443148218,1.1356893120556926,0.7805216699836092,0.44227904060777956,1.222044036312343,0.8255661193250342,1.0009846285371014,1.0,0.901100322475648,1.0,1.348769291166981,1.2047027926459108,0.9559732754605226,0.9601945300637497,0.6762857383720162,0.6252828955354827,0.613599800024487,0.7787764910680715,0.9775312168018605,0.820973097634923,0.9151373890696282,0.8299713554019676,0.5629608987032458,0.9540004755579868,1.0124912345210009,0.5497899543616456,1.057664200662373,1.0,0.7317802052706472,1.0433331203499376,0.7649422346289196,0.8410961388581604,0.8167772604368377
2012-10-31,0.6482244845044751,0.7242639937282539,0.6615520578172724,0.5129538400011506,0.7632253797646185,0.9472271376457572,0.6054824250506616,0.6607617114660875,0.6592993120001231,0.753690488992157,1.0657969635407212,0.767679820900213,0.5719887041700047,0.73437950330499,1.0214784820025924,1.152276700024179,0.9323142718384,0.8860948814376106,0.5052050820758429,1.0,0.7551755027619267,1.0692310406234842,0.6075399862871378,0.8014216467630143,1.0,0.8417514715083598,0.8972386423102297,1.012269589415523,0.9403261476446798,0.932881677221416,1.1668596290325737,0.7615563313428731,0.8806376472799688,1.0143232757615388,1.0262508460652207,0.7602191050025141,0.7950977080375001,0.5128317701421088,1.039486009050898,0.8312878705830464,0.9137149451691621,0.7821535938670153,1.0,0.8386450078978896,0.7432636395179807,0.9537151571014222,0.8486937196011848,0.45476272300730525,1.0,0.8618649800375024,1.0,0.6247137303555441,0.5438648668606059,0.8807497120269516,1.0408995100689562,0.6896261041782262,0.6560978533265589,1.043330163980462,0.919064904716443,0.881588505846609,0.6210292662666219,1.0,1.204028403259674,1.0090625526790822,1.3247281672918818,0.7909441251196856,0.9307762804295788,1.0216351772528238,1.0087850333416244,0.7715234943255381,0.7033904768933422,1.053462942405672,0.7676199525125565,0.7786048490740016,0.880225942301738,0.9041813947010147,0.8104619673107226,0.6575443878500661,1.0,0.8478718722834439,0.7103083254956464,0.7854640096404352,1.0225355928292597,1.0274729727827867,1.0312306009542258,0.9594997092178562,0.97429863084785,0.8723168881549958,0.6917271798593987,0.7658955705189182,0.8002554025949218,1.1256428015675777,1.0006192445662752,0.9141689317327857,0.7890787534970112,0.9647664554525428,0.8691492877939074,0.8596968894136099,0.9219347233636044,1.0513145481305057,1.0,0.7570965822551988,0.9507514543636237,0.8107634763617447,1.0,0.9900100812799516,0.9760892672633763,0.9418288341919383,1.232477272082026,1.0,0.9458978998570561,0.9493028253784783,0.9998445259886976,0.575659438164225,0.6346579014465686,1.1255064573713651,0.9118255006214293,1.1206737557255766,0.6013490718313783,0.9770626482794659,0.84400372483817,0.7798514639490105,1.1964812470417896,0.9971067752735173,1.2932692448224499,0.911415847307134,0.9729041912604978,0.9386935698542821,0.9945099454617512,1.1201662301232085,0.8368507906452041,0.4612439927302072,0.9919221089980809,0.9218728651199743,1.0023848817842085,1.0,0.9181436703997096,1.0,1.3315477088100558,1.1990032596558218,0.9525223032120806,0.9632529830051646,0.6043039435896782,0.6385496332188185,0.5611849612173979,0.8651031930952052,0.9789329524691532,0.8209292969997275,0.9291615440686787,0.8389896163848869,0.5435164766571854,0.9434209740976675,1.0085019396151984,0.5567380606861567,1.0813631528574474,1.0,0.7273412881506214,1.0183977101646227,0.7843178627760606,0.8528631563064941,0.834371146465091
2012-11-30,0.6478012744476234,0.6878777691756202,0.6615384981743053,0.5126525452179989,0.7673523517113177,0.9457306481530099,0.6046469226458506,0.6608053877255939,0.6593704727506038,0.7690100676328168,1.0731684100317702,0.7557553404321777,0.5454078703318979,0.78203516902168,1.0186518496759098,1.13053005778293,0.9287334520616441,0.8715936627357891,0.5098977120987189,1.0,0.7560619147435415,1.0987426282515154,0.6138771635946261,0.7897365831362397,1.0,0.8523877171181329,0.8970276104938578,1.0124285257310695,0.9408650130207581,1.0239192374287105,1.0600207565497204,0.7624699925655749,0.880618369336092,1.0165219745192429,1.0142338114297171,0.7595600243526976,0.7898624064043741,0.519898961338954,1.002292676955475,0.8478342155752667,0.9542364633102856,0.7885768600461984,1.0,0.8213322464298176,0.7403633017099925,0.8961690728010621,0.844837789931158,0.4617151846199453,1.0,0.8613952246155189,1.0,0.6280067183935563,0.5437127902820144,0.8352004342301566,1.0450163548198264,0.7186952303169076,0.6578393404434084,1.062340293265436,0.9137285739227514,0.8747349424407083,0.6204735030585267,1.0,1.0631602392384112,0.9604760880117533,1.2316348813106917,0.7945552024373674,0.9193705360711968,1.0060987968104431,0.975275079697975,0.7948254023171308,0.724338243673172,1.0812955740893557,0.7673496214345525,0.79712801739618,0.9061345824451447,0.9047680669650082,0.754135830534366,0.6589085251613415,1.0,0.8450451290894427,0.6906898627798275,0.7654598020170715,1.0116103839899584,1.0259014194618081,1.052276292562341,0.9598495813717667,0.9796802059119007,0.8777248037742348,0.675530498460357,0.8272160501982894,0.8044244350425228,1.1317893772499077,0.9934374617608024,0.873387990639529,0.8084820257431348,0.9772902569502037,0.9058416073584362,0.8595416435235986,0.8902263438753728,1.0192138676691833,1.0,1.009809499788464,0.9420721815753981,0.8068238360345626,1.0,0.9950243265028782,0.9956950730162122,0.9355188899737509,1.186814365168001,1.0,0.946370386292548,0.948965841209817,0.9991921026509772,0.5755804117814789,0.6316609910050452,1.1125611540117082,0.9112392694087474,1.1273755886607655,0.6006332920185062,1.012053986615895,0.7936988047744021,0.7649641438812492,1.1320257348709961,1.0263026618682083,1.207900099769101,0.9015544777016075,0.975133083927464,0.9388891417543633,0.9801305259387232,1.1146647555815816,0.845160754461979,0.4955656998251986,0.9247002154039121,0.9107578843562277,1.0021705419202007,1.0,0.9173728030214734,1.0,1.3155202858394248,1.198887380296219,0.9788001061999627,0.99066905371119,0.5999917326261914,0.6441937968144178,0.585678505963678,0.8251460508569025,0.9778785408799691,0.8214030552610038,0.9502582988577172,0.8389298294348029,0.5370770874811719,0.937667446274013,1.0042472130869857,0.5552332388846324,1.015352870199607,1.0,0.7253599677697358,1.0076411921103008,0.7726075016943939,0.8421573466534424,0.8246417530875637
2012-12-31,0.6503935255848791,0.6922971999781228,0.6615395347587585,0.5343015549223901,0.7621904808277824,0.9412602518130287,0.5700704283457942,0.6610245728287107,0.6603500643603192,0.7899008212246308,1.0917111825403294,0.7298264601707698,0.5897940485622141,0.8539052798921629,1.0131992261262686,1.1273844992477389,0.9243005360729392,0.8445810576168211,0.510636158884602,1.0,0.7543540260865189,1.0986026899266452,0.59836528847632,0.7798921413177361,1.0,0.8535092902468728,0.8971788838147834,1.0123673685891041,0.9403579394616794,0.9503420231090908,0.9629007286139558,0.7265054849542137,0.8806269711177778,1.014968248581605,1.0107586924806273,0.7546260266121607,0.7844169875306933,0.5125307879038159,0.9845498575396663,0.872808741596974,0.9367451813336187,0.7922590533772491,1.0,0.7870837303967777,0.7375813940777848,0.8376451650329031,0.8574161638392821,0.47757592369901924,1.0,0.8611666130150544,1.0,0.6285570957676787,0.5472061648699647,0.824363238656017,1.032623688754462,0.7028551080868263,0.6602427503497106,1.0266926029747234,0.879855169299177,0.8747247116098038,0.6191435571472824,1.0,1.0342399895759062,0.9387382997808495,1.196493871073016,0.7645005269671642,0.9096621438960149,0.9921455172801127,1.03168452588524,0.7843112618333573,0.7647922856411152,1.0819077201522902,0.7802863580335865,0.9140139180641917,0.9990519265135521,0.9148195997141578,0.7340861992598833,0.6452433547256862,1.0,0.8400948227692071,0.7055857500396066,0.7994369121877815,1.0011547860854748,1.0263273878876598,1.0434005606294576,0.9463482819757747,0.9705694268917132,0.868454181229751,0.6782061579946781,0.7479842670207013,0.884391988055542,1.130398287743507,0.9854170622855543,0.8956491051332262,0.8808023139018651,1.0018128334560057,0.8957926962204462,0.8597837432457215,0.8415292044010215,0.9835962547050395,1.0,0.9483427451397701,0.9221271598193456,0.7922660723481905,1.0,0.9955457884928419,0.9949429810017296,0.9254063977088819,1.192121561185297,1.0,0.9469668325976153,0.9498980162186622,0.9988968559635503,0.5754297918888338,0.6300608078342362,1.0983515459160806,0.9390193972535288,1.1451647793186175,0.597380640327235,1.050576510488534,0.785988246065357,0.7748897372896686,1.1490252179251077,0.9929815566089097,1.138901198932903,0.8920345236642006,0.9690075772268468,0.9165784381317688,0.9475303720551614,1.1190183987114959,0.802595463993917,0.5411583343189688,0.96160281358218,0.8388659393940318,0.9996169260606501,1.0,0.9163982027022607,1.0,1.3295572810493015,1.1965004232756422,0.9968718188851053,1.010795592561356,0.5403157190544363,0.6411637950315314,0.6297984635361726,0.7499557753088584,0.9765379205199428,0.8234898229505437,0.9359564160750784,0.8380605745451569,0.5369678953708572,0.9330361799506588,0.9983574094492869,0.5406245462842866,0.983581205643345,1.0,0.7399694355460713,1.0112270238627747,0.7575289865775889,0.8201690110089072,0.8108345069112292
2013-01-31,0.6556354858571596,0.672549310610709,0.6615513513723349,0.5423007694941008,0.766820048068644,0.944660838689952,0.5629470914552629,0.6614510827242246,0.6614223987901257,0.7239904100139365,1.0878439553634065,0.7349361736035593,0.5954580944109941,0.8297273982877978,1.0175436623581093,1.2506749303341933,0.9056672752470094,0.8332776218030069,0.5223972530634133,1.0,0.7530756698156473,1.0697788926666463,0.6622267724078528,0.8028872349602794,1.0,0.8423099444890373,0.8970447342352517,1.0123425445031633,0.9407276356593416,0.8994198307194091,0.9939678410502512,0.7957290107211171,0.8809357697296598,1.0140185584411723,0.9940142309977626,0.7588337324850398,0.7859153706611476,0.5460378195402352,0.9881109666663772,0.9015334846823986,0.9198595804692207,0.8002048603582739,1.0,0.7226385996722899,0.7394265105899887,0.8084203267195711,0.8595870583228121,0.5144584762242081,1.0,0.8613546634262919,1.0,0.6322023309530032,0.5514413019497231,0.8863846117985066,1.0842920152085076,0.8604514786250235,0.6904408218539906,0.9645571109640924,0.8851148784796665,0.8806243456968504,0.6175330450637093,1.0,1.0080678353590298,0.9150807641419663,1.1255775306137505,0.7954933228635095,0.9222511208402309,1.0082605855454065,0.9575675193531962,0.7812398953427213,0.8747035664836339,1.0648795732158784,0.7811250044315506,0.940326306583766,1.118610363029735,0.9294439254417481,0.8101258036933061,0.686381927397682,1.0,0.8798996228512818,0.7801248080975021,0.8666334438115297,1.0107390223233101,1.0251847571545973,1.060979393363294,0.9640354013916461,0.9873573444217811,0.8853963660320703,0.7050701584983867,0.7684767215178525,0.8503034302764384,1.1139197971953199,1.0178346339488848,0.8937041434484615,0.8969840045541229,0.9496611585277251,0.8735649929482231,0.8639465086396072,0.9089822718759689,0.9523217047968934,1.0,0.8198688475741407,0.9655638220798811,0.8052559887659099,1.0,0.9943355673302139,1.0376542942103555,0.9269141777185069,1.1470243136773246,1.0,0.9492010867845596,0.9494806391881685,0.9990735355350494,0.575577086801482,0.6332638624227752,1.116659307347957,0.9510820446057412,1.1421121835482912,0.5985173770026795,1.0108327933955525,0.7908163091817082,0.7920115392681096,1.1892111986498124,1.0032460343139036,1.4009286776614172,0.9105896167931015,0.9790960228109289,0.9113792682479664,0.9367637654904819,1.1135356711581565,0.8145145325931686,0.586146310961356,0.8918077235959184,0.9127841904204549,1.0021947487116218,1.0,0.918785659449175,1.0,1.2949535212592276,1.191552638291002,0.9833805267376322,1.0134533434544377,0.6135279118522596,0.6514843230090905,0.6282535259022832,0.7761915201601326,0.9767464543770256,0.824362594380859,0.9592640150096324,0.8395878243593227,0.5542509777392697,0.9257107623414733,1.0024930540500312,0.5528918843264479,0.9993635840582871,1.0,0.7314049983203978,0.967071084447748,0.7644611493225072,0.8280949509478007,0.81622916807333
2013-02-28,0.6632762257626589,0.7304517812666027,0.6615502010539385,0.5436222301626462,0.7667148432912422,0.9485941783105077,0.5625359781729133,0.6614657982601199,0.6611302160061349,0.7213232018908746,1.080250682587449,0.7461771805735522,0.5155039977336842,0.7867232173075127,1.0186207845135384,1.2724273546848333,0.913960060801676,0.8138602832706895,0.5217262280480908,1.0,0.7530217634743421,1.0683833287916311,0.6952867821185318,0.813974464168799,1.0,0.8621700571069979,0.8967736292071967,1.01237805331327,0.9406066350441347,0.9462902425070686,1.0372741984176743,0.7944004492190513,0.8810184332834178,1.0181755769033711,0.9901011486495859,0.7625505796263159,0.7885176894732907,0.5754383253687251,0.9892563139124636,0.9124130006988524,0.9268879165121677,0.8454640843819099,1.0,0.7222902345225364,0.7513815314335167,0.920103663607102,0.8530972094145755,0.5090326178260225,1.0,0.8614988288650451,1.0,0.6390655227580808,0.5482218095899463,0.824679835304956,1.133098551025586,0.8613425538640072,0.7128228225708482,0.945790622641611,0.8914845814832797,0.8766660876253297,0.6153190500723926,1.0,0.9780479464092419,0.8943426692575339,1.0552973860284518,0.8207325690469539,0.9363365019357255,1.020581177336779,1.0507307524700862,0.7615319586104924,0.9303612831087483,1.0511878241871317,0.7716141653667583,0.9104928452560135,1.145377079990374,0.9273146972969195,0.8696453410675813,0.7067472498517187,1.0,0.8861591850634163,0.8174863158791572,0.9117191269523868,1.024118301778925,1.0279890727492178,1.0783601721852873,1.0080882077791962,0.9948987773712282,0.8954845628789865,0.7021506132733586,0.8391465665794384,0.832136398792559,1.11232033972542,1.0292311515015027,0.8742784853827231,0.8473826575226141,0.9415654189829641,0.8619051638513126,0.8608778437768188,0.9290273619052645,0.9244667068981239,1.0,0.889500572336887,0.9730946669697932,0.8172467849781826,1.0,0.9937132000847262,1.0426393542861088,0.9277233126860631,1.1088433164636167,1.0,0.9471623963381428,0.9514123163543173,0.999490001009384,0.5757511935472562,0.6411478922585845,1.1269177806528832,0.9426015194549496,1.1322445590588763,0.6023190372155098,1.028443942803818,0.7938019591128201,0.8397883194290354,1.2512693722008261,1.0954592906182559,1.465694867436224,0.9215511393338938,0.9847456664402517,0.9067870494242374,0.9279859933767164,1.1117716004923366,0.7976587618011399,0.6191238661040547,0.8377563075048458,0.9589813740934632,1.003887730339755,1.0,0.921547604460896,1.0,1.3163089315776977,1.1852356443771692,0.9860739141764576,0.999462714188147,0.7358821428151028,0.6386748549326169,0.5879862301148525,0.8402316203022876,0.9782187848351417,0.8325531028685771,0.9507613348473426,0.8394820853987783,0.5643121366182822,0.9226422000385965,0.9982140242671035,0.5834467914814114,0.9893270262164937,1.0,0.7280874341253885,0.9702418766802772,0.784237712100978,0.8459818406395596,0.8289498036178576
2013-03-28,0.6618849628245753,0.6411934661381906,0.6615515922910779,0.5406753195064057,0.7714774929279513,0.9493457520924597,0.5833899964084295,0.6614090632704963,0.6608599932646597,0.6913821254321909,1.0823486377845728,0.7415413877690118,0.5482310874807427,0.7960359179341259,1.0172630695151812,1.2661637253539892,0.886786058645256,0.7779089461623909,0.5239507291246286,1.0,0.7527482222811652,1.0234409403662024,0.7059738816531984,0.8107484034218642,1.0,0.8876615343868022,0.8965060154568765,1.0126627913902408,0.9403552030407175,0.8981222427434352,0.9636972862214238,0.8140007557442518,0.8812233713828521,1.0189409382023056,0.9791097445923008,0.7640706929717631,0.7873480775201965,0.6443435984481197,0.9969331299231343,0.9628313133178545,0.9075328824732849,0.8463411398646199,1.0,0.8065273476045429,0.75949612065701,0.9272846072497993,0.8438908144276029,0.4956160011607239,1.0,0.8618125360215009,1.0,0.63511489779343,0.5448064817211076,0.8162013959399957,1.1174698301766308,0.9664180468453718,0.7307995594871802,0.8886117406302316,0.893247334742335,0.87438992266521,0.6162693086651972,1.0,1.0003693558016997,0.8955524851178027,1.079230954041991,0.822906562940881,0.9290765688667628,1.0128424512819199,1.0624331669677616,0.7386344687803867,0.9694929889150118,1.0556370719576185,0.7705044074307152,0.8993768865600484,1.1387979282745726,0.9329894957801614,0.8562207688126922,0.7886963939805318,1.0,0.8989786199580795,0.8232742761559072,1.0203135687145342,1.020656329785715,1.0295588562084945,1.0930767227447358,1.0716405156437794,0.999745623602349,0.9117483830767691,0.6894485253740765,0.838567845153809,0.8465972228159269,1.1166685492847317,1.0276394218934755,0.8679453399810426,0.8473312359806937,0.959850304907616,0.8669410841299893,0.8652105796738496,0.9388952885703918,0.9655170429586373,1.0,0.844285303430989,0.9684502499485457,0.8339532633675099,1.0,0.9924540507220712,1.033126716711065,0.9275332360108024,1.0966629546289235,1.0,0.9462085059325726,0.9518077766275546,0.9994316109350266,0.5762595789320449,0.648970371037884,1.12140828138856,0.9299295741418905,1.1438793439841386,0.600347210853519,1.0290027762606957,0.7931344408191547,0.8567440786041017,1.3390056323603658,1.1599512439435404,1.537387100041335,0.9188971768713626,0.9905875738704233,0.9239066938247825,0.9346851760772326,1.1059594841410585,0.7975525303824692,0.6224466519068133,0.8104069716251802,0.9607502402315368,1.0035169971659677,1.0,0.9211487873763173,1.0,1.3113135417924873,1.1983127611234674,0.9839033918516309,0.9874292137864485,0.7496720008485371,0.6399044524699382,0.602036918174993,0.8397182068959066,0.9780042717668116,0.8360111658237881,0.9296623588820822,0.8394517663339176,0.5845010027365585,0.9282515175339567,1.0096624438139385,0.5806939246181587,0.9195761445643126,1.0,0.7227845716066937,0.9712320224756813,0.7814515612319306,0.8456140183805132,0.8274210932720534
2013-04-30,0.6576608590582642,0.7219361203771667,0.6615611392850219,0.5330319285298635,0.794166576474798,0.9450539021526353,0.570136899432633,0.6611571883299725,0.6606301143860935,0.7088774551211434,1.087742984833209,0.7358936127197147,0.526127322785045,0.8141365739271719,1.0160470396355266,1.3029520009241955,0.8626237141943314,0.8091568560769584,0.5215278906932819,1.0,0.7525621905702574,1.0615221509927246,0.6943914883139524,0.8094782736133233,1.0,0.8994073082275282,0.8965913863558626,1.0126499979152155,0.9408761964060877,0.9753248254888195,0.8719972808547147,0.8501942717460363,0.8813588943456653,1.017310869961937,0.9805574175630406,0.7950209112139422,0.7915325302668459,0.639416547580405,1.0065959548391494,1.001562985321574,0.9033066775152652,0.8438205293564256,1.0,0.812029810858237,0.7708788711558227,0.8796656903614608,0.8461457565409428,0.6061219260769752,1.0,0.8613769892189918,1.0,0.673710086614123,0.5505953396811222,0.8822786672553774,1.115505457839924,0.934174526883228,0.7101912553601766,0.9506506648412019,0.8886223620668067,0.8725740613751973,0.6155127297213722,1.0,0.9738978126822383,0.8853894979827625,1.0649209455021622,0.8160154956070058,0.9264362045523411,1.0103564325230325,1.0263183174215118,0.7179965142023264,1.1943116575865347,1.0160240069180255,0.7706085196755869,0.9175454126489118,1.1579714833397698,0.9435214760072066,0.8298064526221633,0.7841718034960544,1.0,0.8962020478268762,0.8143947085495111,1.0250728539800351,1.0143818154708448,1.0289737494352351,1.0941326417544366,1.0882602659031004,1.004190715695594,0.913197294718073,0.6858633990998935,0.9161626569428252,0.8013546297723775,1.1077854353918943,1.0335499653358655,0.9173540141353813,0.8385420081729625,0.9654756864339211,0.8660877600042274,0.8582760335733617,1.0029121683216138,1.0288100239118254,1.0,0.7930038577132645,0.9668165044482807,0.8272243372225738,1.0,0.9938323383475521,0.986144480836236,0.9276152049379284,1.133862505353228,1.0,0.946329989725889,0.9512016977477193,0.9993371031594899,0.5803429206319175,0.6608082606277683,1.1101755694425666,0.9562248772068747,1.1465662099963598,0.6002387573952085,1.0272839293936518,0.8170109662502323,0.8836036130723744,1.3476054995779367,1.209189272742777,1.5468513466306266,0.9131774896986878,0.9880808892780458,0.9030896426573658,0.9076848582598986,1.1055441464622067,0.7818481966588462,0.6675804690068261,0.8059787482938037,0.963898859650526,1.0038653049774702,1.0,0.9162034045360115,1.0,1.3080783529938202,1.2013593918218866,0.9890049381795935,0.9852528357444842,0.9911302665120505,0.6369905836573163,0.6357824426620284,0.8042601414971686,0.9771220266134493,0.8348172457992888,0.9144440179171944,0.8394047043464152,0.590026562819085,0.9368223684637134,1.012279468426134,0.590050005783817,0.9150181616350852,1.0,0.7547450979287906,0.999033146191885,0.7678580071837631,0.8330997076442609,0.8171595016106684
2013-05-31,0.6539307610512921,0.7778415513794686,0.6617514365835804,0.5424955554377837,0.7869878459581654,0.9415025342889928,0.5727014668582211,0.6612989548020861,0.6603439203107229,0.8991872274064127,1.1112078285400668,0.7096709597606238,0.5526573930453287,0.9215741892206675,1.0054901448264568,1.2686104136385297,0.8625114017828093,0.8252977056665183,0.5165572081533671,1.0,0.7525214877860146,1.037345373004867,0.6412207363461835,0.8086841946215292,1.0,0.8908838530272638,0.8966640205533319,1.0125348513515344,0.9403942396360655,1.0228204507593588,0.8085022583066165,0.884337523212485,0.8813208334311973,1.0148512388323492,0.9945952837389753,0.7685376280321208,0.7837744177033353,0.5941751996858469,1.04368869284955,1.0981763271867682,0.8726336016347036,0.8316681327479023,1.0,0.9089580058499925,0.7435707738123032,0.7841909371334252,0.8737412412625694,0.7563979194450228,1.0,0.8612211939236902,1.0,0.6737502451499058,0.5766632109402676,0.9330133871213515,1.052512661885274,0.8344815555339277,0.7320345869670208,1.0182423412237251,0.8728694877989601,0.8783048612869555,0.6216046906813719,1.0,1.0117603314976915,0.8941330240977048,1.0817418450880043,0.769571112114388,0.9145253074304035,0.9927709236977517,1.0915964777077116,0.6782020618498315,1.0543401756974742,0.9664141056786792,0.7899644934404071,0.9720263457675243,1.1898006633256708,0.9652815965186057,0.9036531059485807,0.7368368381356039,1.0,0.8744809820538437,0.7822137402410194,1.0163930781294546,1.004915984964434,1.0273180989374022,1.0545190309853472,1.0554217800443537,1.017541012626042,0.9205865544887633,0.6708338433091685,0.9200645037971777,0.7920540840312551,1.1105098350803093,1.032607033170483,0.9282276774916978,0.8411881091315168,0.9550139192352365,0.9448616109295114,0.8525184946416741,1.0004044568559558,1.0968898772859337,1.0,0.8656571883220427,0.9500788584357409,0.8137292649438953,1.0,1.001019464458159,1.014202933721892,0.9239811883980021,1.1080474102365265,1.0,0.9465628923330651,0.9509796797890275,0.9998338733268665,0.577392938390717,0.6469349547914618,1.0908933608922906,1.0258074507572512,1.1912639590486305,0.593255286552469,1.1021689625978222,0.8210636958393129,0.9404370549867284,1.312814071729106,1.1030639993323303,1.495689983797031,0.9014527993817006,0.981919509108322,0.8791557101431975,0.9009306325121934,1.1083490417320208,0.7745627126248731,0.6967290806504933,0.8279809672533504,0.9222014017331764,1.002335222278718,1.0,0.9113252186910912,1.0,1.3396742112043016,1.2016568983151843,1.0268214975497896,1.0517415959875502,0.9075968273914824,0.6474314652281559,0.7691804356480796,0.7204517601691751,0.975748192352939,0.8563121648673729,0.9184197511414485,0.8396905985296921,0.6295444443601421,0.9279889798847182,1.0043736981912679,0.5560273301021106,0.9133245229176165,1.0,0.7592699031527644,1.004996794134667,0.7557601241995198,0.8046362132058308,0.8080942884881531
2013-06-28,0.6563988581851679,0.7942116772357641,0.6620793561828255,0.5262858007687092,0.7900884770147335,0.9430865425644306,0.5620376810520635,0.661423912417227,0.6600045929470217,0.9253576785003381,1.109922789937661,0.7120461225134198,0.557092693055977,0.9126234072220365,1.0043178305154945,1.2981171589440592,0.8820191359286597,0.8318425458153906,0.5308742968437894,1.0,0.7522786511920311,1.0859956727215812,0.6150218977189759,0.8233303454093837,1.0,0.9287878771737361,0.8968659232623831,1.0123710840165547,0.9404913626734661,1.0692540810779294,0.8504393474834148,0.8837478795179581,0.8814974086839252,1.0188589024015469,1.0090950124134346,0.765273647427117,0.783551988149088,0.572510217041174,1.0671974179759833,1.067991543975286,0.945409867529097,0.8399942202301793,1.0,1.0002376596734603,0.7436426172772836,0.7960450866126717,0.8776606829615576,0.717493453482779,1.0,0.8611327285982481,1.0,0.6957801682500246,0.5722618517543017,0.9248514089412079,1.0456021862748979,1.0816847732815114,0.7285446835538796,1.062467026515476,0.8778909982623365,0.8801794892392262,0.6184962412726525,1.0,1.039209730831985,0.9021039927130854,1.0864357862538065,0.7719254157251159,0.9144631348900343,0.9958088202034443,1.0976493051964358,0.6732709304273357,1.095373047061601,0.9745531217087072,0.7808257904266857,0.9404558653601055,1.1940685285993553,0.9554541523384634,0.9329621085587496,0.6926045549479427,1.0,0.8688204918693543,0.8050283043619241,1.0396420703406892,1.0031368204270812,1.0288291262402929,1.0669329488557453,1.0995990211983004,1.031284597361151,0.9359004878949585,0.6657086795861441,1.1146348349558068,0.7488305122032319,1.0881007300653174,1.0459624866633936,0.9382747472331415,0.8047540251288038,0.9415583143911147,0.9698344830184378,0.8554123360980901,1.0639250943477527,1.0997239687017728,1.0,0.9374901051904997,0.9645325582080655,0.8248732764337464,1.0,1.0019133512239722,1.0349551143102433,0.92716977128014,1.1239305993088375,1.0,0.9465049822937777,0.9499406455180335,1.0006866076412768,0.5797372498317261,0.6783164888107045,1.098587155005373,1.0395161298664983,1.206232106310591,0.5917600459078152,1.0710795941010884,0.8083984012040317,0.9467760369934104,1.3283199059537825,1.1947612997684562,1.5241228478835658,0.9023790974320922,0.9850467463328387,0.8902804527091229,0.8982510110423757,1.1085732864630178,0.7719528806383729,0.7356015048983666,0.8168685984451285,0.9420684292009512,1.0032882417442046,1.0,0.9246398281329908,1.0,1.3406767054008073,1.1979564760750174,1.0337365179161726,1.055635713118266,0.8889844125722828,0.6624663127879401,0.7411381782615183,0.745694483811044,0.9760262940998773,0.8840014007639896,0.9329412609393674,0.8391470393842934,0.6500137758842499,0.9284815385477525,1.004960396891518,0.5539867656627411,0.9091859507044182,1.0,0.7301889580056176,0.9766374922007879,0.7592939618639127,0.8182235210102884,0.8105624397192641
2013-07-31,0.6625464378891366,0.891749679294995,0.6622721285967244,0.5286629078852534,0.7935394283989954,0.9442886415446204,0.5758817946594192,0.6613455855778769,0.6596107838906166,1.1674341568578617,1.1178607351079826,0.7037061618206614,0.5597516143238113,0.9218502536660805,0.9928614567546341,1.3115623693564107,0.8998037883318137,0.7842307993611028,0.5108162039399885,1.0,0.7520859391909757,1.0873094687562244,0.6180942490491365,0.838376147811041,1.0,0.9903663822766958,0.8968455313215165,1.0121223173457996,0.9400635211771765,1.1576190135266995,0.7837973264802613,0.8275153220729292,0.8811929530758009,1.0177363926910399,1.0960886263265661,0.769157709107534,0.7849560405335269,0.6097117862070089,1.1347092281874362,1.1564797349781155,1.0333230748086797,0.8310269559572635,1.0,0.9872626778020159,0.7408084497674352,0.7654361641016982,0.9118243531187799,0.7130414818603539,1.0,0.8610026045260738,1.0,0.6629954875250419,0.5858955995139152,0.8857112285490809,1.0203270789036585,1.1750257124713976,0.7424397736208628,1.0834905116875193,0.8915048243428256,0.8774666509750166,0.6191233857539655,1.0,1.0936847131240075,0.9239069483635141,1.1519755172598953,0.7741502790872583,0.905801412303313,0.9855181745283733,1.1721288821048705,0.6942551890101711,1.146112677411675,0.9761514840599961,0.7836318185439591,0.9447176913792787,1.2031198261929077,0.9867281245039748,0.9814842054118909,1.0110198278059357,1.0,0.8839467038514901,0.8297617515586051,1.1130828238247237,0.9903737971003833,1.0320938365458412,1.057745046151527,1.0977761356730948,1.0342860423429734,0.9397207101022765,0.6592204160650917,1.1449029990779362,0.7347243727728119,1.10769481862102,1.0387451419803908,0.9168047446878465,0.7440030428241057,0.9379304104936499,0.951744439788936,0.8544469648459014,1.0607874261336585,1.3071247186536414,1.0,0.9926459709930482,0.962704312500005,0.8216979054166449,1.0,1.0024487073403134,1.0118577576453365,0.9224837241446419,1.0884524016781623,1.0,0.946845026911791,0.9513218138103658,1.000395172289248,0.601349616572801,0.6572201370187707,1.0749520098080085,1.0760272548596288,1.2228547608731413,0.5930019092502673,1.1317387386403408,0.7869087132603486,0.9920100109017245,1.411310402936695,1.294728985254165,1.6102079978285682,0.8935368636670702,0.9956567488253187,0.8949090986968777,0.8916916456978358,1.1137484380778917,0.7138786385825915,0.7318955203926629,0.81029432187929,0.9185624790593412,1.0025828320791235,1.0,0.9088122899236423,1.0,1.3576446032738925,1.1840575150979615,1.0800667138221447,1.0595026952986122,1.1044815390102638,0.6592586872599818,0.7581093640342241,0.6996980456053983,0.9753489285093839,0.8750485328487891,0.9061103067339309,0.8396527578258317,0.9679147385959892,0.9591619951790588,1.0200556178856646,0.5572759527466926,0.858372720746682,1.0,0.7334058646848745,0.9947284996303818,0.7532735368821393,0.8004316750062318,0.8060707420513923
2013-08-30,0.6552215782765252,0.8549433075845259,0.6628948104807368,0.5184166517565281,0.7840268393476348,0.9584480689748774,0.545080819175604,0.6611210438855107,0.6595166735423966,0.9891479893461155,1.1112726740364467,0.7144550056849264,0.6513228371040232,0.8553672875141408,0.9985064484595246,1.277508332812975,0.8964740844689396,0.7858289140462762,0.501576503116955,1.0,0.7533731128738297,1.060970778739499,0.5681286983112364,0.8380962405876736,1.0,0.9359426956072427,0.8972456153296304,1.0125039348946774,0.9409221185396557,1.130288076568471,0.7663082736076963,0.8527251611481703,0.8807708685396314,1.0199109044960217,1.0782975390441438,0.7641673024086264,0.7852374611159749,0.5439360020786862,1.0770874551471579,1.1666898762746696,0.9650207894898581,0.8086844643957092,1.0,1.0063505379172426,0.7370308063749138,0.7485821285957488,0.8540659261686432,0.7030399138586403,1.0,0.8608809359982235,1.0,0.6599660897092241,0.5520472791220707,0.9615166347197714,1.0038524579506272,1.3449600645638222,0.7108881835631378,1.0136592994277625,0.9117905460708586,0.884469764485944,0.6187268685789783,1.0,1.1553951711092014,0.9393683763365606,1.2246343293368562,0.835051174632859,0.9040925617522281,0.9850735647946134,1.1264203053410404,0.7296821758451729,1.3549739189398162,1.0111963210207677,0.7676448892910214,0.8266024291808604,1.1351332224704704,0.9110305992667486,0.9466259607443148,1.0217867705781216,1.0,0.8613735727502597,0.8088775292313117,1.152825245855078,0.972975238879857,1.0234538781598161,1.0810378460701224,1.1305779803914346,1.0457401514868467,0.9592730782343377,0.6427520283805652,1.1424498038534405,0.7763927051707576,1.1207680278101282,1.0740807664008807,0.933194929471013,0.6540520378158581,0.9487754496596484,0.9585285550491124,0.8564173731505065,1.1314348134540495,1.2933688180906124,1.0,1.0132764172919062,0.934311149340017,0.8080121028808942,1.0,1.002312618586678,1.0046400221038208,0.9226251325450839,1.0999287341734858,1.0,0.9459305166423674,0.9518580090923587,0.9997532870286999,0.6038441421190717,0.6467576057656317,1.103937003881544,1.030938254271819,1.2174415403748533,0.5953633761528678,1.1164219014726033,0.7745851812351613,0.9887434333400803,1.305448965443211,1.1096341574258133,1.5249977121562996,0.8911081511850858,1.014881896925115,0.8860501603616432,0.8828662388552135,1.1176563448667243,0.6740123969230108,0.6108600997954761,0.6719827853605237,0.8512579778784118,1.0025115308895833,1.0,0.9123454456640177,1.0,1.3436143633483362,1.1623863654707236,1.0888078681997937,1.0592945517357522,1.0767018425367525,0.6834107154295628,0.6261491192963224,0.7096250297013715,0.9752572163781901,0.8818488710131196,0.9003787462650303,0.8394797055294924,0.9500864651421987,0.9401098058210042,1.019520714346974,0.5502766794789502,0.7888930149984285,1.0,0.7709800362128847,0.9777842878285885,0.7533860958037345,0.8094835124352879,0.8059565211039124
2013-09-30,0.6552297958996209,0.8090809272698077,0.6634900609156753,0.5218293659338769,0.7811348016460098,0.9547006809732103,0.5465193965268905,0.6609977534699908,0.6593711266299631,0.9797961397841178,1.1087621338839162,0.7028251827223975,0.5829158254067369,0.8679368636412939,0.9918599364496515,1.2912183406032043,0.8858632354474538,0.7608959045059416,0.5030524401381917,1.0,0.7540900346410099,1.080993089386186,0.5748516922372164,0.8268316389070123,1.0,0.9682873024765525,0.8973336362136005,1.0120217349539509,0.9422207935845862,1.1287209012448811,0.7335040202024112,0.8783207993432022,0.8810089955647915,1.021673600808329,1.1062811913898742,0.7663583218997894,0.785368584925946,0.5652753906802844,1.0777104999248461,1.1447259932626885,0.9615401002795764,0.8058061206489822,1.0,1.0152892580057276,0.7335581990411248,0.746959225524598,0.841437642856939,0.7184551839339812,1.0,0.8608657403407725,1.0,0.6642333317459375,0.5476990608971652,0.9461419460509005,1.0099388950380033,1.3589342394825172,0.6942612882211947,1.1043289576587105,0.9258230422850728,0.8783133486008224,0.6173341357637103,1.0,1.1225829503800204,0.927542422063751,1.1541674574178589,0.8375057762916098,0.9006347586001654,0.9765391663861926,1.2171313627295677,0.8049508196489878,1.3482075923324164,0.9868672363561396,0.7631882694281529,0.7935743619938838,1.111648741955279,0.9066244201422787,0.9839394914901369,1.1002971449939993,1.0,0.8383913905671398,0.8065122288894735,1.1234047732707924,0.9622660903622924,1.027471795746118,1.1189256891692856,1.2105792271556526,1.0740430549970623,0.9775077641871286,0.6412391290677666,1.1376443439213828,0.698705587032165,1.0836935111499926,1.0781640804719435,0.9094898840926363,0.5734170285580531,0.9109289122441657,0.9625761058516675,0.8623771391714241,1.1990017220113673,1.278990502791232,1.0,1.0624182113855996,0.9341307518099603,0.8053907604046591,1.0,1.0033549634590193,1.0025135813279298,0.9221132149200744,1.111034195591134,1.0,0.945876344037945,0.9499664302348021,1.0003318868417488,0.5993339965992404,0.6434879748881097,1.1064185558832305,1.0485703208276815,1.2055151284781978,0.593623438022216,1.1529992987351974,0.7430637183000954,0.9703117074574381,1.289442628229336,1.5760347839372912,1.647193086241973,0.8822903450354729,1.0294165398751975,0.8920693073082222,0.8842666659735843,1.1208173866703461,0.6592622352400488,0.6840505884055418,0.6617479800269808,0.8286592009441748,1.002978411164099,1.0,0.9457692873258653,1.0,1.3436745221669906,1.104575819186089,1.075963692109813,1.0592779627695719,1.1041890445209033,0.6978003076196568,0.5905293229619833,0.6955388987176747,0.9749345735159161,0.9219952291321012,0.9244966378786091,0.8392713522838668,0.9628703708681208,0.9389940553850036,1.020647900427898,0.562004744200135,0.7783233412185018,1.0,0.7650447936043252,0.9948551953943793,0.7506327293048185,0.8001515688893334,0.8037624326099114
2013-10-31,0.6527195120525002,0.931957260784082,0.6656935971063054,0.5100606218022103,0.768641721710786,0.9530349921327852,0.5348797468494173,0.6608390674143821,0.659390337661546,1.0838711332748732,1.1149233352579377,0.7129870495904653,0.5864625838485438,0.8406988253129182,0.9992112887405828,1.2683132974211175,0.8816959431447771,0.8174218726060621,0.5329668992607777,1.0,0.7561731165481155,1.0637661802648055,0.47899662669913234,0.8596542815065148,1.0,0.9103392467284197,0.89977646911255,1.012318650121543,0.9451254992814246,1.1931852190899979,0.7385123233349973,0.9796645634920631,0.8806193041886866,1.0229680522636984,1.1631725076060677,0.7568527846123568,0.7922578196254932,0.49904943341553676,1.0360956899043636,1.1822340393136557,0.9285857096469978,0.8068561041611892,1.0,1.1473381694551632,0.7307836718854775,0.7183357023360568,0.8258118379041575,0.5701933295520227,1.0,0.8609623552253353,1.0,0.6554898199476937,0.5398863254764033,0.860237899761225,1.0077482283271062,1.3453282975063292,0.6947225345485972,1.087376654532095,0.9457278493518007,0.8781202026576537,0.618263003615181,1.0,1.0843224993262783,0.9023373723348024,1.085355097415571,0.8685826723516192,0.8931986637060849,0.9733072334642596,1.193845633868206,0.9459551314353958,1.0300159789049619,0.968413473348311,0.758015934831589,0.762552148487614,0.926721455769181,0.9010236230155501,1.0062096364213198,0.9447884503628864,1.0,0.6929110452080705,0.7814579335092199,1.0788167653751688,0.8998577363851352,1.0013575391825469,1.1332384052021325,1.2186738347619073,1.0683669836759069,0.9804914057447476,0.6265380494224269,1.0901462633785663,0.6644237421113655,1.1286802984568491,1.1099358837821662,0.863031833859585,0.5017990802153964,0.8871453328432478,0.916356796302193,0.9768688867861006,1.2093058427955135,1.21565201403059,1.0,1.1788957374709104,0.9106105145798374,0.8039551800958826,1.0,1.0058936065641375,1.0191746630157197,0.9407011441125799,1.0841030176971738,1.0,0.9477665540697454,0.9499334849525277,0.9982109107742871,0.5967886410281564,0.6803118122656413,1.1067842663888356,1.0711417278820279,1.1430443288715628,1.0465845271586345,1.247356949965967,0.7919867824513933,0.9397645307232242,1.2815987849022554,1.4470823038666194,1.602771564743274,0.8681254239621251,1.0434969458993106,0.9256671769406055,0.8882112731002326,1.1264655821284326,0.7204300391443681,0.6539063406581813,0.623928796094945,0.8069566931450316,1.0014182261580067,1.0,0.9140009003466794,1.0,1.3330569891527646,1.1091345831507713,1.1085955715654892,1.0591631355880038,1.0503885708461502,0.6520137470872562,0.6001495271130926,0.6919298617131944,0.9745340510197827,1.0341736629651195,0.9313971301336562,0.8348685228406654,0.8425216881083799,0.9102104529490834,1.013335557171176,0.5656757476264358,0.7777389184274123,1.0,0.737945020928203,1.0239869982500727,0.7502242131804034,0.8030413264340023,0.8035107542077067
2013-11-29,0.6616428491700626,0.938436597820686,0.6709473707720524,0.5198296817396915,0.7731233328847195,0.9483723124751728,0.5381119228603015,0.6610411382318973,0.6595121160030154,1.1545075944547354,1.106251677773207,0.6937669219102462,0.5799168555890017,0.8397448334140232,0.9708824016875819,1.3529856470321238,0.9061198297959957,0.7318065937077723,0.511837093617175,1.0,0.7526738515507078,1.04872330741736,0.47615335729512254,0.8288482448485941,1.0,0.8935420578065623,0.9214943509622868,1.0126029487941273,0.9421518676581089,1.2387621599159195,0.6789559922313759,1.0172267762784402,0.8809929374669452,1.0218905967952845,1.1570875423491838,0.7621835379161633,0.7975764679457336,0.5262927864983776,1.0732498995028619,1.17122682910777,0.9370123618944183,0.8074687692445837,1.0,1.0619311337251574,0.7301924689972387,0.7142492351647721,0.8398148849801497,0.5933030350253237,1.0,0.8610118380482692,1.0,0.6600374145996046,0.5422154317556949,0.7135853734110196,0.9770714168242043,1.3255923178248068,0.7262155901978632,1.1166003171617007,0.8900366751760302,0.8773968330335932,0.6234391807138427,1.0,1.020392598431529,0.9042093926962443,1.004910700207494,0.8724613987522131,0.8840867749139898,0.9653354681523955,1.2806620195376515,1.129873244556066,0.677525799334713,0.9763174822298846,0.7579109528845871,0.7497826951243318,0.8325105954856732,0.9008167147269494,0.931206347757272,1.055439077527877,1.0,0.7203077558630442,0.8680019682889569,1.0630805434441961,0.8508327398779374,1.0215469803621111,1.1408658751081884,1.222624725514307,1.0683901698135334,0.985935803687644,0.6275958793073539,1.0894748066189064,0.7191291577212116,1.1021832710960278,1.1066489635478909,0.7747772336008699,0.48617052125187976,0.8001630164941145,0.8622519065221244,1.1141358920604054,1.2335066065199314,1.3162338558661448,1.0,1.0155712725978854,0.84925800537223,0.8071055139271871,1.0,1.0079857907396996,0.9722194530378239,0.933636087377871,0.9759528989754035,1.0,0.9470765042553152,0.9554592587900425,0.9983733309920029,0.6333392537545227,0.7377966920966847,1.0836005098142985,1.1342631933388148,1.0241319907893647,0.9479589860164708,1.2452631621546417,0.7885124718266295,0.8731224174845903,1.3155596659204547,1.5309182266079735,1.6178938638401,0.8544310885129839,1.0687867526759611,0.9004743463881708,0.8855460305019099,1.1498956115525558,0.6174515204820843,0.7755237238844004,0.7130562152246767,0.7432474732005492,1.0000674658713922,1.0,0.9190856835533521,1.0,1.3653005039564774,1.117015212231607,1.0729548634541541,1.0592834979116938,1.1623154769886714,0.6361301198289157,0.7033944364284371,0.6749662447284643,0.9739239977272901,1.0066792530497675,0.8350798255552465,0.8346469720542795,1.0063838306080384,0.9041682375055243,1.013420091896293,0.6708622933376227,0.7445237412060206,1.0,0.7296813442276595,1.016089695108656,0.7495929168912833,0.792170019520159,0.8030777423046214
2013-12-31,0.6563110790582298,0.9443422720508721,0.6684285904903006,0.516382670851068,0.7780902355729451,0.9479799552772389,0.5461287966870245,0.6609270218211325,0.6591816896126073,1.1627078049372281,1.1009018683574643,0.6921042508442328,0.5484255242367087,0.8527602380893671,0.9608466358580835,1.3504342301235894,0.9196610538667029,0.7547477589827984,0.5012361409994732,1.0,0.7533152969277257,1.0562166714064802,0.4867427937309584,0.8028356185569501,1.0,0.9187982709574835,0.9197870241793769,1.0126053736884655,0.9437800080357215,1.2444909764124166,0.6987246015797586,1.0702000399224454,0.8811849089297448,1.0227986525569783,1.1532656301513724,0.766574159734151,0.7959682212060166,0.5506558028355794,1.0811119729097352,1.1535232696730964,0.9063374589584553,0.818537066011197,1.0,1.048043696618851,0.7302705481460294,0.7140820923641489,0.8417411227611415,0.5396212185581237,1.0,0.8610078397285724,1.0,0.6538137389922509,0.5409772350408386,0.8210805303474794,0.9521655886962884,1.3208090495706795,0.7437401696033379,1.1488685345084344,0.8856499014216518,0.8737234905209841,0.6282119801200551,1.0,1.0028197688855587,0.8999855221897889,0.9954391219751761,0.8923598763178242,0.8745786376580901,0.9642858237957214,1.3025958136436635,1.158940510655558,0.6491792661769593,0.9781805350984928,0.7557903927995404,0.6947875684454756,0.8087443473104154,0.9010660800729603,0.9444906727250103,1.0511859438216808,1.0,0.7253767897380925,0.8447753282090594,0.9379106671440868,0.8024349132256796,1.021339198800188,1.146842758062492,1.228451505870626,1.0815085995179428,0.9896130050254625,0.628774785224762,1.1500236104668977,0.6756026182560124,1.1170018499510557,1.1183307947819388,0.7592841610708336,0.48658211465449674,0.8001461800850576,0.8954244268381161,1.1199086747066809,1.2524744116281605,1.2855501466422932,1.0,0.9693598032989379,0.8418838551591045,0.8104855797948567,1.0,1.009024586693052,0.9564723783599818,0.9347593709026986,0.9504501746121262,1.0,0.9475171760323892,0.9518066505719751,0.9985141959756597,0.6840389138586436,0.7566689488758375,1.0810635726024327,1.0815563390561507,0.8840254218782112,0.8891609052546023,1.2111335450666791,0.7602608413980325,0.8358758066528655,1.2793141072071648,1.5392160387154168,1.6188171540475875,0.8433453927858549,1.0848345338030465,0.8850824689672389,0.8868575691013265,1.1419152758564768,0.6028134935655889,0.8012463313997272,0.769301797145229,0.7321614180993561,0.9992859160774917,1.0,0.9212243569799818,1.0,1.3616603095865445,1.1470633000471786,1.052537775369664,1.0582083203092207,1.23454017834738,0.6259514738660146,0.7360872528326585,0.6762088183579307,0.9738391073658531,0.989575530732552,0.8287724931552336,0.8356148843154569,1.00592694624026,0.9047160191200571,1.010405737357741,0.6700559483880513,0.7426479214413959,1.0,0.7250405637547688,1.0153621030988218,0.7494290779102797,0.79669773681425,0.8029628114494886
2014-01-31,0.6587497359445015,0.9795850797293736,0.6641557996349998,0.5118767804037556,0.7777899464932762,0.9442496758592609,0.54443006712117,0.6608634518682548,0.6591570759085691,1.257062132914336,1.084513010898929,0.6935499403597648,0.5704033851825974,0.7982335549315654,0.9539921783289689,1.2710487845385239,0.9093883372254803,0.77854711286718,0.4999983817833378,1.0,0.7557672089763772,0.9645004932022442,0.47443923946854216,0.8070474124678179,1.0,0.9270413350337768,0.927150595306697,1.0125587367082234,0.9417719053176192,1.2510304858296621,0.6657934320321306,1.0146614001637801,0.8810513261716714,1.0228397663250777,1.2266323115149167,0.7598899876320956,0.7927411572735233,0.5156060305272565,1.060821813653943,1.1271253278048228,0.958857938911832,0.8030044076643748,1.0,1.0956631099412966,0.7315669224923698,0.7144806671875877,0.8398186469556579,0.4908541256491413,1.0,0.8610999373652539,1.0,0.6714501715650979,0.5403660086552042,0.789490610125383,0.9009665333650159,1.2764457055379248,0.6793790878440029,1.1693251130675502,0.8845204422496591,0.8706075569966552,0.64943713454589,1.0,1.0820312780801962,0.988035277677443,1.1538435300908938,0.8550835065928082,0.8583039783468759,0.9415154640726238,1.3079780524908804,1.2219001825676434,0.6491988496131929,1.026723907547308,0.7547834866150955,0.6793200698763608,0.7975483185746852,0.9008328288531959,0.8322346847130552,1.0870754710662358,1.0,0.6742632049286013,0.8651368003962119,0.9250219656953325,0.7882224648193228,1.0152621576994145,1.150784648010996,1.231888425631868,1.087343107041317,0.9818119364996949,0.6228744101988568,1.1058353212966299,0.6860662350670108,1.118675243816514,1.0952748028274768,0.9458545648557255,0.4849083791226749,0.8000590568875502,0.887338660029459,1.0994389089694547,1.258363720638135,1.2987115643742628,1.0,1.1268272277684834,0.785661418747531,0.7980242238872883,1.0,1.0091274042802805,0.947604030310537,0.9331713939288986,0.9758143748233897,1.0,0.9456618394265468,0.9588000889396856,0.9988461713302108,0.6550509698533298,0.7776625898510591,1.0709159716597183,1.0393240054530921,0.9111280264244751,0.9148334065138326,1.3517327015676384,0.7552229644632547,0.8038493277376118,1.3244620366726616,1.5270253312112567,1.517783146616599,0.8218905065793295,1.052232737554238,0.8872270753039203,0.8834364226194135,1.1370909227149493,0.6152953103230152,0.7798959952490887,0.7632507078659445,0.7012666268203429,0.9966539667404399,1.0,0.9259107157985531,1.0,1.3696587723078375,1.1149930714600442,1.0537624358858275,1.0587336124171214,1.1972742810175718,0.6185870838249392,0.6488818369323675,0.6672393201597084,0.9738476347751004,0.9688464961294845,0.8187159557366962,0.836378391231213,0.9682844262694922,0.9026960517348599,1.0061914863217536,0.5930871588981004,0.7282698342816467,1.0,0.7282163244880993,1.0522910162813142,0.7493168289102934,0.7875136668990155,0.8028938674913177
2014-02-28,0.6542447826691054,1.003591566821234,0.6696284453637299,0.5088593172850898,0.7788079459219632,0.9504960922736242,0.5565848930868426,0.6607922271372993,0.6591271540143571,1.2824004418268093,1.0990279182788005,0.7038967167234012,0.5581703717105742,0.8767613432222281,0.9818111843272159,1.2030202859081938,0.9056470030393584,0.8765892085476531,0.49612601703554493,1.0,0.7579398814796492,1.034855517558839,0.4752489618288608,0.7102895578416645,1.0,0.978046745713767,0.9419952335047871,1.0127709752970746,0.9415508339083556,1.2664759935962728,0.6313654180979885,1.014146371871229,0.8808740983501273,1.0229908651492703,1.248883270296993,0.753525633528561,0.8030473381555724,0.5262920657305707,1.048573157646978,1.1601355465483096,0.9056674089875206,0.8213121671485603,1.0,1.1364296089646109,0.7301776248844886,0.7145738963857984,0.8374212644814577,0.5049992906812314,1.0,0.861193221583606,1.0,0.6980331407334968,0.5396672592817489,0.7357276412873435,0.8986583400117356,1.2445510244901563,0.6694699192002312,1.296591516229138,0.8862872939244801,0.8722362270394064,0.641911857513803,1.0,0.9892451310131636,0.9247233334405943,1.0348369499102663,0.8479511087168157,0.8550905307229402,0.9291292879735165,1.295939404122281,1.1912778445775525,0.6483641330822111,1.0394969014573854,0.7547855259666398,0.676164050962027,0.7881790753725358,0.9005853569670245,0.7522979385962529,0.9227249898308284,1.0,0.6106061746157669,0.8283835124660617,0.9164142915786362,0.8277456470304778,1.0117503388841083,1.142302014812881,1.2257578641956248,1.0724022033738443,0.9817506624095131,0.6203110957133218,1.095357938815362,0.697404178577902,1.1221029849430186,1.0875753225496116,0.9418986853456195,0.4879082324471756,0.8005274655413273,0.8822818257390808,1.0360790011034535,1.2441427756698225,1.2510405059504732,1.0,1.1257813643639856,0.8159177856362139,0.7948958276092324,1.0,1.0101248621221928,0.9448281844284491,0.9325944403627678,0.9982870177398651,1.0,0.9471133859228839,0.9502949550732646,0.999962573580467,0.6129777232410691,0.7290102264081549,1.056110211654982,1.0032007399218874,0.656836594116192,0.7418963060327584,1.3212907236250482,0.7401304383572995,0.7777881377485056,1.254321121162318,1.439430280512544,1.4172626758472928,0.8558279961953776,1.0411977961459111,0.8676879063166787,0.8864732233642745,1.1365524877996196,0.650701538320902,0.7754753618025771,0.8305726319949875,0.6904261103722974,0.9958246950954461,1.0,0.9211671164403952,1.0,1.3537924972002982,1.1131234063075521,1.0901947921840256,1.0592169576763808,1.1759456419190268,0.6249123040036211,0.7558623599290467,0.6799266808583277,0.9739146351594421,1.0492519607923154,0.8056364128003587,0.8358809866163477,0.9506159725892919,0.8960388938736613,0.9957208006306211,0.5596533741575014,0.7680817054678992,1.0,0.7323638063842237,1.0538745575789945,0.749568332673708,0.8033701389299597,0.8033085009144232
2014-03-31,0.7339217847825337,0.980693371979261,0.6671213091661594,0.516392274108422,0.7771096264675301,0.9492698018844895,0.5493926664242132,0.663489071759402,0.6617756424302628,1.2699212484555154,1.0945574807310614,0.7136905598640757,0.5383766101744245,0.8586907514993705,1.0005772321874857,1.3012336994115472,0.8598731434097481,0.9164475757170727,0.5340793535614374,1.0,0.7678553702649955,1.0151500842253383,0.4800164614196183,0.7303397871198827,1.0,0.9192695195357833,0.9522237356260748,1.0126875771523298,0.9410107603445986,1.2630962130683594,0.7144894056891771,1.008739176501686,0.8808304360247129,1.023721310458441,1.2366441797285597,0.7614156521911668,0.7935179153447594,0.542112778921476,1.0372981849223437,1.1418217527955177,0.8440791039585235,0.8544005664408267,1.0,1.1190978662076196,0.7313403947729855,0.7157659043380029,0.8522198861452458,0.7672654780898827,1.0,0.8610436516793826,1.0,1.2115706308991938,0.541530849059967,0.7850453811239042,0.9720209048787437,1.093708067265867,0.6914275574833452,1.2007966535697874,0.8842981594970061,0.8737163661841967,0.6537500080012876,1.0,0.9673915809825048,0.8998973238765892,1.007043391532948,0.8472818833398096,0.8897970319472175,0.95997424394592,1.2945662341148063,1.1835556270947478,0.6470500881147236,1.0193948792558385,0.7611971316086327,0.7243172066785111,0.8363369838729442,0.9008040699003772,0.817249843598145,0.896178145047598,1.0,0.6290886210207798,0.979561084275843,0.978223311105698,0.9156312411709013,1.0171514683995044,1.1311980107579327,1.2007149441333511,1.0615334038000543,0.9732180877369142,0.6206982547725266,1.0660906878367915,0.726809719823488,1.1303367981776729,1.0790026697221566,0.9443260040165457,0.4904689090613009,0.8006668743086119,0.9058863472696385,1.0168036687824764,1.2389052917308865,1.2093735677041584,1.0,1.1846779856896947,0.8660778625691967,0.8043226969170797,1.0,1.0100345777598885,0.9566342301851594,0.9456899850212992,1.0022782508023083,1.0,0.9471178488286988,0.950084023138414,0.9998480996878107,0.6268030069892345,0.7218703437607075,1.056402765801232,1.0407139311812021,0.7611054533269043,0.6846510895460995,1.3141743924520826,0.7520249357074696,0.7751061005156501,1.177682581009316,1.4665703792572051,1.4274666395530506,0.8713581993238155,1.0273546307172552,0.899506914106328,0.8862436628712884,1.153997215779051,0.7047213119121378,0.9571842008893233,1.0191026213819567,0.7019351126798514,0.9972185718957856,1.0,0.9206929810162137,1.0,1.3510289145949543,1.086148482522661,1.0771889498661162,1.059651803128144,1.139973440928531,0.6257340755072802,0.7312972362828614,0.708879721798141,0.9741602862506212,1.052312125621021,0.8492790623633377,0.8327505546017208,0.921510781820592,0.895320705176285,0.9868576124339876,0.6459473846072068,0.7601940914176202,1.0,0.7404224673617359,1.0439156842565775,0.7508074571840553,0.8277977689605565,0.8048522563457732
2014-04-30,1.0291765504966033,0.894880628861594,0.6682329030116578,0.6495283803787167,0.7793436030993613,0.9489341873949526,0.5432970203233819,0.681975568046223,0.6913559825569708,1.2117902181824944,1.0814927180056277,0.7106198148260385,0.5539724427206065,0.8546873524507396,1.0177344795173737,1.3304130350461945,0.9060076870522199,0.9302823403002893,0.6980122717405917,1.0,0.8520030636637448,0.9686543222598173,0.4976226418384465,0.7409427340899999,1.0,0.898225225868045,0.9553488760475973,1.0126695114787396,0.9402142817148682,1.2084933112951157,0.7012585897013761,1.0402256465972228,0.8808474482672389,1.0252385466994476,1.1734333605469611,0.7671626346255648,0.7880348249606536,0.5539411410698565,1.0232482929671745,1.0930819503835687,0.7861523969251583,0.8776233232136716,1.0,1.137550365951937,0.7340377832653997,0.7157625950320996,0.8589654090521294,0.9514401878525842,1.0,0.8611743538442806,1.0,1.36280538681187,0.5525425906235739,0.7740772916079404,1.0785035111149779,0.8260233540930048,0.780242624314315,1.1291819094625144,0.8953523107976353,0.8816028012013356,0.6705689077037869,1.0,0.954957915917873,0.8838815519439653,1.0053790966236469,0.8050218971284223,0.9018754003542833,0.9743141074749438,1.2417374049234262,1.088266541356882,0.6534715090329852,0.9048270576179513,0.7940957305258168,0.8487052537513585,1.0202818782623155,0.9026762626080902,0.8480784967520023,0.6410944811670092,1.0,0.7068704818766308,1.107233688328546,1.1262498871562954,0.9641513680715654,1.0162854001144874,1.097481951563626,1.134388121490008,1.0371742923291318,0.956657012917057,0.6244181536549941,1.0210289788877807,0.7649950966201129,1.1309517147884167,1.0553573360776505,0.8984653165462468,0.4944293153331454,0.8029980145023821,0.8937787893001773,0.9574237947358539,1.2019996694255999,1.0290950394740976,1.0,1.2468834236414874,0.9323895020703992,0.8229108196350117,1.0,1.0099841523664383,1.0292304565320378,0.9650329193534144,1.013784230754261,1.0,0.9460889338166136,0.9498919076121453,0.9984837714647855,0.6207789544582223,0.7310434464305667,1.0578131347365753,1.072456393537086,1.0886860941938794,0.7214542690315515,1.2749938877690048,0.7727603447051902,0.7527454336637645,1.1754209860613574,1.4084860795056882,1.4049126512554353,0.8798807074155315,1.0118291903091694,1.0732689408382623,0.8897457139694178,1.1735226809513286,0.7809417520450763,1.08917001895662,1.1394813996282767,0.7305510421906671,0.9967610262068715,1.0,0.92430830604918,1.0,1.346657520397431,1.0797405695182403,1.052687330125181,1.0602867181359863,1.046385253492561,0.6550489450474832,0.7189075223788628,0.6962419812866829,0.9740003429775244,1.0531781430939438,0.8918087792293247,0.8567143024806481,0.937557109041937,0.8917814244312967,0.9545791414203639,0.7418375043634586,0.8285831076463975,1.0,0.7192484702371682,1.0182081336870032,0.7509314920636256,0.8386375900254422,0.8058855731474478
2014-05-30,1.3150632201297043,0.6205547211754892,0.6622804087555485,0.8229617152242831,0.8539427708756419,0.7629797203036012,0.7353883931291223,0.6799822648118625,0.8126747266210624,1.0263723835183647,0.9540486053774035,0.6884908157635135,0.5021372745202848,0.8714300618318547,0.9516528584833935,1.4115875335902555,0.832200317678046,0.8308699330116598,1.1418473311214563,1.0,1.1347530101138539,0.8502615951686157,0.7081264972628684,0.7958381309791178,1.0,0.8257896987687778,0.952767164005138,1.0116514098799676,0.9751713387899552,1.100037670264551,0.6283844796345023,1.2480553725346635,0.8851315001784723,1.0137704751732355,0.9341485031609787,0.8627967798961712,0.7869587047502594,1.0650206763692411,0.8634184914781116,0.8511662793564895,0.7006702515166093,0.904360299152816,1.0,1.0389321633794875,0.7605683260272141,0.7143110936261567,0.9828929827659003,1.0638273133789993,1.0,0.86112427450792,1.0,1.3773608477348653,0.5877298454583736,0.8566701565261972,1.1536128276403042,0.6390603282367959,0.9074117475617086,1.0847520866023728,0.9600022335578405,0.8928189004761247,0.616132311365697,1.0,0.9037880063881664,0.7883198348348577,0.8897305192588205,0.7017861200595379,0.868727153389713,0.974813773172839,0.9260484672787964,0.9395736247224845,0.7230341644534581,0.8142217515546749,0.9358282879942114,1.0257543871694692,1.1706718498481754,0.9609520254549339,0.8641244101977061,0.5808719790879242,1.0,0.7802170550683338,1.3431713413542443,0.959085442270144,0.7235253922678659,1.0321357159179219,1.0111355552671135,1.0100934444801026,0.8542296759234933,0.8482339558178543,0.727197791510697,1.0961869364416803,0.8810674298911271,1.1326940694117908,0.9334667197460669,0.8560181600069868,0.5956798353124629,0.8127539875518409,0.9620322690023926,1.0291527349151066,1.0574160021560017,0.6488325260664269,1.0,0.8297890994766538,0.9545436053918845,0.9381090128083261,1.0,1.0101599924538385,1.058253147369592,1.0174657540123544,0.8132144436748378,1.0,0.9467003125362092,0.9531719728935263,0.9995539258527877,0.9672893916049544,0.8884319966004377,0.9880452400854427,1.1059053459867976,1.0361500226454374,0.8034583870767045,0.9241449926210408,0.7361202806445165,0.6952582805606894,1.2456297784618329,1.3501528510789562,1.5984580007064046,0.8285283862002091,0.9871587872472566,0.8684726824454267,0.8902251374898735,1.0913055052489107,0.8147917929463787,1.40207094737577,0.881122743798465,0.8065226265034344,1.0037827611400167,1.0,0.9325861821990011,1.0,1.2649712329126797,1.0347797968897743,0.9342965015755761,1.0600288838658933,1.0008805275609185,0.7700746162718061,0.7982283582338571,0.6522745380020154,0.9736482466126655,1.0220344563573283,0.9928855475005398,1.0724686059751414,0.8617439981549156,0.8946751892681066,0.9447855440276083,1.0636945164697997,0.7904441064257118,1.0,0.766052170726411,0.97215263380098,0.7494283268264774,0.7886484503165949,0.8030146235810172
2014-06-30,1.3147700585515265,0.41860045475215046,0.662239299746963,0.8538601478835377,0.8302090618983085,0.619011375503562,0.5901475045884557,0.7114070365678384,0.8837609863191137,1.0734385912253173,0.993675488617906,0.6878161151024231,0.5421239580102089,0.9476729413467206,0.928106180916613,1.4059340741187971,0.7935670294655983,0.7910333801815107,1.077871092461281,1.0,1.1966446536303208,0.8308953220361146,0.6022491965920945,0.7149216837719456,1.0,0.7985472888088784,0.978935741947712,1.0102908175476406,0.9697415965542167,1.0370968379453622,0.5935071020218278,1.270736349833581,0.8900878628728852,1.003273878275475,0.9103801854939539,0.8635144647281042,0.7868023869540793,1.0034399021377738,0.7516210990654653,0.8396014279141786,0.6537012134910412,0.9179284665114419,1.0,1.0122296384892226,0.7683864263934348,0.7146950638285139,0.9814108727025855,1.1126381297767927,1.0,0.8611806122232497,1.0,1.3747062316435352,0.7885985876997335,0.769104341198442,1.139465332568097,0.6313304429415107,0.9229180485016288,0.9995131288521396,0.9182370488682942,0.9104453115882263,0.6188477296007635,1.0,0.9572279921145119,0.8389641374599428,0.9490648966134818,0.6697684183651046,0.8361107389496294,0.962642449928434,0.9232362113803131,0.9078986325919527,0.6608095338537008,0.7372909128370219,0.9887773735292131,1.0490329248343302,1.1459114627184912,0.951632438713673,0.6850179776849579,0.547729730319862,1.0,0.8220250334810262,1.31248088958975,0.9845973313284008,0.6944195174815333,1.0264704422271609,0.9891033089410921,0.9441350006662778,0.702841514397774,0.8005459621147323,0.7181058985226959,1.0501577775328799,0.9569459929563332,1.127099720512729,0.9476831855749484,0.764443524429056,0.657742762127483,0.825209367897569,0.962228588129412,1.0989254103614512,0.8427929666079186,0.6123321869952193,1.0,0.8406759878408492,0.8364552636458078,0.8784686417412809,1.0,1.0095934442746346,1.0071630657904358,1.0007326186207437,0.7623474995305524,1.0,0.947427192331948,0.9502854394287432,0.9983293087907377,0.8353674243867357,0.8040327478360539,0.8628772292349678,1.0402015316007138,0.6342667579777299,0.6181180795349883,1.0140585421977728,0.7706293541681541,0.6994919970692005,1.2188196154647115,1.1358591045373991,1.475083356436158,0.8055856993465942,0.9539338778058727,0.9037393569281448,0.8906470311378535,1.042382710600933,0.7697759785589284,1.378066013293141,0.9349141513247223,0.7099102768738519,0.9956936410459586,1.0,0.9225262683590203,1.0,1.2483437549487943,1.1009512905989725,0.9631334932738445,1.0585257966198909,0.8537207131026342,0.9036560594668352,0.9523297048151461,0.6452774543823747,0.9736325482138741,0.992059616152664,0.9386346468867657,1.0140252056209471,0.7222733282081435,0.8910510401371939,0.9208398928434813,1.038253061271004,0.8034333821690947,1.0,0.8063974574071906,1.011831281773815,0.7492796944816228,0.7693330689637408,0.8028660811202097
2014-07-31,1.3332636759800185,0.428644244854298,0.6624593332908791,0.8560187951237912,0.8341383737241006,0.6704178008933581,0.7386665158889788,0.7201494920316077,1.0652700416941112,0.8068021291225655,0.9658113249445733,0.6883841797006987,0.6481895063013101,0.9189086077712169,0.9721261831227381,1.4113191790363375,0.7649386346546876,0.9293485053243214,1.1626843632099975,1.0,1.1859396467048122,0.8287646233542578,0.7272040902721908,0.723429378774898,1.0,0.8091242775489018,0.9793059672678935,1.0106194704088602,1.0040854132694512,0.9220634403340168,0.6001425767741856,1.2633977547577284,0.8889918026146858,1.0029935324268264,0.8519306384170588,0.9125925715414658,0.7870602249454082,1.0825822057104142,0.6878016075640669,0.8186895088495137,0.6563724754478698,0.91740366703235,1.0,1.0579619246813317,0.7700484012192812,0.7147367667904667,0.9671571334381203,1.1276164609629065,1.0,0.863267178338904,1.0,1.377376643230353,0.7067160412502496,0.8961870246381551,1.2036117860228694,0.6306947722717663,0.938780166767325,1.0750844531831605,0.9424068225777336,0.923765447439086,0.6187222925124638,1.0,0.9337622136673481,0.7965464492260841,0.9001452797699893,0.6693499644479162,0.8600493859796063,0.9738240917620248,0.6214324250519034,0.8684765478112899,0.6645390179074534,0.66157396044875,0.9872487745400046,1.052695527482198,1.0677797278423076,0.9161341499044021,0.736809803208934,0.5490064760495506,1.0,0.7299644059952737,1.370174210434836,0.8737679947101753,0.7267237924567449,1.0208600081890882,0.9426919766665132,0.9092411250871596,0.6417740696941774,0.8049459629677174,0.6789163537699383,1.029929762076442,1.0153653731952594,1.1321864333642673,0.8963718946769366,0.7760041686402743,0.6875561199182928,0.8276336292760683,1.025430232218486,1.115484881344288,0.830157888045928,0.5417538848419354,1.0,0.848605797286385,0.9432285789065553,0.9880509859286448,1.0,1.0093353780123324,1.0583897581818638,1.0164768304508143,0.9028747465445556,1.0,0.946247723653279,0.9538116565920451,0.9985099376153564,1.2326885938204268,0.9462793437186329,1.0004432215212196,1.054668997553688,0.6267611593900421,0.6106810744942338,0.9106458811274745,0.7211388349543408,0.6936010511181446,1.0485691247891304,1.147731515633655,1.4604549027030886,0.822251176954232,0.9383113884500672,0.9042045987115777,0.8901687380294809,1.009200296341281,0.8733835423943523,1.4290486762546104,0.8904808586514128,0.8500467072046813,1.0033837432551533,1.0,0.936091111697112,1.0,1.0886741878556827,1.0765790093990044,0.9280593158838557,1.0584533381821852,0.6937781561896347,0.7888368698483924,0.9087864060166393,0.6560478117767816,0.9736335760392398,1.024971700590903,1.045263123281463,1.1725069333085716,0.703979553470639,0.8904634189115778,0.9023199520500104,1.0653387286264215,0.919084622923325,1.0,0.796404963639477,0.9800972527495576,0.749285284621884,0.7739324857264318,0.8028932870841008
2014-08-29,1.3409358758140257,0.42146089342001414,0.6624120277753756,0.8602819644743926,0.8282850874521999,0.649102070478253,0.7424300107667404,0.7180799648778391,1.0296820377504008,0.8461610683823988,0.9612042114473596,0.6886166056340186,0.655287860951256,0.8847298769024818,0.9782799179786092,1.4122462192433434,0.7451240246607442,0.9347830163281493,1.1833957338504753,1.0,1.250440070766163,0.8464972893612601,0.7389804892101183,0.720003615529879,1.0,0.817088701160247,0.9820228126155736,1.0118675953941443,0.9990959295707841,0.9465879431225206,0.6103960693450211,1.292078040351003,0.8877320148799759,1.0010384209111174,0.8708982457641665,0.909189896077798,0.788779697351069,1.0980485395722785,0.6927409442112036,0.810967619028458,0.6757418588013193,0.9238579594408838,1.0,0.9601350309612653,0.7619138051452623,0.7142374441904529,0.9597038802522415,1.1277440297621437,1.0,0.863640012521349,1.0,1.3754116708629691,0.6731721540577895,0.7827328316036217,1.2675575104106438,0.6301973668082768,0.9612926560013738,1.060013490925429,0.9641472650288703,0.8977722962896838,0.6192789175375584,1.0,0.9160771020919298,0.7759297106686077,0.8698367532574584,0.6757864123286415,0.8774418037855235,0.9766921141352329,0.5897542830305089,0.882554702455837,0.651483864277792,0.6769482656847075,0.9769945520388528,1.0517688377683605,1.043077208787886,0.9103390785201527,0.7760272580352252,0.5532565919295938,1.0,0.6951905300629226,1.4140509348163828,0.8389447495591871,0.7537519721016807,1.0196028995858677,1.029485673944598,1.0026101523251563,0.6959770584281236,0.8137658486133995,0.6581060361545586,1.034163646673542,1.0230015416974214,1.1297519564461442,0.9134327388658399,0.773742784483256,0.6271723002752814,0.8390806206094109,1.045015889806198,1.0963935503254032,0.9722906389123166,0.5706553968391297,1.0,0.8912531008813314,0.9443355896278677,0.9679392547165906,1.0,1.0092027192208715,1.0563189182426234,1.010074715503292,0.935560201706128,1.0,0.9473510786200232,0.9528188673273423,0.9988137444226979,1.0848513298131328,0.9736359944071491,1.0160416892283415,1.0957043026348738,0.6211597763096203,0.6243167820452613,0.8715691579096296,0.7791170675164314,0.6939784314746547,1.0591312207841495,1.2113589757496523,1.4831099939715455,0.836630447340065,0.9373861678849611,0.8995924733943489,0.8899545969112347,1.0586380292028363,0.8813209835797531,1.4523742113864828,0.9717358674727701,0.8693965935656249,1.0032615022382234,1.0,0.9245346203519647,1.0,1.0499545050319037,1.0518030101821685,0.9220029546007792,1.0560551183182858,0.6792157190874378,0.7601118803146291,0.8957052872519411,0.6587088113509918,0.973634234804073,1.032603530714754,1.0675171820668174,1.1698209490722984,0.7097262435785074,0.891468125064517,0.913618953838717,1.0667666529516013,0.9332759278951908,1.0,0.7586962938943527,0.9888825802132483,0.7492832584855229,0.776185389614786,0.8029021552954544
2014-09-30,1.3430624100476016,0.40732064308176186,0.6619756192393855,0.8484708349994269,0.8201748103624239,0.7353619509883917,0.8192765741333727,0.7286738846425886,0.9393179832073532,0.8757441590271489,0.9325289820830395,0.6924292678685942,0.7692662852371506,0.8387091841559094,1.0033474230135189,1.4136158920585682,0.7601316231745876,1.0832176151331971,1.2382787770274502,1.0,1.2490681291347145,0.8376275316380679,0.7964285430466234,0.7254454706953734,1.0,0.816571291250523,0.9830525314170688,1.0120187383591468,1.0170111667177788,1.0267277759641886,0.7197791351881254,1.2560553207127696,0.8879537633739558,0.9997383318432413,0.8792476939783213,0.9088552913770678,0.7901216647472925,1.0939783003593508,0.7208704034469171,0.8101276363724887,0.7266071927570076,0.9263505631077723,1.0,0.9283065639484475,0.7734105721216303,0.7140855901014826,0.9586633316699134,1.12560965662067,1.0,0.8902157748286937,1.0,1.377011937132509,0.8054703728689185,0.8396485020134536,1.2763662693661575,0.6299987071276076,0.9803253889151158,1.146291336008319,1.031655796490045,0.90221542993897,0.6328241810023185,1.0,0.914157572374154,0.7592344525992394,0.8549904310922352,0.6887030643870529,0.8981763550967458,0.9888905752493282,0.47018670523237893,0.8387622043221536,0.6551266575640535,0.6858842469341628,0.9807815933025986,1.0531235032023365,1.1613036729966906,0.9113848418607627,0.7498528994004514,0.5518707149705377,1.0,0.6839508546288942,1.4266037253264001,0.832538527853244,0.804433784958521,1.0122425496750553,0.990734872668982,0.9409691374381596,0.6358378013479538,0.8058625517455831,0.6618840006575615,1.0634447705925192,1.0358448429960314,1.1346228106854241,0.8786304893846616,0.8055076243649152,0.9821551186647798,0.8485689933209419,1.0237292356565177,1.0857540506353607,0.8850767763391857,0.5847772464052865,1.0,0.9932555070686065,1.0063112643230476,1.055455589767215,1.0,1.0090496947246008,1.0587965661367371,1.0893218859422085,0.95784003196136,1.0,0.9469921602603854,0.9516050047849953,1.0009913374936157,1.0992835796892473,0.9591901715362527,1.102611721938877,1.1225973780763656,0.6421180966552467,0.6074928124675709,0.8269300341343684,0.8207091429697456,0.6936699026981368,1.0177564720176018,1.0278921026425365,1.4691049720545375,0.8605332071637418,0.9276143762424289,0.8967458876605763,0.8898669725116042,1.039819226725328,0.971073407153099,1.4426091892301058,0.9326421297701208,0.938166655350629,1.0053245306625145,1.0,0.914020289715884,1.0,0.8672721505412012,1.0908819195666848,0.9196241789838486,1.059128975213696,0.5944014174608501,0.7180471876327084,0.818717143809043,0.6958516489025877,0.9736436267813805,1.0509671767426259,1.102318452990736,1.2397183159915979,0.7702912852045694,0.8920017540318768,0.9086926523957118,1.0753250427512897,1.0988983027193475,1.0,0.740845883032154,0.9690809893506522,0.7494986532697869,0.7941663280083273,0.8031827229510428
2014-10-31,1.282299038382591,0.4754176742005488,0.6635904916542723,0.7995981801415646,0.8066374909156587,0.8032487197492381,0.6414081441434448,0.6851380049931083,0.6919788894925778,1.0481500518892397,0.9259567780245151,0.6931464242030747,1.047753423933615,0.8374555843805408,0.9980510230884347,1.4105890176743645,0.8980288711943551,1.04768998355673,1.111467568765269,1.0,1.1344762383174734,0.8297587212350872,0.7302706506116727,0.6992890388823259,1.0,0.8298094183007781,0.9725879157511182,1.012539298684383,1.0385665908756525,1.278499331813454,0.796916977986031,1.2267367005979721,0.8869876168951722,1.0102341104608035,0.975238772994123,0.8158149987587178,0.7987805407217966,1.0448077113684993,0.8508847829438667,0.8186460607934317,0.9915168396281767,0.9030703995758488,1.0,0.8854315613893733,0.7644717043142545,0.7189675728164353,0.9460413949888639,1.1033843501048821,1.0,0.9583633767895977,1.0,1.3650835325533894,0.6630279683756124,0.860104949831714,1.2398734911895375,0.6299560760790602,0.961483153539888,1.2367860149764338,0.980873786378283,0.9125395694995829,0.7478400611126504,1.0,0.8973546934499937,0.7607099244927064,0.8466820045514906,0.6801212823456961,0.9022010504571196,0.9884174756179716,0.5509519387353603,0.859510072014517,0.7909719599443465,0.6919578442284855,0.9449881215446654,1.0273790961910676,1.1554324395919724,0.9073406145040561,0.5883941629687376,0.5901105777938522,1.0,0.6306965264698844,1.2893644265119106,0.8080749828185879,0.7899320251201605,1.0150375619641188,0.9465204778406352,0.9481160718357795,0.6382537896657676,0.8110752796852878,0.6449793031419122,1.1327896051237167,1.0092665422496827,1.1182531356873306,0.8644286156278582,0.8101600258048081,1.4573864143015667,0.8645247554993134,1.0011895703551363,0.9770533720408379,0.8605974743299136,0.6556872689506633,1.0,0.9955496944190633,0.9835315941812852,0.988825730486578,1.0,1.0097589881148001,1.0199294441750497,1.0638512954549375,1.0214280988991298,1.0,0.9529935360312048,0.9504639621982987,1.0016751245788655,1.0411988085473924,0.8753115095932578,1.0993039073733624,1.132623774314407,0.7125727550506674,0.6328052280654556,0.8299476979796672,0.8461598629086081,0.696732373883449,1.079232870538906,1.1815170218247424,1.654519374102779,0.8603038355112373,0.9150056956605042,0.888205745381804,0.8900698706650493,0.99257181284713,0.9946647266101182,1.3640957729501388,0.9560284899383236,0.8717667160817707,1.0059142666907483,1.0,0.9155814500076784,1.0,1.1095401642705283,1.072491929689173,0.9341501277972913,1.0583135129201968,0.5961666943089861,0.7045620822026994,0.8245771073956962,0.7189220833870966,0.9738804561245267,1.0480956339638323,1.0246274483513669,0.9934832867028849,0.7754450941925453,0.891006497191614,0.9136829460216829,1.023861634093433,1.218607106639026,1.0,0.7651938179183162,1.0047632377519935,0.7499183551730718,0.8096548087541529,0.8035013655199024
2014-11-28,1.2272537356196531,0.4518822754938451,0.662996387331005,0.7730213360897438,0.8277135266306809,0.8858571453483082,0.5783134413565011,0.6648893275767229,0.6786356964926692,1.1348070762024747,0.9028425419667905,0.6997692586724411,1.0807176743035507,0.8055854764910936,1.011395562456038,1.4070000226641874,0.8736989322819846,1.1320639891399868,1.1202274310507916,1.0,1.0271266843164848,0.8194278177750861,0.5520989263825367,0.6971035552871905,1.0,0.8233534375610198,0.9546749313372898,1.0127555233873085,1.0513493594928687,1.2340471231631915,0.816565230923934,1.2866451018132008,0.8841662223569897,1.0168461664780466,0.974974421745579,0.7724664927164531,0.7958642699411052,0.6376815815339119,0.8409702781501092,0.8165671674885264,1.0156744716742019,0.8996538704123481,1.0,0.8148927492311069,0.762372553854657,0.7163594337873465,0.9402789092500059,1.0996147124527516,1.0,1.024012159530024,1.0,1.3566617100174472,0.5763272240354997,0.9218366701610067,1.2404434216846227,0.6313451956763916,0.945823269889317,1.3967507316017072,0.9249845285438164,0.8981048421994984,0.7742270929688991,1.0,0.9161867161332046,0.6991341847804515,0.7957303060012177,0.6722295442305628,0.9303253340304012,0.9907135374828869,0.46901635545074993,0.7777550407773088,1.250383675617099,0.6826258456533634,0.9036364326323867,0.9943220858457376,1.1888073624508724,0.9055858043826035,0.5854321021530913,0.6293357716675643,1.0,0.5357567791491494,1.2305199543360799,0.8321333917757006,0.8472986503098227,1.0192710279397137,0.9034662786472837,0.9775166623575647,0.6256965025994339,0.8552969695172001,0.6311744444076771,1.1650465951954896,1.038169135606192,1.0926527664911132,0.8119830817824045,0.8258706270929539,1.4904066116859318,0.9439353300860555,1.3190337039551958,1.0535404881502652,0.8196128080277014,0.6245857860333497,1.0,0.8720196207556601,1.0184624757920508,1.0725263108179417,1.0,1.0100377231188553,1.0390105906104934,1.0853018371779752,1.0836465501294508,1.0,0.9570765706243182,0.9505395865794537,1.0016617894828899,1.2812613324094524,0.8500693847322788,1.1508698730296418,1.1468730886087901,0.7672655003333271,0.6583779875427727,0.7808436283743854,1.0511359387769934,0.6980780513232465,1.0889083850678585,1.5720370857133497,1.628677172732779,0.8881657881281493,0.8942309176554208,0.891508043222005,0.8903589047559777,1.004779537254891,1.0478787253777524,1.3561846859568978,0.8025643993434103,0.9273661060223448,1.0065140972811717,1.0,0.9142612806987774,1.0,0.9718368539295598,1.041107101385475,0.9202889823302034,1.0578012177901763,0.5417098930159243,0.6876171363522745,0.7225714514647776,0.7053213867696299,0.9738165672292882,1.0584681563284264,1.0154374897654987,0.9797738458420316,0.7305837979602233,0.8926600992210153,0.9235466496852521,1.0317578546210486,1.3535955481413477,1.0,0.784713730632436,0.9916128911604889,0.7500121092590197,0.8054396650345834,0.8035720971644987
2014-12-31,1.1327977168232137,0.5424551878568589,0.662023752838433,0.6663390082710514,0.8706752351927796,0.9738526626653211,0.5938698833912883,0.6634353890399034,0.6661417320578895,1.2353904557893522,0.8841736481880187,0.7057761799441525,1.0858619377710244,0.7391265371385358,1.0118972983950016,1.403910966756472,0.9165231011839478,1.1229742303803205,1.0770313192064431,1.0,0.9477158003099294,0.8297151343769824,0.5110805125679566,0.6948255176871696,1.0,0.8252499984628482,0.9272587571018363,1.0127647402155138,1.050080797455058,1.3214147298240406,0.8158871358671737,1.2693465903783314,0.8840282012162246,1.0163602202101454,1.0333552164107838,0.7589588654753354,0.7933270281233232,0.5746770038987168,0.9958508646797907,0.8137142299162647,1.240944277836125,0.8826277904153241,1.0,0.816869244672509,0.757437875839852,0.7373578871883302,0.9258318876457327,1.1116765024234245,1.0,1.1075436442409303,1.0,1.3682121785190515,0.5875025984117516,0.9070110810891735,1.2647149888701648,0.6483573831910419,0.938445888791368,1.4498441698613693,1.041736903344821,0.8979217167371237,0.6954100044274545,1.0,0.9217653769730874,0.7070549217373563,0.7931875633050212,0.6661497867567143,0.961326031105809,0.9921777083290181,0.534099731165564,0.7567597645010624,1.3266377946601606,0.6679618903051192,0.8610482510789079,0.9543857977291607,1.2020851425006438,0.9048078624138312,0.5115076591673959,0.7200621424455322,1.0,0.5020990607777409,1.185649949154908,0.8324717959635416,0.8886643583776966,1.0290914075187854,0.8505940139905362,1.0107651799954234,0.6292800962757652,0.905893209695671,0.6350427235708622,1.200564053766718,1.0599350944037436,1.0617787330859665,0.8391404324025854,0.846832719453508,1.4928801469020097,1.001385693979278,1.3289633781666925,1.072996121455342,0.7840491057704393,0.6552833219861622,1.0,0.9834539919647719,1.0124724245240624,1.0600112200600056,1.0,1.0102045500681727,1.0180547915131024,1.091344802146177,1.1313833754692348,1.0,0.9531353246040345,0.9514434087176068,1.001604249449345,1.2801311857122601,0.8431928123219432,1.1514474701467252,1.152309623102905,0.7477841183076891,0.6681241859750223,0.7878000860597337,1.1913395594979064,0.7037620372665387,1.1887645459221319,1.6418305058286045,1.6901287163801193,0.9051098102095488,0.9122985421612793,0.880164701370191,0.8898558152469198,0.9608424256963599,1.052485985063165,1.3566554128098256,0.685499065227628,0.9282498557553189,1.0065595757598091,1.0,0.914386449554518,1.0,1.1812881555373824,0.9251706582200239,0.9160473725004148,1.05800647986228,0.5278851931577162,0.642015290178224,0.6955963099675284,0.7136229572641727,0.974066808248988,1.0671072262635684,1.009170298588894,0.9458840335114164,0.7369470552681916,0.9037784220367566,0.9675973298011569,1.0736461146555534,1.4431989655319286,1.0,0.7570947426824524,1.007896876478843,0.7510496844784857,0.8085500127743439,0.8047716007074381
2015-01-30,1.2401346422324497,0.5958437836422377,0.6618370972830703,0.6344133260864518,0.9383093811501192,0.9870298217790485,0.6127702754879616,0.6647950373420525,0.6741714673368364,1.1893591708369593,0.8843612675347082,0.7310228064108415,1.0484718901459116,0.7167293171605337,1.021827433285518,1.403703533041917,0.9153431666393169,1.125241663404215,1.1139619515468768,1.0,0.9798342843174366,0.8580174024219944,0.49871103241962456,0.6945597555125864,1.0,0.8342226768037652,0.9081502369089287,1.0127365318503396,1.057245884077681,1.34204801423914,0.8494740711025901,1.24750749383265,0.882822275213142,1.0230082418359143,1.042598770450099,0.7546932829727587,0.7978762522511648,0.5550448762857818,1.0454146019330701,0.8131004595730469,1.2850866466825188,0.867967424438832,1.0,0.7620632541336679,0.7434892788577192,0.7631081433219385,0.9309899873131983,1.1244902879353489,1.0,1.101027799285806,1.0,1.3746802178472044,0.6935960577881695,1.0979086468953414,1.3264038692016897,0.6698393391107438,0.9552061176735825,1.4811386276492395,1.0621750998484345,0.8976775481509813,0.6411579463531057,1.0,0.893439370824686,0.6505515166011157,0.7096643919222464,0.676569190013097,0.9735028512277958,0.9947683764673751,0.5962160653139477,0.785010788687541,1.3486882766604844,0.6205697227905386,0.8519764222273594,0.8982948221266592,1.2062578796022598,0.9058969091959796,0.4576969223478552,0.7286374722493171,1.0,0.486224903585902,1.2812765761315386,0.8300648021646753,0.9067420425069623,1.0321050427824774,0.9861209608443315,1.0823751202068699,0.6973036078022927,0.9713269462209793,0.6347576423984029,1.2130141590054682,1.0714164015728862,1.0509745885130284,0.8711749591440582,0.7890364884162656,1.5068602676530665,0.9978802012452349,1.330318190025349,1.1402276617922766,0.902161553043501,0.664820838168883,1.0,0.9766164891122315,1.0439271523951916,1.1803261610640123,1.0,1.010264755146326,1.0192066692037027,1.1471636780252712,1.1355119546530583,1.0,0.9491804164820058,0.9682641484281458,1.0009644359703616,1.3864975320307615,0.8626692499502837,1.1764109756182757,1.1857850924604454,0.6478704753055002,0.614295560767719,0.713579384059543,1.0708153344371065,0.7058773274525749,1.2042157953135189,1.6463500614486415,1.6947125253513975,0.9106307925435878,0.9384167030360424,0.8495499884247699,0.8887695960958835,0.9299892809794748,1.1167200791219463,1.4386796619579798,0.6478387163619621,0.9492619827346692,1.0054219694412871,1.0,0.9147691720499466,1.0,1.190268816921833,0.9686877372655328,0.9056395985106485,1.0599142173588545,0.5063443052305758,0.6511123293677112,0.659313524685196,0.7348000189703905,0.9744736767505451,1.086991329346427,1.0856480055949063,0.9965152570119172,0.774636068557139,0.9089392741519331,0.9794631873794318,1.07449624016263,1.3248192852230585,1.0,0.7640702111555581,0.9950214225107683,0.7524024381369343,0.8179225495818588,0.807022400319495
2015-02-27,1.2798703843189692,0.5393960529473869,0.6620704356048814,0.6982560271764271,0.8920900508178096,0.9701037389815695,0.6073960854572906,0.6631475845901122,0.6664837030093994,1.213174870128229,0.9610192267402239,0.7048426168881559,1.0456044771840702,0.8407882074815158,1.0112580701483533,1.4104669414467532,0.9197158163305247,1.130225643260986,1.157313718019161,1.0,1.0475378159084927,0.8341431996539426,0.48307231091795744,0.6949292141596444,1.0,0.8047557158257396,0.9238868675659998,1.0126811702261824,1.0509665258869314,1.3425639340235107,0.8456952489234504,1.3856716137383531,0.8899725944859043,1.0149867452468055,1.0199056141791176,0.7548242234529368,0.7985625280984875,0.5242463816486442,1.0683034120573052,0.8574000127729092,1.253368010603653,0.8619086586097884,1.0,0.7896923050365547,0.7630673643901077,0.7641446328611121,0.9703934990855301,1.1060899428024453,1.0,1.1199986443910874,1.0,1.3739528038714095,0.9870689452681086,1.069445079039075,1.2811101626335508,0.6480231616876511,0.9909387388772368,1.4886353354451594,1.0644107434370509,0.9065601649823734,0.6658698403662993,1.0,0.8798357758070101,0.6820954797063794,0.7415992432334217,0.664511814468187,0.9863030870953353,0.9977557945502766,0.6426191020707857,0.7542456296466662,1.287046484435967,0.6272504797432361,0.9292319167122147,0.985331650938004,1.2089823224060927,0.908146839508243,0.4665600056126167,0.7181902878648676,1.0,0.47912173989929985,1.3295132667346246,0.8088693211801444,0.9148802659107895,1.0318641512597146,0.8732391375177228,1.0162797592867028,0.5795683080332488,0.8858050050611391,0.6366821380657564,1.2173332945764035,1.0621660535053192,1.0976024832336198,0.7750554142236621,0.8218790850332207,1.4591497990623419,0.9633175715969351,1.329222516390169,1.0949233869387458,0.682178427027937,0.7014367357083906,1.0,0.9739539727601292,1.03697399039822,1.1362483460591182,1.0,1.0102798711142298,1.0625321018850447,1.1503098095408617,1.107953546800461,1.0,0.9872694308931651,0.9538180720206296,1.0015348341251094,1.3695506549673007,0.8215166136989847,1.138575502193488,1.2179214195231691,1.1457240971328857,0.6520422198767388,0.7097306011402962,1.4144728097722004,0.7039434702775531,1.1603684055257353,1.6461229033450113,1.69689063736838,0.9110240290220164,0.8960781303109171,0.8509151297779248,0.8893931336428925,0.9415555608255292,1.1193239252001046,1.4546435852686554,0.7541372503987391,0.9057745297307707,1.0057545950295435,1.0,0.919113269282253,1.0,1.2204192332327997,0.9672328836253915,0.9241917639902185,1.0603139689257903,0.5211910171363031,0.6431273512847476,0.7447496572995342,0.7354900451266607,0.974367441963048,1.0913544581355175,1.0652092252485248,1.0246136194960533,0.789524142694657,0.9121213730730946,0.9811433938310914,1.0661408293902266,1.2719640904299843,1.0,0.7545562777696442,0.990547909226081,0.7532973965811777,0.8167137696240183,0.8074495864653182
2015-03-31,1.1395335689709638,0.6124991931548902,0.6617577920114384,0.6209677751852294,0.9159802649957687,1.005212008898519,0.5827622087563605,0.6612600172354559,0.66014588020672,1.2307919457975982,0.9475735979652817,0.7243936951226615,1.1044792811288748,0.8418658156816373,1.0137057859965262,1.4063167323901484,0.931382752009714,1.066024645038373,1.0714959463892009,1.0,0.8791025926720105,0.8732585759845759,0.477630681746926,0.6948003275510231,1.0,0.8048902799062976,0.9083196488236162,1.0126668775408576,1.057540169557503,1.3612556991923959,0.8505454820043318,1.3086124748181445,0.8856363002505259,1.0197443011100737,1.1186578977336923,0.7528374703066252,0.8041846856259416,0.4999878028899136,1.0447000422134483,0.8324290654983734,1.3211176927983848,0.8213347492854548,1.0,0.6838843640191772,0.7424629710155051,0.8299988559046847,0.953608981921127,1.062714631397835,1.0,1.1262407048263592,1.0,1.3460663127082095,0.6442291881877901,1.0813558187974603,1.1844302902325974,0.762564543006575,0.9088436871010757,1.4818530055520829,1.052213323340411,0.8901203020465728,0.7194727117573008,1.0,0.9039274605720898,0.698189647959799,0.7623274571249471,0.6897646033429603,0.9530264068362574,0.9880173210745088,0.7459299863719819,0.8212124452139272,1.3457627813369428,0.6634756603356871,0.8265049759385646,0.8745818326773313,1.169613660368349,0.9057677031883679,0.4693016829065063,0.7549110951646764,1.0,0.4744091098547857,1.1999988113681046,0.7817984534005886,0.8914955744309331,1.0321148634668744,1.0118568863841415,1.1085618461265394,0.8142182018465608,0.978328339325744,0.6351098777314935,1.2669195428232607,1.0703766275909388,1.137541418123459,0.8366683941084894,0.8559711051501213,1.4763239100364027,0.9554440938978154,1.3267875782035778,1.127170977941196,0.9031281421371529,0.7214814423269933,1.0,0.9629165095202975,0.998843318761693,1.032511343576323,1.0,1.0102756106105892,1.025217903905552,1.1323160711709617,1.1184782021798851,1.0,0.9885488573911076,0.9552314773060017,1.00168157788599,1.3292900052247683,0.7566453412804617,1.1787712817801983,1.1994088152269458,0.793606493074652,0.8631806714274237,0.7059232167235169,1.3614023973010752,0.7020208923844018,1.2704190608013286,1.6480881086139072,1.7005213664570729,0.9005208518122141,0.9371580412561394,0.8392111711320673,0.8872843942282715,0.9632018999532107,1.102965600052097,1.3916561005472508,0.6954385888138639,0.8679359075717682,1.0057412525532872,1.0,0.9168119360387154,1.0,1.2575142063853277,0.9493066823151499,0.9180015290983818,1.0602302648147355,0.5285061098611628,0.6561779537790076,0.7057169522713278,0.7757509662043023,0.9759382766149431,1.0744940451605909,1.0158043299877881,0.9157057368590471,0.7510701547399168,0.9099763460575059,0.9740943110352667,1.0063933260637246,1.2560838739603768,1.0,0.7562225612735015,1.007956666548604,0.7544990439628226,0.8198734635685702,0.8127919963107848
2015-04-30,1.1178191417587064,0.601284859944968,0.6633171890789757,0.6031953293119532,0.8134059769710629,1.0279648172205738,0.5580447583074917,0.6627327428834199,0.6620494237486678,1.2914768059708768,0.9756422457292642,0.7114627879069141,1.1443807828607284,0.8523318597427,0.9988794031577833,1.4044809515411711,0.9456460971004574,1.0975710472427822,1.0727141938920213,1.0,0.9097992365163865,0.8645705159695721,0.480052749128951,0.6950126748744653,1.0,0.8094263746561918,0.9136891867524563,1.0126294412182235,1.055565210232728,1.365051388660429,0.8483759852245147,1.242306649564223,0.8889898453601222,1.0206892223989648,1.2109859770391997,0.7520870261770558,0.8111453987755811,0.49871268624720455,1.0685617311316806,0.8362392728699364,1.3376654890739146,0.8125308668433217,1.0,0.7440425615358557,0.7992800698837131,0.8109675914109631,0.9569393945017304,1.0070927241151046,1.0,1.121272351405298,1.0,1.2765918407002301,0.6355041545219478,1.0411018769557916,1.0794052724188263,0.8188391177688763,0.8900540098145752,1.485938696757707,0.9932885035896379,0.9005160064991198,0.7364476211499357,1.0,0.9307540271903657,0.7588795902469718,0.8093744847125235,0.6934336814155715,0.9243307077377634,0.9825600415761577,0.900685595942315,0.8397643905536912,1.28050898767772,0.7388067803585554,0.916726888717041,0.9660678066066616,1.139485697998119,0.903963521077603,0.4639149588688476,0.8221117434059114,1.0,0.49768613317170185,1.1582435269548934,0.8196781566259078,0.8667989798843105,1.0317186647331418,1.041156771869342,1.1354311912362316,0.8810393794635356,0.9875635487921228,0.6638824712705635,1.2920196062242315,1.0471603972948722,1.1387367952314156,0.8347685989147497,0.8397420626500957,1.4758279694313632,0.9287485997217098,1.3313614694059985,1.1398793648370362,0.9160023623716315,0.7889021272690416,1.0,0.9830186470413101,0.9887764858372896,0.9874074764532205,1.0,1.0102836419576315,1.0294702680647672,1.0825778808818087,1.0915210089623035,1.0,0.9834301531491181,0.9529924464623044,1.001618420334853,1.2021591005969625,0.8588528723410946,1.1450092308377295,1.176048157775075,0.7108455140042342,0.7792292532170637,0.7869529831901778,1.4520417462314112,0.7080398860469856,1.2627654940737738,1.65156008028231,1.7017793511255919,0.8834647807597799,0.9436915966427114,0.8122897981847577,0.8863505549321199,0.9752220722129711,1.0531771500762035,1.3056580432273388,0.8027143601255659,0.8238171126422139,1.0061304409869398,1.0,0.9169918047893065,1.0,1.2954880634584787,0.9367333661526372,0.9278041667984097,1.0602202412621877,0.493829334210946,0.6337863545087241,0.7407205324386666,0.7607015126989057,0.9752987324989654,1.0709484813876533,1.0094617656810752,0.8881482114042785,0.7973155353876403,0.9050007682109632,0.9611122173274014,0.87635536585767,1.0865186142604597,1.0,0.7439338583885458,1.0186857792493316,0.7529502560942715,0.8081907184839621,0.8080343064512961
2015-05-29,0.9249966997756135,0.7874010959215825,0.6618815425249711,0.569142930570129,0.8127829708847603,1.066790699772719,0.5451677530671218,0.661226376207753,0.6598577276281756,1.3172389887554568,0.9705797873850095,0.7180046813683285,1.1764449822227971,0.8608366609671341,0.9906344003377628,1.3823474614311246,0.9729494597181053,1.0329953995324768,0.9615909470902999,1.0,0.8220466460818957,0.8813299667630793,0.4601883569341091,0.6945330335487616,1.0,0.8230552367664835,0.9076127573401777,1.0123100660421729,1.0575597184717804,1.372969075541251,0.8693475104773445,1.266125564139166,0.8848009217156197,1.0256764039125195,1.2786907398814262,0.7515230981096128,0.8137306214831495,0.4914749796032941,1.1038512276209793,0.835875835266908,1.3530744454397592,0.7901005752841943,1.0,0.63561969293447,0.7376995281099457,0.8181719541021999,0.9571940765412705,0.9612327510213962,1.0,1.1259498824301082,1.0,1.2653131365354469,0.582839890257042,0.981462630535108,1.0237445975586825,1.2823148725547924,0.866647027447607,1.4924318755377104,0.9206043778607979,0.8813229863580319,0.7636208775638315,1.0,0.9206057087263272,0.7539339246687218,0.8130394888583913,0.746427320617434,0.9346352837832846,0.9787940563246881,1.0031495818928045,0.9375115062082386,1.341233669451727,0.713384145292235,0.8135726873671257,0.7865253226357649,1.0843065589255891,0.9019017494592273,0.4382488633216951,1.1508048496127272,1.0,0.46569211157252777,1.0690660830692766,0.8156398190200513,0.8337311405000026,1.0288412735626675,1.1094395424611154,1.224189816260962,1.0935402646373706,1.19542347437903,0.6323950847251547,1.3187683223480633,1.0660058103583478,1.1436197489890487,0.9026644391576417,0.9191632383561349,1.4625877829876952,0.9518407495409724,1.3228033087193518,1.1253664906693326,1.180679344005748,0.9562590485924412,1.0,1.2167450994613151,0.9956551760605117,0.954048821877857,1.0,1.010292681026827,0.9807595401125347,1.0756704599920845,1.09862993505404,1.0,1.000842138947091,0.9525820658208249,1.00174547967397,1.291708067229039,0.7121754978781147,1.150804629016847,1.1872771974547458,0.6802709569921315,0.7353699436711865,0.8676987490625272,1.4670616715203335,0.7018586968132874,1.3290465191164484,1.6566851971282706,1.7036185458177842,0.887836654974147,0.9871119197676752,0.8262023230034536,0.8861521164193495,1.117088460149083,1.03999429901606,1.264576543640826,0.830553907507705,0.7793673605403051,1.0063603607090879,1.0,0.925110105940407,1.0,1.3318499807528736,0.8969481149861934,0.9289794254586781,1.060017387640198,0.5604803960675453,0.6334828510020722,0.7187676181719874,0.7263705925501831,0.9760097763580244,1.0663560852965102,0.9796633919924591,0.8458559492525461,0.6595384020052846,0.8998408758434872,0.9657097938471,0.7648042018703695,1.0663835693102466,1.0,0.7343157453389848,1.0598146481748336,0.7523878947036398,0.8180256905385753,0.8097867815618134
2015-06-30,0.9045746712909504,0.8850807782159424,0.6617985375254387,0.5465907523583551,0.8443051275918726,1.1989786105554188,0.5422805144331712,0.6609296966686937,0.6595081242387061,1.3188428425541392,0.9603358820657141,0.7422625133614553,1.1974453282359596,0.8335555160436896,1.0044219976398352,1.403849838149236,1.0936062791272383,1.087990900621402,0.9633856822271711,1.0,0.8104991959457831,0.905327850272728,0.4592363452138718,0.6945125425893477,1.0,0.8299731346735714,0.9075382031215761,1.0123101858319579,1.0584757677372287,1.3812209644062088,0.9065996259442236,1.274893322256424,0.8856471697117034,1.0259572575496536,1.2836347444586091,0.7515128279786473,0.8156810512858814,0.4914055030406056,1.1227396013979698,0.8249658098030292,1.3596150090877477,0.7913942278299235,1.0,0.6578860000094051,0.7362604867798795,0.9066233827080707,0.9637935179920722,0.9687262917934015,1.0,1.132809826373389,1.0,1.3030795453266761,0.5693017596669232,1.0230469491075616,1.0432094962342813,1.3137180365290322,0.8514606680903642,1.505951717293679,0.9259673722348752,0.8731490305702704,0.9018052354129642,1.0,0.9192924781134635,0.7295020979038587,0.7809408205407712,0.7572861930305059,0.9736675707719435,0.9823012997135193,1.039106634419368,0.9466512040135553,1.350094023574386,0.7588188129590527,0.7853312931824543,0.7260630746072827,1.0375452317985758,0.9010799403104229,0.4343854068266969,1.1766925357072917,1.0,0.4562428703357282,1.1103228324273742,0.7894709837828253,0.8617676942121415,1.0284251556247794,1.1066127456234376,1.2266623146987388,1.109292931334856,1.2059341009346327,0.6283193795169948,1.2408674138229612,1.084252291959093,1.1398196462995838,0.880098630612991,0.9586251767058265,1.4631605456492442,0.9472776420568995,1.327406965583509,1.1307429253675032,1.1914195500914162,1.0620394000060394,1.0,1.329849623338675,1.0313539647389223,0.9984615962868355,1.0,1.0102971876576985,0.9787002454949755,1.1271664051049815,1.1111973799671124,1.0,0.9980891223456834,0.9531572337601986,1.0018166645713487,1.307004293719974,0.6872422570509555,1.1932178416658235,1.217094957919002,0.7691365762118436,0.8421431396668938,0.7960975918884909,1.3567228860606038,0.6926685762551079,1.3730294355292165,1.6635412340400415,1.7053555264293725,0.9042402084842117,0.9956292284768521,0.8178065188881406,0.8954067710856277,1.1351951065256394,1.0987473416015063,1.3070404858258207,0.7995409264044341,0.8288344112333851,1.005673274579371,1.0,0.9162364140804603,1.0,1.3447774387735367,0.8779531375977245,0.9196896810448079,1.0602906805997572,0.627354040484746,0.621788175240829,0.6317467271756014,0.7492661917833803,0.9801103181898183,1.0725566223325464,1.0093371529370443,0.8437936664097111,0.7415097028740127,0.8960586324798328,0.9440350133727065,0.7180809067167414,1.080441998762585,1.0,0.7229100678004619,1.0448879979735104,0.7568242266993304,0.8346478059382506,0.8239079502659427
2015-07-31,0.7599479827474739,1.0118615579806838,0.6616724034299455,0.5211072193762293,0.8301238406316233,1.2341481017783105,0.5305663596491486,0.6608288700699247,0.6591724976122924,1.3195826113227556,0.9409833099597497,0.8530213018984956,1.190059481785811,0.8156019230759656,1.0178662195502632,1.4057842423685694,1.1270381845407003,1.0893958688345204,0.8962292686702407,1.0,0.7854910135130672,0.9384876148665242,0.45557455306326744,0.6944731412065708,1.0,0.8121001316297694,0.9279152143526319,1.012828484718781,1.0591039704704825,1.382984012085723,0.9194479585191261,1.29325807493692,0.8882039751389956,1.012478351214422,1.2859783965354916,0.7515069936857244,0.8163928202293372,0.48969983816114737,1.133245000568834,0.8163687203149759,1.366636031166197,0.7836958126384654,1.0,0.665632322944538,0.7355336733807952,0.9404610115971108,0.9336202279115107,0.8932631062829159,1.0,1.1346282124786724,1.0,1.215530725988239,0.5578268991199686,0.9882010870351332,1.030531125915034,1.3539895093306824,0.823521013206761,1.5071700244510122,0.9242444059227416,0.8710464094289714,0.9524348263959241,1.0,0.946580362698961,0.740814522122474,0.7925876193359631,0.9129829766461535,1.144648127306902,1.0004359931920932,1.0633583891091687,0.9938148680412399,1.3592971237841562,1.1252195520159325,0.7611345523367099,0.6685267696040627,0.9580158564160508,0.9023962907714201,0.43038558936849547,1.2019013120062885,1.0,0.4523639738429712,1.0376248775428536,0.7817279357450644,0.8877672998377778,1.0241747764398095,1.139344187253706,1.241551445497104,1.1438682428389801,1.2527631256523069,0.6272111860419028,1.3363938812399887,1.0840829797268041,1.1371232218463962,0.8956218778600465,0.9684455397595091,1.4502689908600206,0.996103921853256,1.3210710280382876,1.142261918046663,1.2344743931789948,1.0438773950006117,1.0,1.3775961205749334,1.0363522107533583,0.9307097475000344,1.0,1.0102975363346913,0.9783348746061213,1.151188217791075,1.13341883389872,1.0,1.0231914064126113,0.9535218144800057,1.0018194252986339,0.9665774735922725,0.640446917027847,1.2734505355351988,1.2223846237911513,0.7682805733858737,0.8427737371841211,0.8020254820357633,1.3945204294654343,0.6912639927417098,1.3963349395209836,1.6653518388943163,1.7058319142692489,0.9455708276433159,1.0193155922050878,0.8230629053564733,0.8921281801115813,1.1651990232847886,1.1428160929643911,1.2271804455987596,0.72263553351647,0.7975811044186172,1.005667630837083,1.0,0.9148064251295814,1.0,1.350360953063989,1.0787270726907536,0.9182627692019382,1.060211220568844,0.5870465979280457,0.6232955322201208,0.6123348961120982,0.9814551745490776,0.9893284246299583,1.091230477423569,0.9746115484202904,0.8350645575966704,0.7248205296652049,0.8922549531384918,0.9145536144623062,0.6044422133510654,1.2023136482762753,1.0,0.7266071495783113,1.0436331300830293,0.8645393280710818,0.9142214975366378,0.9748941099315562
2015-08-31,0.8451632511565429,1.0251082142157293,0.6616279544720174,0.5090942869910025,0.8425169186510573,1.2495267540597632,0.535015841353807,0.6609593159314419,0.6594807947197665,1.3175433880979572,0.911188991970346,0.9435925597067213,1.1694089406064305,0.7635055966919816,1.0293916618674674,1.410787814418308,1.08378237026972,1.1760131752709797,0.9090167180110736,1.0,0.7985090840086502,0.9039134056925585,0.45577777825903176,0.6944761591330859,1.0,0.808054855226861,0.9218525045590623,1.0128287922210384,1.0591178049074887,1.3826385665660572,0.9288758902335846,1.214802087043871,0.8888237736673051,1.009989088857036,1.275506445350657,0.7515241090776477,0.8121956147968736,0.48994201467447596,1.1869026694558718,0.8146528016442033,1.365293475723928,0.7782134553549399,1.0,0.7775757999733014,0.7390766386370036,0.997719505294602,0.9136937688387626,0.9073156609161688,1.0,1.1347082801096593,1.0,1.2587989679324874,0.55278915357527,1.0470485267007263,1.0840694901465087,1.3511107880549398,0.899446005174369,1.508069445425324,0.9380565149625628,0.8717571674553279,0.9935414028750222,1.0,0.9455864722289319,0.72798473367338,0.7793916072141085,0.9290956555072349,1.1149742189753213,1.0053884655144787,1.0242894530660795,0.9756547439472831,1.3599320954597314,1.1796158748429022,0.7639170109587962,0.6710611801065343,0.8332129996185716,0.9005319130444878,0.43341999711382484,1.1936929139146755,1.0,0.45248784011855736,1.1063050982478824,0.7927330777876523,0.9191803428860524,1.0291730372822039,1.136369536150402,1.238757945325945,1.1303324568300321,1.2428233020619595,0.6325331816129345,1.3414963664207773,1.087260777437036,1.1325283798225176,0.9245934160430871,0.9733680570040391,1.4421112489256758,1.0219406281571777,1.3192588800645377,1.143241903125664,1.2163031550152714,0.9899079453591642,1.0,1.3624790259575115,1.1096175889433657,1.0111830715545305,1.0,1.0102942076965788,1.0073155353979928,1.178226599080741,1.150401472389423,1.0,1.0247340661237043,0.9575331548400755,1.0018177123324945,1.0655839304404153,0.6375109405690316,1.2753417876001376,1.2164505533530987,0.6736913484604099,0.7422303495634801,0.7610968077190723,1.3464556290320713,0.6911640951630413,1.4189785427552932,1.6642921851231842,1.7058003583461252,0.9526346622577635,1.0266165216084417,0.8316828247212642,0.8935440431617265,1.1606843368124935,1.1967012115862015,1.2348835642145892,0.7235273086595498,0.8678876218988927,1.0054378048069714,1.0,0.919553147311889,1.0,1.340780071551447,1.1317190863066822,0.900695637256743,1.060262360513676,0.5972201110920952,0.6228786870449301,0.5744101392341556,1.0356405467862357,0.9980834799019201,1.1027260345432046,1.0471105292749727,0.8361947636305538,0.7051379023591169,0.8974005940811381,0.9055977369087599,0.7772175443240947,1.2628234681319142,1.0,0.7857514510567309,1.026107055529838,0.9687692156284922,0.9360818382783296,1.101917113346362
2015-09-30,1.0446079583479542,1.0796848859669113,0.6616062992407574,0.5098112901775889,0.8543521756806998,1.3688374917427815,0.5435757315865335,0.6614802886466742,0.6606467964667522,1.3137592508815368,0.8967426479868664,1.1054059196070827,1.1095653550967777,0.77700687568897,1.0574097050628455,1.4132890964372886,1.0288761536648359,1.26959313956356,0.9758550163071712,1.0,0.8305615876162384,0.8658184611219557,0.45644910316798604,0.6944792698980551,1.0,0.7917967073370369,0.9422830791659659,1.0128296787919466,1.0591201826263734,1.3837172394082078,1.0656527860669616,1.2471120886755638,0.8880320929469092,1.0082675589706036,1.2608846566533236,0.7517635658657102,0.7999517184542969,0.49024602019177765,1.2252024201379415,0.815735273045306,1.3676003186131698,0.8084056591983684,1.0,0.7634124442471582,0.7407860156535023,1.0418015327873242,0.9238250057349283,0.9347293827713969,1.0,1.1347546453126354,1.0,1.2718475563741602,0.5533559225780955,1.005192355227807,1.239709831593891,1.3630928723136355,0.9168677713378496,1.5079439339661167,0.9096091191248341,0.8711415987114678,0.9894630100729973,1.0,0.9445921096983012,0.7349255773974397,0.7802299541923106,1.03377873556347,1.328391052992841,1.0614343875746861,1.0172608601286466,0.9355908095619478,1.35923992833517,1.2169420209092618,0.7691697395779836,0.6649274855306616,0.80128784600042,0.9004965864348177,0.43855086342216165,1.19673846049159,1.0,0.4553441190237103,1.2229145047147478,0.8081927630099198,1.0805515344564094,1.027435117185753,1.1392972060536102,1.2390318113888537,1.1317573568660415,1.2648714271594546,0.6361641679323679,1.359861859599963,1.0794364772033962,1.140444535778401,0.971759489069755,0.9552729843693673,1.1736000304243013,0.9784289360688592,1.3181889877074582,1.143110439544504,1.2130617331827211,0.8619201814269986,1.0,1.4128876198464129,1.1895724072567182,1.1030692188740063,1.0,1.0102803150145023,1.0483715050849676,1.1811856452987293,1.169372605127007,1.0,1.0076346727848373,0.967626029301438,1.0016818815620543,1.1103162408230314,0.64079504831211,1.2912538649796381,1.2147944956907233,0.6080067800371118,0.6628225107972612,0.7367384223243345,1.2084068958041583,0.6910990166643584,1.40068519272362,1.6482585130305851,1.7055622007923241,1.1223523745044814,1.1081312425271925,0.9841901098402562,0.9039818607128263,1.1589618964235793,1.3025851571157452,1.2715341192176766,0.7320634087597649,0.9441365790810246,1.004832505759477,1.0,0.9422958215503737,1.0,1.3326497205830412,1.1036113366046807,0.8945192263123732,1.0603396863611445,0.6239466318225779,0.750424713742828,0.5882473160929202,1.2818644031724231,1.03173416803208,1.139826527957219,1.159881534883696,0.8422653719582989,0.7313818997151476,0.9039887397020582,0.9111690447734859,0.898152062019058,1.2913310552133885,1.0,0.8326018631144539,1.0140710096080352,1.254700951951667,1.0882821733906685,1.196818556302415
2015-10-30,1.0499593683367372,1.0729346689971055,0.6632454053353722,0.5083448620275477,0.8868178588633069,1.3299092113271431,0.5828585962412689,0.663193668705351,0.6634556454585847,1.301147551666253,0.9312346816976681,1.1363583416118677,0.8603522587749539,0.8455716622003806,1.065998101773484,1.4126983813294034,0.9534245594540323,1.4413515832666248,0.9061444328440044,1.0,0.8413383125996221,0.8768664328066569,0.4605914658168295,0.694497620669444,1.0,0.8585050674269235,1.0127375408573445,1.0128294885976936,1.0590708225399394,1.3783950072421738,1.0694309177220689,1.270108023531677,0.8909150771187582,1.0090765966967803,1.1841361829468884,0.7545100362153028,0.7956391746668593,0.49216115028630014,1.235267517017029,0.8258047254106985,1.359517073489872,0.8188552066109863,1.0,0.6442456346854467,0.7393678651891451,0.9722436947302949,0.9426810172351516,0.9415904756766142,1.0,1.1347565503718715,1.0,1.149884372546043,0.5531547926029282,0.9645523389013689,1.287631060658499,1.3640549649536724,0.8623822457721805,1.5077460895718298,0.9173114589571806,0.8775373813665882,0.9395948506915688,1.0,0.9528007241250823,0.7266810690993182,0.7897225382466992,1.0792892510189551,1.3403706098963908,1.0481359827645618,0.8535587938159431,0.9101058692961119,1.3453016931640047,1.2248659529826835,0.7797501503750526,0.6761684440650879,0.7853082802903012,0.900426193480927,0.44945939222344533,1.1641633317663354,1.0,0.4688784418260069,1.221151441037266,0.837881433411423,1.1503664541964775,1.0304922796938023,1.1428265442307781,1.2386298351001597,1.1320465560027249,1.2732398223171861,0.6700312308301157,1.326994305870098,1.0788138504758913,1.1310265076897124,1.0377156395700766,0.9610262333020653,0.9340235780375354,0.9735962570762668,1.3028307455960035,1.1440010245160261,1.2317473350081158,0.7686562592494035,1.0,1.425099669294989,1.1897777901409943,1.046248129563472,1.0,1.0102042433378473,1.0822875131334977,1.1695085998603818,1.1598417127696923,1.0,1.0247872125376452,0.9819466787447878,1.0002707937579354,1.2403186014202117,0.7340459707381232,1.2809032488567398,1.2081038373683919,0.5820712157926003,0.615561655708914,0.8462815678743865,1.3600258299424914,0.6905658414725416,1.2666086923337907,1.5286712506268896,1.7035290150102518,1.1203815185108499,1.1313397279168145,1.136107241203438,0.9031513586644602,1.1339901485955057,1.3304307007328886,1.2071963385164137,0.8068539752181538,0.9655729783459281,1.0053522176146177,1.0,0.9302772759850395,1.0,1.2482023303634207,1.1433499852302433,0.8857833405073016,1.0603309940699361,0.6787432293893778,0.9019763501634905,0.6294357191311755,1.261848539647073,1.0155970457013315,1.1310463422015862,1.1446637722762731,0.8452601474880587,0.9411486739948403,0.9282000480339934,0.9208077603765699,0.9997571565652628,1.3845357487502985,1.0,0.9572373297781559,0.9892184506056231,1.257475245270081,1.0695537374581392,1.1984611152469915
2015-11-30,1.0341178542245615,1.1616756821125174,0.6654463560951593,0.5162073988340419,0.8402582229706645,1.2643610634545561,0.5496237433775311,0.6636724479033429,0.6636435449922444,1.3169841259080857,0.9714496416618617,1.0802568368265613,1.0152944958579406,0.8610677876760436,1.060367874391317,1.4106242293606535,1.027862695770939,1.3212681598160527,0.9038127977436743,1.0,0.8977970879682056,0.8678051104887596,0.4591043958552655,0.6945288346660297,1.0,0.840283098556308,1.036630206922908,1.0128265674550698,1.0587177629794953,1.3742837416505997,1.0404914297296393,1.2056563721935845,0.9023731507166447,1.0093718097419866,1.222284755058929,0.7547057623320217,0.8001087668738804,0.4907545086737176,1.1912600126586665,0.817581754697974,1.3653239429469437,0.7964652397609485,1.0,0.7706449979662591,0.7408380735563509,1.0114635920126893,0.9584674005845933,0.8931986437375108,1.0,1.134757366508958,1.0,1.0831498493952292,0.5578522733639034,0.8474963327965459,1.2415208806495546,1.339837339541929,0.8673101539170369,1.505514568472437,0.8869544317715325,0.8814080294137907,1.0538083848268969,1.0,0.9262086477937488,0.8468718994050287,0.9358151481969645,1.1038388950741693,1.2800993020212066,1.0371533913406321,1.019061727495228,0.9394034605651795,1.3144341368090415,1.230529582284092,0.8122968117078008,0.7086808579497228,0.7827990984269559,0.9004288672446001,0.4565372987163604,1.088589955176952,1.0,0.4746093978024686,1.201356226404417,0.8298826641551755,1.1052307897443847,1.0320669737850012,1.1478454194101801,1.2377234983522094,1.1338452525978038,1.2480787312237036,0.6577706456700028,1.305253012664902,1.1132294108793621,1.122686669316255,1.014573367063453,0.950352738074201,0.9142397165355226,0.9341512008129262,1.2351280077505304,1.143333549261245,1.2167169048065438,0.7151640112092101,1.0,1.4311390575840224,1.15843363084298,0.9557918038324598,1.0,1.0098324601798099,1.081379878818933,1.1461934788085666,1.0941079893033518,1.0,1.0241388190743188,0.9944370739022883,1.0007734715602135,0.9545240425959152,0.7611142384968799,1.255722612883036,1.1981893041966398,0.6086940515043291,0.679277527915942,1.0347211551242326,1.0618827343022292,0.6907829776501528,1.2758487994898418,1.264884298026892,1.7035786245417184,1.051380573246251,1.1301322244771026,1.1123464879604208,0.9054322035138377,1.1304090436245198,1.2673716867505211,1.151207273467203,0.933576723195198,0.896317163365836,1.0062037522970622,1.0,0.9274458007798436,1.0,1.3162980389105365,1.1574074265901875,0.9024869498862562,1.060203398026709,0.5169142705696632,0.9495258448922842,0.6257320172083405,1.2812481343445523,1.0234695864249939,1.1108686493417395,1.0862538909280606,0.8421584734259038,0.7802262399122745,0.9183635529370051,0.9045837503509483,0.9110752101950274,1.3036713462678025,1.0,0.9529608803283587,1.0312384900039233,1.2562278856845066,1.0809364768163536,1.1956952398628369
2015-12-31,0.9515934137686388,1.1272785517784274,0.6663469850227883,0.5099573623867353,0.8230971783007719,1.0840981968245813,0.5530972102879346,0.6625140302476542,0.6626352040857396,1.3114145642719859,0.9349970145990232,1.161003069079209,0.9752658067687597,0.8152544196190575,1.0683587409571038,1.411449744676759,0.966229165649384,1.4378187278077745,0.9049176702095568,1.0,0.8322258215717477,0.8647234054315585,0.464726577974673,0.6945634066253704,1.0,0.8611276272888984,1.0866315863911904,1.0128291378400271,1.0590357926863612,1.3613634228346256,0.9956255090359444,1.292996370335586,0.9027517818611457,1.0092728046306392,1.2186647717748564,0.7558196318408267,0.8044923031537459,0.49191270335725035,1.1836054861035046,0.8191328010351081,1.354747942204226,0.8534303654631346,1.0,0.7542715248559582,0.7426765724279027,0.8875099145620142,0.930678140294341,0.8241655215357453,1.0,1.13475406485924,1.0,0.9266075961804198,0.543800883937009,0.843818563425757,1.2281555337138432,1.2549848599026616,0.8333284233607738,1.5049669689690306,0.8960085500592412,0.8755794591370697,1.0753952107961269,1.0,0.9482267786067796,0.8298534596468001,0.9175756259737424,1.1737244927073187,1.2917079933965516,1.0631972492744697,0.7630676188503509,0.9693248558190738,1.282102750542745,1.282542538278307,0.7907915174826402,0.6779587651195326,0.7781154159565263,0.9003940469246945,0.4663073487614676,1.0284834883779814,1.0,0.4666079115935188,1.1578123761694183,0.8369870140694237,1.1107345098975545,1.0309127118720394,1.1537026711099927,1.2355564790698312,1.1548285034193622,1.2442900524081975,0.6483865681192562,1.251884387167327,1.0996842850129491,1.1080684663587084,0.9967479811811971,0.9276276473912792,0.9537868464137836,0.9500635181573468,1.2073808049717194,1.1439146800055362,1.2394746467758246,0.6798009999995505,1.0,1.4353803920919375,1.1696152418093426,0.9499972933216508,1.0,1.0094551540998762,1.0910234942813541,1.153970479804871,1.071562660321158,1.0,1.0389987646334689,0.9691578709338571,1.0007443306499098,0.8221171056290293,0.7172956962042348,1.2821880780726156,1.1838439359222568,0.592955538258666,0.6363717477612172,0.9880836766791252,0.9654002210138651,0.6902843187257324,1.1545590229871379,1.057973391904684,1.699727074164124,1.0745949808469293,1.1195034115196905,1.2293169889401183,0.8891768548684078,1.1090397660729912,1.308304841205902,1.1156431495485863,1.0440384871788775,0.9386473396781383,1.00582871644702,1.0,0.9241083167167228,1.0,1.2249143968967005,1.1920983806926628,0.9022727602396431,1.0602817635310835,0.5290385365165526,0.9978279628784578,0.5648125194252251,1.2919036376224622,1.0119176476048317,1.1074041780514228,1.1072755505424723,0.8399232434833722,0.8824116441153902,0.9071641479412996,0.8976263731103982,0.8476085229593375,1.4961246278787106,1.0,0.9708388507912085,1.018697001075576,1.2557049137312617,1.0338934952941634,1.192963005106903
2016-01-29,1.2107567717065806,1.0447173686903852,0.6769600601992959,0.526461247302549,0.8506878375719261,1.0820567604995917,0.7929030494413605,0.6632921594577225,0.6889241070865856,1.3037429012913668,0.9419665966247979,1.2121589711522929,0.8802523289781818,0.8339943957157671,1.083017349094797,1.4141931778682295,0.964250768389261,1.5364166096588108,1.037664781619199,1.0,0.9233449337667649,0.8431805660614621,0.4949709866136681,0.6950360789328843,1.0,0.8866382937521938,1.0882855777280596,1.0128291711343065,1.059016594404196,1.3735324120828303,1.3447692290772406,1.35213934449775,0.9274665586164557,1.0161034846688632,1.153990912646597,0.778416648102426,0.9538205461089574,0.5001491702102261,1.2670581428899468,0.8434296221398143,1.3548718105373312,0.8721602178622815,1.0,0.7277601010927272,0.7644345894737992,0.952014147429759,0.9486395783271231,0.8936653422595501,1.0,1.1347582688069686,1.0,1.0952623125095466,0.5636273574996593,0.6510097247984015,1.4463873862882553,1.273933006440448,0.9041458052187221,1.5009911962197742,0.888375443057859,0.8777494863822981,1.1610793833865514,1.0,0.9230425031131014,0.8059725533600879,0.8391569234126816,1.256778309330744,1.414598172287703,1.13178714356216,0.7232404103009422,0.9896999660661993,1.2126440726253713,1.2807883350944036,0.8322298437479401,0.7361759939969779,0.7918676628730976,0.9004112428613719,0.6080630865255037,1.0759749170389759,1.0,0.48535629558147764,1.2678590806449277,0.8300030590511731,1.3051743968530036,1.0322233207048106,1.1437037930816751,1.2179637096844405,1.135563819143446,1.214499865645144,0.6762212956044203,1.262990491652379,1.0889541858378005,1.118092494944823,1.0118481256705836,0.8930090367859633,0.8446888577436117,0.9464976059838619,1.20567518756731,1.1415715932084698,1.2311835407328906,0.6835562529065227,1.0,1.4362622424677705,1.2359908875190904,1.0689949349202128,1.0,1.0093749423860805,1.0547471482715192,1.1697309335316137,1.1852046212719933,1.0,1.0465297416951145,0.9575171364053019,1.001592953617462,0.8648634680113682,0.7037262116331431,1.3008779015845418,1.1948883120965812,0.62603278683268,0.6993603013108574,0.8453577741514574,1.06971933145583,0.6904257426489873,1.1199663392971588,1.2794871484740529,1.698624196060745,1.2704759556531626,1.116509003609479,1.2619783340507547,0.8883011746852946,1.1150190164628695,1.4164248626134757,1.1739783738263105,1.0567142822527023,1.132399835403438,1.0049550613126865,1.0,0.9350664318401319,1.0,1.2237401506310945,1.1900428540168806,0.9051432678878277,1.060366168416271,0.5915846783555132,1.0098887295617867,0.5551308794958785,1.348812246077841,1.038485748811153,1.1484121560623732,1.1913073369515144,0.8886243508423617,1.0447675571509742,0.9560896236886937,0.9669060814536043,1.1940730677022173,1.740420263387561,1.0,0.9295464397224087,0.9865609174086595,1.2645058803760159,1.3198744833912546,1.2059597856384188
2016-02-29,1.2905628460017713,0.973766839462416,0.678795651753271,0.5785082555265038,0.9836189230974488,1.0676450079664894,1.2136546898521867,0.6707122968528668,0.8663279070975731,1.257075459854537,0.8724610569818502,1.2864604391358583,0.945751442873483,0.7191484719493957,1.0880178523226909,1.4115700541752831,0.9494522115914658,1.5538208699733054,1.1446146525376724,1.0,0.9271101907259478,0.8225621348611769,0.7841928212828109,0.6976358363059321,1.0,0.9502233849300005,1.0868369133949878,1.012828069402634,1.0591085584630657,1.3739569324231562,1.4712299095133385,1.1920598228448607,0.8891683602878918,1.0115156224645683,1.131986868938946,0.8761469519406923,1.2827982464039476,0.6247874930435675,1.300218750856338,0.9618958057543566,1.3581596449144377,0.8249235117863654,1.0,0.5771548209075879,0.7993420644293366,1.0009076820821634,0.9184155626757173,0.9439925240230116,1.0,1.1347581289245114,1.0,1.2552353721080873,0.5486773813288726,0.972158928194374,1.4931865146173513,1.2846193318989738,1.0154339390178524,1.4870892519095298,0.9154239248693982,0.8762641377899049,1.1456273043255965,1.0,0.9420691438937212,0.7389639820145943,0.7661861246444577,1.3256423632681924,1.420813227874791,1.1315353127902097,0.5960482935239475,1.0866227248962803,1.3261350953189721,1.2463630054095143,0.8789515056067102,0.8075221832433104,0.857858209109862,0.9005220609652513,0.8330622124056769,0.9919474065623336,1.0,0.6108693858453483,1.297487063631244,0.8511788757683433,1.337305055238602,1.0317931988966567,1.1449182753342166,1.2161313598941235,1.1754810313726753,1.2654829299911494,0.7703729821885731,1.1802680872888007,1.0786999424900572,1.1408009301488993,1.067011545367383,0.7704971177605313,0.9189688771489086,0.9673489053666053,1.0095262170344452,1.1370539538459938,1.2728125429199784,0.6197152562631489,1.0,1.4364164635485939,1.2497113218311902,1.1837666904145459,1.0,1.0101283513549197,0.9800504824335147,1.1743896136845409,1.3293236329848126,1.0,1.0501340341456662,0.9791948791223369,1.0012130933489995,0.9562736088482239,0.7150091057750169,1.3121792075276888,1.1252531699186685,0.5749956024114504,0.7976077014239339,0.7194736372369805,1.1292313386511468,0.6914573765603591,1.0174892127874038,1.3584531391729544,1.6764299522044195,1.3075198560367993,1.1204815618619377,1.2861136598409213,0.8897536605306609,1.1242826701334794,1.4615743975398452,1.3069498984215606,0.9684585868580955,1.2586463662247063,1.0044549799276496,1.0,0.9341612922014914,1.0,1.167013915686991,1.1882873194439143,0.8726125815786151,1.0604081634084495,0.6057135318042166,1.0062068158095527,0.5229697736315141,1.3558927202093338,1.0452231672895214,1.1510383419577552,1.2519292170483014,0.9951507506792334,1.1445016554092988,0.9783891560420664,1.0148434952344323,1.3219119667058787,1.7536233996612012,1.0,0.8874074481931203,0.9536320168637581,1.264729695660351,1.3824223091498233,1.2063485774932936
2016-03-31,1.2500207321352959,0.9585056851906224,0.7272258002584813,0.7411917494151525,0.9463295956709438,0.9976421648662013,1.2296066727949364,0.6824960009211567,0.8964670568521312,1.249740873158843,0.9225404203572904,1.2584440904360275,0.9089044658873764,0.7602580337044661,1.0876802131413656,1.4066405077655717,0.9404430077094771,1.560226683157956,1.134321530559755,1.0,0.9359729978690818,0.8227970386434066,0.8221335126437529,0.6996967363324345,1.0,0.9560858778760641,1.088371869094648,1.0128272685861957,1.0590172115746042,1.363446914181749,1.4273218156353789,1.201787984594271,0.8883281264070148,1.0157761888029004,1.052621968715771,0.9169885233188617,1.308925539886897,0.6732446411031088,1.3002440313195585,1.0717001920969567,1.34504904501832,0.8083867504805038,1.0,0.5718959245002762,0.8283621279559136,0.9150439032499856,0.9917296776670214,0.9744567741911822,1.0,1.1347561719635504,1.0,1.20286055270469,0.5454651999445268,1.1308649103972819,1.4959799138275542,1.1309380008655527,1.0123258315036971,1.4754041720578885,0.8974134758426493,0.8836761675446958,1.066693667692474,1.0,0.9499858208335674,0.7584261622717716,0.7843582176937816,1.2346061807250546,1.403702061983776,1.1288351019722902,0.5259456770059858,1.0244702616580057,1.303630694274781,1.2253954394868574,1.0018410216835514,0.9959952113411088,1.0866287762530074,0.9023721632190377,0.8301927427625981,0.9131451017513562,1.0,0.8129475288932188,1.2161582245910685,0.8549550525891753,1.3183944330901292,1.030300466762513,1.1316069402085773,1.1695777832277208,1.0988566575164498,1.2117447777597687,0.9298537894253307,1.1219520288294487,1.0597737488662253,1.1428350198975834,1.0693000539727113,0.7393130470602418,0.9713496026596917,0.9695311219067649,1.0330147274046393,1.1292063181555418,1.2310934133980937,0.5941205160474576,1.0,1.4359831988039895,1.2477858855341224,1.1963873871189667,1.0,1.0099893793972146,0.9974481101105599,1.164578017910522,1.3341710609810888,1.0,1.0456932504727978,0.979433320206323,1.0004051933762341,1.3200437580475826,0.916758288775237,1.2953245297878924,1.142049099033367,0.5758219187100663,0.6907613712593323,0.8183546855455264,1.1624821610580631,0.6918363206853797,0.9693674849682303,1.301400715130014,1.6452399597052347,1.2960779577938548,1.0952365494474259,1.2939136642579798,0.8897519724843573,1.136941162301007,1.4550214715075662,1.2612770507046303,1.0420220788025638,1.2530576269508735,1.0045930975719246,1.0,0.929057052371134,1.0,1.092471128216487,1.1885421015100672,0.8805113602095161,1.0603967350451553,0.5644300267189565,0.9616243073138143,0.5567394468433287,1.3377436032345509,1.0330630896577664,1.1494374192959274,1.2398294354248467,0.9981981727660763,1.1624227555085551,1.0048094084562014,1.029677432949011,1.34706119197978,1.7541632027772502,1.0,0.9051953220051508,0.9494027819388156,1.2645765103514297,1.3167407597032537,1.2060600459438073
2016-04-29,1.2491516007274288,0.9984080306460449,0.7003304461736244,0.7769688161657248,0.8946089464686426,1.0026512100615952,1.2114200595606521,0.7283653237659757,0.80510739287337,1.2224216045338032,0.9419516356283812,1.2687919128522973,0.9598180163420423,0.7752941036491949,1.0866896369869745,1.4041760686909515,0.9263789317128894,1.5492237008493548,1.018753021704631,1.0,0.9571418715340854,0.9688734264947063,0.7322271758332334,0.7091106999231769,1.0,0.9614515128673428,1.077228459869557,1.0128272208457123,1.059092325577657,1.368495394624876,1.4390733579062474,1.1978288579626724,0.8928610052008487,1.009724319109088,1.0052257753234,0.8929622064162901,1.3474031165090876,0.6659902335669925,1.2905648617955359,1.1467795684938489,1.3413890594694002,0.7853767358907844,1.0,0.5707062420851668,0.7582821677128309,1.0060957540068542,1.0449849380289296,0.9766462154081854,1.0,1.1347569039787162,1.0,0.9997577718419578,0.5548934060544757,1.253709159089287,1.4782461111591312,1.3196614007653498,0.9609574307648567,1.480864770911313,0.9248079603508672,0.8791518542887266,1.1341141592525297,1.0,0.9390459459316414,0.7710697414545473,0.8080395999021572,1.2951429932203626,1.4289221843503734,1.1214499396272821,0.5603301800395916,1.0446080576505146,1.3541364637108109,1.1588876250083495,0.9906213613558265,0.9603034189971053,1.087877352478072,0.9059904396229896,0.8539021837990326,1.0198565346379351,1.0,0.8656789099173661,1.201136664460198,0.8062091956956597,1.2867803434460627,1.0323128013994651,1.1421306519900354,1.2020153377088798,1.1776135917255557,1.269158119519337,0.9758432256870347,1.1304965140846739,1.063329555162342,1.1432883362357242,1.1069375091648215,0.7628593002273993,0.9329653314834363,0.9801824870800719,1.015821491214648,1.1428775492754086,1.2841626170582165,0.5776420706856107,1.0,1.4355776702580911,1.246939725962627,1.1547236426942267,1.0,1.0102010875621474,1.0176459191120204,1.1442853600007854,1.3394306121332002,1.0,1.0484939367713568,1.019377637693498,1.0008993100586006,1.2930829138200792,0.8720369045076126,1.2979892566478983,1.1119120259352704,0.5755352798052521,0.6873693174180477,0.7808838052201442,1.031497407725231,0.692333241733738,1.020079873210922,1.3473836503432484,1.6769566312619935,1.3117329725492501,1.1121252916767688,1.2898782754015867,0.8905412243457608,1.1225630163492297,1.4418323985382473,1.203515487110175,0.8508240457914041,1.2243121584910421,1.004367828783372,1.0,0.9381836927870858,1.0,1.1300134806065898,1.182454331524285,0.894157474119147,1.0603906409244614,0.6111555252521742,1.0187249095955202,0.6002924205492095,1.3389291187891967,1.0391323266198076,1.1495261142855095,1.2196030106645739,0.8983515443066536,1.1313969225425973,1.0204965297132729,1.0378881146979564,1.3191980267303733,1.7491250966591838,1.0,0.900794730762572,0.9616834948040962,1.2646622773665004,1.3696032776799936,1.2062723332400598
2016-05-31,1.1985536169481568,1.0317449762006152,0.7169232530438403,0.7210579811089917,0.8795397762785317,0.9892404055653782,1.2179824227032738,0.6941686342375366,0.7845079448871108,1.1856707676608154,0.9320494699214855,1.2711556357267995,0.8175464153480806,0.7843889384204275,1.087893121508569,1.4038468241751252,0.9267864796792614,1.5585181904414334,1.0525810746506343,1.0,0.9350864082659974,0.9165462915676489,0.7252288131129486,0.6998840865449588,1.0,0.925965348351355,1.0863424575417446,1.0128275112578078,1.0590384842882916,1.3622523174044752,1.4265387923911894,1.223573270956945,0.8904855349567795,1.0089354758046665,1.0053756312291955,0.8702308673755756,1.3494617855836761,0.5893189469377536,1.2799093852157193,1.1301032614501574,1.3370703814558649,0.7763174443260856,1.0,0.5443047993424509,0.7704656488104746,0.9841708907209182,1.0016696607002435,0.9081033870904509,1.0,1.134757621295633,1.0,0.8254085507515694,0.5478499908621774,1.17909029462999,1.4882373046469912,1.141324158446018,0.9089570817297622,1.4905783928865797,0.963445204143581,0.8801531589223174,1.1512676059528284,1.0,0.9516562006852317,0.7774042085434938,0.8261945010880843,1.2923124494985683,1.4210493247057852,1.1281438553298782,0.5330978768893098,1.0766081924995752,1.352762731733696,1.2054266208108524,0.9789368861440936,0.9777410350297511,1.0541903127691028,0.9025959523086438,0.812182750694038,0.91094617695341,1.0,0.7777986631085135,1.1741197111745187,0.7877073822068629,1.2695573867349381,1.031681181578894,1.13810595461918,1.16758870018285,1.1150845139544663,1.231356267158712,0.8757704923450179,1.129244835835336,1.071251985699596,1.1402151961678453,1.0406304157385002,0.79388417682851,0.9812400149734254,0.9952436959575705,1.0079869192937296,1.1427112278085394,1.2472875344097765,0.555545144509633,1.0,1.4354291053157828,1.2463040657730182,1.1695851076722497,1.0,1.0101587609177287,0.9987958594958444,1.15263313482327,1.3839564710652184,1.0,1.0492397011516021,1.0283464599179768,1.0007012267257127,1.197568051735446,0.9348768653162631,1.3005765461080159,1.1383603316363835,0.5768115126044489,0.6596989890777019,0.8514195448405696,1.0118743093477993,0.69312879238654,0.9892085278694739,1.4983764496943335,1.689943840237237,1.3107885641206694,1.1012407818397822,1.2706087723030337,0.8894001548341419,1.122522783970743,1.4601592522984106,1.207828955834639,0.8621438187069451,1.2370379764919033,1.0043588733807083,1.0,0.9652923257637649,1.0,1.066220106061282,1.1880550267580374,0.89703932994793,1.0603886172156582,0.5282124184554307,1.0000372016732708,0.5605555763995822,1.3626938891412812,1.0440341055108675,1.1494164802478501,1.227117592209868,0.9109743358871008,1.108257106479274,1.0004869569512191,1.0261817866602627,1.3086553213421763,1.755172512139287,1.0,0.9330943125974459,0.9373171587964579,1.2647708238487954,1.3931512222536093,1.2064004312499166
2016-06-30,1.2048787474484717,0.9823018024581094,0.7742550602947863,0.8354212982496667,0.8658555560689474,1.0070973498607476,1.2827009773254836,0.741019582396377,0.9699454140933458,1.0075135561877926,0.8976013906188693,1.2741978092726653,0.8302325425464048,0.7385442432794116,1.086408871209908,1.3826693469981397,0.9050697361956951,1.5508606793525357,1.0705929674039683,1.0,0.9408700015948807,0.8950090898004526,0.9050047575730945,0.7046130344877122,1.0,0.9120262769855203,1.0898888076006776,1.0128273510358854,1.0590685472683843,1.3299816540504867,1.370605525754298,1.1940743210004663,0.8846090119997926,1.0126816927915405,0.9728733145130356,0.9190422400023615,1.3923570537354135,0.8123380245676404,1.2661361317703488,1.1706047387538427,1.3236983991393565,0.7870851826590486,1.0,0.5539496460511576,0.7893835528752792,0.9586307513039336,0.9807014030086999,0.9138966971261034,1.0,1.1347518459160235,1.0,0.8187981642162322,0.5449125878443166,1.1332722087761118,1.4868555906798497,1.2647368030967914,0.9387320759524769,1.4462493869084487,0.9957232489859474,0.8781664115710508,1.0385851445383907,1.0,0.9389725628550187,0.7082877806551418,0.734296660711264,1.270461617051204,1.3927435574043092,1.1235497291583723,0.4660788331753606,1.048971385391053,1.3465836695799045,1.1241562398861142,1.0069733188003827,1.0185573560481913,1.0053708304673414,0.904674105226746,0.9554343273394926,0.8301128160902271,1.0,0.8526477294971571,1.1311433242847508,0.755361380277545,1.2952408968893971,1.0302881571261877,1.1357446886653872,1.1684091433898238,1.109652205590934,1.2424635669533772,1.0008899899444368,1.1185856866045552,1.0545593759337368,1.1297118580307064,1.0719904739057713,0.745303773460313,1.110596060572795,0.9812133151923768,0.9949497146144054,1.1419851137036106,1.2534292088752284,0.4993978252422274,1.0,1.4333563360435946,1.24194555454234,1.1782088929792165,1.0,1.0101144071842723,0.9662188205861578,1.1095099761739609,1.3442865382085902,1.0,1.0479626100640456,1.0304827435329047,0.9994032874019694,1.2655967973038105,1.077856094288304,1.2901163298230565,1.0648364976150788,0.5752856931224053,0.6195207146643231,0.821696668078181,1.0312868968807536,0.6930840545459522,0.9681542195387146,1.3531639229159502,1.648920195354709,1.293641501649116,1.1244118998759394,1.3115408976612148,0.8905620062889059,1.136049445809495,1.4466416363523498,1.207142027678274,0.9444457010906655,1.2362872198047616,1.004646263773871,1.0,0.9318510263596014,1.0,0.935368067487005,1.1863874700371735,0.8884592429464481,1.0603513520626737,0.5028334812039443,1.0060255425647553,0.5629279725090264,1.3599973963685636,1.038318288429053,1.1487575657570814,1.2313183826845617,0.9441358787272953,1.1003478389066428,1.0296768248859394,1.0433701620412168,1.3593375745741596,1.7561505407341724,1.0,0.9260414161610871,0.9036259116776282,1.264702080358947,1.3604588203887191,1.2062372774001064
2016-07-29,1.2613370528407226,1.1312217819088293,0.8724587820299609,0.9560050943958217,0.9618695399131497,0.9801842343967204,1.269109880475938,0.9540184365437411,1.1295197424174659,1.1588502307618949,0.9860733187703926,1.1743967573086969,0.8157789611637678,0.921943576405394,1.0809670102329225,1.3412136144757616,0.9144039870049687,1.5373214783991704,1.0718212740717716,1.0,1.053405208537528,0.9002378540049374,0.9123738332448371,0.7136929947644508,1.0,0.9246639434208361,1.084123308793239,1.0127994711139023,1.0579804868497755,1.3037994690318158,1.3320055170780867,1.1968727041373861,0.8859839502892007,1.021889711249084,0.9774616331612529,0.8955080313299482,1.3899491394882277,0.772455467383419,1.246519869922207,1.1841679461578427,1.280557908430547,0.8308604684322106,1.0,0.5366816598371997,0.7731724660199945,0.970161375776389,1.0538591874600887,0.9960704447269454,1.0,1.1347103941781755,1.0,1.1053033405586827,0.5491406047490965,1.0280456547019166,1.4752348959189565,1.0464316852307876,1.0288766649348098,1.4296055453741405,0.9864790239807694,0.8916518140380643,1.0373568580656043,1.0,0.920614252379909,0.7711664193081865,0.8123716656443478,1.0681622946224292,1.2896234170779088,1.087792164987799,0.49146599787435996,1.0107124811426498,1.2829476369386206,1.0024469679735328,1.0872285771473909,1.1184009939225297,1.216144630841852,0.9868997397402531,0.9360072141003122,0.7407667506588143,1.0,0.8996634637183509,1.157654486764573,0.7490061768046974,1.251080259146378,1.0281927636689132,1.10038890876479,1.1213796245490897,1.0727784534480997,1.1780626583297522,1.0373979264008117,1.071386220572776,1.0416468552201668,1.111293280578696,1.0458393749834005,0.7483191864990544,1.115084931388591,0.9388069586575977,0.9853566401614695,1.1375277491777305,1.1982044036996238,0.5042553050722681,1.0,1.4306395892026713,1.227404153737736,1.1056074271891763,1.0,1.0101466366918268,0.9814482484735304,1.067080869832946,1.3721652889856144,1.0,1.0499397862354585,1.049928031756973,0.9990816330390163,1.076555351033738,1.1185999347279174,1.2266141727308675,1.003469102332653,0.5758692625241699,0.6174398051578255,0.9749242215894328,1.0196199090160847,0.7022783790734672,0.9977272466691853,1.2325310823178093,1.5829631006124747,1.2192904143031946,1.092527646902433,1.3128247907228228,0.8903457889688249,1.1524734955719793,1.3940597513390713,1.257612107082494,1.1157594883468782,1.1708522728455109,1.0053354480712253,1.0,0.9162483314538481,1.0,1.037512617726822,1.1427905632732056,0.9176319102308665,1.0603334678253764,0.5079025834725852,1.0100310370025203,0.7983443781080639,1.3048422631754848,1.0230907918255157,1.1390232008692158,1.1932763959278085,0.9639813770842109,1.0694230303192012,1.0337054320513122,1.0528635461771703,1.3666105610327939,1.7338486057318898,1.0,0.9039508037821387,0.9334028210408275,1.2641661850629047,1.1988599218205245,1.2052399090398505
2016-08-31,1.2651620943056439,1.2526000325473197,0.8602234813344698,1.020879610428505,0.9480741258538671,0.9905593389282022,1.1993738470525517,0.8313761965791783,1.0210014114036254,1.2125443758889212,1.0266997338615083,1.1284681428842571,0.8602712790549422,0.9594790648674882,1.0777233721888113,1.3590447993326973,0.9295408520557634,1.510319010400806,1.05184471116483,1.0,1.0400859013495825,0.9274354663368336,0.8453427492001812,0.7101305313291955,1.0,0.9241149736942718,1.0907628021890503,1.012790888966127,1.0578454332777363,1.318351988876961,1.2981016222197779,1.310527360705368,0.8888496335702782,1.0206171845389194,0.9812895255585471,0.9161496317968877,1.367123843874718,0.6940089877076172,1.2000736922372548,1.179149202191313,1.2972651605146297,0.8286321963616219,1.0,0.5290499690236221,0.7722938167201365,0.9633311901008714,1.044512152546975,0.9831497312541119,1.0,1.1346895692665906,1.0,0.9096293709724091,0.5834108321482055,1.0860841380394606,1.4412023607608904,1.0947953939331352,0.9013411481017712,1.4155877028811483,0.9475760829216311,0.8875819184712792,1.0627217044393733,1.0,0.9362723401869564,0.805100356315597,0.8589154847088398,1.0332479661814884,1.2907957309099547,1.0788603290455527,0.50364114637286,1.014625092006382,1.3060650925477768,1.016075605676671,1.0882985897088706,1.1203829293546983,1.2188544662540461,0.9826332509646682,0.9247845108525558,0.7708517008815741,1.0,0.8888931146118418,1.1501300351841297,0.7460654391109333,1.2362205935475075,1.02773662968152,1.1007154453536614,1.123661115483245,1.0679455174551629,1.1865945244503366,0.9755005171267555,1.0773554140450103,1.052938814694502,1.1143143342074198,1.0279058845542632,0.7385980852232614,1.1238750346575699,0.9233246311771071,0.9868750424610859,1.1383576538350992,1.1945121475465155,0.5453711162258212,1.0,1.4322773191316691,1.2059504666884036,1.0316941743503207,1.0,1.01009239017018,0.9881239988886542,1.036698267639442,1.3233790616212529,1.0,1.0518560210520294,1.0267321412378392,0.9996965827978546,0.9404719157865944,1.0985207942104172,1.2241520399686274,1.0478027177327067,0.5766604368476712,0.6253810591847757,1.0286361741010301,0.8678211523110274,0.6985802330216618,0.9298532833194804,1.4230606112602429,1.631461050059957,1.200030565784631,1.0788239361390461,1.305258760370232,0.8906324611413098,1.1487037071582404,1.3697219260338345,1.2083504922126984,1.0203233123831794,1.1359678548424972,1.0053950605025912,1.0,0.9155262876249074,1.0,1.0914235200400753,1.1536778838753305,0.9372346314792122,1.0603054515802743,0.4918218657993588,1.0249302620345806,0.7778650016382603,1.2622193287845525,1.0197753762601784,1.13178671456829,1.148797656380054,0.9271144084804739,1.0605655055680185,1.006794392859847,1.044112968831164,1.3007813420500804,1.7183218198724406,1.0,0.8484103152486223,0.956780976145403,1.263665050464466,1.146025159595832,1.2038918573596054
2016-09-30,1.1459809781275139,1.207273340015564,1.012865477429019,1.0443726195044587,0.9145832917584034,0.9709171636486469,1.1393122895681858,0.8198110797915248,0.9286270812327762,1.2686101042555316,1.0801733508601083,1.0163171047716248,1.0054442107849801,1.0109083406212491,1.0661565288840908,1.244221329718473,0.9313681796113671,1.3992399827224127,1.0089638146764475,1.0,1.030580089395279,0.9284661601257755,0.8625987474297564,0.7192498452761995,1.0,0.9014542014445236,1.0798551935921832,1.0126780574336312,1.0530601575540306,1.2567936819358903,1.0574787472067895,1.232272434162143,0.8898168950248462,1.0236637627816298,1.0040175882118934,0.8726984089811243,1.2946553508732657,0.7073561146222495,1.1539277638774774,1.1862399754489816,1.2230219041707222,0.8231824755767646,1.0,0.5568417471699059,0.7956387748541167,0.9501074337515637,1.0358463029926213,0.9778167474266256,1.0,1.1343417204965704,1.0,0.8567414471844116,0.560449353252017,1.2435162964883621,1.361221385010605,1.0346097458716947,0.897272823550354,1.317117192028728,0.9053928736730742,0.9068141549392037,1.02694652315988,1.0,0.9277655453670123,0.8518298961618868,0.941162306740862,0.9634169310577898,1.1350042055718965,1.0223899711011064,0.5325405082321468,1.0601400115676543,1.3081250446490058,0.9604068763078231,1.1098858739326558,1.1523838470091452,1.2224140864114243,1.0407714557855419,0.8277563266235572,0.6732619786680158,1.0,0.8954570957840351,1.0489160144800498,0.7354350921641177,1.1223561602224987,1.0231448660527231,1.073112482119668,1.1119925182081851,1.0574508393031528,1.1333316707792518,0.9285415993290509,1.0171809365419433,1.046944472774358,1.12492511643954,1.005537589094009,0.7618433982784881,0.9700847402711734,0.9161783558143219,0.9874471248742946,1.1302871844346778,1.1491369791430102,0.5477005453152748,1.0,1.4192641087421507,1.1606592720486395,0.9333894769162785,1.0,1.0101558818505725,1.0017218590146257,0.9896716426940032,1.274649889250002,1.0,1.0510099584430292,1.0135609423236827,0.9989274738778444,0.8660947480951421,1.160322526129642,1.157474078563005,0.9943118512806698,0.580619652395157,0.6974944029773464,1.144085068968885,0.8182300860700651,0.7115152217525241,1.048626457765205,1.488480734653096,1.6125569193502884,1.0665947725561211,1.0354383624801606,1.2551159933312255,0.8905852877537069,1.1575818746473614,1.2698165461640967,1.1703868741850476,1.0507977395541441,1.0569718063003766,1.006699548152568,1.0,0.9087421583757538,1.0,1.1673766018525287,1.1714189809724753,0.9792517243552789,1.0597486308932498,0.5910435747490725,0.9229201918431433,0.9680819183549152,1.0993298953814157,0.9966729443556198,1.0873832347626484,1.0677702409319756,0.8835441422985302,1.0522659494844373,0.9929459197110257,1.0434895029176354,1.2284081673517786,1.578230681723557,1.0,0.9356031658638536,1.012595773660503,1.2570371924937498,1.003921250397634,1.1955365856184519
2016-10-31,1.2575305840763658,1.1924855473697893,0.7221309880075043,1.1750585050645959,0.9094070788005294,0.9905134574881043,1.1298489208471119,0.7242090303706996,0.9656575611084918,1.207089722207289,1.0456276467587087,1.0748328049024272,1.0135417534652098,0.970047377720783,1.073256469125385,1.3600389509290018,0.9270359902594646,1.4121887060976364,1.0726921002105707,1.0,1.0443040447455159,0.8872564045802132,0.7755818943466324,0.7057898675792175,1.0,0.8687964123240539,1.0748603494610982,1.0127370972462213,1.053027914791851,1.1655377908913218,1.1402777337556365,1.251363673927255,0.8876828932119505,1.021879491548254,0.9696516865630322,0.8669645497718009,1.3264697553925027,0.582879777493722,1.1425176876652796,1.1787926916782299,1.1026227941340312,0.848020790543154,1.0,0.5443567432927645,0.7779810479454125,0.9449115541192976,1.0373938609173639,0.9795456430788851,1.0,1.1343350825804828,1.0,0.9541948044458887,0.7368223725475612,1.2833326565610028,1.3636088712730146,1.1208644833217736,0.9082848927253205,1.2879368919578509,0.919641280303724,0.8806741929564897,0.9298148368789222,1.0,0.9257251565727378,0.8496705896602558,0.9376626725965076,1.007335653222393,1.156284057351036,1.0440530887275916,0.49534116732118505,1.0542228562081177,1.220245149608565,1.0952922201332258,1.0946427505651422,1.1290019192447078,1.2197241852116623,1.0105551162337405,0.8270054169498186,0.613054718777418,1.0,0.854746053582202,1.1510420303578086,0.7115567811064276,1.1660889394796268,1.0318848499500386,1.1015687939560344,1.126681679557928,1.0753062855219246,1.14279105728178,0.8822131305163768,1.048134981187094,1.0540014630649042,1.1207930139608187,1.0144072486687958,0.7771648327361023,0.9622710652861045,0.9300812363627852,1.023489810571829,1.1360552646427986,1.182810417449296,0.5305545883189998,1.0,1.4254139360121854,1.1950972051696342,0.9931556725250024,1.0,1.0100244507304352,0.9810357891926246,0.9940292999236824,1.3167270512980378,1.0,1.051454287339423,0.9782144828610865,0.9993185422212357,0.9234482194679241,1.031454493226376,1.1899992061080142,0.9696029500525225,0.5776591908691766,0.6133849603091504,1.0748987028743218,0.8043390364911481,0.7138601222924844,1.0448087851364674,1.5179180689732248,1.5077381260658762,1.131942939321246,1.051162202840389,1.2791412946055527,0.8902588563259916,1.1405984581242832,1.301248540223508,1.189659378445402,1.0412604512414367,1.1585231788696062,1.0067985393026966,1.0,0.9279519024533801,1.0,1.1050030021970059,1.1517649367167053,0.9701784691655626,1.0601148743876796,0.5540780762057157,0.9649003052855091,0.8551043493804008,1.1951522693590815,0.9935789971551588,1.123422781771284,1.1139742324584319,0.8908988178957716,0.986037540521385,1.0090669309999705,1.041667885559533,1.2707758345755291,1.4405918968546814,1.0,0.839603615638792,0.9896962665845199,1.2622204678725077,1.0656949134898035,1.203171713815558
2016-11-30,1.3542907678952405,1.0762196967433812,0.6930398420725796,1.2834582595797772,1.1213362939114007,0.9877774228470523,1.234222469284827,0.9171120587272478,1.1586549926874934,1.0299702020141681,1.0758598506803285,1.0529885851355076,1.1031244888262057,1.0164380460545295,1.0771006222946464,1.4000613134885327,0.9245712041623532,1.4062491978191918,1.1475776089304461,1.0,1.259856596267935,0.9349049109346353,0.9654362445480078,0.7315271700802451,1.0,0.8758803465769284,1.0581981159066711,1.012666638489795,1.0548924270139015,1.1895946234415606,1.3111532466890061,1.382069730773996,0.9629248125970096,1.0248612968025717,0.9156073705662848,1.0038963004018038,1.423757320224056,0.8500879747588355,1.238984576007767,1.1840559159127602,1.0241798545791483,0.9155952341913596,1.0,0.5182642559052422,0.7907131063073755,0.970728683488052,1.1484645987321331,1.1401572385364522,1.0,1.1342896505015823,1.0,1.3557125245064645,1.3715433825628685,1.4257739746647655,1.4104730160372076,1.1510915195766436,1.127175422240962,1.118287272702487,0.9989327849994813,0.8854615939982663,0.8915522925727797,1.0,0.9432624100820687,0.8312540382001807,0.901780805527034,0.9628333227668975,1.1468535711845962,1.0431318485508714,0.5396805746070059,0.9973971205583402,1.0763573110624265,1.07321594245089,1.1326865495009086,1.1384817904438473,1.226846256343019,1.0567136458733069,0.9225289377888832,0.5913686399126504,1.0,0.9186693936782816,1.4537157945493622,0.7735827981998108,1.1724095506179342,1.03145140937317,1.0877581302357433,1.1200275699848712,1.0697042941470758,1.0957276349407805,1.025522428345678,1.0774780905260546,1.0235021214136006,1.0849646205514223,1.0070882085813748,0.7901701564128816,0.9471882454881367,0.9749032601250432,0.9376791469289953,1.1302686705149703,1.1795314363059064,0.5236883637884571,1.0,1.3961409249765426,1.2186169786303127,1.1706182884605905,1.0,1.0096657851105364,0.9640683305294964,1.0047204223549133,1.2899692248178123,1.0,1.0515690509329716,0.9672276920191755,0.9986178071334584,0.9219803761711818,1.0183080451470263,1.180366561583191,1.0284534251821422,0.5761210697660826,0.5985691920143292,0.9913073077495013,0.8682950115031461,0.8385093032338252,1.1105117110526592,1.5275860021942411,1.564708681273292,1.119296061869214,1.0164821753018103,1.2735045546288402,0.8900125331930918,1.1538287521482582,1.3709156241986278,1.3651105314464287,0.9557834446816329,1.2444525791782952,1.006722560571938,1.0,0.9426213552940442,1.0,1.1922077800296829,1.133798995893758,0.9572789718154974,1.0602394971460818,0.9009018639280736,0.980571230129544,1.0043875269690428,1.1687260996887723,0.9965508259651918,1.128918861357629,1.1577044804575969,1.0235678615576502,1.1201228188610421,1.0526323591955882,1.0745129417588655,1.385593414606551,1.335093270722376,1.0,0.8561761577890974,0.9768491840258282,1.2628867050572667,1.073969053136653,1.2044392881826749
2016-12-30,1.3572701980790403,0.9619811333827408,0.6897906474405306,1.4202550726727203,1.0925619958030646,0.957308045593909,1.2609681258503969,1.1914906694368503,1.2746431014913844,0.977082415212781,1.1025963692000016,0.8969009180968236,1.1326927954165595,1.1181499138612412,1.0624730323973437,1.4102896488197012,0.9265780199394019,1.2449119686661823,1.2281290042099602,1.0,1.4252930623435063,0.9843504638521956,0.9017380677406178,0.7989746682874102,1.0,0.8437604760317409,1.018759161511064,1.0122598355547325,1.0504888154163097,1.1920645572937612,1.3724995621198939,1.3889229074938467,1.0392494706639301,1.0253446716047092,0.8798128467063457,1.0545610289167437,1.4258193505927683,0.8760191701154068,1.1953138438735156,1.1833720803589478,0.9686265071449008,0.9135632968064697,1.0,0.5135950735860566,0.7653665504719485,1.0442794877007402,1.1742067399717213,1.266054909334291,1.0,1.1343112819012937,1.0,1.3771126335249366,1.4564015201122789,1.4246779396551204,1.4258895385830257,1.1102860490442898,1.2912737669553391,1.0420016138624477,1.0318922100468548,0.8967858674384034,0.9562896830306893,1.0,0.9401690559314038,0.854028204613369,0.9264816104015456,0.9040662085477441,1.0857214081299609,1.0300977638039133,0.7643362721446842,0.9618053364005023,1.2120661467446077,1.0124955339515607,1.2041131761506854,1.1933537997041392,1.229041635314984,1.0913324508890125,0.9428717149567319,0.5932502141277362,1.0,0.9879147514367096,1.5254244797781573,0.7828294635809862,1.1325727682905071,1.028068909594284,1.0541124412209613,1.1068797250483704,1.0547384153024422,1.0361572144821884,1.1247141418220645,1.1429999334058782,1.0265720215888836,1.0678560941922073,1.0260848730199494,0.7935699235586815,0.8717131364867629,0.992344057945841,0.9289627262414019,1.110214603819542,1.1312020083189904,0.5145991147133804,1.0,1.2235097135664996,1.2094414382341128,1.2176965534986393,1.0,1.0092543049468459,0.9696411992966462,1.0171360820840167,1.2016578999071563,1.0,1.0500253490461673,0.972537058018971,0.9985437994782185,1.00318483618898,1.008985596903141,1.136407667272,1.0760493457140843,0.5778219426531526,0.6076941643137111,1.0003406986894092,0.9158749141108184,1.1241694841165712,1.1509856447989932,1.5511141857403419,1.5367297529685295,1.0776785233887127,0.975858535309868,1.1606404355386968,0.8900927091287989,1.1268113601246472,1.3738504074006967,1.4396683470798946,0.9228963708431572,1.214483805406268,1.0070210129325021,1.0,0.9424834035791061,1.0,1.258122331215731,1.0692726235851948,0.9549629093829582,1.0600901866718657,0.9140413697383797,0.9609362069349204,1.0790192246607557,1.1961530296233955,0.9984727124571392,1.1119811857197235,1.1488340110639617,1.1532389927462623,1.1046072613404267,1.0618054832581136,1.0818236685367943,1.3960674180535588,1.1003777759665876,1.0,0.8605818453261385,0.9818617015601732,1.2623217943005982,1.1610828627067615,1.2041498612289294
2017-01-31,1.3545706511933555,1.070664367791726,0.684992946703979,1.3150569810820247,0.9388309133812947,0.9512883430154665,1.1718891940526028,1.195700480786694,1.12881109944214,1.2102432007811015,1.1202522541105284,0.7924595370319945,1.1919588598462334,1.2926296216070585,1.0452582502684882,1.3987980902165384,0.9285662195920689,1.102874394193796,1.1148082569842814,1.0,1.3319736062843806,0.9593419334388461,0.7907767004351149,0.7183483674924274,1.0,0.8281522736351239,1.0107629363639823,1.0122785722057908,1.0374693530608965,1.1414946888515518,1.0941717960819897,1.37097931033076,1.0297512260731712,1.022416822441392,0.9064460058561505,0.9779807338893158,1.4204472802669168,0.7322488317323568,1.101333148910525,1.1833069054072136,0.9289983528944294,0.9062962062629258,1.0,0.5225983186574814,0.7457946315412498,0.9871168603090478,1.1728388027505363,1.2162054144349617,1.0,1.133015764472495,1.0,1.369958413427164,1.397520077526074,1.3309315188552238,1.2589337019850815,0.9671935228492369,1.1327170164296088,1.03513684204232,0.9668387822725605,0.8848812652363043,0.8903300082819157,1.0,0.9704053948823009,0.8808400357366077,0.9687993420031213,0.8351079768386221,0.9692562869272168,0.9917943156667708,0.8273021756941324,0.9007466639611288,1.1307502955061748,1.0379473386591986,1.1757549251628514,1.1688075193039842,1.227319949038291,1.0921244472242881,0.7513658377019139,0.5761785377461117,1.0,0.9568804163758953,1.4573107400385525,0.7945123698865655,1.0203203243543024,1.0323493398328059,1.0184601930681587,1.1030532871072525,1.0133760017936275,0.9845471917856096,1.052420160086974,1.1353733963640968,1.029270933119037,1.067026200416112,0.9954288258161772,0.9027568210905602,0.9347547025439503,0.9819225350995197,0.9823139060872809,1.0411041938438972,1.0111382656093295,0.5303513292003199,1.0,1.0261516398507637,1.1507148219104189,1.0645662773015783,1.0,1.0085131884534626,1.0277754948294764,0.979348447489975,1.1742244261385997,1.0,1.0510231716001242,0.9631299133289454,0.9984451881435144,0.852239408864425,1.031017819453276,1.0830264312565878,1.0178867850250761,0.5808868578431918,0.620683624621057,1.1091614740502926,0.8446615671679677,1.0865270714294575,1.19861689956802,1.423779827534538,1.548490609543065,0.9586922696887388,0.9682872526029987,1.1070246726055966,0.8893399338122472,1.1409148860459117,1.2505678976318437,1.3141944421017815,1.019294871546053,1.049735579981188,1.0059734702064635,1.0,0.9248084311559428,1.0,1.2698120291199,1.0551370197078398,1.006063775719602,1.0563513730340537,0.8608432756672877,0.9400397058372756,1.12491355636224,1.0839124059974732,0.9821289509875913,1.0654170363779503,1.0350404430925202,0.962523921940711,0.9980084248191231,1.010626510640809,1.0521373325008272,1.3087276605644154,0.985474129657167,1.0,0.8751606201697145,1.0239025956077765,1.2426928372482131,0.9789361269080818,1.1856190265861775
2017-02-28,1.3524749144179948,1.2132136034671688,0.6747721334386751,1.2251242192318106,0.8506887220001491,0.9673651042128943,1.03006453476263,1.029049751081852,0.8883587735034484,1.2812307498951374,1.1174250570547313,0.7672375350850248,1.1621306940372171,1.2706106318840191,1.0388791666682509,1.4066187374452617,0.9302427410307201,1.184941673939528,1.0547405139602688,1.0,1.3330423360374513,1.0332713075968651,0.5606594299495251,0.7063048530401863,1.0,0.8666114883944733,1.003139960966612,1.0124563212525282,1.0370119403850733,1.1513742789951749,1.0395311310304975,1.3642954907358613,1.1118948838280773,1.0231343052289676,0.9220421985754252,0.9196224250276316,1.4018577735958107,0.5466197704632273,1.1089032910393,1.1513389647906918,0.9413155338997388,0.9262496452448147,1.0,0.63796169155633,0.7414278402470846,0.9829094092854684,1.1694354742262416,1.2013654052276872,1.0,1.1335141987192319,1.0,1.3569079491674239,1.4285650018319338,1.1110232654275771,1.1630187992356673,1.0170355154693096,0.9954052085678461,1.0838321322577094,0.915363736189612,0.8776890728894222,1.007653957080861,1.0,0.9509085375025575,0.9106668930418855,0.9964507612225229,0.8369679834401542,0.9730639392094937,0.9986113674058136,0.8701392589956385,0.892438028812109,0.9210436736012392,1.0602596665055477,1.1384905993240575,1.1242522234023156,1.222189561322675,1.0757317840579896,0.6183324103382589,0.5868049257012344,1.0,0.8542146729704176,1.44224350361218,0.7355641210386779,1.0130866734182167,1.030724429094213,1.02093040275248,1.1063326656795596,1.0179405635820615,0.9469670751017026,0.8809521323226736,1.1554330244534268,1.0519110746082618,1.116843859745257,0.9497280278739263,0.911392732084522,0.7639458759465526,0.9871238876463293,0.9877780614504122,1.0773032020030509,1.0049454497016217,0.5680347622270534,1.0,1.032610106363118,1.1257109518426354,1.0053455069442543,1.0,1.005866523957425,1.05467858195632,0.9802042492567582,1.2518131981886682,1.0,1.0500270407754069,0.9767512700797287,0.9990766140645281,0.9363221500658097,1.0048028503280269,1.1003253055560962,1.1028123310994118,0.5859981392728073,0.5988821390491252,1.1802737696364325,0.7715399727771588,0.9528429552991597,1.254492974530273,1.4592611984209412,1.587852240764466,0.9442476965071304,0.9594593040108582,1.0590061070143941,0.8884511358689959,1.131997564450332,1.229392722867142,1.2421504907692844,0.9994604241803695,1.0013546942166827,1.0051623098476936,1.0,0.9158918888277015,1.0,1.2855215660840562,1.099798426254416,1.014504051633138,1.0462619510507307,0.7534202993945873,0.9694060776237821,1.1091847573739826,1.0887924877503474,0.982253768248148,1.0647737475448225,0.9999418875821987,0.9001301205003692,0.939425323804107,1.012816381974981,1.0421075829693462,1.2554233716418937,1.029097404825073,1.0,0.9441655219159463,1.0402411905064441,1.2368566051046836,0.9751543185347873,1.1717530088548023
2017-03-31,1.3481649267121811,1.221398864368278,0.6713178174039456,1.0722476013955013,0.8430214298835518,0.9986007973679004,1.0001838229889801,0.8720876623967369,0.769693852049997,1.2901963911416838,1.1082470902304429,0.8261172722927232,1.155360748475497,1.2358342315760953,1.0445927007830849,1.4014263313539743,0.9387755767602998,1.1835000935782338,0.9998225653430255,1.0,1.2217893251523417,1.0067023909919595,0.5468827004068239,0.7039210476442406,1.0,0.8619384733557143,1.0102060932548458,1.0127445005615814,1.0354316726709858,1.1361022105890513,1.0089397966132483,1.3606356742191545,1.111027350345259,1.0254584458981064,0.9590508784077229,0.8829440028883571,1.3873480788164265,0.5312135326735039,1.1046121379671847,1.1404502278507027,0.9457506984332479,0.9644982911418073,1.0,0.7367945709806177,0.7345572587489186,1.0304762197703767,1.145944407081759,1.1409073603205602,1.0,1.1335904315313885,1.0,1.2982956604104108,1.379643203277597,1.1272509793484335,1.1270283885570547,0.9679759962060087,0.9627424743271471,1.1518949357152464,0.9367606497468196,0.8754249427757007,1.0090947475658822,1.0,0.9458594091849939,0.9151124310109424,1.000537907224,0.8597839912983254,0.9958138011219602,1.003947392213418,0.9505365710626754,0.8960796909159383,1.0043075043964138,1.127559587474487,1.0709560104159341,1.0767358861908232,1.1964915959583104,1.035041630198222,0.6226471434158909,0.5991348684673903,1.0,0.7650114400539236,1.3909453445084263,0.7296601334080144,1.0286665727746267,1.0298008148686768,1.051995077298575,1.123737568540157,1.026123565515354,0.9701931579512744,0.7947133148253656,1.1380107894466962,1.068132022116149,1.138298639942128,0.9351857015785481,0.9103160009166652,0.7847114284467432,1.0320601302064953,0.9731691741435274,1.1151349527577303,1.1129402494529759,0.5889693579023899,1.0,1.341289413299176,1.1286274703742092,0.9719056606762676,1.0,1.008144558725775,1.0409815345359137,0.973656504196494,1.2782169453611005,1.0,1.0517345490529457,0.9669114314859184,0.9993846539359614,0.6738688227464229,0.9217708981344916,1.1249358712458684,1.0627145346384346,0.5835092872562517,0.603377128198223,1.1469345955333912,0.7612997971016825,0.9638457418239673,1.2239589250081135,1.4011670018963645,1.552352318158689,0.9762987952276067,0.9753503056857509,1.0284555931766926,0.8899292545276234,1.1608464667717826,1.2285542523972894,1.199362120846521,0.9549437366102861,1.0142192601888436,1.00585985418983,1.0,0.9307788823251872,1.0,1.306324691522443,1.1187560884556915,1.0138489265679993,1.052636343134572,0.8172714735344017,1.002037653582338,1.099929520172496,1.1314498039277716,0.9873500068229193,1.0700336835983297,1.0134343271434914,0.8691861796245364,0.9316718602974303,0.9871982773719514,1.0299186858269367,1.2058568467680377,1.0748865345439238,1.0,0.9793542870838197,1.0485304774141282,1.2482170026326593,1.0171510256656173,1.190471843601765
2017-04-28,1.3316876300639262,1.2213419044720215,0.6625393500409118,0.9479587271216546,0.8887116939118378,1.0045311903191803,0.9813050455660288,0.685078386323163,0.6799516098412143,1.2769475655666946,1.0933447146630006,0.9019747758895051,1.0998051468769496,1.2227377322315958,1.0540223040881336,1.3969997231117475,0.940308289307473,1.2575421489702316,1.0014253291434503,1.0,1.0385193225774365,0.958882902502032,0.5206195069159758,0.6972868886451119,1.0,0.8556318172736469,1.0167662841179013,1.0127686119669894,1.0403049244688913,1.1232753498008472,0.9730038346749468,1.3660943883043217,1.051924357679799,1.0218674877059266,0.9815549912932138,0.8418229170511096,1.353155945070767,0.5049959459447042,1.1054982367124782,1.1019274889444954,0.9628207280028421,1.0458262628942445,1.0,0.7240130753114237,0.7312832555984132,1.0154307990972855,1.1072843867513966,1.1003544179565383,1.0,1.1343131202921055,1.0,1.2301807803561469,1.222934920613962,1.0365777749621667,1.160969509716267,0.710590561366978,0.9506585022676778,1.2498333536785866,0.9112554759526824,0.8708807672054255,0.9851491248723321,1.0,0.9506721567673755,0.8843029085037488,0.9699209540032471,0.866577111583286,1.1433284508496746,1.0275736999651477,0.8951632613689505,0.8981834689603795,0.7231733979474411,1.1607636190491226,0.9764107422110508,0.9971852812155582,1.1400101251064663,0.9586635725387688,0.5694236616067467,0.5694040973829044,1.0,0.5852766468377283,1.3094431310002306,0.6208759996057456,1.1388262971616088,1.0324057500975365,1.039819499187931,1.098985874622726,0.9640166662056691,0.9335061931236494,0.7009617089342839,1.1602779215276628,1.0911263649377692,1.138638029562421,0.8711688841801604,0.912694088860776,0.7475631752897228,1.061730122004786,0.9464133064860469,0.9985590527532099,1.0565559905873139,0.5937270026776842,1.0,1.4025995126389654,1.1515376055858773,1.0015908338989017,1.0,1.0093908145639474,1.0348816713958706,0.9935677293918727,1.390584939993729,1.0,1.0521504350877708,0.9549838102043031,1.000020358461912,0.6701991349394978,0.7784035323931048,1.1890784850277978,1.1485167650752859,0.586460808877548,0.6105508817902183,1.137924923945603,0.7764419957664657,0.9027174707536991,1.167546667467361,1.4909473811193075,1.6104908692697466,1.1216210478079875,0.9809190175598461,1.0147316838927583,0.8876856273376518,1.1533250562802584,1.2885683521238644,1.2076684420541102,0.9628585129323112,1.0499585335071848,1.006703628365506,1.0,0.9304070587242288,1.0,1.2800313924364652,1.1498994115072336,1.0041798914651368,1.05795907899955,0.7525871422129866,0.94242426782218,1.0613279136259643,1.1868366919195157,0.9966792616736434,1.102685528957862,1.0450106088106463,0.8527570632362595,0.9159376346453642,0.9699987428372479,1.0177782379007703,1.1802198751330908,1.2020936514761489,1.0,0.9652003398261976,1.0377095290115828,1.2567705063339432,1.020026720968717,1.1955977754215812
2017-05-31,1.3312924856452302,1.2612733607459157,0.663617665112444,0.9895153411667595,0.9202056260600805,1.029169170878656,0.9873548833767578,0.690913012493358,0.6804783360128839,1.1983191406706286,1.0889024606102178,0.9247233304013265,1.0467171801915818,1.185652042820349,1.057756774078457,1.396036548038346,0.9350883164144741,1.3343194406462286,0.9914740550446829,1.0,1.0173077527216645,0.9984467316672164,0.5320951658352819,0.6973391828065827,1.0,0.8923845119544833,1.0205727072359594,1.0127606368822115,1.0446445952234253,1.1200296633732725,0.9719804855512626,1.3683725908255382,1.0295648865937415,1.023990063767848,0.9594325640564489,0.8270268669558954,1.3402436669397404,0.5108431306705854,1.1238283959351263,1.145419164377516,0.9758455410959084,1.079444145363879,1.0,0.8267263833459995,0.731960737076139,0.9785368132523213,1.1162508427411073,1.1180008392319756,1.0,1.1342403933286958,1.0,1.2785446012362023,1.1912437645650285,1.047184803506153,1.1482578935779089,0.6690193334154086,0.9838552116789169,1.2968531466772282,0.8915558353328484,0.8709141935758583,0.9327487536015091,1.0,0.9429033579189097,0.8886323868960202,0.9727526656295595,0.8412493448848282,1.1387632621551615,1.0381039180004694,0.7936444603553807,0.8604469092909057,0.7436410312823362,1.1427771569420462,0.9755286579929293,0.992272312846282,1.1406269686714785,0.9716891885861143,0.570776606470778,0.5601432054366259,1.0,0.6198230702719418,1.3132452078707528,0.6205850596463628,1.1255939134523314,1.032023105621826,0.9934165460463272,1.0588318867635949,0.91262091757548,0.9108854799122315,0.7204166005071309,1.1335417993023902,1.0819293927393605,1.1169318743053969,0.8969718254884451,0.9177883747183463,0.7118404227401499,1.1280653237366423,0.9430173691370757,0.9744280867933447,1.0133997299966617,0.582603969584462,1.0,1.403044298548266,1.1696314083844586,1.00605173128481,1.0,1.0097659234280987,1.0608063097091787,0.9934653131308436,1.4158969445813305,1.0,1.0521645838625053,0.954512646610163,1.0003649394792602,0.6623335247596984,0.7766249500717084,1.196268900030659,1.1190256983327953,0.5880697865512312,0.6392401827345778,1.0995450087722969,0.7425562808132287,0.8389081749469852,1.1783650152879777,1.3653237977069248,1.5387867450412127,1.1231824183307146,0.9842046220033552,0.9827025271483738,0.8875276088018417,1.161306693564867,1.3078830370302184,1.225583869979217,0.8645593632067964,1.063618726930483,1.0069274824955972,1.0,0.9251934387676731,1.0,1.247673765125506,1.1590037505734379,1.005952619189394,1.0594875929305125,0.8193915007618575,0.9651212746941391,1.0541208315450097,1.1272527021770398,0.9915158501247298,1.1172473602310622,1.0617885508385065,0.8497622158335546,0.9424021162917224,0.9717098520410216,1.0177481544178184,1.1926163215238998,1.2564065495975572,1.0,1.0044239420663552,1.0120495056392045,1.2468162311018645,0.9801125097467238,1.1838243936159536
2017-06-30,1.33695393255385,1.2880198431956342,0.6625323027017145,0.9832924858536392,0.9110341106784465,0.9767678830300688,0.8298327624998472,0.6896785113126624,0.6689034504571763,1.2918191310043383,1.1083740070741357,0.8540285853947103,1.0095470023365611,1.3372798726343227,1.0500471124457955,1.4035160457080127,0.9323211911661319,1.288559499144157,0.9696895460255837,1.0,1.0919283298783748,1.00096566406673,0.4858043038739074,0.6968717104620187,1.0,0.884732329776269,1.0085876389110038,1.0127613415913945,1.0344627303527336,1.1224777146329286,0.9047547968997043,1.3765995166788234,1.1736660804780126,1.0242310710394813,0.9732953566413408,0.7905293647371909,1.2618807258905624,0.49563082387230073,1.1321270265398378,1.1046810224892591,0.9700274042138005,1.0791117968890434,1.0,0.7613775812822812,0.7304989680811345,0.9789343540907784,1.13222258453128,1.1645389557453907,1.0,1.1344593874547741,1.0,1.2940894352749446,1.3797896560905611,1.1112275024801148,1.089609079482173,0.6449727524888738,1.0433693631065826,1.2978126849284592,0.8786212592871353,0.8702886462216697,1.0324241508961334,1.0,0.9003519126569135,0.9184305699526303,0.9989126575750674,0.8209786578973421,1.1210170390681586,1.0404861748993277,0.8795994055641416,0.852864209809394,0.6953861415226421,1.0947223565590456,0.9973486469844254,1.0234366156968038,1.1662271712667476,0.9656011561102051,0.501852010642721,0.5626329531935088,1.0,0.5624437599529759,1.3492947333716134,0.6050224803939641,1.0863893537011668,1.0325331514223288,0.9534337953668754,1.0188957367413274,0.8659926726446903,0.8847377395547813,0.6920076948672145,1.1458165753289073,1.0762132935883968,1.1230856921604544,0.8731244258690128,0.9202361033964725,0.6463822951500576,1.134029261049849,0.9653617060673171,0.9137808611241323,0.9424085771525245,0.6042111396044549,1.0,1.3952543263114578,1.1557907265408445,0.9838513790740959,1.0,1.0094032823853267,1.0613184819767416,0.9937476738104483,1.4150569983482628,1.0,1.0523169663979244,0.9543843614534752,1.0011314561046298,0.6539331556337864,0.6610483356363663,1.1725371025082238,1.1545193022085516,0.5914303577477253,0.622350981643433,1.144994849927407,0.7296979399005374,0.860982086930571,1.1822380315553327,1.3737051646399245,1.5518370757951292,1.0946254681384922,0.9371649899733115,0.90495565508847,0.8870828538313983,1.1645190962298269,1.2732624885705115,1.194881579347693,0.9120339368030052,1.0299769108859091,1.0064411343794821,1.0,0.92095609090615,1.0,1.2827962602721965,1.1563057173005231,1.0314667733532854,1.0593104074390538,0.76873092020185,0.9430439822816059,1.0854301726384816,1.1038875545488,0.9871002397348182,1.1156544973446387,1.0202622738779814,0.8426306836121716,0.8815127831311127,0.9524232201331334,0.998525324241799,1.1189252210706218,1.1784932413187996,1.0,1.0925760216938654,1.0326679726310561,1.2435756048825264,0.9676234479475048,1.1805217846779121
2017-07-31,1.328748162690932,1.0799778471122004,0.6623475386356057,0.9067113186068309,0.858944600098438,0.9794808689397455,0.9002062454999228,0.6690422308370427,0.6654631786521089,1.247013846881582,1.0922206893970177,0.8402070790245071,0.989654803592657,1.2597767275946958,1.0506815045934574,1.4060509548228906,0.9256753753029123,1.2487805728556691,0.9921362445694167,1.0,1.0069336219464582,1.048694447926986,0.48955883215771034,0.696732788109989,1.0,0.8886374616194808,0.9932020590950192,1.0108986642014712,1.0330919627631985,1.1238498896368445,0.9774628705394024,1.377762744365523,1.1378149427533064,1.025357621546728,0.9549684679159811,0.8286833067328587,1.3134384271644577,0.4978759693236948,1.1497285606429863,0.9222998389339421,0.9571508900184859,1.0153518884545356,1.0,0.8343847550504504,0.7309419031135701,0.9563860064428227,1.0768178537804225,1.1473700294846823,1.0,1.1343384564796686,1.0,1.113689416160327,1.3346602548327366,1.1405077912253228,1.123925673414639,0.6583970439812481,0.9376733055917409,1.1938520760646594,0.8770176703144389,0.8693330077127015,1.008625773084033,1.0,0.9202399356304009,0.8974323280465993,0.9761729036768659,0.7774834731789588,1.0896678228149417,1.0304456209558461,0.7635581882787175,0.8437226605728421,0.6673052203018659,0.9707362180731675,0.942124848171521,0.9635360350256127,0.9011198848620875,0.9020580886026077,0.533292121688885,0.563223283922117,1.0,0.5578577042913884,1.3483833261910299,0.6155676224605557,1.0917736673782361,1.032683470924599,0.8648335924799462,0.9403318325577976,0.8918282477947996,0.887277180850228,0.6991664934712389,1.1173956874254138,1.0746684513830362,1.0993272531884664,0.9167400228828206,0.915956119223736,0.630819914911783,1.0884382305092213,0.9630431304865125,0.8949383687759909,0.9702771314150569,0.593168185482065,1.0,1.3803038129407703,1.1578039052917737,0.9779011857440998,1.0,1.0086667441319652,1.044751421280178,0.9914296218805339,1.3593664565483254,1.0,1.0521842771004424,0.951579906027263,1.0012500866984266,0.6500211044278319,0.6477760685393377,1.1505266329443344,1.1705237770913146,0.5901096396329316,0.6277505626285189,1.1003121266515494,0.7368568575914975,0.7312279198228797,1.101767245102485,1.2737406906076494,1.411742863606562,1.1008030533922593,0.9580934655794355,0.8834252503242235,0.8873912096066338,1.1663297227375466,1.2889259957759958,1.1614233687183237,0.7948640505192568,1.0525449578751875,1.0066088484802032,1.0,0.9311219337536781,1.0,1.2045792141250857,1.147655408288742,1.0152277861992773,1.0592425044842266,0.7139565152723604,0.9428441992750496,1.0365293085665284,1.092841643911037,0.987263702118564,1.1055778537452627,1.0339949525719712,0.8433587581499511,0.9291162416034073,0.9656639590404579,1.0039221263087954,1.1596680536814552,1.0888111145024437,1.0,1.1724943669682233,1.025589366438534,1.2358328722281704,0.9504606340813055,1.172820845741756
2017-08-31,1.2603436472141296,0.9758282094827019,0.6622464099337448,0.8592693931730124,0.828884873702749,1.02182904751169,0.8359929264821758,0.667603190272509,0.6622876645541469,1.2497828177181023,1.0817011642900036,0.8674808345270157,0.9943546359188539,1.2254944811037893,1.0519333249615785,1.3898423022497388,0.9235495996372575,1.3222497396104291,0.9802459257973217,1.0,0.9183577112849725,1.0711375294726628,0.48468737247609617,0.696663337769329,1.0,0.893101063160761,0.9804415903663917,1.0121117396439234,1.0398301264558691,1.1086798843223782,1.0281362671696817,1.3591352229170561,1.1213884640050735,1.0260247033921965,0.9889060563651135,0.7988871465177475,1.1997504172317515,0.4949744828261997,1.1759525824328392,0.9197177788425259,0.942981146999778,1.03758578878636,1.0,0.9478065916234701,0.7305490837367975,0.9114990633462745,1.0593153868757377,1.1154935312219492,1.0,1.1341364946638794,1.0,0.97555182295777,1.1763135245029126,1.0995612218455595,1.0911946817758402,0.6900341825037193,0.8785355602989035,1.2169046166865494,0.9097422439316375,0.8691413454322058,1.019856571000882,1.0,0.9122580599096135,0.8903389014184276,0.9685750935306294,0.8185205512562613,1.1118571806874151,1.0275682431679183,0.7431906210729067,0.8878570650455373,0.6632430434548799,0.9673659819625472,0.9087979362307005,0.9163062508336935,0.83762904742963,0.9012664170997917,0.5044811273588736,0.5589573772936156,1.0,0.5403046704860281,1.2203253499969067,0.6208179490296301,1.1130506750635631,1.0327680185189487,0.9482943684329869,1.0311997618809503,0.9727581633004795,0.9244603168314856,0.6858223879044807,1.1186370361742815,1.0649503021681328,1.0925007979650099,0.9699951799071083,0.9064489279182584,0.6287950918259491,1.1017965962727276,0.9762517511629204,0.9003538310540005,1.112767535739204,0.6070101712720555,1.0,1.3845099414364606,1.1416942623185422,0.9580529628931883,1.0,1.0093154015015862,1.0584085439424569,0.9933000422094695,1.4346761806602508,1.0,1.0514423515178237,0.9524340773925906,1.0012346992883705,0.6738776152400029,0.6492639381584822,1.1614719378885052,1.1436348764852735,0.592207486369783,0.6303092185115662,1.1104320180943703,0.7412122040142257,0.7257991962322817,1.128857499148876,1.1417956619523382,1.2915845123380385,1.1293370488477836,0.9845219357444299,0.899759443495254,0.8871059079445147,1.1678640039944161,1.2760158541041364,1.124975815303052,0.7720490458873945,1.0196312093461428,1.0065325253543824,1.0,0.9176297441348024,1.0,1.1568124795154806,1.1336109893793342,1.0117626859749236,1.0587954287586507,0.7204980106513894,0.9532113061465652,1.0367749911001307,1.111217342908641,0.9861362185455651,1.1127975144368463,1.0225477410989143,0.8392936827250644,0.9221446299093397,0.955940101098918,0.9894239422769392,1.093946675947527,1.1662427144636327,1.0,1.2646141781092362,1.04478667179666,1.2356457030299126,0.9539737611205639,1.165899856432441
2017-09-29,1.3088314049724292,0.9415969110459368,0.6620376723097923,0.9020161762425882,0.8649788987203582,0.9550434138909095,0.9171032716409779,0.668136699916154,0.6624324992412882,1.2209624849158103,1.0720244599337188,0.7957348897292714,0.9014644256018024,1.2019650618208502,1.0367785592722725,1.3973500283267095,0.9306778611135812,1.2522707453364081,1.016054337021126,1.0,0.9493888760630201,1.0780150410092804,0.4831155512773,0.697287437188356,1.0,0.9065894744598709,0.9983161917864034,1.0119178913832978,1.0405481775444865,1.09657099156935,1.0306806539397741,1.3316953679255397,1.1287697976829412,1.025670459610839,0.963836528922026,0.8210005982249355,1.2588924893668274,0.4968361072564216,1.1969985879561165,0.8394012935253876,0.942008071292054,1.0131990853440105,1.0,0.836386532552252,0.7302505154561776,0.9226495022984613,1.0737235945140637,1.151156493604342,1.0,1.1334438814690826,1.0,1.1491102224325853,1.3308461689890039,0.9998673094979879,1.0784740978004792,0.6546207951495654,0.8983584520975941,1.174878678753826,1.0259541659109352,0.8693466350818604,0.9990826122981341,1.0,0.9377499536104628,0.8679675447633934,0.9269032764919609,0.7661583487208106,1.000318974476125,1.0094467436593155,0.8221141612653231,0.843689032442825,0.6586635094748703,0.9992893436853221,0.9086145826051601,0.9122223866395414,0.8448468039143925,0.9009052929667853,0.5375360584652531,0.5607989103382118,1.0,0.5679958399460668,1.3001812190494815,0.657696230854927,1.03955159551748,1.0324466903207101,0.9253763424846347,0.9802077470294333,0.9413304974727714,0.889757586512453,0.6948563691197502,1.0741651938723185,1.0628677553901822,1.1216743615525673,0.9404828153849725,0.8957164373099795,0.6339437179956506,1.0982617556601906,0.9697759348955524,0.9061647140750833,1.066601467090694,0.6034282270673825,1.0,1.3454012634791321,1.12459484918617,0.9687655322033851,1.0,1.0096212946803425,1.0508130442503674,0.9922916147874126,1.411710314105625,1.0,1.0514266215800299,0.9546788200552041,1.0008363581386872,0.64880730356552,0.6368335233374278,1.1291398138296465,1.183578257580751,0.5921902860900603,0.6286939573361592,1.0273672551445856,0.7738725206955008,0.7260518812952041,1.0606808152879905,1.0985354948183965,1.3476842078544884,1.0348018422006025,0.9530630807789013,0.8419300919861801,0.8871873824886571,1.1645136135275218,1.2650204473487685,1.1832063171579772,0.8193844520663617,1.0113060447261277,1.005910065463683,1.0,0.9185848632665411,1.0,1.1959018687944967,1.129274802903559,0.9835216291160616,1.0597850546470842,0.6374102003961906,0.7974177400584752,0.9877847621720248,1.010723076186622,0.9819084785873516,1.0983202736856912,0.997128788414853,0.8412366547798336,0.9224200091768221,0.9840251563040047,1.0048857268105957,1.1254236653595,1.1314908457675006,1.0,1.130186510708176,1.0199270269165357,1.1314279523064354,0.926798770791783,1.1111348281819153
2017-10-31,1.262405014914275,0.9738640696088643,0.6618195984134485,0.8429761270994992,0.8167734325853571,0.9558128288229337,0.7973855187619329,0.6679300931180497,0.6608415386273181,1.2656625734438276,1.07896632184312,0.771527008590789,0.8055338723947784,1.2500849053510006,1.033003939079473,1.372906659638675,0.9285005687247332,1.2099748205453393,0.9918644574288046,1.0,0.8977724520524575,1.0875699826997607,0.47491936796499734,0.6969793931443813,1.0,0.843998717495261,0.9843550161101992,1.0117703812816277,1.045361228542972,1.0491772836763162,0.9708886412570162,1.322429211358721,1.151970252869731,1.0257800842470655,0.9908239788492529,0.7941790852744066,1.2104536388872775,0.4933328229009918,1.1212731910177223,0.8267807604699204,0.9410151192612374,1.040859641025741,1.0,0.8978131316284386,0.7299920413226872,0.9373166112164629,1.0620792634794178,1.113190883958421,1.0,1.1339762700646918,1.0,0.9880459107632416,1.1227320891224297,0.96910891354807,1.036539468320517,0.678782946324126,0.8793854313494596,1.2847076710949095,0.9864275065043109,0.8697702261543921,1.0107480345435569,1.0,0.9190786941458806,0.8748395830022428,0.9360098587235501,0.758208401097121,1.0015505831150924,1.0077534627012799,0.916812836422089,0.8569889444544323,0.6646522521748214,0.9643686583949181,0.8869059580172434,0.8876406166932083,0.8402583090893919,0.9009839127394064,0.5032615871253466,0.5569819382769958,1.0,0.5571825937909634,1.2031812502230093,0.6091381540784258,1.0056094297173603,1.0318970101656144,0.9457712141709493,0.9966141092494941,0.963352074595614,0.9026228068324693,0.6814695174878775,1.0588876533588123,1.0513788157674973,1.1366608273941465,0.9506435302057779,0.8833810626082683,0.6377707217113326,1.0867308401392581,0.9454040505094623,0.9231344225829623,1.0787543022335855,0.5998578236746581,1.0,1.3218709685063121,1.1108909809873477,0.9280175945857401,1.0,1.0099052188166018,1.0601121788712777,0.9825217338913946,1.4135050549116914,1.0,1.0507909982255925,0.9537259338788606,1.0003646104918806,0.5823725116534175,0.6312201721637636,1.1483614953885535,1.1943533064770515,0.5866816061718418,0.634508001126681,1.0469053544017075,0.7645555745530738,0.7296723495787457,1.0615016821101684,1.0007741668774506,1.3538957528768683,0.9990348109174422,0.9566712670974868,0.8363519071627468,0.887317331499427,1.1665365003953352,1.2213109367608195,1.1508760368512767,0.7861430148055433,0.9696397846390604,1.0056322595408067,1.0,0.9085979714675592,1.0,1.241696065947781,1.113646057179933,0.9867074193596791,1.0597384506807501,0.5847249435029368,0.7578274335602416,1.0045562438492173,0.9830759917291688,0.983408264242996,1.0829054556451445,0.9685741910357574,0.8387499611311021,0.8339429702780428,0.9645706944960878,0.9878161059516091,1.0743102728162328,1.1045562206755717,1.0,1.2095378706590911,1.0300870548658503,1.0710449446440902,0.9082118586176242,1.077470639684984
2017-11-30,1.002426343477868,1.0046536867072158,0.6618505337527589,0.7898372999430935,0.8072646705464176,0.9520563767236686,0.6743194126393344,0.662643987980601,0.6595877838279167,1.1807060749331424,1.044108098355309,0.8422760360259862,0.576937353762505,1.1488578537565168,1.0383678978175985,1.330057327221224,0.909383645675643,1.3361387827237128,0.9464706552296096,1.0,0.8119420842892631,1.0568499328970697,0.4659092291787251,0.695723319800186,1.0,0.8389836189569444,1.0031150855876254,1.0115716072071987,1.0464395408779699,1.0447121767574594,1.0229188837823766,1.1839577476346472,1.0358559876374318,1.0256348427125124,0.9984046690973832,0.7676250744156174,0.9369543553148976,0.490790950081031,1.0357468185400882,0.8166215558513137,0.862823912144574,1.0334046100931176,1.0,0.8451306309228713,0.730105427682278,0.8395522663088025,1.0029897624799438,1.0696333454897995,1.0,1.1332158334762399,1.0,0.8863413544986547,0.7301755169184532,0.8834438671276288,1.0313089104744178,0.6487723235777819,0.8094012833683227,1.401861423813627,0.9719513312493188,0.8697960759788327,0.9775193960395802,1.0,0.9155239819138121,0.8427513853867952,0.8733254118829814,0.7910981226372719,1.0111405442925108,1.0221418962326427,0.6778628982158007,0.8536820552616743,0.6585130583806544,0.9878005730944781,0.8494072908125693,0.8836857127043831,0.8048693630202972,0.9006694201878301,0.49950471012902675,0.5496685027874089,1.0,0.5168787756813606,1.0527507876653406,0.5531335825005049,1.00822692329481,1.0285767845193603,0.9207887459288684,0.9662807433705856,0.9251572260025258,0.8958674964861905,0.6669495196403408,0.9917345759714938,1.0435832793875979,1.111952616006338,0.906678776033002,0.9011115214241938,0.6547801807658928,1.0026797108529117,0.944031459737958,0.9395486186778944,1.0575790736683115,0.5636018887159466,1.0,1.3701269043224715,1.108858270930322,0.9094456677223436,1.0,1.0100903895041464,1.0728210804108296,0.9947798129534408,1.448174001725982,1.0,1.0506448783497007,0.9607702731931377,1.0002189088142974,0.6381663712814458,0.6330833135792796,1.1727787287495877,1.1926752649316215,0.5845911323001267,0.6314575816759231,0.9956740361709318,0.7433875410363115,0.7001429779019757,0.9990148030870661,0.9878497891368235,1.2256026284170243,1.0117240279365853,0.9719263072430274,0.8414312749323701,0.8881860431757987,1.1630592747390716,1.2338873451527836,1.0963488108318782,0.7818971066715138,0.9592129372242054,1.0063021736910793,1.0,0.9089389501859214,1.0,1.0993955604573162,1.1222972446611712,0.9781157877722836,1.059579593191983,0.47565758150835424,0.7147149753355011,0.9056750998218995,0.9960911542126899,0.9810138620373275,1.0900841144222486,0.9524996775890356,0.8390845218308091,0.6922783476132348,0.9551899078474246,0.9538174651325226,0.9493960042747502,1.2749000248536781,1.0,1.220155903437158,0.9986076469731653,1.0688897190577256,0.9043379195362815,1.0624703017546255
2017-12-29,0.8262101843895489,1.0506136006801952,0.6620523114750194,0.7305057984670955,0.8445933091861729,0.9551656183576208,0.6788454266558863,0.6614318645904746,0.6593171306474623,1.2387599260674351,1.0434162683466897,0.8047896282158379,0.7991840853289561,1.1697053682900749,1.0344526802637948,1.2564157249498904,0.8966762018605379,1.234636411028078,0.9035643314461203,1.0,0.7745595005743349,1.054154272838118,0.4737787660775167,0.6958738036830792,1.0,0.8375905009515762,0.9818397013929563,1.012034250153731,1.0404130173242936,0.9873975438612339,0.9948497982120443,1.1476342483273625,1.0099110458227345,1.0256515698333035,1.0009721037520756,0.7661681262051576,0.8770266367147965,0.4916850322496348,1.0244424903783793,0.8185536722926936,0.8261752255775037,1.028883024806515,1.0,0.9401269319789124,0.7307468843376634,0.7404405616600667,0.9863664085260507,1.0366800653249804,1.0,1.1306929558076733,1.0,0.7516354267834736,0.6175523396349811,0.9028162674610412,1.0061057033830871,0.6482009264779837,0.8052985744048176,1.4111305092463944,0.9358427485999408,0.869414968572847,0.9320026174584467,1.0,0.9305730919365237,0.8355306319976186,0.8624062931175736,0.765660093718811,0.9751742045360097,1.002417480356493,0.5498399307579493,0.8344086580144602,0.6555543541151096,0.9484323794429792,0.8465033918122644,0.9191823211463973,0.8171409503026554,0.9007805943035038,0.5277652577201195,0.5491000499953003,1.0,0.5357222616713909,0.9834612974347599,0.5886856211474465,0.9863508927762911,1.0278299803351938,0.9084666203709008,0.9627381284352279,0.9297692823095888,0.8894028678120899,0.6651843859915845,0.9071029825368396,1.021242305156598,1.1057175222863016,0.919471734959271,0.8750651556843173,0.6438941283162858,1.0345132479479044,0.970951824634409,0.9320453388371641,1.0809275681919086,0.5676266906380383,1.0,1.287720329537193,1.1053470108723351,0.89346835770954,1.0,1.0102377150755968,1.0752076861918538,0.9823691804328378,1.4338029001288013,1.0,1.0509723091735577,0.9547627494358281,0.9996771117013685,0.6235526738005379,0.64006157499539,1.1650682433075745,1.1672230155841332,0.583446458372539,0.6283288765018112,0.9979991030553443,0.7334970065755566,0.6950869311851069,1.001627596432487,0.9691393261132811,1.1874291773451384,0.9723222128036487,0.9788816981313692,0.843470784302133,0.8875913104607852,1.1684492777739297,1.1929190376985959,1.0851279725453085,0.7914014263796079,0.9448926087192039,1.0064106126378023,1.0,0.9113822957462266,1.0,1.032834154519949,1.0979241853031925,0.9804190453637176,1.0596203052147732,0.5075066818648162,0.7255051896798306,0.901696951318618,0.9020384751753718,0.9775797337999647,1.0763873571166704,0.9469295594210287,0.8392406116453287,0.6977311231663961,0.9646905566280339,0.9800836235360628,0.9768751262365012,1.2368676002489822,1.0,1.2456454783477555,1.0014218059796447,0.909231323642691,0.8606096335254826,0.9419349424712938
2018-01-31,0.8056153658641181,0.9788147032397273,0.6619749716023842,0.7301372897068232,0.8431463091951741,0.9589936913286818,0.5814088559464143,0.6612354036081731,0.659131836548454,1.075900622340759,0.9979533215772889,0.7433862129777226,0.7534458899644991,1.017293960564113,1.014908014047816,1.2774050352154018,0.8926206427263231,1.190502473534572,0.8513243459195018,1.0,0.7789308691069939,1.0930008707016126,0.4648749213893163,0.6959211593615482,1.0,0.8548501040937445,0.9823517424025158,1.0122334556303774,1.0437720401838588,0.9581063006841914,0.9218193594411817,1.2609705703657015,1.0525682632279898,1.025430333604046,1.0077696775650768,0.7643525686644812,0.8068063017869218,0.49154005237812515,1.007067439518818,0.8159915776287846,0.8547571345537137,1.0038592160631905,1.0,0.8963450940458784,0.7303767016003222,0.7385953741321765,0.9568942543349203,1.0436418548899846,1.0,1.1287864741795208,1.0,0.73877932768653,0.6661018722114775,0.9055222187754696,0.9274996547659122,0.6777751534944676,0.7948021115701345,1.4810268983469665,0.8993260909605223,0.8694375369587207,0.9444826202265828,1.0,0.794631491361715,0.8190341398021944,0.8379695230356784,0.7342508548947193,0.9412661297149697,0.9867514097670418,0.531732372657199,0.821055596029739,0.6543380631076017,0.9723520017870414,0.8400072293290586,0.8896823402935813,0.7945799183361284,0.9006378313070569,0.5063661298352781,0.552912794712431,1.0,0.5343887051681171,0.9756247475889802,0.6824642750831953,0.9121947277331297,1.0310890904896195,0.9440716553321243,0.9744549269418847,0.9324695883073901,0.8967006068549181,0.652942148157287,0.9224214930086125,1.0321315464478296,1.0931412655701505,0.93849349188121,0.7377602589069274,0.6024583350848276,1.0323480854961626,0.8629832610214366,1.0028585444865135,1.0860490846087263,0.65602281363942,1.0,1.261113051303649,1.0186140122174023,0.8591080798155214,1.0,1.0102568878440998,1.1067389316746907,0.9658744373904967,1.4191293091577188,1.0,1.0473436947322057,0.9610686228000787,0.9998051823050811,0.5923619638606167,0.6325847747883843,1.1584603154108433,1.2155477268107433,0.5823193027851119,0.6321597352309909,0.8997736563480683,0.7687205349740829,0.6969541786334481,0.9808333751236912,1.0025602195338867,1.381956789355243,0.9193890128489115,0.9835406901337683,0.8365846731675604,0.88698215966629,1.1697156237971489,1.0888799048520375,1.060142888300715,0.7683904854792878,0.8054796783243363,1.005355874910199,1.0,0.9107009894966318,1.0,1.025868580897201,1.0903036053064883,0.9487371848386101,1.0590009163043408,0.6374763694834711,0.733995152279612,0.7431913466421682,0.827627660583802,0.9762799657171591,1.050662009532621,0.8693782722206208,0.8377965533300683,0.6740008189663891,0.9414263712838677,0.9588258806891603,0.7874772699188564,1.1664507758419975,1.0,1.252589153167451,0.9518269147028848,0.7668599895056393,0.8195679447289981,0.8188102845985231
2018-02-28,0.8162475621335511,0.8977660512394929,0.6622407911939459,0.7638552226355456,0.8825633446448627,0.9498115322132225,0.5572867333468963,0.6613389532507342,0.6591417083883624,1.0731032369439673,0.9916881732619328,0.7512994672820791,0.9094011510303964,1.0038169469857097,1.0149530507601285,1.2473894137538561,0.9178534873114178,1.215441263965103,0.8383450849742731,1.0,0.7754028083010037,1.0820241189932482,0.46448303692058013,0.6962857092042554,1.0,0.8354007160824928,0.9757246269933867,1.011912491137866,1.0461777684057996,0.944919382650039,0.9056450642205449,1.210109786726092,0.995822335532358,1.0258145668346321,1.0504950119202312,0.7678043043670287,0.8059359549817328,0.49259575398267275,0.98589766648875,0.8070932263226468,0.8316882291836013,0.9746710394062963,1.0,0.8097187286095494,0.7300862602609458,0.7601042190046776,0.954292189636046,1.0519777421343453,1.0,1.1291082010484577,1.0,0.7354671386881343,0.6225612989782829,0.8213188326913418,0.9089406303648249,0.6914552191606556,0.7741075689599352,1.491215264368288,0.9042150952694586,0.8697757828749502,0.8745982127629801,1.0,0.7220124324215016,0.7970546303655013,0.8299850595242152,0.7451417051595473,0.9266953525068415,0.9845971050303238,0.5830535272622901,0.8425245244632544,0.6621179120169121,1.0070771574110722,0.8400094104640039,0.8874127545771011,0.8048756278218394,0.900718961263866,0.5251796781825226,0.5519468800152147,1.0,0.5650814488953864,0.96992295870983,0.7360512039379887,0.8811872570525796,1.030757813276892,0.981334750853785,0.983318694806335,0.9316550118642696,0.8916299033617255,0.6609439540656474,0.9456721664298098,1.0238565558386146,1.0509145991374478,0.9559258635422374,0.7293978090953332,0.5978921603560201,1.0615011482458638,0.8537701294363396,1.0458245957139543,1.0768884810560613,0.6752038870120165,1.0,1.3555893773129877,1.0232625087401321,0.8820383459198656,1.0,1.0102243369919892,1.1066330825392412,0.9626307206527563,1.4187878798276825,1.0,1.048949718212141,0.9527047107677505,0.9997825267942686,0.6099995880366248,0.6348334133226203,1.1446164297587758,1.1836332936966696,0.5781669564597596,0.6131144109656783,0.865020339028302,0.7716336454002511,0.7033904331163472,0.9719382275404758,0.9979808579020261,1.4532893169314198,0.9075991203302638,0.9819678643362189,0.8403738079553065,0.886382722982551,1.1725980906143856,1.0742732786821922,1.038548102753368,0.7612173737763599,0.811719920423394,1.0058803824512992,1.0,0.9095697149035182,1.0,1.078367172314008,1.0707741105018815,0.9651404741815504,1.0592326454233891,0.7227380878042584,0.7033485925420278,0.7479489571072295,0.8272400646107851,0.9765708868783187,1.053433929463045,0.8662067185936642,0.8377476299181383,0.7166493359667985,0.9475246305560782,0.964449206112623,0.8016462792071111,1.0973454481162397,1.0,1.1434996312742518,0.9465060403890375,0.7636446308215348,0.8160534935946335,0.816854102068743
2018-03-29,0.8935913703264228,0.8561245066344887,0.6619875632152283,0.7590741051962634,0.8680706438905572,0.9435801264448215,0.5581242267481202,0.6612516894852911,0.6591665808246273,1.0232344035872614,0.9706869634396755,0.7408073624609194,1.0092621159026127,0.9963053481553843,1.0129329345196043,1.2989801881033374,0.9287904197724142,1.148542179151073,0.8518975179336798,1.0,0.7808356217648609,1.0784760457391935,0.46348597482089593,0.6967584153816464,1.0,0.8168903377413022,0.9730108281105688,1.0084727731298027,1.0451686574758356,0.9643981776414461,0.9003729130112119,1.1752352001654343,0.9856858524318983,1.0258220944693544,1.0213139092837524,0.7760418658272911,0.8229982978370021,0.49243066525941337,0.9917538073997212,0.8059070412214125,0.8549261571198757,0.9406073314864224,1.0,0.7041372095084428,0.7304968293069942,0.7641708685147064,0.9528683589602416,1.062604396543882,1.0,1.1307677588421103,1.0,0.7397167940349632,0.6561566307572013,0.7308953172741751,0.9199610624447214,0.6924482963994651,0.7976725382093486,1.4725799703664968,0.896024796939225,0.8701941591567275,0.8534828994794667,1.0,0.72288544870456,0.8036527534045668,0.8375147431640884,0.7353989762667505,0.9161788078451347,0.9830720066390818,0.5844207255473329,0.8403294878425732,0.6525650526675486,0.9622172915428157,0.8433723291153358,0.8513361570344354,0.7980541491535843,0.9005965996119004,0.5439839623307778,0.5512953397464166,1.0,0.5320408492608055,1.0063204001838106,0.7558025233974799,0.877217180794598,1.0286495926812962,0.9553255203674732,0.9280401162111419,0.915917247072974,0.8855841345735995,0.6493795709977797,0.9278185409709658,1.0043777044781028,1.0878844049120677,0.9600109924289332,0.7256074306223625,0.5538193620741916,1.0247561937915093,0.8750977036075035,1.0145779775865853,1.0110842159403572,0.6496311111603137,1.0,1.1524237191105808,1.0212168138114317,0.8916000934762138,1.0,1.0101190373652202,1.1080426164658528,0.9670144768525535,1.3743800329032394,1.0,1.0406008755334755,0.9531634543765408,0.9992035350255534,0.5921098116361312,0.6287094602808798,1.1309313176462414,1.1685636150665555,0.5772046264541785,0.6231233316460802,0.8399007024646075,0.7756684261295472,0.7083558134292574,0.9974837593735745,1.0004858681476412,1.4827273732666313,0.9059972674724109,0.9750810787366226,0.838720146549354,0.8898432151788267,1.1567814244107006,1.0843700516594101,1.0426542346046428,0.7759342425321347,0.7919697902389377,1.0052288295643887,1.0,0.9120105394107757,1.0,1.1012888286521,1.048191576994029,0.9620383493391647,1.0588667693251808,0.6467650648492542,0.6862223213863807,0.7095779731906195,0.8121346899534773,0.9762668571493013,1.0519230137048838,0.8757485924009385,0.8392241750787282,0.7183401600546249,0.9502665665164101,0.9777444614103904,0.8179748273755156,1.0383243821081218,1.0,1.0536630301756327,0.930950146105498,0.7597190891976412,0.8126708825878959,0.8105742515947907
2018-04-30,0.9821758121887738,0.8528461267371512,0.6625520370881307,0.8007864675003795,0.8760899061269761,0.9354043515558339,0.6004064213849258,0.6608669992962217,0.6592108404990145,1.0122426534187685,0.9829353627097213,0.7193194036860899,1.1328090628518097,0.9902347437823545,1.0024340558544085,1.3053701116991903,0.9327783546857654,1.0967308905277962,0.8549651881753858,1.0,0.785180961273449,0.9722698001333294,0.472994642428209,0.6967915866949853,1.0,0.8209343564454241,0.963094031336521,1.0073628761168063,1.037457956560909,0.9332104071614571,0.9537001191276537,1.1347751180770722,0.9708639240332604,1.0142454929691593,0.9954310489656069,0.8026664398200571,0.8576523050811752,0.49683266473413856,1.0800328840745594,0.8047917719491342,0.8626003810627957,0.9187419687522935,1.0,0.6885918246306902,0.7311139936555991,0.7502432362124443,0.9572115213195601,1.0673585338546718,1.0,1.1251788035492547,1.0,0.747655751240413,0.6343897213954772,0.7094388318206837,0.9116108403396415,0.6897905184886801,0.8122192745799378,1.4145192783442602,0.8926771961800367,0.8817043201597435,0.7893459067801536,1.0,0.7221391531814527,0.8261786596617382,0.8695458863821436,0.7136854288576062,0.8702728296798886,0.9776919769337655,0.6042262805365421,0.762288101688934,0.6536829573755409,0.9309254563316567,0.8605275407181088,0.9031500097053458,0.8571964416538267,0.9007585150826176,0.6266153677278126,0.5513918789663823,1.0,0.5212031629389924,1.0511562770642113,0.8085571600724575,0.7651757387833436,1.0295928440256623,0.902100657025069,0.8685486448037663,0.8981317891415908,0.8743799610121578,0.6563824061206599,0.8742373243183902,0.9778369477578758,1.0701350739211763,0.9772725551510844,0.8158347649586613,0.5375752963162139,1.010191905221398,0.8933622409499538,0.8909630139815625,0.9804300665469582,0.6370912606185188,1.0,0.9614079607009598,1.000337601441755,0.8873499829927827,1.0,1.0088768702978816,1.1069173326292805,0.9553951463817525,1.2580004421621442,1.0,1.0266788494792514,0.9518639212423458,0.998565801721629,0.6041826954767477,0.6355068959585508,1.060716604630998,1.108888048506944,0.5765138579961016,0.6144710977939994,0.8479509032781702,0.7794293366030921,0.7120011297478938,1.0006816910870304,0.8503769727243927,1.1753351932150538,0.8716570644940981,0.9636663672148109,0.83901131274007,0.8846855877682778,1.1053492811157632,1.0394461389351826,1.0531661121525708,0.7739947798891395,0.7514097098533198,1.0032553438368415,1.0,0.9143357232790429,1.0,1.140630391594526,1.0114540113656334,0.9585708081278643,1.0560609104099048,0.9192943580883052,0.6913942421303317,0.7710405323274897,0.7715977390155847,0.9748852028058788,1.0319834718082914,0.8662004121310826,0.8406214422453196,0.8360487681477621,0.9829146653089933,1.0237208538861822,0.9482507117796696,1.0158873349897255,1.0,1.0626001103386775,0.9428548026712785,0.7537800150778207,0.8048465673478655,0.80644331817324
2018-05-31,1.0034490666623224,0.8207734472109179,0.6620070998560545,0.7929485049697089,0.8630320946287675,0.9348398893012492,0.614018472719084,0.6608997359182903,0.6592162752518187,1.2673655796034484,1.0219705629525129,0.7034785730418514,1.2033983355703282,1.03459926999818,0.9854835452414255,1.2759788236226723,1.0584344739011862,1.0340972260961236,0.8286030682314927,1.0,0.7960154890365692,0.9232177928571983,0.4750805097971057,0.6979943156975019,1.0,0.806493356009667,0.9681668527582705,1.0101409140352577,1.0277331573427684,0.9164602992777184,0.9378188645649591,1.0469363408408237,0.9692511421966894,1.01520767320958,1.0909927482512007,0.8175363597234988,0.8790649899550844,0.49897382041582516,1.0804472792068578,0.8044848320584088,0.8565293803948653,0.8993463944262049,1.0,0.6560345812447992,0.7304869046966345,0.8368245160006493,0.9705012054432874,1.0811070619448901,1.0,1.12986217914725,1.0,0.7618880608371048,0.6387178860023397,0.7609949971075642,0.902570051681391,0.7693903618088224,0.8137213596079005,1.3624550393118084,0.9377278309130043,0.9027244827974714,0.8316647359883355,1.0,0.7993400475294759,0.8358295493063472,0.8850596630875763,0.6988988073687306,0.8604226153904533,0.9653687289003866,0.9427480957381146,0.7702556931499099,0.6483874053494941,0.9155070677198307,0.8831379760802935,0.9151942985520989,0.8841069753221125,0.901160906960085,0.6358158290902657,0.5518124714354913,1.0,0.5447287964991381,1.0461448027373803,0.9574514150447767,0.7489129710247636,1.0294262116676147,0.9220006242587718,0.8995817903282406,0.9211882984289917,0.8764477408837488,0.6568037635434558,0.8815898726949402,0.9623858352670527,1.080420733873936,0.9977053470479446,0.8036056249134816,0.547582383868016,0.9927736880508956,0.9109208308083621,0.8611547453760036,0.973059169181268,0.6436662019055135,1.0,0.9495817977827712,0.9690214296164624,0.8848675243618692,1.0,1.0088190966714168,1.1030801876981047,0.9493662296056774,1.163661195144249,1.0,1.0361343037416852,0.9515918929488937,0.9982950886709421,0.6404699663111979,0.6353252998000221,1.0233984297928078,1.0946527665332495,0.5755810626059369,0.6039682696981791,0.8468772272381674,0.8778262326494735,0.7604773818930062,1.1649317666731887,0.816689466618893,1.1195139222338404,0.8642816844118111,0.9639752497276781,0.8416214508999387,0.884732371767565,1.0783543016058008,0.9697045021656748,1.0436368251744392,0.80097395417504,0.7203335890077117,1.0016985231728854,1.0,0.9082316854563413,1.0,1.2935392525419132,0.957099502989851,0.9651276297945616,1.0489568221546806,1.0224044465968625,0.676443532811281,0.9138156174876407,0.7234603077007157,0.9746975990684525,1.0114072616109586,0.8510471716007832,0.8404337427414683,0.8764039257992766,0.982521130701798,1.027606606311018,0.9301813179787414,0.9775855799009806,1.0,1.0072281940743018,0.9692594976756037,0.7521930241534787,0.7958686634294069,0.8046717217789696
2018-06-29,0.9559572314631678,0.7631743520681566,0.6626944111390543,0.7923796486661298,1.035981950834761,0.9313468674170169,0.6311592785452698,0.6608375794503795,0.6592070641837264,1.1066553567417188,0.9852806739889557,0.7083923911457314,1.176527804003325,0.9127908611871367,0.9937593732664494,1.2551312109028234,1.0068482502412157,1.0585589016674763,0.869518458597876,1.0,0.7795765342775418,0.9652381237647946,0.479327967592996,0.6977418309987209,1.0,0.8019901280282077,0.973705264509231,1.0096057027348282,1.0336216032663266,0.8945607020987465,0.9778082440622072,1.0151286463795248,0.902833255696981,1.0141709199603766,1.0501724493520428,0.8402803541769599,0.8909180862610302,0.5032595109459583,1.102770911059577,0.8046891305244206,0.8373289785114637,0.897062051436426,1.0,0.8304449512294874,0.738275152688189,0.7839061705944645,0.9482814502540959,1.061631370792553,1.0,1.1319639835601578,1.0,0.7723431159166105,0.5739235474223137,0.7803963233144458,0.9120408780550567,0.6839355088859753,0.7820053678866888,1.3791794172394898,0.9725276260749204,0.9493721677943506,0.7071124868786536,1.0,0.7890184349240158,0.8048576346675079,0.843562516736526,0.7027335027945047,0.8694534029669385,0.9701571720199609,0.7785120488620689,0.7405239591937589,0.6483935681911686,0.9241535222769901,0.8796579594511583,0.9070019295347036,0.8948326834205776,0.9010703949256123,0.6566040921373589,0.5509045805057349,1.0,0.5376539450031758,1.02986572542176,0.9450457602191982,0.746209061786378,1.0234704643486583,0.9277694744840506,0.8570350512666054,0.8971159328820487,0.867316479207997,0.6558896183466401,0.8521542901092827,0.9596597360617687,0.999945029959531,0.9718537911061818,0.7735362520863769,0.5246879218195284,0.9834551675939073,0.8866964559458459,0.8781265385374739,0.9157907730619061,0.5984467347089465,1.0,0.9374452538119411,0.9989220146637511,0.8981718054182445,1.0,1.0096598449700243,1.1040576249664762,0.9544991383968099,1.1736138492954251,1.0,1.0191298760673104,0.9532117491677894,0.9982281971808719,0.9032848534809492,0.6381171714865732,1.0454522824294041,1.0892245775306695,0.5757739660865229,0.6082771993324567,0.7496641787778682,0.8826565312752889,0.7487079716562728,1.1041942381833705,0.8214323589797641,1.118040924627852,0.8706391004202958,0.9471402927184599,0.8295447582688606,0.884802003245556,1.085099750441641,1.0029481787291952,1.0636060266166614,0.7655360516840506,0.7420362654129184,1.0037300212504556,1.0,0.9098993148026937,1.0,1.2372428103899655,1.0041533731755599,0.9360442641380929,1.0545555259147648,1.0478484812283955,0.6767941317344721,0.8384567822156861,0.7211851535960427,0.9746772188086058,1.0102439871818079,0.8712574300938036,0.8408677938390332,0.9110097380333015,0.9940229467221507,1.0395916193936214,1.0162748584455101,1.0071189738513706,1.0,0.9338521876726739,0.9407805342512768,0.7514979231448087,0.7873088492239366,0.8043325220856731
2018-07-31,0.953815614762969,0.6680665424418855,0.6621808978385844,0.794719371857765,0.9846612883906871,0.9218648324213589,0.631311893224193,0.660776084574385,0.659189584824025,1.0500754382785675,0.9798480893710086,0.7070743974916612,1.1602749334235756,0.8799134506034579,0.999119831756874,1.2557138071709255,1.0098562777122073,1.1064116623944145,0.8603031950519976,1.0,0.7746953968025518,0.8989460784016154,0.4815109700982104,0.6968189600167778,1.0,0.7938727777515964,0.9738294555298634,1.0077019573797006,1.0348065808184677,0.9626452444611916,0.945094889872865,1.0723648515937438,0.9136417063969297,1.0139036798856842,1.043777938562824,0.8136363261558963,0.8782673905815295,0.5021266299219087,1.0945595768970238,0.8047927218013726,0.8149298894644006,0.9032170528155704,1.0,0.7524772846997727,0.7345006322712988,0.7647746918677871,0.9448225386415655,1.0526884802459981,1.0,1.130949934934682,1.0,0.8476598889321498,0.5927677302846207,0.7569889910464025,0.9535838984255753,0.650054436149885,0.8089790608255709,1.3863605247694488,1.0346744162716797,0.9388238608211119,0.6922229611659729,1.0,0.7564772529560722,0.7954561724648925,0.8277256960290442,0.6960433649053772,0.8807674322091175,0.978943880174454,0.74223086615907,0.7380635091387533,0.6481544652024618,0.9146712996346037,0.8774289608375234,0.8910815388995296,0.845574388795,0.9008319360322784,0.6223149005984452,0.5509365098259916,1.0,0.5257815118674176,1.033220248775435,0.9308239929610745,0.8128914014834436,1.0268967297613687,0.8972596987491078,0.832199690791019,0.8535543705713112,0.8523634186045236,0.6501696827659214,0.8573193623601894,0.9665668567029558,1.0590581623342787,0.9360190583855365,0.7827642473041588,0.5502689752304831,0.9986999514070601,0.9100419148540976,0.866520882145462,0.8709511556943124,0.5910728361315901,1.0,0.958161230591656,1.0199518053221823,0.9186765929414117,1.0,1.0098410799459205,1.1079857098753694,0.9598430843685157,1.20520227505668,1.0,1.0048226480046063,0.9538307721206477,0.9982077278250588,1.0895739761268726,0.6379564244305587,1.0515530027763325,1.1317321499218074,0.5772623657620668,0.6370193587763766,0.6839353284654932,0.9728756599320513,0.7561259313996059,1.0900043203140144,0.9349935745046142,1.229555732133529,0.8813491121468405,0.9290590730189826,0.8307553195400317,0.8858202008679865,1.030885249080363,1.0421656187745612,1.0697202191783841,0.8083814712388697,0.792141508717445,1.0051344272508291,1.0,0.9122326782964191,1.0,1.2327971441419514,0.9764609133081125,0.9355754411804802,1.056813529528285,1.0550066089068324,0.6709117430257778,0.7720875098967082,0.7146477834813635,0.9747555767551767,1.0259157483898462,0.8827314801280604,0.8408111811002664,0.8887775729365508,0.9911148975201839,1.0337284479393356,1.0168846489845134,1.0390075111026162,1.0,0.9340511289608768,0.9320860717191183,0.7524142502350479,0.7914226532387769,0.8050408727932965
2018-08-31,0.9461226063376718,0.7960565185322555,0.6627103835237944,0.807109399124493,1.0059827538710413,0.9378221122703992,0.6279969991678565,0.6607598604388296,0.6591916765172869,1.0874406437836046,0.9816698509157155,0.7024413704083032,1.1358378025797544,0.8719053913111304,0.9944299311825371,1.2292051143301885,1.2101040184196803,1.0845826505166452,0.8696235381087962,1.0,0.773482404746229,0.8542486072300792,0.4777173599692375,0.6965051797071091,1.0,0.7805752467124358,0.9898928520666501,1.0022873456093109,1.0391715340082193,0.9483056561751727,0.9173097502986425,1.0175126136068757,0.9175991069865626,1.0134542445795864,1.0954253119580177,0.8261428231598161,0.8962779161100547,0.5004602287270671,1.1334284150229093,0.8052660964754383,0.8227908109987128,0.8844982805222166,1.0,0.6678789763015829,0.735317544384691,0.7485921359823143,0.9561040560511801,1.0492364058196844,1.0,1.1343328559366819,1.0,0.9193872977570475,0.564574787167313,0.7008599191144809,0.9554338237668034,0.8962620046449573,0.8284221995113459,1.4537782707308673,0.9474554782707874,1.0704209213885865,0.6583822612267872,1.0,0.8007616318690053,0.8156801228913548,0.8428824176391749,0.7083308800250541,0.8833722661968738,0.9781789298342692,0.7784606390768523,0.8114855573325254,0.6537136657439648,0.9094242816180992,0.8728672617780324,0.8799007134991056,0.8329714280810258,0.9008112548123896,0.6167944916403174,0.5519618322152848,1.0,0.5354454913552451,1.0400864207085443,0.9063089555926698,0.7950333186003667,1.0224505192322635,0.9339896771292922,0.8883081933862613,0.9378268709383116,0.8465961542668597,0.6527714925338303,0.7986665183544506,0.9923312923684188,1.05202510099261,0.9135415140279709,0.793516649027348,0.5360665077830171,0.9931388599501066,0.87369145837939,0.8880375838959521,0.9229508463928724,0.5610922539110991,1.0,0.966898159779357,1.0241052131203583,0.9205497546693512,1.0,1.0101715575317938,1.103479892454624,0.9559325712364367,1.1410873672262278,1.0,0.9853836636617567,0.9530920707399151,0.9981992217178259,0.9883427397597194,0.6361180288509263,1.0609546875935756,1.1532406098386128,0.5877889267153384,0.7588726811816806,0.6129329065376601,0.9455305140996664,0.7351590665530561,1.2911012501850707,0.9396653365112764,1.3079981467207042,0.8772743538108416,0.9205252030891673,0.8402601934451992,0.887368676725281,0.9893931310005818,1.0396467721803369,1.0784113491346194,0.8709571883484237,0.8014085556297427,1.005530085253689,1.0,0.9154080521426012,1.0,1.2614286800326875,0.9149720321973884,0.9258298398099915,1.0582604940014566,1.0997210129518333,0.7155224201885706,0.7269283821310193,0.7027607012328807,0.9749763870539415,1.0196385465396396,0.8827979880488331,0.8402454092710755,0.9136396265723777,0.9975965149019103,1.0368848485392106,1.0163665365270478,1.0038655065758797,1.0,0.8609815150554365,0.9165841932531199,0.7521342345413344,0.788196885451893,0.8048956189495271
2018-09-28,0.8617770667903629,0.8766297572523546,0.6638490458476581,0.7577981403010229,1.0397257514786105,0.9265958101394379,0.621541225248359,0.6607559704865991,0.6592046607430018,0.9767208170860817,0.948982170559029,0.7179962485131668,1.154133906810214,0.8087387055067976,1.0076670539821873,1.1727190812906645,1.098603961988991,1.1744883595150715,0.8798583690067486,1.0,0.7638225412964725,0.8526069687183964,0.48321162681815666,0.6959398195496438,1.0,0.8263758864699968,0.9722577677879684,0.9977029258417427,1.0353458678472864,1.0716296901126248,0.8780663487740443,1.0996856049601504,0.903991458611234,1.0128010700956087,1.0642685790584283,0.78159581347281,0.8511437170218319,0.5090383796019119,1.097417515214089,0.8064142427711143,0.780666589601965,0.9035676479345548,1.0,0.6795148559254169,0.7365416310154673,0.7274335808887633,0.9489152715859358,1.0059873030984425,1.0,1.1339273396116119,1.0,0.8348317148022452,0.5527108948581414,0.73098344514786,0.950396934415317,0.9437913831029787,0.8205359469405351,1.450199041235692,0.8995510207327175,1.0617802977599093,0.6747739036977097,1.0,0.7521875170422032,0.7933404639675057,0.8042504229070931,0.711592717172822,0.8825097675681624,0.9808657796065807,0.5683093975761371,0.8201917189716099,0.6550163706738346,0.8845629488192617,0.8686546688285579,0.8912692569929029,0.8344395091880091,0.9008360827206099,0.6432151531167734,0.5477656551990872,1.0,0.5029206463087597,1.0040991596463227,0.9201563396623113,0.8184814154582155,1.0269222798206665,0.9055999285268451,0.8634247880828054,0.9210484653857459,0.8579983344261732,0.6614115896397281,0.794945045283217,0.9742799612668951,1.105825050489524,0.8958760032787998,0.8007596899454131,0.5460792705361319,1.0150420340372195,0.9464689385166534,0.8724274361508075,0.9034297623216452,0.5209091492211964,1.0,0.9349471261061877,1.037822861339964,0.927234946354044,1.0,1.0100830485841343,1.0851992564440207,0.9541473906931972,1.2754394674376344,1.0,0.9877292480029174,0.9530991664688049,0.998211490749404,1.3675057640960229,0.6535377578074122,1.078458012591228,1.1155192493522905,0.5825114078409841,0.6829849989755061,0.5420872289966148,0.8934924294592029,0.7352359474753725,1.1851243869288681,0.8964537332501276,1.1753891168626067,0.8797079169676636,0.9131313511413395,0.8421811250240191,0.8865103162054745,0.9207869268785069,1.0678398544040817,1.060382658073228,0.7986240469739028,0.844325498775175,1.0061082389601212,1.0,0.9111878444470916,1.0,1.1625301192914974,0.8801093125280279,0.9234490256582318,1.0584758813330901,1.0342950661781436,0.7243403846287897,0.6516254088356535,0.7051328357526581,0.9745157238210843,1.0275408575003366,0.8834357943084797,0.8403571771555591,0.8648641491802768,0.9879917503225969,1.0278946742673525,0.9931085670488902,1.0276214208135506,1.0,0.8560383575408341,0.8753708962884965,0.7519967378419015,0.7847402625517246,0.8051955615843285
2018-10-31,0.9160927546862878,0.8453320677326251,0.6637963484680778,0.7132793645179631,1.2751449468059926,0.9079600249591452,0.7753808926046842,0.6608049009362768,0.6592735142981381,0.8874335259021789,0.9337326335952856,0.7816364969765721,1.191439948736325,0.7880153289275765,1.0223536246468752,1.1325832020700584,1.067043739699653,1.130004421362173,0.8730940659357377,1.0,0.7677164120169787,0.8290983148517692,0.6136487040461691,0.6991023870723514,1.0,0.851377977723718,0.9761174015741485,0.9956910985700818,1.033461109108833,1.1152372980418175,0.8713880872667745,1.0521101306752783,0.8989314526020539,1.0118562890175273,1.0348616611403303,0.8356267743763652,0.9501628656234574,0.7144575013710674,1.1550080730447936,0.8067998318219404,0.7943280888858673,0.8759035721838362,1.0,0.6287082209983339,0.8662141185112355,0.7299015301222525,0.9470445558629452,1.0345191177460293,1.0,1.1323461890126398,1.0,0.9668202862898904,0.572486767419289,0.6825168080013977,0.9749169853483735,0.7832464614602013,0.8573176213732192,1.3973323724628604,0.9507888774161186,1.0478830946554107,0.6684797866562082,1.0,0.7298214708843174,0.7782570220891539,0.7872154818160686,0.7089057018285521,0.9003728292160016,0.9900850103894611,0.5168736136240882,0.78907961959801,0.6503110420442197,0.7499030728877217,0.899705297488174,0.9375581606340627,0.896707014622861,0.9010751650620931,0.8338124804993379,0.5723043676221573,1.0,0.5108459231587467,1.019443892834252,0.9120262792196181,0.9064918153833247,1.025496936166153,0.8624545150821752,0.8212893699327086,0.8712097910369968,0.8407702810868767,0.6687417053415315,0.8026180563329559,0.9955022268667868,1.1082932890674178,0.8652601129998055,0.8019231433954725,0.526979932128905,1.026721582610691,0.8739214433023996,0.8710143496736413,0.8286281186327517,0.5163426150117902,1.0,0.9565195208213766,1.0787952904904112,1.089804220178973,1.0,1.0099244735930026,1.080191868913449,0.9509723304437373,1.2102394440620357,1.0,0.9872516727919824,0.9532453037329847,0.9982122808030859,1.4150246868493925,0.663869961212744,1.0636518538493833,1.0444850871557672,0.5814567080006743,0.6652639410225408,0.5031458768363386,0.8716896637283991,0.7355247159885765,1.1589022304112626,0.9228244824350514,1.1789824694866888,0.8991298545730808,0.8996225736791765,0.8440134728857965,0.888274418872397,0.8300194880106734,1.0791328759593406,1.0726127237017298,0.8276624814258192,0.9481467551703607,1.0070612213524142,1.0,0.9084829041940827,1.0,1.1259055893934549,0.8238537515759685,0.9247329616269359,1.0570729355749982,1.0948551004364286,0.7613240353776689,0.6312764229310371,0.7624388095179944,0.9744760459777575,1.0269857665374094,0.917724245252255,0.8405878943028695,0.9241332873164689,0.981748250263132,1.030745086370514,1.0408901430188808,1.0081509477944413,1.0,0.7959380018291796,0.8479050620068974,0.764841279374502,0.8138029221845258,0.8133554459779242
2018-11-30,0.6945444413574783,0.8319049279206074,0.6639510221823764,0.7004019029201437,1.1034401887329952,0.8840679026916363,0.6922007758446241,0.6607019679446497,0.659218538270253,0.8698755118879101,0.8972426859491387,0.7639133558020839,1.1840670417002293,0.7142284395004521,1.0198348897552862,1.121887649925524,1.0436505648466472,1.0491781424590252,0.8668932822249594,1.0,0.759499362822093,0.8142453231897651,0.5950072646974455,0.6979096148507187,1.0,0.8878079754733796,0.9550019339697133,0.9995992511894596,1.029474181754463,1.0709067532967043,0.8298745891881387,1.0114027419213623,0.8857672205906542,1.0103103774674371,1.0272032003774956,0.8017560389967018,0.7942442288090917,0.6418212385424212,1.1357466509563616,0.8088829830389312,0.821826333000119,0.8431357824761716,1.0,0.6642271548545708,0.9774505941114228,0.7332862457716143,0.8720239478780127,0.9103541084777107,1.0,1.1344545670105806,1.0,0.6700574703617254,0.5459233262783412,0.6058523966790765,0.9854692539924341,0.801298789621313,0.7653274074911323,1.3276229024962616,0.8983396830442019,1.0426440164780286,0.6560990017389926,1.0,0.7106176600483678,0.7697896935368711,0.7828260084238826,0.6887057980185153,0.9096842481226033,0.9896557251596343,0.47017293056140086,0.793282673146906,0.6626636167617076,0.7472181310263681,0.8648293975538414,0.8768881305865669,0.8278941835906081,0.9005624247964761,0.7752579716439574,0.576609514491134,1.0,0.4869346174645224,0.9213513690300782,0.8647640690907599,0.9425681068116917,1.0199223370875563,0.8584713213060443,0.8247829109844239,0.8784425187777688,0.8432164498438399,0.6530193100642512,0.8272408977220951,0.976568568527141,1.1190695066763126,0.8562046759556045,0.8087290205537556,0.560037297544128,1.0245693508248446,0.8738854017485572,0.8560117617374947,0.8146180916759941,0.519516060280469,1.0,0.9524135112155165,1.0701624809358015,1.0121794829518096,1.0,1.0092989157774108,1.0693556016248766,0.9498495044456805,1.2259881175780938,1.0,1.0163719956421824,0.9508390571482183,0.9982294442428324,1.3446630501646846,0.6532946253056492,1.0830395712685774,1.0026666656034582,0.5833796505383683,0.6701932617002968,0.5444396510667125,0.9672083711715642,0.7040231755776836,1.089443494100887,0.7957058024716535,1.0381455385181235,0.9043734685741462,0.8747971340855768,0.849003147483335,0.8897479301915745,0.7867143562606549,1.0900025306128849,1.0247789726341692,0.8376547716764091,0.9505161731942607,1.0067116839261938,1.0,0.909180189170328,1.0,1.0219303339868686,0.7982604910553852,0.9330423373337269,1.0567632288168793,1.028054376168926,0.7679044343266148,0.548970226382529,0.775821018330868,0.9749680637954049,1.0244711721740587,0.9148657064370439,0.8409226361604165,0.8353437863256684,0.9690878949412957,1.0175693468041154,0.9670922634845184,0.9609085694241691,1.0,0.7777170585930172,0.8333931191163731,0.7801658271884098,0.8283919678292397,0.8290840250203731
2018-12-31,0.6612027953312876,0.7627286711957846,0.6635838169899583,0.6830526793903369,0.9889350192788894,0.9012543378454394,0.6504757196292213,0.6606832789037467,0.659241356077902,0.8015175579694039,0.8740959723773144,0.9040628843365142,1.1546104369151537,0.6797423762702159,1.0338933908595809,1.0004154963875262,1.0802702605735148,1.1196432188628431,0.8494116454490689,1.0,0.7605577677346624,0.8167667195177509,0.5891498723164237,0.6981966832394737,1.0,0.906521696426486,0.9629778013650121,0.9961130239364919,1.0389666190627789,1.0753315233183136,0.8390748483261501,0.9919614095392003,0.8854527312150585,1.013818937122618,1.0639135972279592,0.7873500539872418,0.7886530216600744,0.6172650158835407,1.0958903265603732,0.809308261534817,0.8280680213247081,0.8214343861094462,1.0,0.5857897116410303,0.9376390474242238,0.7577950938317352,0.8608216703250977,0.7788476899216965,1.0,1.1347195607202516,1.0,0.642408328535178,0.5419448902062372,0.6770815534474558,0.9949069786162995,0.8537148116039328,0.7106994764320289,1.29982943848726,0.8830791606453077,1.0444744208573855,0.6740514049641808,1.0,0.6976164886496874,0.772886952843248,0.7929113620507222,0.7029019659789566,0.9372573591099138,1.0064248788817445,0.45834874878291765,0.7942479744528556,0.6598129421460994,0.7762623223078798,0.8317371093188528,0.7808718470045926,0.8040239370938121,0.9004777300951843,0.7735414565228376,0.5744759604854228,1.0,0.4737189427010996,0.8399562058296561,0.8573078442874683,1.002935632054281,1.0147619295224897,0.89520765019033,0.8624391449276962,0.8893262450513696,0.8749410479397399,0.6469316407356319,0.6905885782359082,0.9901391549881063,1.110143216788173,0.8371874036534461,0.8554149196520733,0.5391427051701791,0.9924505763682175,0.8202323526789842,0.8547201868791611,0.787509611231094,0.49740273762736,1.0,1.1412560751963488,1.0862723919180277,1.0688787274688913,1.0,1.007495252543876,1.0443964239090904,0.9452613398239407,1.2991411084303768,1.0,1.0189399985601297,0.9520578126039161,0.9982802014097749,1.3834497228504725,0.64703768228228,1.1103833880305551,0.9852031647831571,0.5806248285520332,0.6374452369799779,0.5559469850307246,1.0131201663581177,0.6987357877304061,1.0835013615094344,0.7851117489750102,0.9760075670961849,0.9294817602467479,0.8718508346227885,0.8446394347501311,0.889044763756232,0.7711206014942156,1.0916647539921671,0.987563203704783,0.8175917656323648,0.9749283162370749,1.007226927392076,1.0,0.9346546515201646,1.0,0.9964462237834083,0.8443860631733353,0.9334000344138692,1.0583392159776255,0.9568739218266498,0.7570414343139823,0.5263390216881455,0.9197240996805373,0.976921383247858,1.0359880485296165,0.9170166418917016,0.8411771812584763,0.8094494935454343,0.956387065105022,1.0013346981319293,0.9550966131848436,0.9531430936290716,1.0,0.7593537039679786,0.8283763577094884,0.9052004771873561,0.8757944975905184,0.9062833330973037
2019-01-31,0.6674722196180648,0.748444145442402,0.6630597182783005,0.7408587196295782,0.9619950977896914,0.8889195732795103,0.6398072080786761,0.6607060383173406,0.6593102195155918,0.7740411680925419,0.9029998796303391,0.8890225337511197,1.1504883440414981,0.7655702267546631,1.0307168680349317,0.9919738231542827,1.0969501888408395,1.0542019829164415,0.8710846623368508,1.0,0.760452372360645,0.8048965375703945,0.5533831222133333,0.6967430356088282,1.0,0.8568389230762248,0.9621650936688342,0.9967920624733594,1.0286114220688178,1.0885745698237408,0.8138831963797035,0.9687529309952059,0.8863541761183535,1.012141044713087,1.0625615417628596,0.7766612762148098,0.7886847762230271,0.561278292765196,1.0593080078977,0.8086527138691847,0.7798093912785848,0.8400363095600291,1.0,0.5970431652093049,1.0549140526925813,0.7787454504161854,0.9195270507577116,0.9118956949885199,1.0,1.1347257573452603,1.0,0.6490722081033382,0.5421114344639648,0.6892700696451664,0.9891578532270985,0.7150914444373735,0.7876448459506535,1.2309490016876863,0.8832574324764727,1.0584025569410611,0.6668126792073138,1.0,0.7282439156202345,0.8374603084661578,0.9103515876666092,0.70429633639461,0.9308911187190224,1.0089780465296738,0.47118962701135825,0.7614407456780528,0.6576986220087138,0.7734273527000285,0.9110910084501572,0.9340855117813838,0.8465432900187478,0.9008183705449002,0.7327333911138263,0.6699026799085972,1.0,0.4726141723423203,0.8729839684679781,0.8156936986252441,0.9859824788364039,1.010983580422285,0.8416668550644756,0.8199997554348805,0.8430386758956021,0.8562899373066036,0.6427456386424388,0.8077122423740184,1.0119572601851214,1.1120121664332334,0.7897516318239903,0.8689914091333546,0.7179443168459043,0.9914484067598248,0.8147555383720243,0.8519346030322008,0.7228120827273807,0.4315801984977371,1.0,1.0610218802598115,1.0671972256063773,1.026850844992915,1.0,1.0078707223637395,1.032895880328532,0.943099687988292,1.2195781939926764,1.0,1.0088702357430457,0.9516087374960385,0.9982215572385583,1.3373086387742366,0.6415232782999789,1.081370935594352,0.9515997934238015,0.5856743573343224,0.6672683106817183,0.5499628609963105,0.9238464964032232,0.7055373588931249,1.1786024007196254,0.7582692381834715,0.856749066067992,0.9360712093085304,0.8662188756265343,0.844263558619224,0.8875767193190784,0.7458795453808333,1.0968315415765395,1.0262829739113195,0.8308972723021477,0.9207472182485565,1.006598634671579,1.0,0.9298235107477951,1.0,0.9913010117791978,0.8198254205247774,0.9124571161978609,1.0552786328488406,0.8132360337707358,0.7570077692736058,0.6176141746909543,0.9265734210618657,0.97611371363275,1.034244094168208,0.9053051642411305,0.8412388642041633,0.7428717546454797,0.9623400112298987,1.0046930787764967,0.9228742421720666,0.9197589760700488,1.0,0.8333680442848275,0.8246555138920306,0.891432475861278,0.873088142872321,0.897083799999895
2019-02-28,0.6596903053509606,0.7626845905666961,0.6624657200811735,0.7073397710912701,0.8675172862893428,0.9200486547183273,0.5678636344596206,0.6606866792431588,0.6591857607355919,0.8036286051571156,0.916797724620217,0.8822110891541418,1.1234943912308233,0.7702960865662902,1.0294888764372425,0.9886243249832363,1.0959088786667677,0.9735498646340682,0.8309010261420646,1.0,0.7606275803034933,0.7998656815243149,0.5152599754785824,0.6996231048506549,1.0,0.8297920660353177,0.9771819286715062,0.9940113429390394,1.026798489310511,1.0706895823003293,0.8395082940404672,0.9563594779751654,0.885409573191125,1.0160963091518065,1.0225888244424841,0.7888950522928548,0.7872335220219997,0.5298432679881476,1.0834812538197764,0.8188169725858461,0.8984630345023878,0.8594420492721734,1.0,0.6315830958406168,1.062072564338421,0.7834363091751709,0.8873944059729391,0.7997516039143344,1.0,1.1346813760032617,1.0,0.633254792937504,0.5416366765824765,0.6501891781027582,0.9954741445565181,0.692713454156848,0.7596307802507907,1.1489385654804876,0.885246916373944,1.0559891076804264,0.6574401277811961,1.0,0.8142619144162305,0.8286442143784727,0.891156164965857,0.7005015680181206,0.9388177738443171,1.0019032571387294,0.4731904040593222,0.7710335353275795,0.6565959430575534,0.7079854077942394,0.8858812694928929,0.9109548693465268,0.8086791765345356,0.9005516317723441,0.6767197229373696,0.576089694268164,1.0,0.46934833047945657,0.8550528919923911,0.785664871584505,1.0032760316714204,1.0063758541107597,0.8399933493712312,0.8287731232227865,0.8709924541105868,0.8668009189179209,0.6417928164199943,0.803348744286075,1.005447721539736,1.107167322039643,0.7853187587074522,0.9457090038715439,0.6770050413192463,0.9861804041736668,0.8478277386197193,0.8513147197169862,0.7573175868904771,0.46242452420775404,1.0,1.0370728250412593,1.05012193330383,0.9552157707846632,1.0,1.0067113798895149,1.0394451971746435,0.938602701384171,1.1472949917688515,1.0,0.9987638206618736,0.9500827992662104,0.9982281753434283,1.1624207065468242,0.6489962208502931,1.0890675135276127,0.9689301625961718,0.5853791896638504,0.6626080221058257,0.5850052193184507,0.8970013594564724,0.6972128026602231,1.1545806075701908,0.7686818157393482,0.7978475617959263,0.9312384108656768,0.8686636875097928,0.8556119146916173,0.886304313741465,0.7764994950100295,1.0749389961686049,1.0057723235617366,0.8103290476725223,0.8973592530746327,1.0062586087930638,1.0,0.9408537272687416,1.0,1.006320091599341,0.8339115139537585,0.903853816059077,1.0565733037956377,0.8040137524465785,0.7972335038684721,0.6061830228179725,0.9292922486341665,0.9764274369739199,1.0249282063345388,0.9021923542404106,0.8409224740892945,0.7406992861461786,0.9692862961398151,1.0099162836502082,0.9484232358235127,0.945851301531538,1.0,0.8537762721215209,0.8245797399230689,0.8770120846731365,0.8729174318161148,0.8956226615878892
2019-03-29,0.6525569551418213,0.8158757654201996,0.664013360120701,0.682027147803415,0.8685473279326039,0.9136776343994869,0.5680952252729614,0.6606760008745831,0.6591316785651258,0.7990969906233005,0.912761245819369,0.8954137741302487,1.1435850373004288,0.7569474290950297,1.0318990825710723,0.9196607286306684,1.0249959644488598,1.0287909274750549,0.8074822305432612,1.0,0.7624562289267112,0.8087378184680861,0.5249101988236333,0.7008107498254172,1.0,0.8493466637867846,0.9766537631879274,0.9949407747495413,1.029335337657908,1.0567891325868621,0.8284930927512775,0.956864385851578,0.885273497098652,1.0162160339950732,1.0243618860422061,0.7826828078397309,0.7866344234160348,0.5273771358844804,1.0558836533795368,0.8166559274316175,0.863433268603169,0.8635234600915294,1.0,0.5938962314101457,0.9869197889563088,0.730109496938864,0.8621127800837136,0.7593477737635951,1.0,1.1346447532858692,1.0,0.629887171525983,0.5411077710216395,0.6260430678216867,0.9863270105929394,0.7200461507642888,0.7364563685795549,1.1744621115986327,0.8839504424916538,1.0722402997372762,0.6511690964049972,1.0,0.8165132315941884,0.82386358123125,0.8849990147846376,0.7282024587500171,0.9575286072856696,1.0106825008579667,0.4476469984677538,0.8119470518081241,0.6568304865305264,0.7246543787778784,0.8542728260135715,0.8839881595100401,0.8010271290012794,0.9005171310209628,0.6757353269729709,0.5837181649815608,1.0,0.4727965937204204,0.7976426156244678,0.7654244982801938,1.0112506055867452,1.0156856116179338,0.8697494595480715,0.8634262190888297,0.8823308570452807,0.8765264384754305,0.6383171022585094,0.8906032877170004,0.9964579869217356,1.0746039476603815,0.7895337120130064,0.9456439788276432,0.7177517046226902,1.0083599351672492,0.8561471468197415,0.8507347441059415,0.7624712171783264,0.45933437347960804,1.0,1.023609828855297,1.0475921200548155,0.9324494723312414,1.0,1.006907971880142,1.0464701686175577,0.9369283157861954,1.2471392131486074,1.0,0.9869547551744094,0.9505812359166408,0.9982320417029371,1.2135900320309077,0.6543400591318485,1.1090688635939667,0.9853540911154706,0.5863619220703001,0.6600537851718422,0.5956491306112007,0.8763433407198135,0.6953046238650409,1.1296258390373732,0.7608257105586063,0.790987856710561,0.9338194307447949,0.868741979320976,0.8580860691691738,0.8860487029690784,0.7545991428896375,1.0702145978881143,0.9858787702667509,0.7848911053093988,0.9216596846011281,1.0065680156617027,1.0,0.9397911159248087,1.0,0.917611426023376,0.8576643526898505,0.9080576636398037,1.0541889436362464,0.8272207225838097,0.8228557852492203,0.5876088617342496,0.9321916702670158,0.9753807173249437,1.0190175733382725,0.8945249856095802,0.8404196673163287,0.6923041261696282,0.965562359823324,1.0039031922972361,0.9305715412533864,0.9670021536888587,1.0,0.8379494252981716,0.8247728797536837,0.8614243945403108,0.8630718836959197,0.891978157080249
2019-04-30,0.6538355529320252,0.8491596290215145,0.6622162568315375,0.6455799498271607,0.8368762800379957,0.924549410991903,0.5545580039203228,0.66066176184623,0.6591030645967383,0.7956870976080974,0.9170120477088148,0.8794035624120966,1.055504478727054,0.8398873218131073,1.0334945635783201,1.0773238399903204,0.9933988815312984,1.0379444856137772,0.8329197546006457,1.0,0.7628579778243111,0.8051307914641136,0.48439941044845947,0.6978440578510051,1.0,0.8524328632794466,0.974059707601877,0.9986709977864611,1.0416333798902604,1.053973903484492,0.8281587409163071,1.0478736432425266,0.8867686934915151,1.0165372925596057,1.0326613852194115,0.7641609732984369,0.787186573696179,0.5013327317654113,1.0345019592465867,0.8190620641694539,0.8698798851901669,0.8626433780866327,1.0,0.6104489600839484,0.9241840890816351,0.7223792283492735,0.8446530477661509,0.797279150880545,1.0,1.1347550448825625,1.0,0.6277791742376413,0.5416682913431676,0.6248103131516822,0.9946713856243,0.7758350411025202,0.7251483982650755,1.270722178099566,0.884340183436368,1.049973133979894,0.66851085002097,1.0,0.7931176734507216,0.8001815639243963,0.8516911544494605,0.7180222546962178,0.975705881791753,1.0329286070778971,0.4443568988597505,0.8456564248288122,0.6588244851591529,0.7978534228729068,0.8224855759330112,0.7922258585434969,0.7807090096144684,0.9004006650946643,0.5756544009434684,0.6322979331991796,1.0,0.458112378946129,0.8206785305954034,0.7090144251989735,1.0063323027138107,1.0010669481711536,0.8765085357420986,0.8716987703055668,0.8940856321627633,0.8757958318542363,0.6262282329928992,0.8622555057452407,1.0557070950059804,1.0456161550835956,0.7766636845903563,0.8969142065840646,0.8484329948155045,1.0147769237014264,0.864662736892251,0.8530716424786836,0.7910946834184228,0.4912172920622868,1.0,1.0638766858170128,1.0547885105342671,0.9433346170617589,1.0,1.0075654503889742,1.0331013235926356,0.951794955480168,1.2827182935613297,1.0,1.0305286178847413,0.9512056983708554,0.998254913367627,1.2202322564387846,0.6335003592290631,1.1506523023312942,1.0729465549288824,0.587003820499312,0.7390171205454978,0.6034504647387124,0.9958920314011677,0.6931898981231286,1.143154613508625,0.7448836157706179,0.8045344431966426,0.9352018761977088,0.86904874590594,0.8912398092566237,0.8852858643145289,0.7891203241609437,1.1827095531813343,0.9936910180402024,0.8045381640051612,0.984392487943849,1.0069270130043018,1.0,0.9764477812326245,1.0,0.8491215288549102,0.8661710407500136,0.9073028197103291,1.0590474109345345,0.6615138575388442,0.8031164954144012,0.5482387993636695,0.9518606691229781,0.9759508062724357,1.033292665697923,0.9065505744951405,0.8400347694255468,0.6285810729800525,0.948681423241106,0.9651254318535231,0.8285310930572739,0.9658952310057861,1.0,0.8781005004044525,0.8119961814546865,0.8741374505504257,0.8780715290789924,0.905129928865168
2019-05-31,0.6554924147187662,0.7540863591093284,0.6619252044226742,0.641232646590497,0.8330988285225258,0.9382062545078376,0.5509065822965626,0.6606593139306417,0.6591435997103365,0.686716802326758,0.874158826745673,1.0373635988185401,0.9331749291678632,0.7823226509890713,1.044552538663253,1.140020694743264,0.9499790399845223,0.9851620903642855,0.8537457620930424,1.0,0.763577711766171,0.8006024989639773,0.4791206496728132,0.6973770806071098,1.0,0.8217251804036613,0.9588998978920442,0.9977703677854641,1.0461645297562523,1.1185178979849246,0.8682122765177669,1.0606766109084618,0.8867770171351632,1.0233312010473783,0.9806979821749763,0.7839869111359454,0.7866936394381383,0.5035028734615193,0.9926823676995598,0.8358815496825409,0.8274057880760749,0.9096965369109407,1.0,0.6170779903595585,0.9858981491366614,0.7275704416723909,0.829130161779177,0.7234699548229628,1.0,1.1347545220407076,1.0,0.627629695143133,0.5425980899830012,0.7027881541886514,1.0220448339556878,0.8434568167882539,0.7155178871103998,1.2439900880357793,0.8897930865001591,1.0283915846083358,0.6629687697279839,1.0,0.811176428735128,0.7988886085957723,0.8371985287495723,0.8864089998935386,1.1397963642132642,1.0801535689388044,0.4376058526782698,0.9372315186306852,0.6703970456378419,0.8564878789467207,0.795149785501063,0.7417023718867568,0.7788079027134029,0.9003876600800406,0.600910297601896,0.7957144600024263,1.0,0.45393809097697224,0.8539266090117412,0.6220622451163799,1.2258540431048741,1.010788561589908,1.0794296865069912,1.0599526979506526,0.9695131807081837,0.9074923055818456,0.6245416730467794,1.1023527469871597,1.042239069897663,0.996362786462038,0.7706649603576072,0.9247340509760279,0.8681324743094169,0.9839012306087057,0.8467032442439296,0.8550384853312503,0.9779082564689121,0.47684365281329566,1.0,1.0074556734157853,1.0673866114454664,0.9579558660899661,1.0,1.0066315382222943,1.0350101531348632,0.9580253966434965,1.2397467099775397,1.0,1.0133018058972139,0.9526592318066244,0.998256158297219,1.226780373843651,0.6301804538799987,1.2087039948166458,1.027436659103517,0.5832431897884816,0.6962143218311949,0.5387120610559606,0.8937242939243538,0.6909427043810727,1.0641601508927279,0.7938862641514324,0.8083500308764999,1.0841891199195197,0.8702606549773055,0.9283589598580911,0.8852177138260566,0.8324137921160668,1.2591498787823117,1.0086666514665643,0.7954553413270726,1.024784153929601,1.007266719764395,1.0,0.9534756431796474,1.0,0.6893344550179838,0.834179882372378,0.8942474336542723,1.0592772236640502,0.590645188332702,0.7892338430772314,0.521395736652583,1.1752818836740009,0.9863037328760108,1.0332012124802785,0.907793765158369,0.8403760896294802,0.5866250181216308,0.9420240857753664,0.9444341987441038,0.9039647805735529,0.9676776076561046,1.0,0.8311819695925149,0.7813110776329912,1.2393791391274291,1.0743119628878381,1.174619347157271
2019-06-28,0.6569588018623467,0.7010935424331055,0.6617273256166818,0.6306495858567536,0.796276052441642,0.9347666546401204,0.5460165894048272,0.6606598185463128,0.6591462479442833,0.6807538087627849,0.9263275688714945,0.9909087009655015,0.9517996299535214,0.8767724579196077,1.0415538373663522,1.146654968539266,0.9462605619126647,0.9881212732745284,0.8501759826978823,1.0,0.7637993088958557,0.803390195705694,0.4717291880747376,0.6981517851692223,1.0,0.8229890716797635,0.9607688220669182,1.0032051053310906,1.0427378762678192,1.1133070073523283,0.8554903357786172,1.2040091779681166,0.8905676958537945,1.023386761086028,0.9644829574455099,0.7729489179753176,0.7859477730955273,0.4985057027838664,1.0342706386975609,0.9129178669471115,0.8562895635016472,0.9023371053879471,1.0,0.5406296095000238,0.8734090473758798,0.7178757130708731,0.8400315915258937,0.7261426328599423,1.0,1.1347485882852373,1.0,0.6317051307738797,0.5445839877620378,0.7618919244403369,1.0541446973664896,0.8664793546804559,0.7120325540821588,1.2182401221741392,0.9109426477501266,1.0088044362940491,0.6400003981377667,1.0,0.7918036065938515,0.7942949385256912,0.8344497076902638,0.8480169620887559,1.0875285098272593,1.063715519675911,0.43654996045817895,0.9289202589371358,0.6661073800308279,0.8606605352151272,0.7951570426636629,0.7707250468930837,0.7781397909477377,0.9003865663891147,0.5729801876508998,0.7264098724732402,1.0,0.45232327971388997,0.8594804654293238,0.6213023515646161,1.1491860059745784,1.0249859610772603,1.0606953786240187,1.0502418150231991,0.9651861843287749,0.9203146855550792,0.6229694342966603,1.0856238379376852,1.0347176836701022,0.9875858919030135,0.7567322427697406,0.9148365354326177,0.8452161811023089,0.9772772500494927,0.8708851531626088,0.8509171739745551,0.9697456425019155,0.5227461062373787,1.0,1.0189613947680465,1.0477114980499553,0.937852424230569,1.0,1.0080603120281932,1.054728067218195,0.9604052010669601,1.2220160159120301,1.0,1.015192435321504,0.9569213589971814,0.9982564134481755,1.0456752910833063,0.6292146015964625,1.2050603081386377,1.0480502644793614,0.5817379327167201,0.6787657019520125,0.5739722698836823,0.9142640366452094,0.6908847914351905,1.0249404221030116,0.7895500539787756,0.7632659812713498,1.030580230622261,0.8675353489141514,0.9334787488753177,0.8849298794574667,0.8247905165608176,1.2671781090126322,1.0103130401249578,0.8021748455712652,1.0199497929995094,1.0071588829227367,1.0,0.9972537268175923,1.0,0.6058302324190207,0.7995438172418189,0.9022700667240846,1.059459922666845,0.5646565698287418,0.77560720603227,0.539822157575421,1.1417472206704984,0.9809422733934886,1.0418475037557582,0.8940361177589156,0.8403078207394984,0.5723999464519023,0.948503195111964,0.9497504168956407,0.8036122503055358,0.9669379132418996,1.0,0.9139402738762873,0.7954663463197245,1.2097083581677497,1.0273550234571684,1.1439456239942771
2019-07-31,0.6560752587234557,0.6426091005417687,0.6616944470578197,0.6380367763194315,0.7981824714970845,0.947920685415215,0.5502400917939065,0.660659800507224,0.6591205157553794,0.687321586980076,0.9156505205307249,1.0090356995836727,0.9694975423804237,0.8645951271887937,1.0418160189428824,1.1439584801394986,0.9442453245019443,0.9549427152363917,0.8443781033254854,1.0,0.7637333319863078,0.8073496061163677,0.4765051423406125,0.7083567553501591,1.0,0.8014535087872419,0.9625502138030243,1.0065719922570353,1.0401661801097297,1.1042659092962572,0.8485235105538133,1.1118531540161607,0.8872917312989039,1.0239597154719733,0.9818878085823243,0.7856370117402598,0.7873383863378707,0.5034858558230588,1.0220393003038915,0.8941856002114159,0.9122629572200835,0.8915927771616681,1.0,0.5623922234193794,0.8960591656640183,0.7214531256012897,0.8508334244443085,0.6626498983132032,1.0,1.1347529407390906,1.0,0.6253550346140249,0.5454798713673035,0.6865748993194956,1.0476283191796227,1.070663107079045,0.6909107207484508,1.2262810690344657,0.9147464165940757,1.031295422360059,0.6986822089616084,1.0,0.8191083831005079,0.806063210019209,0.8558785313304669,0.8852956603331636,1.0660703690172115,1.0460422077124756,0.43891489996466815,0.9598492182521892,0.6716028521842329,0.9041003858474048,0.7891170191202719,0.748195688947144,0.7785155168694684,0.9003885466288386,0.7725220396059326,0.8049673670260844,1.0,0.4551411890789253,0.8457068949779183,0.6610332783959431,1.0843123489787716,1.0158547603418127,1.1048623953235792,1.0970276459504098,1.0105131265859892,0.921552222853845,0.6241928614373775,1.0908090049825083,1.0754054316757105,0.960003876772088,0.7989057497494537,0.9299512046882498,0.8051355213866133,0.971608473630454,0.8395826476388237,0.853575906703633,1.046989440514741,0.5231748891726735,1.0,1.1447797028758724,1.0572319790376459,0.9845217100787528,1.0,1.0063595807838626,1.026142403353719,0.9524176271088403,1.2030626261646924,1.0,1.0249578029587743,0.9561894665997469,0.9983397161172958,1.2266751846799617,0.6315102680142652,1.2149891252373684,0.9772006658354745,0.5807909839935086,0.6547075023033996,0.5684713559013186,0.909755045146617,0.69096576438886,1.0411565463762336,0.7589433701224999,0.6631679461206457,0.9856966806046928,0.87358512950483,0.9120206618645919,0.8846636539628262,0.8591225082181255,1.2334705361697695,0.983456620813981,0.7747807259271029,1.0229450961689213,1.0070866010826542,1.0,0.9426132127691319,1.0,0.6295532965447019,0.7829530995262564,0.8968841609470469,1.0595306234503448,0.5688275590318094,0.7939074582342307,0.5319771425362061,1.1575863618482356,0.9819513461428203,1.0324983664255636,0.9187260182435001,0.8398268738310639,0.5669763415498221,0.9450085825838769,0.9471451976661522,0.8476231461800703,0.9183729984989416,1.0,0.8957464059975553,0.8057998780744766,1.1952443469509653,1.014098796348493,1.1197038819526406
2019-08-30,0.6614960380507876,0.5176775021081662,0.6616127311733437,0.6245346287555222,0.7941286284957508,0.9759561067436476,0.5510923004568626,0.6606619159098837,0.6591985339100388,0.675061272209399,0.8866490453561374,1.1159195319799975,1.113527128239616,0.8514767262778672,1.0511628498200896,1.164667740287118,0.9321370890873092,0.9791353723220501,0.8430815502607357,1.0,0.7632135738992399,0.8186991275978879,0.47517330179702455,0.7174716299236356,1.0,0.8414393496824947,0.9628121174910061,1.0099342594148295,1.0350441415850111,1.149839015812609,0.873170661468285,1.093247373541857,0.8857568842074988,1.0251953326844967,0.9503444692911721,0.7905074469591709,0.7854129616660503,0.5044781787720298,1.0428443750372771,0.8652097848272444,0.9304369699318942,0.9158067635309376,1.0,0.5798791671227941,0.8588421900096203,0.7238399637067109,0.8502245131420185,0.6697027705012979,1.0,1.1347487752536278,1.0,0.6255705024397332,0.5486104418987745,0.7891083446560467,1.1017866729881616,1.1258533249463436,0.6919861854552041,1.1723020799854456,0.9377618505734255,0.9663787944599824,0.7002088241315032,1.0,0.8189283839285899,0.7756103303933752,0.8202537948957433,0.9500726313258142,1.1573331001871663,1.0976673109640118,0.43631881322050325,0.9408993568016067,0.684220322257109,1.0338721828020525,0.7832343047583248,0.7382291172762051,0.7794386118531014,0.9003900023522,0.7897184874348178,0.8544385714011811,1.0,0.45518559531911984,0.859525966905477,0.7176484450718459,1.1237264800581257,1.027639078122583,1.1202764364461109,1.1115443963169271,0.9827503756389466,0.9664954516328681,0.6245062820338922,1.1946731211337176,1.0604149634380016,1.0299975257929344,0.7757838962169334,0.9546494506435118,0.8969951957589414,1.0009002208796451,0.8258818923701765,0.851167216870399,0.9749356459049894,0.49150271199285833,1.0,1.2288918213536189,1.0676822238662858,1.0342181056926616,1.0,1.0041168261686886,1.023197852812382,0.9563507898892993,1.1638946856923083,1.0,1.0240090257120469,0.9543183559211781,0.9984252408355565,1.336330632101526,0.6308299610094432,1.2637642150137958,0.9284963802974626,0.5762448619882796,0.6077315799035949,0.5182963943855474,1.087726363139415,0.6910975013118446,0.8852603087378824,0.7439510014597082,0.6577148013261749,1.0619620784686068,0.877035399113854,0.9160414795559273,0.8848333611195089,0.9751253511557242,1.2968310349552907,0.9827539394378212,0.7265109735416894,1.0469313942941787,1.0072650411951827,1.0,0.9735042311874982,1.0,0.5647910980809524,0.7771316116758501,0.8947918502825739,1.0591835034349,0.5158636748246481,0.7456893027867721,0.5290925895554022,1.289142475058681,0.9874932960651596,1.0307817087758862,0.9272315850405674,0.8401337043522177,0.5711916239624559,0.9627416047452881,0.9579665689123218,0.9397840413801679,0.914803526632452,1.0,0.8821827058806092,0.7723203460004309,1.2432310393086177,1.0959521310206632,1.1814595294181494
2019-09-30,0.7610745884893474,0.45072471756917776,0.6615720950540215,0.7358314054718084,0.8835228635065356,0.9475560628743853,0.571755941545712,0.6606767651945684,0.6620202427631423,0.6763096086496372,0.9031433939190919,1.0598562962473423,1.0750987389963915,0.8719400269130483,1.0491486796003064,1.2720735342307958,0.9313862092302121,0.9135846370241008,0.9625813298397103,1.0,0.7631865469800387,0.8116137027885281,0.4922551946845397,0.7103659514523344,1.0,0.7991303295841257,0.947961844932752,1.010117702550474,1.0343480110373986,1.1267109920332024,0.90108912450363,1.1145284244416462,0.8887735338173198,1.025513629665645,0.9424968383574956,0.8216182146871773,0.8116639178344388,0.5172679243881546,1.087733951629612,0.8703147062654109,0.9217883822914053,0.9062180988192877,1.0,0.5714612940875684,0.9664603243126012,0.7435495447726601,0.8801718387657107,0.950483720416167,1.0,1.1347535625735308,1.0,0.6458590729593523,0.6754012307275499,0.7386047837621053,1.3168441242454547,0.9616424414853053,0.8806039504077906,1.139799164324347,0.9364404927029629,0.9812943059203314,0.6741983429940162,1.0,0.9515893695026436,0.7595378822752439,0.8105301624854178,0.9133153557529403,1.1927751712000598,1.1114874769601908,0.4366479801373302,0.9239714449681597,0.6741218931728034,0.997613974451765,0.8561561802662945,0.8846736531473565,0.8402240507886461,0.9004668239773252,0.8472963696277127,0.8969156537652013,1.0,0.4604534118844391,1.010051243400001,0.8121097197460365,1.156448295486603,1.024056357674373,1.1155598720842566,1.103607394310515,0.958335425268027,0.9358658312895533,0.6422771792004822,1.1620258062889381,1.1260648064053989,0.9940857515686854,0.752770389747899,0.9508681552335242,0.9137147689097943,0.9807961231250366,0.7872691430573826,0.8527083519075715,0.9148828740363188,0.47776752436139636,1.0,1.2184095855040973,1.105018128179418,1.2281372436743139,1.0,1.0037920434102077,0.9850808014100676,0.9875709104786242,1.1123019004184065,1.0,1.0363652328935136,0.9577794030042868,0.9984253616920958,1.419883372818517,0.6288577787310412,1.238528293502983,0.9609983990750072,0.5800478610488518,0.6408428968362453,0.5176635513464167,1.4738409550785505,0.6914153272231605,0.913399831808512,0.8665495831509961,0.8332875489645155,1.0826636383370494,0.8713720066247665,1.0009860757542803,0.8854957635741882,0.8963067994478393,1.3609046599318972,1.1129944808481593,0.8729140763749109,1.1397575941759206,1.0070317779436524,1.0,1.0082232674516727,1.0,0.5820601700183254,0.8015111523408706,0.889851177493568,1.0586007626713692,0.48975404043433646,0.8667454765929499,0.5375405517744976,1.2699937279671214,0.9923753029181617,1.038807399425995,0.9869588628785154,0.8381430546756072,0.5802318934803457,0.9448754514747184,0.9376462052747391,1.0449849969398304,0.9107955554259517,1.0,0.8924009876231926,0.7724487059979817,1.2464354463524203,1.1403131006360934,1.1871778962590929
2019-10-31,0.7368774004618746,0.4524406495478922,0.6615775843579486,0.7395690740675795,0.8321034660064723,0.9114153289778775,0.5643699951993424,0.6606696286893167,0.6610722712201842,0.7127855227389683,0.9699953599291609,0.9790311586463794,0.9779810381961974,0.9624962800733678,1.041776374595245,1.243508356003054,0.9305692561511445,0.8720704344949188,0.9350066525217379,1.0,0.7651510702308013,0.8036550310817915,0.4797611211379229,0.7009508187254658,1.0,0.7612849561290498,0.9467389240144448,1.0098455444288599,1.020021586227797,1.0778902303362583,0.888924036672723,1.1758154226591744,0.8909662042767897,1.024827661811998,0.9363965075907281,0.7914246404627233,0.7900020812083614,0.4989659842147006,1.0738056519766943,0.8647659424621688,0.9202874411364863,0.9104928775338869,1.0,0.569750375498137,0.8658317885230911,0.7413410472962052,0.8986529908124685,0.9438547920500111,1.0,1.134755503467699,1.0,0.6389140656586649,0.6071097861174983,0.9254914808852256,1.2499067080444353,1.066690540572251,0.8852198967959573,1.154484299298345,0.9559911296387401,0.9986063554421646,0.6439738988758439,1.0,0.9893215931298305,0.7824371803875367,0.8417878722603251,0.879345700498584,1.0871761970000622,1.0692408470970427,0.4434086163570745,0.9255106494460138,0.6536936889101728,0.9710577077360244,0.8575902961571995,0.8833621688264602,0.8464836367221699,0.9005553872821701,0.8247928798506206,0.7610525301179034,1.0,0.46957368314869896,0.981355915172,0.8436178606500202,1.1085646835344587,1.0197697475319047,1.1108578907026494,1.1082778536928202,0.9731565326887298,0.9400587898828822,0.6411443795347378,1.0889738026268414,1.1447964752876887,0.9650335818127413,0.7731308389452108,0.9253634014220484,0.8224635455533744,0.9601446697764946,0.7923471369713811,0.8490993699137,0.9714837873787012,0.5056266958601662,1.0,1.206651455699206,1.0684309664611114,1.0702240550153008,1.0,1.0054473434748243,1.00230968548415,0.9852710322908151,1.1186582390680084,1.0,1.03686006527213,0.9505624516464186,0.9985345351035553,1.389826739767813,0.6286503912543927,1.2174638840996537,0.986891590726839,0.5903206739685296,0.7176583754649541,0.5928177697645367,1.5084303924066398,0.6918829551744318,0.9456963422228865,0.9517232953865712,0.8669538155620308,1.0087892831336092,0.867887301025632,1.0322512890387663,0.885981645999064,0.8591450606083422,1.3045404935061473,1.0944224710314046,1.0553023121850438,1.058869959203799,1.007216196466945,1.0,0.9820879659739233,1.0,0.6634879177382598,0.862584135430866,0.8959068623060065,1.0591032152469575,0.4854811811157428,0.8740523099252189,0.6073669161061848,1.1746576127803443,0.9860378484882218,1.0257835608594037,0.9526166825348592,0.8385875732982944,0.5612422802431831,0.9413950526632776,0.9469821300544388,1.0110879855793373,0.9095741173264136,1.0,0.93235656711818,0.8224209096516757,1.1886044737241441,1.0089792522275574,1.129203891455731
2019-11-29,0.7129790845089972,0.5565847209641325,0.6620602247211591,0.7016636314365144,0.8131205608864385,0.9287785042128637,0.5996047568332203,0.660678043096549,0.6614830085225833,0.9220329148885053,1.0066492847883004,0.9488433296592499,0.96795448751523,1.0086916974276368,1.0388375196123805,1.2000477304247013,0.9360710875845073,0.8624375476500129,0.9263028775469571,1.0,0.7623307793637459,0.8122084013768507,0.5274570319477454,0.7038541111628187,1.0,0.8110367614279033,0.949929343944909,1.0109018051616656,1.0139791950278967,1.1042797246336853,0.8693733056212166,1.1500421796457887,0.8941777964201038,1.025053330169443,0.9427599376817855,0.7810728682256796,0.7883414089398771,0.5265257267536656,1.0495608352719241,0.9747552703412284,0.8834457650557385,0.8666483027858656,1.0,0.5412116048213784,0.8162614027053461,0.7568836551078054,0.893514913670908,0.8745513372527585,1.0,1.134737846415704,1.0,0.6267878139797349,0.5943485464756937,0.9113003066013489,1.1723357465381952,1.02796516610001,0.8760503963834467,1.1312028654662278,0.9646026131759192,0.9981770895015663,0.6372840900572584,1.0,0.9729586235161731,0.810989453959352,0.8913497474932487,0.8782249462391489,1.0357537698135473,1.0463911046026717,0.45413587463203553,0.9961511056474752,0.6568802933345301,0.942847497618577,0.8720093897714026,0.9172920591954615,0.8426811605896252,0.9006141570994438,0.824794039491461,0.8340689953668308,1.0,0.4815515538390126,0.9550043762951249,0.8813245801779037,1.0564797335487748,1.026124817392974,1.1128165232508365,1.1106970005418553,0.987387647827449,0.9401036329725286,0.6581867855932932,1.0776607638501825,1.1332556459496543,0.9604570910978608,0.8135454479874775,0.9433666088809021,0.7843259062428923,0.9630333058437333,0.8034056175218953,0.8514887697739466,1.0264642146353724,0.5610332425735034,1.0,1.263369486012926,1.0509455648710389,1.0056804794324634,1.0,1.0078233755645185,1.0158077144355377,0.9677027392253651,1.0599091120804298,1.0,1.0200862883532624,0.9510618723943279,0.9983879353457489,1.357027430172366,0.6316179532808961,1.1841681331014893,0.9655257853441589,0.5865998062911342,0.6801890592492306,0.7044359160985604,1.5228145692481685,0.6927599649778766,0.9946047773843042,0.8878565511897433,0.8491817812134592,0.9762314637600094,0.8743033548659429,1.0033905029970143,0.8867098390179514,1.0446396922673622,1.2199560203129167,1.0735612665450218,1.100045528268013,1.0127305879961108,1.0071787004701953,1.0,0.9862571430431045,1.0,0.7290304604549742,0.8965979172604398,0.9010033976849504,1.05833440713549,0.5601600664975495,0.8842057568455616,0.6974057532270949,1.1509721656963023,0.9814709054243842,1.005210818500384,0.9636046105618734,0.8386553066581316,0.5779699793765514,0.9417954713978163,0.9527792228402263,0.988420389006586,0.8872830715170448,1.0,0.9742838338860137,0.9448208601434418,1.1527704039928062,0.9839777148036568,1.0708733006096447
2019-12-31,0.8197645275449927,0.5638999461200502,0.6627866087036443,0.7905669844933239,0.8271431399053222,0.8934057979788699,0.6991590136313307,0.6641194697957137,0.6728236999944381,0.9821415253036185,1.0603161454155619,0.8446240141142382,0.9404006192905159,1.035062019650647,1.0294509864981356,1.1906747360658736,0.9342282610460019,0.821916086598485,0.9704529407200871,1.0,0.798990797750984,0.8375669204486531,0.5422176842068814,0.7115972000241362,1.0,0.7776143342994561,0.9570649148073411,1.01149580933454,1.0061213309233235,1.1267404974850759,0.8684580251620964,1.1998252638700642,0.9009606640637222,1.0219293215625274,0.9153059097544133,0.8179803011070321,0.7919959754375057,0.5506243474639818,1.1448718011530565,1.0808443976637028,0.8596953815442105,0.9995306922063446,1.0,0.6086200635910188,0.8480311783260867,0.7551480896872975,0.9513174961798118,0.9661375877759525,1.0,1.1346035954055345,1.0,0.6698857787530468,0.6267259925741311,0.949041448956029,1.1382268547639443,0.9153786023811064,0.9415809991757124,1.1027719548687342,0.9248371539623919,1.0317760106676466,0.6415342982446552,1.0,0.9424622318234943,0.844426185970095,0.9401352458868861,0.8461470037485688,0.9795100217797812,1.0126710144597475,0.5132594566208672,0.9743855060738746,0.6443664604870365,0.913168502877145,0.9376204386376665,1.0146429405515025,0.9561977530136053,0.9022448137484397,0.8143335191912386,0.7018179741924571,1.0,0.6106055528896595,0.988416006942471,0.941452773420874,1.000934177967517,1.0291150748887277,1.0973048038983968,1.0874884656092019,0.9599402834200819,0.8932905618055095,0.6907325886029654,1.198783098046236,1.1080964028053795,0.9490690696900631,0.8625055821162565,0.906470468588427,0.7547168499602889,0.9481664099135062,0.7910456411353829,0.8489216295421201,0.9866996931573376,0.5038765250714086,1.0,1.0586557257019396,1.0339819372627677,0.9524754249607732,1.0,1.0063918516341206,0.9931783106001228,0.9646750133602103,1.0414044622228356,1.0,1.0210887009492913,0.9508614822797926,0.9982549895840975,1.3874321001786667,0.6407083111502008,1.1588677162588805,1.0011722078778038,0.5932433768107004,0.7206121927064301,0.7461312960705035,1.5099541661257838,0.6949109920259067,0.994635300787811,0.8391170868221283,0.8550633353741568,0.9356079209882433,0.8864349573381348,1.0073706739019153,0.885796755041512,0.9916281221215499,1.1903966152444525,1.089659152036895,1.3397212920582038,0.9652952895867906,1.0067479708733273,1.0,0.9429868703201391,1.0,0.9289514945433702,0.895057339191179,0.9018765197827411,1.05413174130627,0.5068982873196339,0.9512829546302629,1.0226880979321975,1.0305386541852677,0.9779135022838057,0.9822238021827826,0.9499631082481896,0.8393384634776623,0.5790894587189219,0.9424923338668576,0.9786816986123067,0.9843275543944326,0.8860908263864478,1.0,1.0326746089013035,1.0009092362093281,0.9872969702814853,0.8973450625965409,0.9441026785482941
2020-01-31,0.7572668380784543,0.6197790562483619,0.6624715003824455,0.7262457038021004,0.8167177499413545,0.8682051414248249,0.6521061921865723,0.6622283564144529,0.6654946261205132,0.8816892993606577,0.9965509843638201,0.9728946671478322,0.9924073494445697,0.9662497592102842,1.0456805240069131,1.1854147168698075,0.9339323676114654,0.8978233005788576,0.9482471328446112,1.0,0.7831664901583917,0.8077533654917886,0.5731407195368958,0.7228812584724392,1.0,0.7550267114105375,1.001127200869346,1.0110291835693352,1.037945672183864,1.095898525666549,0.8654619214773827,1.1272349061475695,0.8878226027060712,1.0253533181901973,0.8844204065806018,0.8471538314550159,0.791418266900749,0.5700780226626325,1.1003838757042346,1.0432836292861447,0.8519438417649633,0.9675380955463042,1.0,0.6367241751548067,0.7969040739251311,0.7273929046246028,0.894420052508376,0.8389786151592644,1.0,1.13471630939403,1.0,0.6406244293509147,0.6086700552713503,1.008283028253282,1.1836209870398542,1.0496681924907383,0.8678092571164413,1.0277948189656638,0.9387823592534458,1.0210644862979728,0.650064458579696,1.0,1.016464603902962,0.8018615204226007,0.871292868129554,0.9385478354025917,1.0633427378722717,1.055117777312585,0.45595052325073127,1.0389691911651742,0.6442558081267022,0.9695260179635531,0.8495344454976816,0.8597752372758873,0.8270633001811061,0.9007393561227804,0.8764012367063123,0.609991409010859,1.0,0.5669870554907361,0.9578107943072858,0.9443585666976235,1.1341587493830987,1.0176047339948158,1.1345927351805905,1.1429728665554026,1.0389718435818918,0.9836070931525018,0.6795232821216532,1.209041538703292,1.0841647515368893,1.0401441088147128,0.8740419777471689,0.9204025495892181,0.7183869584943996,0.9797996171232152,0.7919500716892119,0.8484266507955212,1.114180287591671,0.5045237346643983,1.0,1.2828343024452868,1.080861426649334,0.9942670759183087,1.0,1.004612849249102,0.9807926214259529,0.9663924074825776,1.0892828224768956,1.0,1.033574322627424,0.9515468862833883,0.9982991061609896,1.40052676036888,0.6362575388082194,1.2425556736025976,0.9442193680183465,0.5841555529712998,0.6565034576114307,0.6699369926593088,1.512986837184081,0.6916252256875672,0.792083062663235,0.8580461797447464,0.803511211056242,1.0097552213573577,0.9151838655602766,1.2818301462881458,0.8897453152487838,1.1154996152829981,1.2288775577435773,1.0501887837515858,1.5701529147309494,1.042880659857577,1.0066042045534491,1.0,1.0809202590797056,1.0,0.8534238829541638,0.9190297300960409,0.8905296982825422,1.057346695446951,0.4839591721591028,1.0382988519458782,0.8822888824060188,1.2241839550310314,0.9817531244537563,0.9851993948155674,0.9861921212039063,0.839234012772798,0.578352168143516,0.933132815750109,0.9429492356498661,0.9720958973707005,0.9721663185724402,1.0,0.9546773978593814,0.975066846179224,1.0707080437867624,0.9275652093473626,1.0529319335736977
2020-02-28,0.7331740532955493,0.5555584003485343,0.6625503148685334,0.7175499522830533,0.8267866352964609,0.8817086476000465,0.6336029253267692,0.6629867010700115,0.6764658547124998,0.9888468885680888,0.9598598476671267,1.0229767297851544,1.074921091274829,0.949741972651277,1.051369694795141,1.1460494215758543,0.9317249880630574,0.905592438711416,0.9573548587045558,1.0,0.7785464167852212,0.8768050334714566,0.5711904616875989,0.714004136465357,1.0,0.7895575152133534,0.989561087585913,1.0121103513192242,1.0318730960533264,1.0898680668396916,0.8572026753400527,1.024420102174146,0.8837064398316267,1.0184574901472712,0.9420734096802984,0.8398291912219591,0.7916988306457777,0.5549830503509648,1.073250926699902,0.9408993330844817,0.8536891764493677,0.9560797995679046,1.0,0.5860435663430879,0.8101464473142378,0.7336061540613237,0.8918520715166709,0.8589235585108527,1.0,1.1347207204360716,1.0,0.6427715582551119,0.5915832305957571,1.1827533593097386,1.1658163824814183,1.119431338945881,0.8700711033792337,1.0643881108059248,0.9468721084054574,1.0072340596545508,0.6439297392468184,1.0,1.0595525695128867,0.7884522283322515,0.8629758186794867,0.9594519061284037,1.045557166232819,1.062717044436858,0.45192780959293577,1.0803606941885335,0.6506796666842445,0.9425787289430276,0.8431261785767129,0.8369517177197884,0.8353692408050817,0.901049625682137,0.8788953122534319,0.6318194823767902,1.0,0.5733161679171779,0.9394191643683196,0.9361683275807886,1.1146866114648746,1.01435944587369,1.1406906129076766,1.1592565535385873,1.0724650995846565,1.042760850683167,0.6909702063617267,1.1900235735437397,1.09159721132762,1.1164743938249775,0.8920590222369329,0.9176362333287662,0.6709222845652548,0.997497809991123,0.7784979597084359,0.8565650134667518,1.165114833979767,0.4701219424470785,1.0,1.2591167964683856,1.065376966320688,0.992901418693571,1.0,1.0037616618109741,0.9902222524592044,0.9657540835395017,1.098022758580093,1.0,0.996386101150958,0.958869927008764,0.9982180392774571,1.414521891883135,0.6361961810343735,1.2351589907786105,0.913364184305814,0.5776228032164961,0.608983242697728,0.6905801642189702,1.5118978331235269,0.6937954650003351,0.9525386778446936,0.8553880816466284,0.7422266627180893,1.0217916863672472,0.9133734809856439,1.203781910225126,0.8882804821863913,1.1150407467151413,1.2051459649784986,1.0423211711864855,1.449528998190361,1.040208733160672,1.0066839394704241,1.0,1.030318578041955,1.0,0.841230781578126,1.0267494172235276,0.8771881112615977,1.0519758325114605,0.4619481914554028,1.0275241136613122,0.9382492910551385,1.221382235097899,0.9791444405215919,0.9543365260196875,0.9848265157731358,0.8391783219411622,0.5625952273769284,0.9283101394741671,0.9361135520071139,0.960287087789631,0.9688591024056957,1.0,0.9486793186166624,1.0108763919379988,1.051816806855113,0.9192460464275707,1.0191270109422987
2020-03-31,0.772430317361223,0.636064680085156,0.6627384588034295,0.7083593832145575,0.8440991386154146,0.9296117900223118,0.6678828081950975,0.6619170766838471,0.6715253963368623,1.0995753035949005,0.9492556126028844,1.1923835885617413,0.9676078186732658,0.9920866280574894,1.0667100590714214,1.1701464346773855,0.9312634181980647,1.284975121949036,0.9759674125276965,1.0,0.7805792782009985,0.8290307658489025,0.5705433693794768,0.7367988211952048,1.0,0.8260458953459712,1.068598849315936,1.0115065363819777,1.0361412263512488,1.1043851148800357,0.9250385830771425,1.0834280790413524,0.884636690291583,1.0082867230622978,1.211991286523729,0.8441984277715754,0.7938092411234277,0.5652854326499528,1.3027748451585062,0.9411508472839376,1.3708198931520348,0.9810822024593878,1.0,0.6012287554826703,0.7954798653471236,0.7419101938070393,0.8959553014125745,0.882941668416058,1.0,1.1347302432880166,1.0,0.6562393235877948,0.7079317359891806,1.0912117446885998,1.2609981012196023,1.031617685828827,0.9033154323471331,1.319586003531082,0.9346824928616534,0.9788628860114585,0.6475708322901836,1.0,1.0331164053063724,0.7789289382645481,0.8761271077371118,1.0063339823644997,1.087020620082536,1.0996716891011034,0.450324537434574,1.0687387817199079,0.6717896420965527,0.9483459608756263,0.8204557296768554,0.7609444537827212,0.8072403709943835,0.9009486980875915,0.9134982765132874,0.9223615773204215,1.0,0.5475220721026928,0.9687258862399842,0.9648142912644487,1.2348402101446494,1.0073589092195343,1.1423164711524632,1.171103705423071,1.0906079093172525,1.0064477929060147,0.66721416574069,1.163943359823211,1.0743157613072434,1.1108655196465973,0.8727978876308689,0.9045069827608982,0.6136986917495952,1.010314451889298,0.7787545851650679,0.8821290098122444,1.2150192740227264,0.5275848687995046,1.0,1.429575727790946,1.0796372108984387,0.9995398845912569,1.0,1.0080621155061853,0.9886176254371585,0.9648471057298218,1.13166405940387,1.0,1.0272000583885097,0.9566867322102109,0.9982306108454134,1.4044240844353402,0.633215577579832,1.2971749716155392,0.9057845436921045,0.5800433985962938,0.5960948288641372,0.8128669508944816,1.5154701963050883,0.6918373871500352,0.9117881044239889,0.8179263885245763,0.6860728848382458,1.2618631011793973,0.9393904926956765,1.2295342938084959,0.889330812653341,1.1350058115349846,1.2638497723747049,1.0537800952314083,1.580911394146164,1.0240641887690747,1.0067063960282316,1.0,1.072044088070455,1.0,0.827170316979082,0.9678441514603954,0.9196943312840862,1.0590533514724403,0.458874999554989,1.3261874760724965,0.9599496163489006,1.343556663909523,1.0205879442610535,0.938664458998132,1.004840400294022,0.8386081761717403,0.6846149044598244,0.9389823005547664,0.9351983227312789,0.9880549412226927,1.6771840225598882,1.0,0.9479797842868665,1.0120288231307937,1.256909930351502,1.1692436967792228,1.193026821038032
2020-04-30,0.6892531965526394,0.9219141807559613,1.1965544312281384,0.6856172726727707,0.9894857704524253,0.8771093052890657,0.6932037120454084,0.6658721243370047,0.6656466560688276,1.2327339987957824,1.0948334254222587,1.128990603131883,1.1698056010356987,1.196226594739887,1.0655392489645068,1.0838113902528093,0.9336905042181782,1.1738739400643534,1.0254967032334175,1.0,0.7818932028036993,0.880310018184998,0.6875929927227009,0.7320886280784529,1.0,0.817097019210779,1.0661675178553174,1.0104757216332592,1.0471441111629307,1.0891217599782221,0.8667616389665732,1.1088604334257743,0.8850160427483248,1.0080106756530471,1.2454546664372368,0.8272640527697184,0.7920202662744733,0.6987854573849364,1.1638826344704682,1.0511167552772915,1.358886476752988,1.1100489430767218,1.0,0.8529351884346701,1.3277510288698826,0.7271649592162064,0.9386146610182298,0.938084549925683,1.0,1.1344889453324483,1.0,0.8817507870870654,0.6105428605607145,1.1101350958631933,1.188261577988618,1.1579300348512997,0.9600399427429985,1.3164470971188167,0.9227486661128312,1.053205741938075,0.8445778736142829,1.0,1.1551149933389386,0.8486589246630376,0.9230250098185682,0.9601986811905855,1.0948803782330947,1.0796882155748575,0.4585484207384729,1.0575662460723247,0.6543055879371951,0.9148825518107178,0.9543393339570082,0.9612272451776619,0.924628293230157,0.9124662677310755,0.8583838593373527,0.816064914416157,1.0,0.7059524454978577,0.91155093461097,0.9549531745607849,1.148132486405019,1.0112904433525853,1.1381762625781342,1.1593669252558243,1.0689248612960682,0.9631207956911279,0.6990056847859569,1.2444960464549246,1.018889110974303,1.1272175815863485,0.8864846070699598,1.2237113813667853,0.777062618806441,1.1925009075612758,0.8764180669104757,0.8660702836824526,1.1844493189489502,0.49479524824665166,1.0,1.4234029857447204,1.0558692240583403,0.9760983596482731,1.0,1.0102466510072359,1.00684811828736,0.9552237648187025,1.0879742299037547,1.0,1.0037535369658062,0.9557363539796494,0.998265456098412,1.4124899854494197,0.9850901564328719,1.2640080821669701,0.9033283664713051,0.5770520940373443,0.5921832333287318,0.8188889095727736,1.492325323914549,0.6979742482609221,1.1017815114477774,0.9762423295269188,0.6657507146210357,1.2016523909241539,0.9076892310156439,1.1349148613405264,0.8893391695047126,1.1135493586179546,1.1543366251997194,1.0502260001906436,1.608410808917156,0.9614467500473187,1.0063696550166905,1.0,1.0117566386614059,1.0,0.8862077367186524,0.9296997320250637,0.9218141105067859,1.055228177875728,0.6639407171659837,1.2833811930404693,1.1993032433520199,1.3300254612415081,1.0020841113569712,0.878312576169217,0.9640196485122022,0.8385716166511821,0.6404543034151868,0.9155659144230334,0.9033059833276982,0.9481293869286216,1.5580761156020917,1.0,0.9563486315313611,1.0469399375601465,1.2558145283492461,1.106203533536451,1.187422264583385
2020-05-29,0.6921719034922456,1.0415455293420441,1.2224266430934396,0.6942673886365692,1.075884083090046,0.8961722272834606,0.6841021689042812,0.6679860844303741,0.6667723284053402,1.2366016500951942,1.1155335304462577,1.008422615477939,1.1622024736627554,1.3014673718214387,1.055172043885014,1.0562898729721615,0.9159447474306257,1.2076970641396736,1.0207981240079365,1.0,0.7886025406988657,0.9008213958427342,0.66057494111841,0.7402857324673591,1.0,0.8578627359124508,1.077074478496934,1.0113075692590672,1.0372559414980098,1.001075837527175,0.8074969873211509,1.1431055242246524,0.8856797259450421,1.010380783032879,1.212674397050724,0.8155464985056282,0.7963336874678622,0.602854672834619,1.1785428842981842,1.168067956417093,1.3510451281775766,0.9794123657906296,1.0,0.7667072153494889,1.2954016480373025,0.7164138098568844,0.9673272628572169,0.9730082395847518,1.0,1.1339523382016452,1.0,0.9156166278416195,0.6313397114003352,1.054278741141336,1.1552543987423496,0.9866893852746403,0.9615088105484881,1.300445360670387,0.9466879763482263,1.0542794528440158,0.7240532496222658,1.0,1.1536345986969838,0.8435145095998396,0.9202862072680656,0.8759870811775532,0.976876720089879,1.0332800992899955,0.4434082938763825,1.0047655620492575,0.6704303916833696,0.8781729966752113,1.007229756260436,1.0610133165318127,0.9214288579746709,0.912577805546281,0.8644938987748234,0.6193028078398156,1.0,0.6925483822375229,0.9041350790329176,0.9875570010440494,1.0209287948968786,1.0019860548823107,1.1214328702141698,1.1158026212412515,1.0460627975378773,0.9250007318306648,0.7179902859732541,1.1168317627126219,1.011588876873034,1.1274942284751295,0.8764267372562189,1.1613890795845507,0.7085993796833383,1.161393563584272,0.8829957578539983,0.9213981258117198,1.1649063063118341,0.5132290601547871,1.0,1.4239551291518333,1.053405083159676,0.9644087430575378,1.0,1.0102999650018094,0.9805982600681658,0.9541716216325964,1.0731507086628516,1.0,0.9977801799988175,0.9534211351095083,0.9982996699767799,1.3713079874403165,0.9491388383701087,1.240494336443425,0.9258702309570801,0.5775332778042924,0.5929516602458977,0.8218399604158475,1.4814768124858806,0.7019492459743852,1.1045513305850596,0.957692632516849,0.7007284201185509,1.061193123302294,0.8920063410515373,1.0881655415597102,0.8879100135964326,1.0908221276539891,1.1027135395253924,1.056675153503582,1.6079698877960702,0.9367534069019244,1.0060641713311833,1.0,0.9560527268644655,1.0,0.7644151464755653,1.1288289984101996,0.9494515531447104,1.0564357115545326,0.6110455861281847,1.2757632769205063,1.2358816649188757,1.1940906550807369,0.9817122270464141,0.8706181954472079,0.9675491004864702,0.8389631444983731,0.6554417465782519,0.9255651075110097,0.9097080306342895,0.9096005017062058,1.6124833991222802,1.0,1.1058342873101603,1.0612034168189524,1.177462178667008,0.9375863210436347,1.0517355422132517
2020-06-30,0.7047648634200097,1.196194592770424,1.2459468093833155,0.6917217045626359,1.081127617076136,0.9226596736577345,0.8100541389175643,0.6666955074464858,0.6742811116273856,1.2391154312299186,1.1120436481906246,1.0439680557234914,1.1963858802141076,1.3081780070858027,1.0578838896797949,1.0678170851630497,0.9231375977504527,1.2148765783849258,1.0164429689533565,1.0,0.7961663875130762,0.8676633397876835,0.7463098592586295,0.7549269641906631,1.0,0.8916195385337241,1.0784207279534914,1.0106160032656963,1.0393711566958714,0.9922244013962468,0.7732799508864886,1.070296628489877,0.8838330295520579,1.0119341622808562,1.2364950129330856,0.8542702270786853,0.7966896125625422,0.7465559114411702,1.1057035999852796,1.1240111621367075,1.3358832167331571,1.0369902300918559,1.0,0.9187689487110275,1.313549535580279,0.7370614570432352,0.9576226793552571,0.9727303774609914,1.0,1.1338525623619649,1.0,0.8211369670402717,0.5831228036691489,0.9187888327540629,1.1086205544015217,0.895967644016886,0.9341079119817929,1.3713102743099566,0.9513472283712509,1.0486935211217732,0.7687967755352703,1.0,1.1546830705044158,0.8514929810310712,0.9318258405644457,0.8926230198556493,1.0013085956009857,1.0354340498154477,0.4586749584296921,1.0151009035506209,0.6777548899727239,0.8830062159577018,1.0162996354480014,1.0495986119636662,0.9675312294959847,0.9241700640974488,0.9006006721589432,0.7536821971938956,1.0,0.777308919540495,0.9136672858605867,1.0194504693734088,1.055972665335548,0.9937448623520619,1.1216206350666225,1.1099191716983423,1.0225187008032612,0.8747137393228231,0.717135020217549,1.116254061235536,1.045337698826071,1.11094543116754,0.9068679000292296,1.1049328736986297,0.7977013967412673,1.178602079298077,0.8619331006170279,0.9885214220524493,1.1451734318739109,0.4915578315531913,1.0,1.4242369692695553,1.0400467982128683,0.9480149018758781,1.0,1.0102896838012028,0.9646308099429917,0.9492121554624552,1.1079837474750456,1.0,1.0017353530900392,0.9834166305280311,0.998718931477875,1.332221071817506,0.9560953101883853,1.2180301282426766,0.9170963938351583,0.5787938019457635,0.5947483217075504,0.8355956554850061,1.4988199435005125,0.7047947413058433,1.0667535386603633,1.1707860663988776,0.769990642559437,1.094048037700239,0.9042298807608444,1.0789012908874098,0.8872458449818377,1.1368938861459514,1.0729805333028417,1.046437402784675,1.60794912463576,0.9283906569895549,1.005660129342781,1.0,1.0867923679655966,1.0,0.9191121591006491,1.1360595052005251,0.9418584745846679,1.0556817991907028,0.6974682494822624,1.2831831596358239,1.2406951126655088,1.229248077217569,0.9845009651194139,0.84763537476194,0.9745781960833547,0.8396301059290194,0.666815896768876,0.9222902537620064,0.9011952057032274,0.9464502528394234,1.7323606116243515,1.0,0.9643618908002227,1.055528339597795,1.2142730105280528,0.9519788407659898,1.0785739402342727
2020-07-31,0.6880613237284472,1.2045490144210138,1.2953066314832744,0.6571125460534307,1.1276646603524485,0.866162914016071,0.8424502318902487,0.6708273244357168,0.6754663640236116,1.2083080549025098,1.113585218677846,1.0442323729218714,1.1964874283467837,1.300401950558492,1.0560848440032427,1.043696735421717,0.9307434699156375,1.234855891610663,1.0259245541952515,1.0,0.7825938523142226,0.8345134449193231,0.7110352962609432,0.7355196230091579,1.0,0.8820856939430679,1.0720322473297306,1.0108101882663474,1.0513294869681276,0.8829564252030964,0.7208051586082975,1.0340361370495308,0.8834535444370377,1.01265869151053,1.2084295455476362,0.8380297335560554,0.7966679585955281,0.7484781475233215,1.072647602429298,1.1425618647135323,1.3098509953078648,1.0908323808236142,1.0,0.8900069362874774,1.2972510250746927,0.7230953491675336,0.9343851970439631,0.9585326948916028,1.0,1.1320863886489667,1.0,0.7917591698745874,0.5668280005542261,1.0681690207215202,1.0929211347027863,0.8406889765694341,0.9435592153790057,1.369862464601092,0.9613791630262857,1.0411965667420358,0.7020694314488486,1.0,1.1395900286235088,0.8506306570993949,0.9279465762211911,0.9071704092357438,0.9713715551265625,1.0223474842705769,0.44782237596998,1.0060892404021229,0.6755994834146963,0.9229001135781745,1.014445772731868,1.0376813777556129,0.9241484359622231,0.9255758913205717,0.835706587424682,0.6484085510615263,1.0,0.8140456306577024,0.8955461080745257,0.991601483695353,1.1436933047094522,0.9971321756203937,1.1188220337576782,1.0965007502283144,1.0301103222287775,0.9035497801405823,0.7286467571064636,1.1991475901802613,1.0080867565933143,1.1185934077215922,0.9585153743219085,1.062349283173372,0.9845757831372359,1.1637448834642166,0.8398581398817546,1.0762579840276392,1.1428879462893702,0.45598338066096766,1.0,1.3981738533970027,1.027502683983947,0.909015922951477,1.0,1.0103000033390193,0.9512126811328205,0.9439235927765915,1.1011765589881137,1.0,1.024571114569437,1.015345893742097,0.9984278109429348,1.1407699154789317,0.9888345922905549,1.206644449831005,0.9107897581355484,0.5773679546040394,0.5928106058049558,0.8769964825291072,1.5140205046939648,0.7116591060076467,1.049961155938562,1.352852890045801,0.8288081686555804,1.192306924986236,0.9254303491590073,1.178874999324415,0.8882615378409773,1.1380307758034887,1.0816155175971158,1.0611707365957883,1.608063691559411,0.8941526666747436,1.0053536895008073,1.0,1.081674810690218,1.0,0.8881551809378438,1.194550959489916,0.9436162199390201,1.0601234231002017,0.6518109013277559,1.2863437864204998,1.2715317571086242,1.164139352391053,0.9803523297770127,0.8676293580090486,0.9851164099960299,0.8402741633778671,0.616148196887144,0.9260395560372259,0.9103041595033575,1.0073261529679463,1.7363196380383559,1.0,0.985617944405243,1.0543330954959387,1.1683042581975989,0.9131977091602032,1.0001547745019306
2020-08-31,0.7762041561565073,1.13597258170352,1.3211722455507064,0.7855434741475389,1.3758927433066042,0.7070872667690218,0.9193305993538821,0.7054902774765006,0.71111844487599,1.2736766250748093,1.128634079836818,0.9151619845107605,1.210008383178727,1.3545507417082776,1.043318162082948,1.0625997790083386,0.9138182487539209,1.2327766854854263,1.071335389861797,1.0,0.8488686829574562,0.8253713810122293,0.8019957689870164,0.7523641546519362,1.0,0.8301699449084341,1.05349198182684,1.0048920233673846,1.0490968506719975,0.8217130092241177,0.7325546491939544,1.1262972782142242,0.8849236814052298,1.02044251402228,1.169488474959713,0.8440267642829794,0.7946896176231915,0.845909150266786,1.046027254585317,1.1724772990944294,1.2397511891991366,1.0849012292403983,1.0,0.7716735838353648,1.289765486509621,0.7299207241029455,1.0139363646419897,1.0499465022245007,1.0,1.121528885374457,1.0,1.1480430500613836,0.5864450004836359,1.1212560676902417,1.0421718844417902,0.6459970097464994,1.1397451775010705,1.427936715840005,0.9541582986412352,1.0551429136999397,0.7189659540089761,1.0,1.1380820392379463,0.8636250271846364,0.9483274509422945,0.8045313698498056,0.9058916186788287,0.9859476886648572,0.4935405477465198,0.9652227248048324,0.6481303985031255,0.9647661733729654,1.1532919835417523,1.2010843384355252,1.1621714229191134,1.0563049987865467,0.9086385126768342,0.5775492002379756,1.0,0.8116208685049341,0.9362110315028136,1.0005157671641605,1.0477104768218157,0.9973731588866587,1.0672450587777014,0.9962656404055829,0.9290671854759566,0.8455605028164208,0.7949043888193059,1.15565261314413,1.0066325136004128,1.1319479676998778,0.910019203461203,1.037138084082,0.9017399463278198,1.1108278364549768,0.8470086738185146,1.0790681816714385,1.0451150842535564,0.4712831949866422,1.0,1.3649196884185688,1.0078326634225134,0.9027824476292725,1.0,1.0103007765281136,0.9427683660913309,0.9447103729640344,1.1114090048039695,1.0,1.0155238845718084,1.0068144087373496,0.9982940137292234,1.2708160836575702,1.02628793937272,1.144322214523777,0.9998076608158305,0.5962555262454547,0.614004770005799,0.9267231570402825,1.4850081004841593,0.7378943490047396,0.9438552271415657,1.2510095782071073,0.7694637644955786,1.0782260860045076,0.892382767018973,1.1174654379790634,0.8883026711708547,1.0526546736185294,1.0480545279069544,1.1378604875184686,1.6084712443720823,0.887817145060011,1.0057620490997083,1.0,1.0419621136233976,1.0,1.0436644503770554,1.1862928656406,0.9436819554242347,1.0602958449260853,0.6924487610437811,1.3098313086273519,1.3738089455889844,1.038634743649848,0.9770785707247265,0.8543257024730125,0.9665658724678039,0.8493276006551548,0.6410218065805434,0.9214917921820684,0.9336830659123325,1.0180596549138985,1.731313384219432,1.0,1.0464809802283614,1.0590031051057782,1.0389966684757999,0.8771822450596032,0.8795247174771729
2020-09-30,0.6722885987854548,1.179831601085222,1.3103573675069127,0.6714825449373608,1.1518505681122595,0.7968088065320422,0.7194300496472381,0.6806505240967526,0.667021176037341,1.305528279140875,1.124704022982298,0.9560111824194472,1.2291568888926074,1.3529499598838182,1.0406173271067738,1.0099745375817495,0.9268186361312304,1.199450316473377,0.9920796238126275,1.0,0.7717622454384995,0.8303445666887146,0.6818294045955212,0.7701961289842697,1.0,0.8752597931288993,1.0606395256276149,1.0103469089452104,1.05408362336358,0.6661244168201725,0.7105862074981926,1.088502332221543,0.884414178889613,1.0144943105584587,1.2651849753241873,0.8033344586040656,0.8051628532935289,0.5853392646375247,0.8889713299363783,1.1538492886720362,1.290491118803784,1.0848152536219833,1.0,0.7824568014002034,1.2084062985955146,0.7214896440124065,1.004807641055965,0.941000042881426,1.0,1.1206957288127988,1.0,0.8213366375341614,0.5580703824343523,1.2133187384611552,0.9845027680420415,0.7019134557476141,0.9260811484792814,1.4370173848355445,0.9630788589105835,1.0466055955956926,0.7771689116725593,1.0,1.0526780223935037,0.8816450005016369,0.9797181259344353,0.8600872214064456,0.8963088080338371,0.9647358704358949,0.4806002028946089,1.0456709911709405,0.659521023546669,1.0013571396567358,1.0440038558618727,1.0800973601562736,0.957691742010099,0.9713953202697736,0.8066617928394771,0.5681567812561943,1.0,0.7232048326876422,0.8590405025415075,0.871214395894048,1.0270953667181622,0.9872640882159742,1.123581353512004,1.0921294864968725,1.0276347259171161,0.909575734094429,0.70237242656508,1.1835168960074738,0.9890106399931977,1.1339889038209743,0.945981547846666,1.0225740309851243,0.9573729897305411,1.1033020271929797,0.8910901726315681,1.1197635755507978,1.1511197884889157,0.50382220572932,1.0,1.4042847033845955,0.9481456568347393,0.8622147360157628,1.0,1.0103009857420562,0.9734801652613542,0.933835627957706,1.0782051385025302,1.0,1.0176326123145714,0.9971745244491428,0.9984168061611406,0.735860712081065,0.9512898161646375,1.1803798178828648,0.9508387480355851,0.584732586527408,0.6024466841298453,0.9448867887930759,1.347341084054164,0.706932675836165,0.915370034332101,1.1335009813934958,0.8339009374871029,1.0652265870441604,0.9070643467605908,1.0241740524070932,0.8854605489648181,1.1331981369597044,1.0172258415988236,1.0486143229478255,1.6082647879431442,0.7868819906143995,1.0042979855779444,1.0,0.9999819498551274,1.0,0.9771490850377695,1.2022548812087732,0.9522688952199084,1.0601891498808305,0.6130672448741746,1.2288993615488744,1.3497874028033023,1.0740287123236467,0.9767326998836413,0.8314388162366154,0.9228756183049174,0.8402167512888041,0.5440864246787103,0.912650207483718,0.9190010402291829,0.8746215459960519,1.724573827380874,1.0,1.134249482749663,1.0740498422605567,1.0282960135281547,0.870871802987649,0.8673123360908892
2020-10-30,0.7445451210898983,1.0610823013131745,1.329467370277121,0.7931375641551679,1.1561591438720153,0.6574235720747986,0.70513414423017,0.7225750487938938,0.6716968914877657,1.2703888107549326,1.1254666683896963,0.8274257077770414,1.2397834593025807,1.3636577345000882,1.0171102394328024,1.063858881923345,0.9279961956277272,1.0954261438666402,1.0161431156530758,1.0,0.8267047176930411,0.9148429275135087,0.6519800938773159,0.7761937631851205,1.0,0.9664814573796783,1.078130077059377,1.002257425210302,1.0485569294380268,0.6324870684295678,0.707988896431487,1.0100289911456959,0.8887210650586284,1.0204084752153348,1.2315190032801033,0.8114685826373238,0.802331095955583,0.5852154503696396,0.865345437269259,1.1835572712572855,1.2676149593483748,1.0485624010652146,1.0,0.8726660818126134,1.1843713429328273,0.7270051104170316,1.0138519251006708,1.031064250034458,1.0,1.1115519547507293,1.0,1.0430772750138178,0.5608678115748372,1.1042876723846498,0.9919544976826066,0.6482086120637203,0.9974360383116705,1.3654755614054288,0.9673200006148169,1.0458665903372013,0.7599834505994909,1.0,1.0609136986475796,0.8864390365024561,0.9905420436582448,0.7812589354249229,0.861041451715842,0.9567675529308701,0.49982434183737756,1.0522448128706858,0.6539513170840081,0.9353965503781569,1.1472232974410992,1.177547958189867,1.1092367285738227,1.0586610938937422,0.765814724706368,0.549412215142731,1.0,0.7950859015705564,0.9222493007413233,0.9519727640795627,0.9274643430054647,0.984367754090834,1.0981145049489343,1.0110233304431155,0.9467908723780065,0.8297588727246193,0.7196748881789161,1.156145142335205,0.9841300194477353,1.1365637171816216,0.8787270624792767,1.0709875477446154,1.033457965782927,1.1147012576656847,0.8579227833255096,1.057674024791757,1.053921008779936,0.4893780372211578,1.0,1.3565215218615094,0.9018065389716284,0.8431272215978276,1.0,1.0102996056123956,0.9715324437977091,0.9299708189136516,1.0479504417302825,1.0,0.9937613603508257,0.9767793091146322,0.9982587434462685,0.6859723371134596,0.9520215797328622,1.1515051128005436,0.9420403339443676,0.7641914667957113,0.8294007625116319,0.9178761197736641,1.3573308238796808,0.7438181661775523,1.002677383496975,1.1764565398172784,0.8130366298118257,1.0333644397440833,0.8664679740247726,0.9365272638677447,0.8857882823876053,1.052710795687876,0.9932427544862723,1.0800427216969104,1.608402881518034,0.7676253645737543,1.0018288035397884,1.0,0.997461432779691,1.0,1.022707815227639,1.199533386390861,0.9696430278970114,1.0598927322334315,0.5844314168938054,1.1037307048737024,1.37894673067699,1.0010184930080053,0.9755979857458335,0.8305885536153469,0.90018723671529,0.841875719398427,0.5740404652961757,0.9093473234803017,0.9184709026364157,0.8129444111474419,1.6825810190681934,1.0,1.0573902849653172,1.0711709396008358,0.8601410265635967,0.8179253560420889,0.8277601999987124
2020-11-30,0.9494729097659498,1.0142677940934148,1.325817307594309,0.8614112208262514,1.4020021447831852,0.6662516451076619,1.0003831947675221,1.0778015377257566,0.7720897844781665,1.1603681867817635,1.1374580150217983,0.8157742864601959,1.2506669517095441,1.3768162563708608,1.0231679268017357,1.0967968353542774,0.928231757136601,1.0439075055386176,1.1044716355352895,1.0,0.8977922374244325,0.9907152807898809,1.0150034503202416,0.8519778585311331,1.0,0.842483904987589,1.0897390749601612,1.0125932637658541,1.0515717210565574,0.7722720584366211,0.7715162152377116,1.0912277587643993,1.0846344555526322,1.0236790398306026,1.1687955526917861,0.897921576687875,0.789986873516176,1.112623577164622,1.03154228854515,1.1897945957377905,1.2161979688393059,1.0297929915620199,1.0,1.0181240808800656,1.1176196868609627,0.7246357162398902,1.0422621881701504,1.0984526594208206,1.0,1.0866944508885703,1.0,1.2893048876758815,0.5683658976156306,1.2453748699424212,1.0026162543719745,0.6957141908188824,1.3328984427176849,1.3355069841881804,0.9007032711244105,1.0607288623459825,0.7799916724809715,1.0,1.1754290412470936,0.8890046048474495,0.9933075182372892,0.7655448365528845,0.861803261408106,0.9501917180982911,0.7523492700807842,0.9888178386484993,0.6472539201149674,0.9453111456692077,1.23295352481145,1.2624348212158392,1.1931688818209103,1.0993458802387324,0.8873416861032325,0.5472689042848782,1.0,0.9594482414966831,0.9756017670851903,1.1161434221210622,0.9212879303104119,0.9948026661977515,1.0766442914836756,0.9775781762854081,0.9766253148258023,0.8184478475200878,0.8120463131579154,1.1599390358706256,0.9951396959330372,1.1340559312659748,0.9383961083195074,1.0367265361200066,1.049266080811595,1.0645905998337952,0.8568434956348852,1.063601048582187,1.0368493617689536,0.4678903353518421,1.0,1.2401141516678145,0.9473154739597835,0.8582270620561638,1.0,1.010295192239762,0.9598893551997031,0.9288548416563551,1.0394301397906114,1.0,1.0127489242613026,0.984021452183284,0.9982182328391455,1.4072449942664897,0.9788618606963992,1.1323307334134318,0.9552682341960916,1.0927683647670907,1.1061856853753238,0.8885112310014461,1.2154794180151018,0.9178490769846008,1.1243173986343158,1.0920339357195892,0.8167530409126792,1.0583154440571643,0.8730210982107742,0.9280331547500983,0.8855743915412306,0.9436681267176551,1.0298342968151453,1.1716534445858242,1.6084398770663504,0.7859288259742451,1.0014424313543326,1.0,1.0052334173471555,1.0,1.228889252253469,1.2070120765588015,0.9654939902191482,1.060222373106789,0.9020636323068001,1.116298180812312,1.4205234563389832,0.9500223728366267,0.9750047970307479,0.8340043107552979,0.9360644243409729,0.8521481994497359,0.6245143184580391,0.9258165695114837,0.9470458740516455,1.0586910787776895,1.6287250317418787,1.0,1.0281345570671203,1.054691373123294,0.8122474725410075,0.7837990666571883,0.8186827913295964
2020-12-31,0.9358809264439069,1.0121196448531558,1.325990521505129,0.8822833470427264,1.3493266161472701,0.687225604550282,0.8245203925856007,0.8072300276407758,0.7036797755774384,1.0979089513912008,1.1356296322989283,0.78910069128281,1.248153546521608,1.378728384219881,1.0142429812647844,1.1167002605061476,0.9333364879494107,1.0231031357619775,1.1511236657084527,1.0,0.8471306180904157,0.9723110847964792,0.8936451264235331,0.8740696497802489,1.0,0.8258038398633465,1.092083926004579,1.0123433750316568,1.0538753177136448,0.7214448402429727,0.7270033946898138,1.1154320190521114,1.0596029474369393,1.0215284270208136,1.1475003692640409,0.8934202705917513,0.7935420613345665,0.9796495428286762,0.9852921529404056,1.1895893309426728,1.2463884718923506,0.9413197225418506,1.0,0.9998002209561313,1.0377659260842855,0.7280308758030616,1.0204427245049859,1.087442368763051,1.0,1.110369507684318,1.0,1.1475674372400255,0.5671335851795722,1.2697328863392399,0.9897175570400577,0.7808516781443768,1.2866100127335123,1.3586824272671774,0.9126812306187658,1.0529159305374245,0.7557408742073473,1.0,1.3248675390869544,0.8839092990071333,0.9895209190079282,0.7720359319024518,0.8265703976924758,0.9612849938624239,0.7683165398757891,1.000674025389309,0.6631025211389027,0.949232685168976,1.2186644324084623,1.2323336685176798,1.1807764872386506,1.0969602174063797,0.9379407860858681,0.5481596281383774,1.0,0.8909362383337084,0.9916894252828707,1.1105681947320283,0.8650846919875537,0.9860790421828743,1.092253118446737,1.0113055774482411,1.0240981646978053,0.8300457432565599,0.7746860127028328,1.1459142999631462,1.023587335160788,1.1224773610551093,0.9342076068233234,1.094894938601653,1.1284043626038254,1.1198345378827443,0.8105626831435668,1.0812568264437195,1.1000247451071852,0.46170949907352243,1.0,1.2682659411489434,0.9169250855053124,0.8732672326997957,1.0,1.0102944873490511,0.9498829089827989,0.9285841288381983,1.0094198651475335,1.0,1.0125071321997086,0.9779944496103238,0.99821463687198,1.3297824455891412,0.9279549663143165,1.163537492051237,0.9608575171781389,1.1947212176834139,1.1895901210258024,0.8684441407729182,1.1107270060241319,0.8729605179728275,1.2349051936428268,1.180560937660801,0.9072296104407344,1.0427019249375755,0.875765617794481,0.905222168437998,0.884614648858397,0.9871019113902721,1.0211839834220324,1.183160332116949,1.6084243409923946,0.8096359875502542,1.0038418500242718,1.0,1.008169808170782,1.0,1.2313647205131555,1.20710172606319,0.9691737917151643,1.0603413850968804,0.9576291279302002,1.1139891879178543,1.4099194948813476,0.9446249853116738,0.9760573351565673,0.8360586481859835,0.9441204322213291,0.8538400652230832,0.6088577614743622,0.9263470267189241,0.9262630069743624,1.0295839321549685,1.5536603886716953,1.0,1.0516647260235454,1.0291041682720556,0.8193566707301985,0.7798515518122668,0.8261267514387005
2021-01-29,1.1591742278933097,1.326812728873695,1.3289584512582795,0.8817961193824249,1.5009438607604753,0.6947588113680611,1.2114901847267332,1.1045521612784999,0.9522508623829398,1.0764006096654009,1.1432912748804278,0.7304544707025945,1.2131324177666756,1.3789833517254522,0.9813856420738336,1.1140484799070138,0.934374715593621,0.9579409409617484,1.1698239167142201,1.0,0.9680277593781966,1.117249997914492,1.3616437604363598,0.937937333827057,1.0,0.8521932555503937,1.0963729449656632,1.012776759482929,1.035670708881242,0.7867771422495848,0.7023911546420554,1.0808623772317165,1.037445715465215,1.0250648205220376,1.2268529869823965,0.9270418770511514,0.8178293794772565,1.2377398418067058,1.0368001439383636,1.189884545803888,1.1956524137808753,1.0011971286585721,1.0,0.9377547606027167,1.0474519821857744,0.740726752399225,1.1205429736050947,1.1702682914641371,1.0,1.0265707302646947,1.0,1.3489157878098903,0.6460401428231795,1.2463192319711514,0.9790143773967332,0.7600354544499043,1.4791804389245709,1.3497396649275517,0.9090262021381496,1.0485195113066341,0.7621673905982854,1.0,1.3011478410525674,0.8800289799456482,0.9444413880486268,0.7151518278481117,0.7651217989451653,0.9933938891057082,1.145958710930052,0.9486558363688359,0.6766436143927302,0.9128359479454264,1.2499563620845835,1.260215144041508,1.2169630718315632,1.1014687227108613,0.9613333459290907,0.545438155577534,1.0,1.3476621528906598,1.06593655768999,1.3646487392421427,0.7526503279898282,1.0149378387690224,1.0743372489913092,1.0296974055881398,1.0125185097773093,0.8464341550344819,1.0629261974593591,1.2166141082425392,1.0501768993019283,1.1256744868707074,1.083146569200545,1.0155789871249716,0.9678979746106522,1.1227422071312942,0.7981693828928087,1.0809018730993327,1.085468721466261,0.42600920379861573,1.0,1.246572878061013,0.8608552594098544,1.0196904102902362,1.0,1.0103005247616133,0.9596405895235575,0.9295816760765305,0.932955946778636,1.0,0.9969622163627173,0.9889894849777199,0.9981979892548637,1.4357344380866275,1.0606624928927948,1.0717213991021273,0.9479734726337574,1.2029513151280953,1.1973425983108454,0.8502208527365114,1.1863920665483831,1.3784002507630935,1.2926427070378321,1.6158980609403735,1.6738431741391975,0.9391260793810536,0.9009953865284172,0.8372294342388326,0.9112049598544174,0.8839385966954506,0.9927112290224609,1.2733031577999672,1.6083678318662553,0.7803694890286991,1.0001101667260879,1.0,0.9274591638091166,1.0,1.3875556911165172,1.2077040008137692,0.9766307505864514,1.0603540995262237,1.441524179654834,1.0812059639820075,1.4261465271631768,0.7473470514864647,0.9741451659651006,0.8482064875402997,0.9260367308074603,0.8721368126686719,0.5969204841010975,0.9695668892955711,1.0293219719338722,1.1176247486095443,1.3908628481086935,1.0,0.9759130915631808,1.0564283848362308,0.7688011540188131,0.7582445140297467,0.8078938274176036
2021-02-26,1.3367650359531575,1.3816079678556032,1.334453132103842,1.1984558831125212,1.5034125012833863,0.6737865960519493,1.1711452403679918,1.28720516969111,1.186600438743557,0.9219875683505273,1.1516413765351914,0.6936517200564865,1.228942358722003,1.3834484644417657,0.9185083125643405,1.2238786484063324,0.9331809265905885,0.7537077984518974,1.2240285998858949,1.0,1.2236705655594617,1.1157573150984397,1.4637718241425055,0.9751032274127367,1.0,0.811982434972641,1.1001271750113164,1.012656186806283,0.9820419253164437,0.8077312183538136,0.7718810036484254,1.1670383458130766,1.2075089321210353,1.0143299034391329,1.1476801977726188,1.0217626064797563,0.888676453406475,1.3381336358708344,1.0617021463021798,1.1898844170535052,1.1602882708495792,1.0304890529852497,1.0,0.9844584889696701,1.017896859110214,0.7384382012942374,1.1594241603105402,1.34791486589766,1.0,0.9988349517963451,1.0,1.3760250771395757,1.3370186185878266,1.2220663319629486,1.0080195954313993,0.7422153053314989,1.4944074565354728,1.2833610176595296,0.8982083752412466,1.0520862071224408,0.7173621080372647,1.0,1.3904932303052169,0.9079336388762776,0.9547555796501231,0.6718775073433441,0.7235441981593221,0.9880237412074826,1.3749344880378718,0.8450113711142763,0.6468505146573078,0.9249511308163653,1.2775799672645665,1.3088626828516903,1.225640020942148,1.101573106243312,0.9315887055503534,0.5448981012159309,1.0,1.5418455905013742,1.29160799357805,1.4968478724648067,0.6839228676990323,1.0233058131724626,1.0145846181310416,1.0230491981045526,0.944235041793839,0.8408135208621438,1.1085041846844628,1.3860782455175142,1.0512995470979396,1.1306175760754622,1.1173298155895246,1.0856862445178705,1.3272485126181512,1.1131053077893558,0.9485116454804947,0.9818391588162825,0.93290418146813,0.4452483706166871,1.0,1.051746366134474,0.7678320491050933,1.1391728503891552,1.0,1.0102999896260052,1.050458010213251,0.9186454688375326,0.7183544629500316,1.0,0.960011509839411,0.9866417676310605,0.99818731922598,1.4357367060981208,1.1695262357849843,0.9523116414912266,1.019694907201598,1.2593538338215056,1.2828847919235897,0.8576674605210157,1.53239748668286,1.3864581743940023,1.3746056258690316,1.6114866126326999,1.6983351705734915,0.8944841073964569,0.9043201579450455,0.8259740688279873,0.9903178863412988,0.7864470525783587,0.8818823475299639,1.4048455490023273,1.6085247045246516,0.8531231950661126,0.9956332545201529,1.0,0.9219371273976691,1.0,1.3925994394975936,1.2038119171798949,1.0078540037796515,1.0602295083109157,1.4564535273742305,1.2742711755205427,1.4274289216986633,0.6783687602528685,0.9736861992864331,0.8598846005907272,0.8741533943283482,0.9403169760133646,0.5479748490235803,0.9617882433140096,1.0254649539175584,1.1453173987843162,1.161909872691434,1.0,1.0318425457735156,1.0633969057122745,0.7500163073192395,0.7539651192425798,0.8030302641507829
2021-03-31,1.3569651170675174,1.3360912272036223,1.3343768461037355,1.5297050443231992,1.5049380254210278,0.6748703264126406,1.244235727972317,1.3350876735628412,1.339762930871877,0.7839703067420013,1.1542791386959323,0.6883848560707209,1.2895550359177097,1.3836244094359607,0.9065301958956675,1.3992030994330547,0.9317690712921695,0.6270828956779926,1.3655517414446217,1.0,1.467292473977645,1.0964797045713783,1.5361473728498385,1.0090653988219438,1.0,0.8369632572209903,1.10153965913222,1.0125701123306465,0.9559200667552958,1.0282068153281763,0.9033953330731243,1.3300597908133975,1.2192341609126556,0.9876730773049529,0.8769723662224709,1.248323945194159,1.2278275037597381,1.4309661687456905,1.0684660450305028,1.18990423433988,0.915189987245022,1.2040926887503467,1.0,1.0664428159327342,1.2791807642946602,0.7669080961782506,1.1784588886213647,1.4427969566105017,1.0,1.0876656362803376,1.0,1.3795198739990626,1.4625064889715609,1.3099333359441352,1.1500251366602101,0.7573144979448077,1.5025274685905425,1.2068330313775366,0.9658398804165417,1.060635067315861,0.884871073267918,1.0,1.3117373640329002,0.8954569892415031,0.9276478066419842,0.6585449547089248,0.8019887015778767,0.9404228083889272,1.4327901642130112,0.8245451667896067,0.6446617843104558,0.7732167985680695,1.2909929407348848,1.3428655283630837,1.2299855769487447,1.1015864677737892,1.0379185127679165,0.5445552251444408,1.0,1.6591534327046609,1.5217311328296073,1.5210404458833315,0.6869253635442704,1.0295488614834631,0.8803264663220668,0.9479975735257,0.8955869138969995,0.8410957723043722,1.3314956014640429,1.3969371499783119,1.1243795240464978,1.1343698938434557,1.1436159268843447,1.0195451060634342,1.48731385412143,1.199607359748596,1.0486330990819832,0.8752134423475378,0.7589496357753085,0.4128585712365127,1.0,0.8535527301357277,0.976857072162421,1.3586717717520442,1.0,1.0102916561796842,1.0285020200714596,0.9643450556871838,0.7040089179888258,1.0,0.9572774949322844,0.9675884928793427,0.9981848797497316,1.4357442550699668,1.3602347719435017,0.7702594089525548,1.1535329797085203,1.2630534721561342,1.2876171541667856,0.7558837069123412,1.5332643913593382,1.3929408625316175,1.4432598114186854,1.65393367700195,1.7044334674603154,0.8877460048908867,0.8922280335211007,0.8265606295697193,0.9980670207557161,0.7568155463361943,0.942753845476139,1.5276165772867174,1.6085470609023695,1.1644007971794483,1.000635946747444,1.0,0.9316828024904497,1.0,1.3931510724472267,1.2044796587628095,0.9628633359358918,1.0598288320558336,1.4542156751756565,1.1584915052373506,1.4276520281994318,0.6487286585058261,0.9736436572464218,1.0294457425435095,0.9975040164001431,1.3081883781946535,0.5425972383699742,0.9687880914423265,1.0322805083431743,1.2913116933425375,0.8457631831653337,1.0,1.1535723392157182,1.0542954006448755,0.7494147535253859,0.753759875813204,0.8029248073656114
2021-04-30,1.357358725848889,1.150005181167649,1.260712646725641,1.5697113937428124,1.5047462490706531,0.812097946086771,1.2653119972717954,1.3317759541997027,1.3413420367276827,0.6955167633244577,1.1521337552015312,0.6906568741057177,1.2232220799658702,1.3835332927870712,0.9473700553467722,1.4097720620300096,0.9236324154967825,0.7503913217274764,1.3508198944632799,1.0,1.4763720951540382,1.1017832230330196,1.522399020980532,1.0259341258050163,1.0,1.0330959727592597,1.1023046089085138,1.0125975837868,0.9492403375941922,1.1440172884600317,1.0171773010661613,1.2836214153901442,1.2195622942847621,1.008691021930442,0.8240288725271016,1.2793384002439425,1.268233932752394,1.4200896984255187,1.2062352133220229,1.1898560300106853,0.9916906007016121,1.1806928652508948,1.0,0.8793156625453153,0.9027846774563537,1.001650388652182,1.177915415911674,1.440375404698716,1.0,1.118671384040325,1.0,1.379293787673005,1.4629786096472701,1.321311321256961,1.2806616406313318,0.665443147928368,1.5012320059410307,1.1801884365550597,0.9898832274173403,1.03153683507844,0.8275878875204383,1.0,1.0909951543997054,0.8401145230227913,0.8422083066988495,0.6632126246777457,0.9777965463787873,0.9757984000747019,1.3981055978022436,0.8141412033060884,0.6559943433729606,0.8501249394264925,1.2901050695811704,1.3423518349280172,1.2298632421709415,1.1015847338216183,1.1742102910444738,0.5460012504932796,1.0,1.6382476641111432,1.5326770103688092,1.5397848840493895,0.7857932839262325,1.0307287803460603,0.9139416375420888,0.9678120486403133,0.911291072779948,0.8820298312635904,1.306644757467809,1.3923750571268707,1.1691206860891399,1.1372439427456804,1.123633149335339,0.9431417420218338,1.436696362879685,1.1342869259213,1.0195943297065517,0.8808307790997334,0.9492406888144825,0.38532504493470676,1.0,0.8504593729955165,1.0818954648326882,1.3813940751813862,1.0,1.0102399674398008,1.0044280614754117,0.9885168966566835,0.8413556927291675,1.0,0.9562675375573136,0.9540647161348572,0.9981849549938082,1.4357442606196638,1.1989988364073474,1.0046586397193762,1.1442292270266057,1.2643618005906214,1.2888214064733372,0.6644149370802452,1.5333191800684838,1.390007659690732,1.3337544751959778,1.6493923748619124,1.7050089670116906,1.027844777703429,0.9193714945246836,0.8806167738100673,0.9433986690196939,0.8004080767961392,1.0304451247251158,1.530718132135655,1.6084362612606542,1.2764865604332414,1.0058005569403567,1.0,0.9260841990979485,1.0,1.3924792727019972,1.2053457223136765,0.9414914949044786,1.059889948858936,1.3231376175985707,1.085190034106525,1.427542715418187,0.7279957533205779,0.9738969866323376,1.0658717545455554,1.077544742185212,1.3886958250883437,0.5344197587841064,0.9853963706551614,1.0391459292856196,1.3562048934237745,0.8178796019580857,1.0,1.1599384712081344,1.016311153479255,0.7541671632589206,0.7566814734177172,0.8076123441443313
2021-05-28,1.3576174905745566,1.0721807024424044,1.3178516717267401,1.6182700569059558,1.5048024888643972,0.8049922477769035,1.3211679871255133,1.3388699145530092,1.3427030041748278,0.669490327859481,1.1504756649365822,0.689501737999354,1.2029966176957432,1.3833451302548327,0.9537567734352812,1.414470170629936,0.9069728566035311,0.7945103781430495,1.4077075433219393,1.0,1.5071925716014523,1.0896928757688729,1.5420994449962506,1.2533368260937436,1.0,1.1424706949428718,1.104777567332552,1.0124936213377678,0.9444678737842354,1.2502066906929667,1.3453379592524872,1.2740085773831038,1.2207593604571672,0.9846346805946057,0.7851145310276822,1.313297362260629,1.3663339306244917,1.4431999521941203,1.2782840128727075,1.189455669308546,1.0524021218005992,1.2275543048434974,1.0,0.9971684504904965,1.0205747998958614,1.061597678598622,1.1762527789139667,1.4459146575318726,1.0,1.1250788663909406,1.0,1.3795609503519084,1.4633500020782297,1.304717889911585,1.4216304604125782,0.6581603269193184,1.504148339911231,1.1546437748850829,1.0855083526402725,1.0344588590715795,0.9773200442054469,1.0,1.006047637679345,0.8201074064763303,0.8035125610807128,0.6557698193076028,1.00967853079043,0.9911955035264264,1.400438103663026,0.7174960049230339,0.6477922114645158,0.7779897629712604,1.2921087702868692,1.3439266631496372,1.2300363152967182,1.1015864539731095,1.3464455844972554,0.5475753431282899,1.0,1.682947352700829,1.5499528330802637,1.5633219996481826,0.7801879211836147,1.0350245976150023,0.797452026121374,0.8688053891175652,0.7899366503100989,0.8715694486050772,1.4157349101056627,1.3916471526698238,1.235958914199353,1.1375780111367442,1.1451211391692053,0.8623960616613944,1.4219932498625256,1.1598051104379867,1.0486325459936947,0.8757233016838399,0.7950621684017779,0.3801841638021667,1.0,0.8222666857987152,1.1195102917575215,1.4047098711516703,1.0,1.0093925283537908,0.9591169019684087,1.0308409064051673,0.9325611552058458,1.0,0.9533687361273752,0.955795456483994,0.9981836037389379,1.4357445965740743,1.388991737588163,0.9195760197841943,1.1107535374025903,1.2644430771956485,1.2887644173360338,0.651361200575518,1.53340441865718,1.388094162063986,1.19968254822406,1.627050624541622,1.7041084335136882,1.053608510466756,0.9212378768650915,0.8908060264852008,0.8994361131183595,0.7669917134923895,1.0613186761602926,1.5392260826581592,1.6084027970485142,1.3145497207568488,1.0057216280888677,1.0,0.9261001813220057,1.0,1.392993578182145,1.1960742559038773,0.9199742512008747,1.05999487326627,1.303258442468295,1.1745327649121413,1.4275661367252088,0.7003874410594666,0.9737759423483145,1.0821877802356972,1.1563336127300647,1.5163233188445937,0.6247171647541991,1.0042981093227643,1.0639138331088864,1.4129335531576495,0.8092586999074978,1.0,1.0390921357694562,0.98496332288492,0.7521796018034839,0.7564871284161828,0.8070938654588073
2021-06-30,1.3576100335722794,0.9942526523911092,1.3290985628834968,1.6164637162489324,1.5045747134465186,0.7436977415473092,1.3166798388634386,1.3390717921821536,1.342657046374842,0.6679893756096478,1.1493729310680165,0.6896972605169163,1.2003088393355148,1.3830607698138886,0.9581456552814575,1.4135076373469628,0.9134636187061955,0.8339689278816544,1.4149559862593315,1.0,1.505656376589073,1.0830611338972924,1.5398249332190033,1.2516269079602347,1.0,1.1574732705720971,1.1053084804423854,1.0124746179648667,0.9431382569732232,1.248936284762968,1.4087928891383754,1.2196101143020122,1.2209001662230485,0.9839721951788005,0.7955445220312006,1.3123325219683744,1.3511498676981757,1.441775520830539,1.2881057133554208,1.1893059733362479,1.0871930370233196,1.2278082291608698,1.0,1.0206213277917837,0.9810356480445204,1.011929384334398,1.1737604338342884,1.4426147613901024,1.0,1.120783337091991,1.0,1.379501671172779,1.463344009414211,1.345313663919275,1.4358609935141302,0.6545681914377997,1.5043196317045193,1.1457429186435264,1.0996298005126082,1.0425469400882597,1.0062238309656055,1.0,1.0400838179498362,0.8469945897868951,0.8490348668809575,0.6569544688105459,1.0143606852296618,1.0373436923690862,1.3681504203358625,0.6941190964309605,0.6440902369408134,0.82668784481743,1.291767999859235,1.342927014182698,1.2299436860258988,1.101586233568328,1.3748015099661828,0.5475544694378196,1.0,1.6785346420090748,1.548714993791132,1.5593355141177283,0.7768354516534197,1.0350689048454356,0.8590205713173591,0.932727903892012,0.8288139042788948,0.9533950556528888,1.409583319638847,1.3936827320253626,1.242199925493182,1.136609708516103,1.1370923444923275,0.843589997624948,1.409853954288148,1.192578532311219,1.0774763242070864,0.869145957185928,0.8343636780742911,0.3768179251621586,1.0,0.8132895045386168,1.1386557562373016,1.4055840927866814,1.0,1.0092947819394638,0.9583270047872079,1.0461228051795606,0.9342176132099855,1.0,0.9609934392648846,0.95612519114053,0.9981827918553516,1.4357445745509958,1.4074035676651384,0.9560312645343461,1.108310707402329,1.2645069013597454,1.2887823323927636,0.661113534514985,1.5333549693616513,1.3864119300740687,1.1533705460771564,1.5274209242102006,1.7021865153649482,1.0297275230907303,0.9223837101596697,0.9199219032805169,0.8877018211873346,0.7586309763292844,1.067505850527831,1.5370170846745181,1.6084252833049926,1.3153552197501046,1.0056663690433454,1.0,0.9651866710912803,1.0,1.392670417952624,1.1905296942557646,0.9387550809233559,1.059833553032507,1.2833594795715442,1.163690382909222,1.4275517695819573,0.7015922437873616,0.9737704393056187,1.0760282631074936,1.160283129469942,1.5216115070939669,0.6140169518632896,0.9968422309997098,1.064407012456009,1.4141873869551518,0.799113809037231,1.0,1.0340191646711425,0.9950640136289873,0.7518604651809243,0.7564881376969514,0.8075088450891923
2021-07-30,1.3576213011428173,0.9615155242674301,1.316121191504208,1.6246638637772817,1.5043363166028816,0.772580056277824,1.31622145648056,1.3386835231259382,1.342663287251277,0.6718959149319228,1.1481340017998314,0.6908804685500431,1.1988150039285042,1.3829777629965676,0.9862858492236793,1.4148543765100428,0.8882757960104003,0.9498854224299432,1.4330958623983037,1.0,1.5096692164773593,1.0724630948570681,1.5399357109565166,1.2181541961933757,1.0,1.1911366231885496,1.1063514242867447,1.0124679285625229,0.9442728890899083,1.3050900209729392,1.5148077431047788,1.3467996472333,1.2215171713357975,0.9824560614631697,0.7939712415984026,1.3140502885295084,1.332687857911803,1.4390674549768905,1.2936288961125864,1.1889849910166308,1.0677643306463893,1.2210950210446123,1.0,1.0068306081621594,1.0293513402534553,1.0733745560345633,1.1750560365522926,1.4449297475949092,1.0,1.1343542180353268,1.0,1.37961114788293,1.4633684035064163,1.195974192205997,1.4509625453195563,0.6666466713754648,1.5043892771235097,1.1941226968740313,1.0689348902489837,1.041333372549308,1.020234254989985,1.0,1.0226569480780237,0.8482365264462084,0.868157239988832,0.6577391125963672,1.1612350155736233,1.0128776232678134,1.3829468179320454,0.724811290803664,0.644419121001736,0.7771636798927097,1.2924086072598018,1.3447566016987136,1.2300610118830144,1.1015860395547337,1.3123575428238707,0.5487492364501595,1.0,1.6663401155415085,1.5508360866015851,1.5624641182875312,0.7855654075867404,1.034334909073625,0.7948217229323069,0.8726156064167767,0.7496261226772214,0.8845024165534136,1.3937569888225934,1.3792360367657628,1.2409366479546797,1.139333740973421,1.076259437692956,0.8869004322265607,1.293299246872256,1.2014607097420238,1.1304132161186098,0.8623896268643029,0.7334982693337759,0.3821492915639404,1.0,0.8289098964115853,1.1927022794046733,1.409269437193847,1.0,1.0079449894396195,0.9540112659694044,1.1564620100315972,1.0626328567584138,1.0,0.9949669653064299,0.9632989827439339,0.9981833885078543,1.435744540547985,1.406734455425265,1.0200877180749444,1.177999615324715,1.2648889885743912,1.2895099084250434,0.7271593679924988,1.5331881812128096,1.382931637769669,1.1292824886730606,1.4291343817838076,1.7013441246631167,1.0451039620986382,0.8986847914624692,0.9525328964340234,0.8871469090283389,0.784488914516316,1.174779648790826,1.538394318473895,1.6084480091671591,1.3268611668831678,1.005406742629538,1.0,0.9542588445459689,1.0,1.3927818770676914,1.1493575887398284,0.9338342614652806,1.0569421962538816,1.3375106994091153,1.217342259062959,1.4274584246489335,0.8458115824099335,0.9746082414870612,1.1292888140415833,1.1908543881401208,1.5383792496383477,0.6560018648325096,0.9891303282627553,1.0541594886756949,1.4088646010436743,0.7862826648676566,1.0,1.0057574000261844,1.0086563344506834,0.7746823733371204,0.7698496489383526,0.8625113226250452
2021-08-31,1.3576135091006911,1.0287918765111423,1.302305464064041,1.615144300963652,1.5027698727696857,0.7652793430579232,1.3230731196195424,1.3383330837619325,1.3426610074948389,0.6759307994787829,1.144683880768113,0.6918579673901026,1.1582591509537128,1.3820848303864637,0.9909914103423546,1.4146231695021365,0.904520593356706,0.9425077995441694,1.4240046529895298,1.0,1.50592448966856,1.0713671476763955,1.537394699115755,1.1642874464210666,1.0,1.253053067609927,1.1063715841416566,1.0126812496345972,0.9437711476471016,1.3010212780873476,1.5114010262434823,1.3204825621751908,1.2214824797821229,0.9876777168725663,0.8006249569081725,1.3141684367801778,1.3135764438314548,1.434932728287714,1.3124234441008067,1.1875435316660665,1.2156892833089594,1.217956227210895,1.0,1.0749973762532428,1.113416761655208,1.0771882682591425,1.1688066172667964,1.4413593070284705,1.0,1.134592170906023,1.0,1.3794773037978216,1.463391592329786,1.0396457395635754,1.4558152419048405,0.6500146733985968,1.5025928952810594,1.1588798562388154,1.1012211851584073,1.024246742626001,0.9897950324447693,1.0,0.9984894526223603,0.8431414763141886,0.8714755727616632,0.6564946301530783,1.2579589146570116,1.0340891767149711,1.3342841223949025,0.7032780964277195,0.6439456949621636,0.6390886986477162,1.2903301069759987,1.3416680523931943,1.2300160761429622,1.1015834324597584,1.2586765314682693,0.5575898221504411,1.0,1.6647798398935116,1.549536831463409,1.5525855532726567,0.9196581471518488,1.0325271765551203,0.7900383033312486,0.8731682514316284,0.776565241470674,0.8633024326958251,1.35569272281881,1.3545312351343841,1.2450670762571714,1.1392918869586062,1.085930968355561,0.8923459459778122,1.2955085181902368,1.1955291693112322,1.1503693971928368,0.8648848460140054,0.7821306266400427,0.3855518880859302,1.0,0.8269841509552982,1.1892964456583544,1.4069218664418337,1.0,1.006569602865857,0.9641515464844899,1.149480949876741,1.06864370431287,1.0,1.0158400160772691,0.9604162215199796,0.9981840951489351,1.4357443585169438,1.4047220594997245,1.0248895544590437,1.1315739589117382,1.2627516592019972,1.2859040192338194,0.803450497096339,1.533039888622835,1.3808242940114714,1.1364123360353244,1.451923592980705,1.7001499223019103,1.1057400927889396,0.9073307065959691,0.9385363676208944,0.8889210971413796,0.9484167300324111,1.149415127552003,1.529639697892911,1.608333888060188,1.325597003795082,1.0058957148107799,1.0,0.9471783501720127,1.0,1.3917961921546471,1.1531303897028882,0.948547987835462,1.043801834290634,1.340853716185924,1.1766747971572569,1.4271469293309198,0.8368241827585098,0.9746752554157758,1.135944673778405,1.1865374527353243,1.5218878041945985,0.7981922510856949,0.9811764094528277,1.042948216991501,1.409634767445553,0.8167444739622637,1.0,1.0328862411983857,1.0167722622545954,0.7784443305312907,0.7728370215045955,0.8778460450270202
2021-09-30,1.3576254920327722,0.9740852250068925,1.3281395641495641,1.6228368415695915,1.5013200952590826,0.7517061988723985,1.34130128819693,1.3392563914047455,1.3427245219749013,0.6681404984855835,1.1458847412535271,0.6911591733006126,1.171893882651084,1.3822029853996607,0.9901936922989837,1.4152347493905446,0.8696332817995909,0.9813506667866477,1.3867270697715148,1.0,1.509395470607418,1.0708516950138702,1.545601927483382,1.1455747937033618,1.0,1.2930327553410166,1.1063532861788186,1.01252490504767,0.9410501273757127,1.3403914046150371,1.502989150591794,1.3051022081102843,1.2214797730886782,0.9824467407500798,0.7739957645947775,1.3171069686590138,1.3635231807824026,1.4446742069562872,1.321823292752537,1.1890376194702985,1.2286259781123219,1.2415436239159412,1.0,1.063575144471181,1.0636503303312868,1.1021613964450665,1.1686085270396096,1.4413014812291158,1.0,1.1343048066612005,1.0,1.3794896664580059,1.4633821009854437,0.9708659328081005,1.436440936400551,0.6398003962122344,1.500362597777176,1.1796837986158275,1.1377616158552857,1.028853902457061,0.929224765575283,1.0,0.9672033431647883,0.8395796338248573,0.8690639871760025,0.6560955446785122,1.2225003689449458,1.0339752830209856,1.3784486398109257,0.6708107558900749,0.6436018763196633,0.6590414181254574,1.290036457531473,1.3387863462625635,1.2298668578539969,1.1015842556724775,1.3270195162953775,0.5633853734966168,1.0,1.6766784667697103,1.5510668927187425,1.5691957181677636,0.8833567012462948,1.0311505331437925,0.7305934806441039,0.7897023712618505,0.7243885493536633,0.8374846105281177,1.4033624680512062,1.356049027534317,1.2373429972649885,1.139961547721269,1.0873628547847665,0.9218484064469755,1.1811811077358874,1.203016180029863,1.117027331165291,0.8539297010314475,0.753073076353065,0.3891519102837864,1.0,0.7974508956387427,1.1724462129111186,1.4037977138590922,1.0,1.0057065606505204,0.9650609859517223,1.1242094185664682,1.0813131398367002,1.0,1.0282636261358187,0.9584277676824253,0.9981830337848029,1.4357441737154049,1.4143367076895774,0.9786120014861185,1.1195851705550983,1.2636267158124403,1.2872530194313416,0.8075220617077729,1.5325339994981289,1.3903446148134986,1.151044539423165,1.309114414793595,1.692083360378679,1.0767466138256152,0.9007480177077553,0.9058807101087193,0.8858034643942598,0.8962361872742994,1.086650278619277,1.5191147346488738,1.6082798547552186,1.3239581937189169,1.005573425264344,1.0,0.948173931446476,1.0,1.3926090599901477,1.1062388994175025,0.9486591272664153,1.0436579565427568,1.4104702973856065,1.196377951102231,1.4273180987500234,0.8398959028166558,0.9745436440266347,1.129842764172268,1.1953768968624723,1.5247954895968243,0.9217896401670286,0.9887194284382543,1.0520985869854824,1.4092752880089354,0.805172117750782,1.0,0.9632288108537972,1.0070809660931588,0.7773702327983358,0.7735432649579049,0.8810281305782522
2021-10-29,1.3576083077209482,0.9734870106936215,1.3178246707361876,1.6178062404708426,1.4994034686167055,0.8035877150026337,1.341707584018859,1.3388684363437504,1.3426828376031974,0.6662471144601949,1.1459063910718836,0.6910054260122104,1.1714418049490887,1.3820789588780191,0.9920331945407697,1.414599717248032,0.8830908884259249,1.0202196571633995,1.3951300339658674,1.0,1.5026854867656179,1.072169157531041,1.544862940821534,1.1087924698318796,1.0,1.1973584345377197,1.1055660948820811,1.012532390202696,0.9447086662548478,1.334731710620323,1.5116682750527404,1.3411292094582525,1.2212816208022415,0.9804777718331269,0.7684920867515521,1.315659474497568,1.3411584921909023,1.4443044360219797,1.3207854488268715,1.1884356616561194,1.1991873132590671,1.2785900210011385,1.0,1.0359219707357161,0.9571747196621498,1.0585411458446934,1.1681297397229178,1.4352185089081693,1.0,1.1343807715438714,1.0,1.3793019680892336,1.463382744774925,0.8777941659771197,1.4179287954431048,0.66051068875981,1.4980387492045093,1.220676848146294,1.125750970309146,1.038422399284178,0.865157420779448,1.0,0.9626195632041793,0.8243344847076602,0.8298184999453978,0.6589275547046125,1.2735061058139108,1.0686142668921184,1.346987703650678,0.7456183657156316,0.6435759843083453,0.6959444958099714,1.2884678723805114,1.335126721254054,1.2295720031502362,1.1015826270153504,1.2869600186492307,0.5603945155863745,1.0,1.6691428302932936,1.5485145027440423,1.557230985663279,0.8419891862667597,1.031359516988521,0.774616629217922,0.8744187505468344,0.8025398134057439,0.8444797192861873,1.3961664916608056,1.3541958815118744,1.2216197055620208,1.1402817168077475,1.089117907331196,0.9475689324309481,1.0239149922975062,1.205564583307743,1.1490188998048434,0.8513210952260095,0.805892825176889,0.37861908022284096,1.0,0.7883297368746246,1.1719905671993758,1.4032216170012464,1.0,1.0061477919823705,0.9562108453129945,1.137357497488806,1.1013055450281308,1.0,1.0107323502490844,0.9611870631044683,0.998182880566457,1.435744105756817,1.4141387117997117,1.0033323175692266,1.1695130154964803,1.2605450660940272,1.2827158183170217,0.7293359073808301,1.5326765532097433,1.387234495383217,1.0797112107838123,1.2766244656369437,1.685251492437428,1.0549908369261785,0.9030666818078521,0.8961532189505133,0.8861844504028562,0.9677267878818827,1.1100721780266352,1.515721540466878,1.6081825376609087,1.3242040925334595,1.0052748432708638,1.0,0.9534049060975899,1.0,1.3921239151275346,1.1102512072764505,0.9350665575626239,1.044810278403849,1.3887277524743837,1.220686536153208,1.427305089718449,0.8481265290791135,0.9742765774205114,1.1214446171453918,1.2213686072952314,1.5156273915289526,0.8755868474744618,0.9852950653414239,1.045246269699605,1.4125538936137545,0.8052237202346137,1.0,0.9452788853277801,0.9913297920562769,0.7765313406706823,0.7737097638847965,0.8778204629401123
2021-11-30,1.3575904210476986,0.9978475883134825,1.297323235376062,1.6029262071006438,1.4912236422428466,0.8698436864669232,1.3211935478818106,1.3358896163406202,1.3424226443080225,0.6621260004907454,1.1378098626728415,0.701778196364981,1.1561791841794826,1.378619863331136,1.02513515020782,1.4144689440431018,0.85568478983796,1.2402449612310467,1.3615248994125708,1.0,1.4990631134478798,1.0708664523993887,1.516350998313678,1.0234873712057013,1.0,1.2412240766353078,1.106287578326426,1.0128250941449892,0.9504724037766952,1.327487053114965,1.5198656539570532,1.262090917269291,1.217046724056493,0.9962263499605013,0.7904996339464805,1.3143992495920926,1.2656400033090158,1.4188806841097288,1.301088066643087,1.1770270017951199,1.308675801296277,1.2807581939311032,1.0,1.020417335147486,0.9523803541188605,1.1271678675694796,1.164000947981551,1.426617740940088,1.0,1.1345438941699935,1.0,1.3788618619964694,1.4633828352478322,0.7469897187081718,1.4645445567304236,0.681195327550054,1.4855698950718266,1.316794034583803,1.1176500829055613,1.0250768567252797,0.9457266105986948,1.0,0.9626338961947394,0.7960474714698238,0.7636565209428821,0.6761379591688247,1.3824898155095806,1.1200386435256342,1.2347873240476277,0.7680177194179315,0.6436824389287445,0.8010570926659883,1.2832793550229484,1.3279941248341802,1.229378205801985,1.101570586540527,1.291546378200819,0.5603615997072153,1.0,1.6270786222158988,1.5467918674793912,1.5051983629265115,0.9730527724169882,1.0234173928746138,0.8705567333177812,0.9587690944742508,0.8273604952185228,0.8949026212479538,1.306428589384102,1.3496486789456326,1.224477247004275,1.1391636366149405,1.0961104588522,0.9557488936619067,1.0645888930719922,1.2218903061748487,1.047135511421725,0.8503768057769556,0.8260276389518828,0.372687573661426,1.0,0.825354459717932,1.1938111253779229,1.4031281875375343,1.0,1.0059592853878876,0.9600153150416446,1.184050249910717,1.2675212339928987,1.0,1.0181074751701633,0.9558611681633468,0.9981835412212425,1.435735953376979,1.4130486519680387,1.0927207305309032,1.1347451820537742,1.252745409788842,1.2728422906854213,0.6395143410117171,1.532043365588242,1.3782765212431705,1.0265249738885942,1.507960152335356,1.6928005510331805,1.1913367531292864,0.8983057496779749,0.9455994078721704,0.8849524846521037,1.0988517055797649,1.2039344736839355,1.5053781207519434,1.6078240983924008,1.3280593772808624,1.0058121281584378,1.0,0.9588709580333877,1.0,1.3892647951018398,1.0252251893569664,0.9298650520461071,1.0277740404891826,1.2334325873563443,1.242706996331525,1.426564936727262,1.0481194311670963,0.9790624670461092,1.1399209634840102,1.2053481055162432,1.5081598241780285,0.8565280162188446,0.975396604250793,1.0325668117210127,1.3780184945578458,0.7711943977805742,1.0,0.9238056047033605,0.9421379049125755,0.8699366361187811,0.8098766602688816,1.0355818073917857
2021-12-31,1.3576072701315258,1.0000713240805252,1.2948283623675858,1.5957536667842773,1.494832408841094,0.8750307106565777,1.3361554719699287,1.3289884210322271,1.3426557825573044,0.6604544116115747,1.1311630797338925,0.7365813479189178,1.0731134324988774,1.3615228773406516,1.0548764977571712,1.4151895818955578,0.7852955390387276,1.388201299103235,1.3801092248386957,1.0,1.5011787625006905,1.0702184530109993,1.5387516194047899,1.0231784682645984,1.0,1.3321728092713299,1.106604522698317,1.012828303553178,0.9528084466686931,1.3468824658845047,1.5547646400688317,1.2184613857585174,1.21647468472497,1.0001327638932962,0.7660944538376526,1.3170884083733885,1.342156921147473,1.4367860521414642,1.294989226546229,1.1832848643402754,1.2750438280423824,1.2434827199320968,1.0,0.9409191081991294,0.9726066496662747,1.0723063401682777,1.1475468112513003,1.413986380758366,1.0,1.1342569771988997,1.0,1.377413416711982,1.4633814939735132,0.7281226380898449,1.5109391531902991,0.662398621624881,1.4809548141295874,1.3643843394466708,1.152957105488385,1.0093695416702824,0.959746366685153,1.0,0.9874923667561806,0.6969402848836826,0.6491287930199313,0.7218234706047963,1.449425688764204,1.094411099247175,1.0535267863955045,0.8372909565955402,0.6433624208945625,0.7965061009429517,1.2780893214407363,1.3283295842330043,1.2285865812545582,1.101530180651271,1.294562423505171,0.558201728556925,1.0,1.596300171104198,1.549254950520377,1.512518823989378,1.1488944084474693,1.0258214997460995,0.8734048253732823,0.9543998506391571,0.8147702672803229,0.8734128544690846,1.3750066439336415,1.2305135299154613,1.219218195612636,1.1338614379020522,1.0812848108269422,0.9719919433158627,1.1494058866637682,1.204409355792195,1.0493565493304753,0.849222820716884,0.8411477406110304,0.3663606892634924,1.0,0.8234357241516461,1.2432176746812622,1.4082480874877052,1.0,1.0049431666927433,0.9373304062867941,1.207661381051463,1.4079012644555533,1.0,1.0441130747056218,0.9555862703011985,0.9981845393961561,1.435741796332168,1.4167043135665764,1.1475867225640934,1.2070296635369067,1.2641768585638342,1.289647802427503,0.5790070448679658,1.532382915428646,1.3780215759941163,0.8866307452645535,1.504816350450687,1.6942014732324453,1.3057375262157922,0.9468112267686496,1.119535539203444,0.8859925959597386,1.1444341710098547,1.3286299026691752,1.5209301528396735,1.607856198940413,1.3313660238321952,1.005747001667451,1.0,0.9543996702277737,1.0,1.3685664990525832,1.003818319003732,0.9012398641697836,1.0267056330088613,1.0622720798782186,1.2545853952451838,1.4234379671358115,1.1920501099649656,0.9819291655472483,1.154705733192653,1.2755141860789432,1.539969056308803,0.843351900488225,0.9742070302084477,1.0242603683052236,1.3955590704166285,0.8447872233058343,1.0,0.8772955596180493,0.8744715888423169,1.006404299339556,0.8638175382590855,1.1127301862973151
2022-01-31,1.3576286424781627,0.753213082549308,1.3248596570221534,1.625758384905895,1.4642277027251658,0.9249459192427006,1.3423173865743072,1.33237819607225,1.3427592651310984,0.6605399265558987,1.122905234043972,0.7476497561231932,1.0383775389605607,1.3684509476576476,1.0791159849203735,1.4158289597452864,0.7353491207576492,1.3908390401320938,1.4093640627503567,1.0,1.5076357201295272,1.0742514055630432,1.5437624411657902,1.241751372764145,1.0,1.356309764658913,1.1065459326003517,1.012824336090509,0.9656643341675353,1.3835473690504845,1.5597695720037281,1.3378834775726998,1.2208616914666583,0.9929286405212341,0.7440179460706196,1.3188560849378967,1.3952857179719746,1.4453206942943975,1.31958544564211,1.178010371067157,1.3398803844025151,1.2778602852732006,1.0,0.974294085209469,1.148984206306855,1.061201108591729,1.1100367146797356,1.3957860812902583,1.0,1.1342151194506507,1.0,1.3739543055137675,1.4633959614494703,0.8570655332898608,1.5189291738046045,0.6683459391392682,1.451463391643532,1.4025305441382656,1.1712097960336334,1.017435788364501,0.9187551611972732,1.0,1.0967634241756938,0.6446488859677466,0.6338988493224005,0.7831944127156387,1.4692454798024959,1.0972094139747937,0.6943414608676969,0.8952890709672524,0.6434197484794908,0.7555703332436399,1.2787815793531254,1.3314418435815152,1.22895139710015,1.1012980781326203,1.473091636179606,0.6587445593940822,1.0,1.5201552590748453,1.5521736854625354,1.5423554566124462,1.2952252392470442,1.0096494701666752,0.8272412654197747,0.8713270766476686,0.8114219712038611,0.8053231842973271,1.3351158112089494,1.1396745136883255,1.17713451465725,1.115688538030644,1.0262493629283798,1.0225783262319512,1.3594607779202992,1.1959286281052806,1.200480069383377,0.8534633833046834,0.8421257122464364,0.3669228724738769,1.0,0.7649516932038914,1.258410325524009,1.4079849895851373,1.0,1.003420498899736,0.9253467816486624,1.2143400407498488,1.411030415700105,1.0,1.0474865853930058,0.9634926576387348,0.9981887673382542,1.435723285873559,1.4166076710284874,1.2002998909189726,1.2345192507900136,1.2659484100328249,1.2924474153429144,0.6057825133541965,1.5301477428792407,1.323467074262183,0.8923359390334742,1.3390279782451433,1.6494533023967182,1.3637431794675532,0.8959191604958296,1.1212929052983527,0.8896106836354067,1.155943716774015,1.4664385446659938,1.529681746750899,1.6060517543818849,1.3317974748942087,1.004885166948632,1.0,0.9593628608247333,1.0,1.2323852982384915,0.8959845249895201,0.8879764178756967,1.0470405680238806,0.7793654064354549,1.2552420144272147,1.4047963061953297,1.3085002120074893,0.9973240839771154,1.156041240951223,1.3141672625605765,1.5616852816278375,1.0250619683284434,0.9760842216771901,1.0186708934512234,1.4086060246242134,0.6855353222981209,1.0,0.9177532892086729,0.8043853383542778,1.2376327022842661,1.1008277823986814,1.1995919841101284
2022-02-28,1.3576142646473244,0.8180619111103895,1.3245945740170428,1.592592217452775,1.4180842093018973,0.8315846269275746,1.346034044755182,1.3339897332071518,1.3427504398157462,0.6601144095982161,1.1150692496303234,0.7907622944321596,0.9015049003154936,1.3607437570785097,1.0840268775726953,1.415690057978179,0.7491788609201162,1.3298182615039034,1.3287005406182113,1.0,1.5032323006294397,1.0837333417749184,1.5437517972489847,1.2667309444302304,1.0,1.3740635793761058,1.1065013212383272,1.0128289292667794,0.9663629480115294,1.3833410681317928,1.557030163636886,1.2616135638225707,1.2193852081899346,0.9959065547870657,0.7428825575034936,1.3186943886255407,1.4030573271354982,1.4467877804882043,1.3231373212689768,1.1852176734241813,1.3308271715670776,1.2862104821956835,1.0,0.9667963537100284,1.1476124119767732,1.0288035458015428,1.1030400553462032,1.3221356487774556,1.0,1.1315713370022091,1.0,1.3618542246064875,1.463349624205835,0.8625041559944437,1.5163166178788612,0.701443653039387,1.424721164034398,1.3470118570266527,1.172135490087074,1.0152158680064471,0.7703984391441607,1.0,1.2632024557205312,0.6523794780165653,0.6324464112412932,0.812544706519684,1.468740377988658,1.1011750619539458,0.5748149025493343,0.8389315150533654,0.6435965985833014,1.0394291008428156,1.2789092648127047,1.3264824327898994,1.2272081869146454,1.1012821876941077,1.4549954148297617,0.8202398928375463,1.0,1.514799466689983,1.5503383061894969,1.552690918278452,1.309024965302993,1.0062841753761687,1.017374478547663,0.9434956498429191,0.8190443619920652,0.791908013052178,1.3440684419906486,1.0799296003924663,1.1692041174487908,1.0255156645907906,1.0556213327707582,1.0352470976673784,1.2574520010941002,1.2024762800060578,1.1738344105181642,0.8837360557170522,0.9200616297882922,0.36711830039724636,1.0,0.7607468093942712,1.257136671749091,1.401964375911164,1.0,1.003382250697801,0.9239295351812977,1.21315814427175,1.3865421380826437,1.0,1.0390099569697404,0.9685855845826126,0.9981883646370587,1.4357235554248051,1.4165643781367685,1.2145580563488398,1.223758695737721,1.2637960028196775,1.2890384644176536,0.5421571669395734,1.4198714304805162,1.324230337543348,0.861655084520506,1.3337136567029046,1.6202473752021855,1.363895430822827,0.8815092861136412,1.1485019047753477,0.8878968978776873,1.1613189588624298,1.4570276159530995,1.5140769735344253,1.5967200484561017,1.3316697868020348,1.0051995770500601,1.0,0.9570632765770211,1.0,1.1811123972341808,0.9203739889928789,0.90093131488809,1.0519759222669174,0.9784208350725249,1.1283414636628357,1.4077975532199238,1.3222916056376501,0.9945821343576658,1.153527308158081,1.3125391610741826,1.5427654931256876,1.1514661253000422,0.9950998459784939,1.031458637524599,1.4120009227585526,0.6012242229611147,1.0,0.8761780831848298,0.7807575754536591,1.2460746468978325,1.1466621592782085,1.2016154834240917
2022-03-31,1.3572806332882903,0.8226268359160266,1.3232627883564783,1.4628386571342422,0.9702851000731657,0.8039786450414699,1.3458195699549047,1.2855341212822045,1.3408808981043783,0.6601586172512637,1.0794679291564366,0.7264235280246372,0.711618690752988,1.2337033603145242,1.0752001154102868,1.4127929457415696,0.7992301751714441,1.0886622469565925,1.1833966207282074,1.0,1.4541235330763098,1.0982264512277495,1.5207484955488506,1.2806597434337683,1.0,1.3649941719425769,1.1050179373834645,1.0128290523184287,0.9686022299488218,1.3826513475659399,1.5472247455627925,1.1469244944803545,1.2157412921900757,0.99160604384321,0.7408369676619957,1.3178295187350377,1.3513741494815943,1.432630856072216,1.278451907601784,1.1871436023864748,0.9744458116296003,1.1645062368990484,1.0,1.0335370780731667,1.038989624799619,0.995975345292262,0.9862483687971924,1.0944897488958047,1.0,1.1209319745169442,1.0,1.1095519687776758,1.4467364914300092,0.804513164214315,1.5080722834574385,0.7680409632145735,1.2797134203519942,1.2425697306339833,1.1699063386323258,0.9946193245425272,0.6935725485187502,1.0,1.3521848511522678,0.7114096485530268,0.6892019290249718,0.7863384586559112,1.4650325979445578,1.0797611987436806,0.5520895796646411,0.8593397558936658,0.6433922951805473,1.098068270440574,1.21288776871398,1.2024563967154271,1.1596000528882908,1.0961180515786366,1.4446207425555548,0.6934980784633873,1.0,1.2674799644268138,1.5218184561310166,1.5385695095296366,1.1922877058722072,1.0056904088105652,1.0466132374691424,0.9747563905005755,0.8139208089372346,0.796069489417321,1.1963100499247754,1.0727188622996304,1.1105723204862907,0.8320644649101006,1.0641902536033716,1.0134281273206538,1.1063500187778554,1.0598589625287314,1.0851050351523615,0.8857144378658197,0.8554732975232328,0.36728881427957294,1.0,0.6981249846830275,1.2488492794997823,1.3760454411347673,1.0,1.0025989554439227,0.9281325124883162,1.203811548093481,1.2940354632425863,1.0,1.030344496404647,0.9682756080543309,0.9981868279731752,1.435601372004325,1.4152319996488147,1.1472979991420875,1.2037323561821966,1.2623074142571185,1.2866169349953749,0.5743818105926485,1.360719300457852,1.204907486974905,0.7326712614252027,1.0209027740283665,1.5719440378200935,1.3182229556674474,0.8903019476076107,1.0335945912388973,0.8850998001593287,1.1505019187524934,1.3884613491726638,1.3578088231017738,1.5710878489864806,1.3305315764871128,1.006196318344251,1.0,0.964031214248177,1.0,1.1618880821425206,0.8612372626347813,0.8986713537159586,1.0460662672190792,1.0964809240047892,1.0249833071805226,1.2947625794154403,1.2481942253582707,0.9766175829085828,1.1446254715174304,1.2950879262679247,1.421886311224128,1.1210256363173485,0.9831595539556784,1.0269900490105321,1.4013888268958377,0.5495443416508942,1.0,0.8574910309383106,0.8278564641691439,1.140043937807254,0.9932570648973011,1.1736320857986746
2022-04-29,1.3574023562982034,0.8001586893903121,1.0199401481033252,1.5306736042658216,0.9979382604940628,0.6754160435544272,1.3477016813603013,1.3046807235379574,1.3419478076467701,0.660089595466751,1.0104373197419412,0.7192655230853774,0.5823881081463831,1.1373568249051467,1.0670385474557942,1.4126204542352174,0.7669564193089531,1.0513122818221918,1.166859646855771,1.0,1.4633930429218396,1.091480598880465,1.5357672076057152,1.3572122743755537,1.0,1.0775502798152379,1.1058569265655989,1.0128294602372891,0.9581230411863504,1.3813963092547772,1.5535013072244719,1.1867307778674543,1.2167100321522206,0.9785939599671063,0.7409310802551553,1.318396512821261,1.3870265859815216,1.442642537595869,1.2403804830677438,1.1878896539162762,0.9064120863830203,1.0778641345836646,1.0,0.9723544276387177,0.8832893563783347,0.8956232966385483,0.9869296375416655,1.1051173398924985,1.0,1.1069704001554608,1.0,1.0833980207059657,1.45028233041953,0.8370864458301158,1.506562586254112,1.1003197259995543,1.3352170457853054,1.1979476927718469,1.1718486918406643,0.8885097677678839,0.679742295283522,1.0,1.4137037258472491,0.6636197025134267,0.6595271944240012,0.8098138777504499,1.4543278237279091,1.0926609096541422,0.5778065048463625,0.8469569791988031,0.6433489355675669,1.070425232315641,1.1783950264803296,1.175559733216531,1.1659285715573124,1.0958516160301535,1.4659178015650878,0.5983792018946228,1.0,1.3539960398586794,1.5305244655516845,1.553433721633825,1.229999751698193,1.0141374097581357,1.0869017947890842,1.0147897474731482,0.9416822271419788,0.7918869822401271,1.3197877981294954,1.0702019886129612,1.0730962130991735,0.8336868847172276,1.116763451969919,0.8709617202252167,1.024390745900825,0.9234817547144888,1.06967609039303,0.8894011808688173,0.8060163372792715,0.368272779576462,1.0,0.6966712798023358,1.2553747010612812,1.397125206771499,1.0,1.0008069288695134,0.9255355763767569,1.2088923050053604,1.249945086475151,1.0,1.0457400066238265,0.9680244373321151,0.9981864647808558,1.4356981872552457,1.4004739065596215,1.0711517926612204,1.1943446700724651,1.2626123983051547,1.2872444474052989,0.5822615607149765,1.4381811550287702,1.3074014820417006,0.7832363827711586,1.1104044504228732,1.6071700041256527,1.3421076163454797,0.8747687577848748,1.0506664544712794,0.8861000204051022,1.146739727053402,1.40985598664374,1.4203264432207048,0.9518514322364373,1.331068487528923,1.0061996920520095,1.0,0.9681891416235806,1.0,1.2075703178210873,0.8852404850595366,0.8979533692026016,1.0467334664348082,1.0646135540672685,1.0872156848853964,1.2313535908680033,1.1558061578953027,0.9738551555824994,1.146056724014512,1.3052939475650562,1.4747982840379983,1.2073088825069624,0.9769532913977853,1.029277328912275,1.4079604297620718,0.5316684671020369,1.0,0.8333982620572489,0.8068276857202888,0.8890358172066808,0.8574588295853562,1.0159670152295153
2022-05-31,1.3566814324372825,0.6116584190172494,0.9546542516050122,1.5084003498926783,0.9252984924041411,0.6446795213188965,1.347087901025621,1.2827809428772827,1.341100899704008,0.6599653534600611,0.9939712378827901,0.7495273477381382,0.5590130661312438,1.0947054303669395,1.0708001291259817,1.4105303315201039,0.7511219909528749,0.9838793639277711,1.1278151645353691,1.0,1.4112090574105791,1.0812066003486618,1.525288119647303,1.3052768606056189,1.0,0.972468574803985,1.1046960112047706,1.012829776434777,0.9678589497347313,1.3818861196217165,1.5481360029609053,1.2286549264327202,1.2152443056244198,0.9837010153900767,0.7417662115175313,1.3174616082327588,1.3774223527548786,1.4327043028636441,1.2913856630006186,1.1865745484247736,0.96556446617053,1.0461164431276506,1.0,0.9397721009541126,0.8763516581707383,0.8844220964816649,0.9877268352248396,1.0911465984343744,1.0,1.1194880328947847,1.0,1.0228323627915132,1.4466833065858116,0.8005317322865657,1.4948337216230485,1.1138651578655834,1.219201630308686,1.1810738985374838,1.1692427055203367,0.8902850355571588,0.6806460316706623,1.0,1.4366237408246014,0.6550798589797469,0.6563513006248292,0.883769579933122,1.4524935759689432,1.1053774183606486,0.5773473240042981,0.837583373024497,0.6434770985051947,1.152799821781459,1.1479089722758336,1.1629791337531197,1.1556853257008297,1.0929594077996987,1.4333096993775252,0.5996666056163333,1.0,1.2744115891356957,1.4998909629967057,1.5427195604142612,1.2431209625136772,1.0060878869639696,1.1112965715514507,1.0568290018635824,1.0398326536989009,0.7980632990134585,1.2858986120483558,1.0416698079048703,1.0489039858912654,0.9198467693150764,1.1548528158850508,0.843460737200906,1.1166340386590627,0.898488618485845,1.0922629071702283,1.0188179132380364,0.9219987357069138,0.3700076015887743,1.0,0.696994247414815,1.2555952900193352,1.3876271253940513,1.0,0.995167809169833,0.9283678466046353,1.210492479116517,1.18791024320682,1.0,1.0513543171796118,0.9662842243937506,0.9981963665594454,1.4356060988323083,1.3394128683760245,1.1065102816888035,1.2137040873798812,1.2637004743301636,1.2893375498620219,0.5352972311124133,1.461508571155518,1.3264635294823321,0.7340693505900897,1.1153555389079763,1.6245601022003087,1.3443443502759695,0.8816719780712654,1.0887930872744818,0.8866529117729159,1.1246512654866088,1.4446484734737515,1.3760284430441037,0.85965834841918,1.3307766752765473,1.005983427462397,1.0,0.9676450163518306,1.0,1.1706999382353196,0.8339459349063217,0.8851280149375764,1.0444210362115838,0.9490749225114202,1.1059053398867575,1.193143301550908,1.2085878455304127,0.9741058671632308,1.1468382314820715,1.2984107153815634,1.431460814516716,1.2181081877073736,0.9720068471698632,1.0203446992625884,1.3665581089888923,0.5233480455846319,1.0,0.8068309884101842,0.7854159297386196,0.947555899528876,0.8846650679459394,1.0483687659366687
2022-06-30,1.3570780636638136,0.4970171494981269,0.9164238636231624,1.5250501847415299,0.9441957040470436,0.6452683570331816,1.347515523473287,1.2858760877267514,1.3417685779672022,0.6604338918907864,0.9661212027884282,0.796164356088281,0.5328336042927884,1.0568773383780632,1.0774126619256272,1.4122133626936435,0.7246902859414968,1.018385124222622,1.1301582217411485,1.0,1.4385926537666203,1.0740093326150237,1.5245521656665977,1.3055734522085198,1.0,1.0738846485787554,1.105136136831446,1.0128296880593446,0.965346266388454,1.3825036060002336,1.5531319111529371,1.2672050636989283,1.2177339380459322,0.9886418973077404,0.7451260521414695,1.3180985950820405,1.398155148007456,1.4325785088269662,1.2966867721210074,1.1861033201831723,1.0350954917432045,1.0593251501594485,1.0,0.9098077466241583,0.8791191278856951,0.9870131678751546,0.9933682857224453,1.11457345354282,1.0,1.1330702736601126,1.0,1.1568365203543243,1.453717435083643,0.8167405303611549,1.49955686794281,1.1967462431598004,1.2275635885462464,1.1437686725790106,1.1694224465282135,0.8934593416459397,0.8019324144412039,1.0,1.430328526930663,0.6540339715705632,0.6692191858974826,0.8961630531214203,1.456494952956984,1.1037701544524567,0.5506743536291621,0.8294833163668182,0.6440232316543755,1.1270172339297138,1.1688381239334384,1.1836342697716746,1.1874734026781835,1.091867259560069,1.4462298100166795,0.594039836294932,1.0,1.2929660755808505,1.5142203374100003,1.5440906424830168,1.3011530784223828,1.0009754042674683,1.1029722777489874,1.029910723675909,1.031314349909625,0.791211932057813,1.303458004697669,1.016153146415601,1.0535268118158974,0.9706407625096926,1.141016041487051,0.8269390957949129,1.060497235987947,0.9178380104592146,1.072186807458813,1.0149229792911483,0.8800241903553765,0.38224783759591585,1.0,0.7254051978682723,1.254855537681386,1.388057252404686,1.0,0.9941892735576128,0.9276231929928435,1.211721000339586,1.2373351577588034,1.0,1.0508138170979195,0.9699471758851033,0.9982084337761309,1.4356313981291455,1.2699096927875448,1.1354701776240728,1.2088040834218752,1.2630386629995005,1.2883404571022827,0.6518639706211871,1.4414837582244187,1.3211354839767158,0.6510382300201308,1.2762800281733107,1.6496499335065913,1.3603694639317911,0.8833288885643622,1.0383294345106584,0.8858031339142832,1.1280907716363635,1.4682087683582197,1.409139665213322,0.7827581751792758,1.3311301114803038,1.005856578394209,1.0,0.9672947709909177,1.0,1.1456729506123395,0.7857196725088984,0.8889900189346879,1.0472182855560521,0.7294768711581097,1.1907866253751969,1.1785630249052557,1.2553523861775506,0.9754169736017381,1.149268537304674,1.3003369263882862,1.4473143718522734,1.2443280628355227,0.9716336635884559,1.0183616588206914,1.3756231585566874,0.5152651956205536,1.0,0.8210945901453596,0.7975942280675531,1.0930652252866433,0.952074091021966,1.1384792732234104
2022-07-29,1.3568291251037805,0.6037264370866695,0.9757560816382036,1.4909738172381393,0.959262422858235,0.6302888171818204,1.347332228968473,1.3005761566265708,1.3415883793388512,0.6622333833129126,1.0224673551731718,0.739396719314523,0.5262948228370427,1.1232388621645526,1.0676334167673012,1.4095798079026896,0.7515144386458734,0.8937211384700947,1.0826947052540639,1.0,1.4134526157614997,1.0859932328311486,1.5225705898832196,1.3264964838645474,1.0,1.1072483525911,1.1025047331263054,1.0128291164753334,0.9500467325208289,1.3802562178640057,1.542449055233127,1.2412125126294828,1.2170282332666602,0.9916154572727779,0.748269735431603,1.3178016693483543,1.3957622054769714,1.4341122626820972,1.292753134281261,1.1878873082448262,1.0352228617275492,1.0764310949984526,1.0,0.9389366103743567,0.8613417974235885,0.8993967528434297,0.9919488612870524,1.1100703953061115,1.0,1.1306739422808214,1.0,0.9584531468395384,1.4521680088656241,0.8488127935586738,1.487463024242314,1.0844567215040288,1.200053205612604,1.0870723711428594,1.1706927674359555,0.8899534015246885,0.7538779281951439,1.0,1.4339928251463576,0.6883983493617492,0.7016562177004058,0.8162779782216226,1.4404082172226178,1.1144908441823864,0.6302615293577867,0.7983341110983717,0.6441221329139084,1.14150643801222,1.1493210895043053,1.1592114580839779,1.1429918707441318,1.0914996437343083,1.4194043130342795,0.5932161615540807,1.0,1.378964153697352,1.4988532186005064,1.545233404419026,1.2252553491033946,1.0052105736581034,1.099867528060505,1.0462835151314809,1.014422259978435,0.7918328434917945,1.2970307492385615,1.0172805668456033,1.0416374303259517,0.9617469031565808,1.1584239311864468,0.8285236283696034,0.9041317277145865,0.8878916234154084,1.0579356740255634,0.9113832941575798,0.8556363735519592,0.38246025621404467,1.0,0.740827984998888,1.2483810267649091,1.3664800225742806,1.0,0.9922637529370989,0.9312421436135147,1.205275554633604,1.1155721110967427,1.0,1.0519942058435294,0.9702359411021244,0.9981891953637355,1.4356138910021545,1.202451504731776,1.0845663294491554,1.1993727622991786,1.2639414568741127,1.2897713587401243,0.6268559254557422,1.4484947220518694,1.3295863266133736,0.8231752047096326,1.259584944600717,1.6585953757396519,1.3316267162789712,0.8867574259798607,0.9643664757436197,0.8835295907541904,1.1370000552452533,1.4081637325558598,1.3798728758899448,0.8086600616002763,1.329886167547095,1.0064901816443583,1.0,0.9697821925289604,1.0,1.1731212256538055,0.8201032184658887,0.8924286105532548,1.0062099903509567,0.7890947623102982,1.1398966035710378,1.2560430068516055,1.1286981732149035,0.974103604563031,1.136180426002654,1.278304987079231,1.394932451530145,1.242872283286452,0.9771808013919306,1.0253992965727976,1.3735229172228005,0.5182341449864081,1.0,0.8508247714148238,0.8602594889554322,0.8932401453747919,0.8810342673445776,0.9756601279172705
2022-08-31,1.3567012742339233,0.5150293332026795,1.0156229204398202,1.4964079039555218,0.9928238178407599,0.6245475328580814,1.347689011097106,1.2974132246088925,1.3410396858853546,0.6609400176966471,1.0184597915139149,0.7385296245070758,0.48536329944053946,1.1651505819903512,1.0671036974873664,1.4092159196447271,0.7362913150472987,0.8145045631835051,1.087087731305432,1.0,1.4144750899138223,1.0950895607269493,1.5330037028537158,1.3484104054717019,1.0,1.0190891806463804,1.1032890379049491,1.0128281323115589,0.948198194573825,1.3800173241238867,1.5343595842568054,1.1909095772560019,1.2156740329474218,0.9910442623147784,0.7496189982330532,1.317828161444526,1.406043392828345,1.4415022917916187,1.2345025606126108,1.188210328484235,0.9387889825460362,1.074718840532871,1.0,0.789260130017398,0.8345963569781027,0.9286833487819682,0.9810725585748232,1.1087688615154334,1.0,1.120880114453552,1.0,0.9452079172055456,1.4437132489913933,0.8908578784508537,1.4825961586271126,1.086844566160005,1.2228871852399508,0.9976859069438696,1.1689300191803094,0.8845718643518665,0.831619028095407,1.0,1.4307934666043258,0.7343194814953166,0.7571315014773143,0.8230561635988962,1.4010878187402742,1.0932752578909022,0.648707419613876,0.8004090105977095,0.6443359991886359,1.0045560036575578,1.1512025340835483,1.1446911815404053,1.1189209590565068,1.0943409053736088,1.430116274094783,0.5734346127470906,1.0,1.3912834960539053,1.4979685955730475,1.5530055574610309,1.1393692408754514,1.0104801119559457,1.0967429383471883,1.0420016576556328,1.009475022975161,0.7931064487268694,1.3007090826613177,1.0176486877702562,1.0463201107503701,0.9287670077551244,1.1489922679934577,0.8211168291709717,0.8915309565297346,0.8833005422058122,1.0590852833741515,0.9142346157819494,0.8439537944736294,0.3912970076620541,1.0,0.7294991601180489,1.2476511192839226,1.377309697519762,1.0,0.9910935690275918,0.9340952099300617,1.2020044590989385,1.0824465094030462,1.0,1.0508399669862134,0.970044289532834,0.9981871057937066,1.4356040659061335,1.2260570747187967,1.0653132178796674,1.1686062242392539,1.2615953423142412,1.2868341070245948,0.6762301971037438,1.4340795364024732,1.34543378051213,0.9745959446170993,1.3294240370334929,1.6749416173157836,1.309675415296304,0.8890566249380236,0.9725830538217586,0.8825772136204184,1.1613333955563223,1.3896058581731336,1.3887745627005912,0.7827105662480652,1.3298925037629747,1.0063719199929593,1.0,0.9694444178990613,1.0,1.2157101649193087,0.821446608535068,0.8969407982298521,1.0198879443065734,0.9665969509017245,1.1683902567081703,1.2722568198842004,1.1077393968923297,0.973990342018324,1.127355715872168,1.2775713036973109,1.3898385351570226,1.149165957468221,0.9769055122723792,1.029032966917869,1.3749080852348219,0.5150972425955106,1.0,0.7932645314656855,0.8864090008875639,0.8881107778669616,0.8781875720773525,0.9663301665321603
2022-09-30,1.3551232321310656,0.544743043112417,0.8837168560204214,1.4085607595716552,0.9536015785030307,0.6307375444013883,1.3448540659245456,1.2562390237091625,1.3373003878268328,0.6616127758174175,0.9979114797559483,0.7615624194970636,0.49251541746433536,1.130916689269584,1.0703026521672003,1.4034584329476703,0.7656960037673547,0.8505239262135521,1.080421923088374,1.0,1.3330582610291732,1.0967393785465223,1.5115150872617973,1.3509649156455759,1.0,0.9891151624445943,1.1037583435177762,1.0128283424744182,0.9520940612508756,1.3773378134574479,1.5400111578400932,1.197270340604351,1.2132205846164168,0.9981551739120439,0.7585678844068674,1.317078065204571,1.3914159615299404,1.4271930887106394,1.202401489194051,1.1851297403375207,0.9341128941304686,1.0423429518805818,1.0,0.83313891063665,0.822483427778179,0.9375410476805294,0.9732873109399081,1.0940740736277814,1.0,1.1318718905929896,1.0,0.8767691120312885,1.4392193451749018,0.9109061915377313,1.4726581661023204,1.027648471912175,1.146299655769675,1.0522951868636374,1.166548433346247,0.8846424914760672,0.9935394844697756,1.0,1.426168413189891,0.742646637818938,0.7668608031358942,0.8534853534953523,1.4070158911479007,1.0963259293880472,0.6115552688507788,0.7591179444239861,0.6451401805402777,0.9982777150935236,1.116939900700565,1.1321313080785078,1.1120297026196182,1.0882252188209434,1.3761687940806855,0.5691366278589094,1.0,1.3098569014351504,1.4530961211444455,1.5259095470920583,1.172697775843991,1.0080039461008765,1.0958963005699103,1.0368406024246575,0.9955590876663467,0.7982514362384906,1.2413287727271443,0.9844791519742513,1.0375382371221742,0.9396273692861449,1.1403751774182522,0.7777091013480391,0.9381421075871017,0.8882804091563559,1.052018843576434,0.9491755305860983,0.8135545552553515,0.4085567786072348,1.0,0.7699861520068189,1.248350363828663,1.3701017884029947,1.0,0.9913354909468544,0.9402785582115392,1.2026079373838143,1.1060234790899501,1.0,1.0511428956815643,0.9694180563171292,0.998190734171011,1.4355447616709465,1.0813314382054326,1.0814448296496935,1.1410529150068762,1.2596789398836215,1.2846366415649215,0.714187231668187,1.4071058643380052,1.2714114424758367,0.9638084227460219,1.2830546453250968,1.6765575954057037,1.3259274222110238,0.8941158795351013,0.9973917960370208,0.8826462944345905,1.1585163792292692,1.4046567162877963,1.3506822366549085,0.7630207252620691,1.3298817891560613,1.0064569979953222,1.0,0.9622345988074346,1.0,1.200339817927361,0.7887942689924619,0.9137474206844443,1.0141247557471902,0.9065158878343935,1.156819091932022,1.2279888566547497,1.1464135314234811,0.97416305420779,1.1283039644916628,1.2659719271937477,1.3281050965733487,1.0888517686958008,0.9730888550325097,1.0238614002851179,1.357016834790909,0.5155234009321061,1.0,0.7802240101011967,0.8982062541974528,0.9230254649219014,0.8888598350076312,0.9997164486972979
2022-10-31,1.3557431424552493,0.577902688478334,0.9330716670054361,1.4682404932593143,1.0404447085530815,0.6112660542373907,1.3451943433983757,1.3014572399039026,1.3401623403532978,0.6617654256211966,1.0158864940648247,0.7758645070624044,0.48404001676502173,1.1694322991904165,1.069745591987967,1.4042636348156452,0.742473755040421,0.831341710936353,1.09985676754914,1.0,1.3480601105776775,1.0793780781817544,1.5216357775821518,1.3744478181935769,1.0,1.3033974594520445,1.1040719231719485,1.0128295975076627,0.9457779564470957,1.3811910697068996,1.552170015662658,1.244830065823312,1.2151908806974678,0.9984317004199439,0.7611122455201311,1.317747709260131,1.3958652498674715,1.4316066192626444,1.250366872828438,1.1883167085182937,0.9379375758744165,1.024272700180354,1.0,0.9023278740780379,0.8706978156355218,0.9584021541861532,0.9764996573632977,1.0949945132626648,1.0,1.1275225207745556,1.0,0.9519120978320285,1.4519857567942418,0.9112052221316833,1.4865271472214845,0.9277932170158081,1.1838315308700202,1.0016737457971787,1.171696071153857,0.8775774218478205,1.0111818805341317,1.0,1.4372102082446474,0.723630864427895,0.729518693641916,0.8473216828932538,1.3842224676055506,1.0815439102106268,0.6465360603857705,0.7813472223764741,0.6453158198613775,1.2024817388083733,1.1433899232131937,1.160752766339808,1.1486138386502527,1.0941785610725778,1.4750921313451302,0.5950158687661133,1.0,1.3888407134362113,1.4674348021012213,1.524393942527752,1.1791200686982735,1.0314814772462289,1.099315447205827,1.027650909536444,0.9811992858409269,0.7999548495110369,1.250367392969479,1.0475194864171746,1.0391544146901928,0.9470667155742692,1.157283665775768,0.7412536219676947,1.0111355091993965,0.8892439301904357,1.0354465641320112,0.9190510695620049,0.7965320788789753,0.42841985005551564,1.0,0.7560990565337449,1.2496111308968454,1.3796169196220438,1.0,0.9912252585632261,0.9324990760592222,1.204742278790604,1.0958738301695468,1.0,1.0520648676249984,0.9701046308238765,0.9982007207393737,1.4356111784557504,1.2137358459224028,1.070995478637889,1.1662554843471156,1.2479960978079945,1.2708078543429473,0.7322299634410366,1.3256390571388144,1.3155020059245264,0.9780597235100903,1.31205528196128,1.6833102708778391,1.322560927468556,0.9226777436957408,1.025596074461844,0.883181702974356,1.1571078184289174,1.3992379529136227,1.3793603823685152,0.7728051526807039,1.330027114997787,1.0064269336679368,1.0,0.9637088046430005,1.0,1.2156693642478362,0.8058028718168113,0.8995632248001099,1.0089129010194777,1.028022034512377,1.1435303223734476,1.2720207983442933,1.155272435626968,0.9741161079892147,1.1425821744116729,1.2604467971905977,1.3749158825356576,1.2134754228253515,0.9904421980191234,1.0426048514788686,1.3685186536277631,0.5154772818493938,1.0,0.7854199936390833,0.8903160105636216,0.9229371092284188,0.8971652069844952,0.9993401303874883
2022-11-30,1.3552917921772025,0.5249474023898553,0.871759584935069,1.4822750755911072,0.9861125354758865,0.5923014287951782,1.3446519312807808,1.2875176897039713,1.3402054531274703,0.661561716061688,0.9794701561397139,0.7146306302660428,0.4779460187418454,1.1192704814592154,1.0465641579539537,1.4025712858307893,0.7409766641288706,0.646448290652653,1.1352447096953209,1.0,1.3354961286000095,1.0823525555761544,1.4465249053088374,1.368934594480352,1.0,1.2876512956428585,1.1002317018325676,1.0114211412841183,0.9449129384085636,1.3811300224582457,1.5486777152199078,1.2619631277728915,1.205425170152156,0.9846399720051213,0.7554426545339782,1.3170139830733338,1.3978406164645596,1.396708846399519,1.2499193441220275,1.168503097382553,0.88176118884428,1.0180069402534924,1.0,0.8984040049922513,0.8834190584313723,0.843664284364732,0.9726105425808803,1.0876538650874894,1.0,1.1302959126987269,1.0,0.8532070215452872,1.4565869659415944,0.8737592488263708,1.4743138879061413,0.7267136481261298,1.0719397495939025,0.9229976509724518,1.1708183691103902,0.8741906740033637,0.9193830780054904,1.0,1.439684150314022,0.7271327884424167,0.7285317031390061,0.7345454389488665,1.203054555396509,0.9982501948320478,0.5393865237064561,0.8138556197060114,0.6443724192558695,1.0764879110451997,1.106834576367731,1.1347706641742281,1.132060954628157,1.080170159876709,1.4442925537539464,0.6065288652859557,1.0,1.3603010498475492,1.4572385036529591,1.474431219875109,1.0372848384899942,1.0317127405982474,1.0850420522044597,0.9777558477187882,0.9470032495719144,0.7876785829840751,1.1868993942344996,1.0566791671523532,1.0309718885440595,0.8723984110151559,1.1473897070089387,0.7181135691054299,0.9800488763191197,0.8425906018733001,1.0473203342830708,0.9713705805572845,0.779383354240592,0.44002002300812637,1.0,0.7130194209518076,1.2416823385833986,1.3797607650977215,1.0,0.9912354291194247,0.934281792025542,1.2075525875731885,1.0450964751057856,1.0,1.0522101810844122,0.9703452344252225,0.9981908742761493,1.435569286244086,1.244351082094819,1.053772661021798,1.1942324787205718,1.2316257665118837,1.2492747018967136,0.6416113608722318,1.2747949531477885,1.2878154728668423,0.9046086619128478,1.0182303253575298,1.6767278152082585,1.2210383975636427,0.9313791139212301,0.9830249456663894,0.885144993191036,1.1278073099875001,1.3775931737179756,1.3652043819830473,0.7548437561122068,1.3293471166138882,1.006461517088468,1.0,0.9674780786726024,1.0,1.1217910958597812,0.7600040336606099,0.9003489211703614,1.0216034805098215,0.9959354656309332,1.1151905193718779,1.1824589633161737,0.9797368762152342,0.9737196875199429,1.1346043131274401,1.2520584028478414,1.3908971679581055,1.2249723971959865,0.9924980506597748,1.0497688880414906,1.3671682537476526,0.5178750061328818,1.0,0.7890853165771008,0.8793105092224398,0.7801971286666983,0.854793350637207,0.839945158514696
2022-12-30,1.3528730494078984,0.532376299125262,0.8680228372090545,1.459473802008471,0.9343307717654242,0.5939776811968327,1.34117850510082,1.281439127908412,1.337719609672532,0.6653098896794352,0.9696803582686503,0.7218415721826659,0.4862493598013976,1.107274720986518,1.0427711575237897,1.390798967156142,0.7627498598692559,0.6228879091292587,1.1191151716064467,1.0,1.2827543038914717,1.0881942626948953,1.3881066171826195,1.3620394623689132,1.0,1.2599651377160854,1.0932445490457154,1.010023170226747,0.9433385574524441,1.379121998699967,1.531731173294021,1.2034204263657569,1.1908454785590545,0.9869985195469023,0.7744645944060363,1.3155277847776565,1.3813913003708846,1.3616214081102684,1.249579026210879,1.1607664042788897,0.8955201941912783,0.980422504414548,1.0,0.9034015307475813,0.8766956287847159,0.8996466371458567,0.9671349414098409,1.080432840074146,1.0,1.1274826848972694,1.0,0.8370430453206048,1.4553433404391876,0.7953372997590842,1.3907867007793957,0.7134064007515719,1.0100367646955577,0.8823388434246023,1.1677977679845417,0.8788394222831264,0.8979000499323028,1.0,1.4341828286516154,0.764275156453184,0.784973353252253,0.7317167615874526,1.098316303128805,1.029254370113241,0.6175648872853319,0.77808761682966,0.6441886884911076,1.1518214250615166,1.097772128626091,1.122604845797903,1.1066727668294665,1.0775210182684103,1.4101777207589528,0.6292347880753659,1.0,1.3775037494234623,1.3987800857997221,1.4541732688170455,1.0201848636108735,1.0287017518232076,1.098896058987059,1.0115420557506585,0.9471651469913333,0.7931698878073931,1.139664399452534,1.0758742840409403,1.0228573217471548,0.9612814727863628,1.1612872516610162,0.6994026611460717,0.925568138324186,0.8483593494945294,1.0322017672720043,1.0741280397420447,0.7674687852071456,0.5132301772013099,1.0,0.7161842102343465,1.2245308853094645,1.3466459041008823,1.0,0.9912288915871369,0.9444989106599646,1.197416257232998,1.0356738517691828,1.0,1.0519532423435047,0.9700185609316982,0.998200567199112,1.435383830335582,1.1599027094919139,1.0171248554837566,1.0677381486021769,1.1566605076621004,1.1677641359201256,0.6489142559086274,1.2310719437781927,1.2898533535442145,0.8526865669408796,0.8994309634942381,1.6526940791813458,1.2022517440889597,0.937817690366516,0.9206541492396627,0.8841884344245065,1.1017744010728594,1.3134229205084802,1.3008161114000165,0.7464951362574419,1.3251147902197882,1.0061170963196866,1.0,0.9678427236030689,1.0,1.170073071239437,0.7755530027752424,0.9327926064101185,0.9931349349111873,1.0695698103831521,1.1017359239363136,1.1977124602845604,0.9564623653608147,0.9737169525008592,1.114263876911434,1.2114772837430365,1.310690859595603,1.233276289703487,0.9905235218901267,1.0499284608907797,1.3375455139164423,0.5335289633770739,1.0,0.7792958740980498,0.9113542082257373,0.7741692726916063,0.8560503151663195,0.8312290949660002
2023-01-31,1.3425603893282576,0.39146716675498716,0.7547569354786884,1.3406874953023002,0.8177942664189297,0.5880091559571599,1.2411646074509533,1.1554647174238855,1.3144818773074989,0.698846580119939,1.011611527989898,0.7086721566694254,0.5026886753318418,1.229279572262516,1.0224793169557151,1.3307193262488433,0.8247376999915388,0.6239231178189266,1.0108473411005896,1.0,1.1822962896560543,1.1031897215957382,1.0714037687848692,1.3012120037587251,1.0,1.2389920867979431,1.0776608388741398,1.0000954123006052,0.9428931941125462,1.2383199618939897,1.3458980464232695,1.0808851624093985,1.1529856434381807,0.9873543580937741,0.7892424841039983,1.3036909943507515,1.2520406052828708,1.1980219606638245,1.1902343976434109,1.1726164916793897,0.7814667882882358,0.9369076165739758,1.0,0.9131106082567572,0.8222188522987561,0.8539035194074142,0.9696887758287615,1.0662101795218522,1.0,1.129390454392242,1.0,0.7258883775711062,1.4332511371398455,0.7766861804267031,1.264680397608939,0.6600977248689068,0.924501450746453,0.9495090752585321,1.1533421436269107,0.8769255415420022,0.9474642653001317,1.0,1.4214329480201005,0.7873954991056451,0.8382799598530084,0.713232140092912,0.9303532209149034,0.9916134666413773,0.5375812182735207,0.8366152011464991,0.6441137582557197,1.0918220132219267,1.089636811886643,1.1140062019367976,1.0285297282339854,1.0211546882311227,1.1973095960200868,0.5744900735405722,1.0,1.083017663130039,1.2680099386965429,1.2506472542442064,0.9229013456785122,1.0271980899278463,1.0738907664661275,0.9805858299281419,0.9242465775886536,0.7846277894036766,0.9364908634262783,1.032955148850941,1.011481895192453,0.9775976028150994,1.0650288428181394,0.7375978392276912,0.8250617208498385,0.850968577641805,0.8946427824502626,1.0393133411631972,0.7066916364242941,0.48945740140278104,1.0,0.7369502078011203,1.1764730359840376,1.1869636948888296,1.0,0.9920539108181886,0.9746345771502941,1.1319894745500843,1.040117429500409,1.0,1.0522395582425466,0.9683375277047003,0.9981884378095037,1.226604141485558,1.106713965104705,0.9169165545696386,1.0889750721315594,1.1963426123134342,1.2056250732195308,0.7432215857702142,1.2855270517510013,0.9093177659284485,0.8660006796362844,0.7372771459090743,1.169016379463217,1.0283886623627643,0.9166737432360288,0.9107726401322682,0.8889357029970599,1.0714815633216932,1.1309960184031949,1.243464075046295,0.9323540829672523,1.3103921586119611,1.0051274380072146,1.0,0.9694755985153752,1.0,0.9827956796068033,0.8602001217996758,0.945432064133866,1.0078898452294882,0.5349649470867635,1.141995943581735,1.1151142287622942,0.8102316162180797,0.9736536055969363,1.0958317692887725,1.130945306274214,1.1472866791607712,1.0616565538890135,0.9683630777892603,1.0150448173360391,1.2613438032712967,0.6104241391921319,1.0,0.7534022801181727,0.9431091049506726,0.7498898905935033,0.7681517748778391,0.8034461276343823
2023-02-28,1.3198650396861558,0.3757665381763613,0.7078112423261413,1.1687628324692907,0.8080434921451786,0.5947742992354318,1.2052915464109213,1.0621279614950054,1.2756342586299154,0.7179300172614025,0.9735725936988622,0.7129926923590539,0.5098991580252337,1.068456659882187,1.0248725222486441,1.3328995030331516,0.7969704136778727,0.7122323898969292,1.0051235165425039,1.0,1.0634844356407334,1.1029851230018564,1.0022139323622954,1.259797175009356,1.0,1.2388995596597119,1.0801347491579487,0.9937801807894555,0.9440044493678006,1.217889070160907,1.3786733613329152,1.1250776517754602,1.078247287060425,0.9904666707070461,0.8011627023870955,1.2861390154169547,1.14179010372766,1.1494238070801717,1.1736550314618854,1.1362162856653777,0.7873690854347759,0.9422195312373316,1.0,0.9276151687108671,0.8302406025019307,0.9000317287849026,0.9596124003535096,0.9972774768354166,1.0,1.1334230450023521,1.0,0.67956245065331,1.3910913617966658,0.7791456206475957,1.2550616450342926,0.6559653659790186,0.8858153806040959,1.0402044014774317,1.1389848027790443,0.8772757907429624,1.0159435926198837,1.0,1.42144663947914,0.7780349661539128,0.8333286625577077,0.7566327731985152,0.931612877161327,0.9987543084743067,0.49206181712911046,0.8613699640297013,0.6437790344778729,0.964979394470675,1.0416486269239744,1.084846122503296,0.9709974290033238,0.9692215260455338,1.1719713773356013,0.5759058730394501,1.0,1.0440319625957377,1.2071571245497903,1.1771652864809263,0.9186108288289202,1.0234768388052413,1.0446060405010962,1.027169194334198,0.9946353617689552,0.7917252561214196,0.9082030948659185,0.7986508607206848,1.0154636180684369,1.0342727631422506,1.0647113131076993,0.7005097185936662,0.7364053480874492,0.8448717522730796,0.8317845289731975,1.0111025591182679,0.7787762791074788,0.5482374492380389,1.0,0.7337917175623812,1.191748759242376,1.2065303636200482,1.0,0.990933873596995,1.0002144194429716,1.1487261528228991,1.074602317880057,1.0,1.0523102294785762,0.9638851404333422,0.9982468061491006,1.2084777743709127,1.089683500231899,0.963867142465603,1.0981865039242213,1.1502017344855904,1.161498412122742,0.739000959241763,0.7280223814089866,0.8855401051736502,0.8122126364717943,0.731573165943362,1.164339890902121,1.0177452692995128,0.9378151720339443,0.9013034812448562,0.8896680144939603,1.022403205852848,1.179390811346044,1.1962481561263856,0.8860772846028493,1.3150449217584415,1.0059462013317855,1.0,0.9685065654187724,1.0,0.9058024147596847,0.8324326717278583,0.9413415622709292,0.9866375610247379,0.5089078206879183,1.02290878715923,1.0699342598903945,0.8538645436675618,0.9736869869727731,1.101043834812636,1.1275221469305168,1.1030070657509388,1.0568301771312931,0.9620235710931979,1.0104641819442115,1.230995758097053,0.6078333968149371,1.0,0.744583984976078,0.9378902972425573,0.7503923752080677,0.7771257269927251,0.803975421283202
2023-03-31,1.2922624965115288,0.40249859911769126,0.7025173608044593,1.0800148497345996,0.8021505273394082,0.5995392161741321,1.1614444119659466,0.9684407214155856,1.1924567631340062,0.7010386028801114,0.9587090909156004,0.7248122207217658,0.583899365221648,1.05977813834543,1.0295776791533333,1.3046861431320642,0.7516220445963466,0.8057178095864496,1.0068062677063914,1.0,0.9711785080144445,1.102845485264813,0.9572117129853527,1.174943224341066,1.0,1.319925323249266,1.08055423887282,0.9932687378352695,0.9475585563545599,1.1886370061288865,1.308457485921399,1.1283742140103494,1.100911558881661,0.9994246191275175,0.7857516836700434,1.2516443818043699,0.9846468145034445,1.1151383399529136,1.137644978939666,1.1875814155824227,0.7511476696327322,0.9235188653329964,1.0,1.0183318709739213,0.794217092235563,0.8616689717243579,0.9624780124855681,0.9621005638554997,1.0,1.133952563043363,1.0,0.6829607140005318,1.3504169545698377,0.779777665726893,1.1548745253111963,0.6514584574614601,0.862533329737585,1.128106807709237,1.123302110324994,0.8780439455919915,0.9783320837341943,1.0,1.4146579332953066,0.7311211101325753,0.7522135930046455,0.7598718067459899,0.9053695266250172,1.0078024948607422,0.4634259637223569,0.8401764902529755,0.6435195978490109,0.927922889750961,1.0299375774938617,1.065447318538061,0.9457428995438508,0.950989219160313,1.103345874074312,0.5679975143189302,1.0,1.0148411671050472,1.1347239838899381,1.1965566545289643,0.892974989212171,1.0177338885138487,1.0428456763630594,1.0293670180437158,1.0074274867493491,0.7938336242439796,0.8726042816798492,0.7245273502468006,1.008627693347668,1.0540280594523364,1.0701207391358645,0.7239713221948092,0.7536342470208582,0.8431062445950935,0.8071120821279653,1.0289764787311635,0.862780478141842,0.5315885464413974,1.0,0.7532845827137213,1.1787027215439625,1.1423925715281464,1.0,0.9992615079003866,1.003375452326885,1.1220550660176751,1.1396829382708513,1.0,1.052393779624442,0.9558585202511044,0.9982766437220342,0.9847053616260235,1.0684121753219291,1.0079451098021648,1.0692002823184603,1.1343258096659088,1.1510987385841565,0.6294816624540343,0.7202348671640699,0.8760496575872151,0.7736675054189756,0.7272780865011844,0.9941489677585679,0.9692357270513361,0.9294042222110116,0.8961131527631226,0.8901183265945751,0.9788248982553425,1.216152575553697,1.1553401946566038,0.877467555422073,1.294866253753087,1.0059578009471721,1.0,0.9653337258982838,1.0,0.8567878760620884,0.8558975929553015,0.9228550018348725,1.0364475541931457,0.48278924310366667,1.0008134367115828,1.0488372851266858,0.8536135866269129,0.9737023780641018,1.0845507999139337,1.0995963950751877,1.057630778238099,1.0357551817647004,0.9578622094137068,1.0060924522628276,1.1677351244377072,0.6464118696493191,1.0,0.738595746614811,0.899339631635639,0.750510427454472,0.7752017644335158,0.803897743739646
2023-04-28,1.2379110373359732,0.3969012743159831,0.6890391671406285,1.0236628491679878,0.7965436614567136,0.5944824382268072,1.1249930277807068,0.9171915224193374,1.0849877631576186,0.8014964582027285,0.9732141446176746,0.7155347874339111,0.6233856990378125,1.0934619323072186,1.022271244328295,1.2533345886674487,0.7996007993770611,0.7945655244129409,0.9848503433721375,1.0,0.9350454857379853,1.1045210905260967,0.8898984386358777,1.094507285815753,1.0,1.3333732514663073,1.0685235482050401,0.990883861135223,0.9475041117720564,1.1696924650498333,1.264050366068826,1.1219258846324434,1.1055914905087925,0.9976587397901798,0.797677945127747,1.2183940355850367,0.955838579370688,1.0762353133234404,1.1309183180584035,1.185767276481923,0.7621433811234424,0.9086885406761537,1.0,0.9670816526018272,0.7677788528598896,0.7912951804855953,0.9619658616278164,0.9418812647175607,1.0,1.1338449896268903,1.0,0.6646256022297805,1.3820849741114951,0.7869643063236291,1.1490644030583315,0.6477671813728338,0.8453993917359981,1.1409585790201624,1.0849178195594122,0.8744835297335507,0.9281464125316026,1.0,1.3800306784139509,0.7796456083825376,0.865064104653047,0.7343765099767456,0.9146822363560239,1.0000582925967654,0.47186602203229266,0.8694679673212148,0.6435775144415123,0.9503212997931539,1.0267637345874117,1.0534302926808679,0.8949772357791921,0.9391990305011535,1.0559782134195352,0.5667391578876717,1.0,0.9759319596769133,1.0745318992739097,1.134558790587245,0.8600734302126616,1.01158617017028,0.997765314910226,0.992705148053088,0.9383637683066778,0.7882751959122996,0.8171069560084985,0.7162311246623573,1.0129869578988566,1.0973260575885444,1.020540180257038,0.725323245893317,0.7932939649419415,0.8495626503502139,0.8075668471138615,1.0256565563915714,0.7265962811894964,0.6008019892112184,1.0,0.7553751407022851,1.1246626369668826,1.01267321514316,1.0,0.9984810612725239,1.0403855383691625,1.0930703559641588,1.150135198400686,1.0,1.0523239162978004,0.9567802873780531,0.998511700180103,0.796135612455284,1.032801640764437,1.007785625687269,1.073943212121278,1.1030263106842129,1.1331703559008979,0.6772584022508379,0.7054254982182402,0.8529083190128988,0.8114337284119105,0.7296683680322629,0.9875475514248783,0.9472908203516782,0.9230060207966666,0.8828517194250275,0.8899078220648101,0.9335428670832117,1.154166753245173,1.1096464265819803,0.9086903339212563,1.2543796004516303,1.0038710163011497,1.0,0.9663684141953124,1.0,0.8255474927443766,0.8477159948549224,0.9339192179584807,1.0109755442629689,0.48498704310645424,0.9583925193950125,1.0591919419806664,0.8109736523442039,0.9736841185244847,1.0697308811978194,1.0454807050521022,0.9673580727675642,1.011814865094014,0.9562438665578068,1.0056810678089891,1.1327930066508447,0.6782238877905183,1.0,0.7403239841555902,0.9460984109837592,0.749870008380563,0.7669013784293642,0.8033075280526245
2023-05-31,1.0905252901162032,0.45126239879247654,0.6681525179104755,0.9686299065025319,0.788363242392961,0.5945824541721059,1.0630890165235345,0.7717972982445346,0.8395425835864858,1.1252420397274625,0.9804607967764591,0.7072139918903548,0.8750921788379661,1.0831331511950084,1.0176653504644855,1.1755923557178316,0.8571566335380181,0.8369813608946023,0.9536926852314235,1.0,0.856530155286226,1.113708056421186,0.8357376763778446,1.0235896289514435,1.0,1.2886455901114302,1.0489418582860546,0.9908537856639531,0.9464598931463538,1.1261227838011107,1.1085958638798017,1.0992313187205642,1.0822965601117935,1.0021792870094208,0.8317491321517267,1.1355297733934444,0.8554165138351488,1.035633393351381,1.0782948259223664,1.186109352624988,0.6909304840348202,0.8842877823549744,1.0,0.9976274144500152,0.7472242137738323,0.8237427345504444,0.9671106764958194,0.8555576553990721,1.0,1.1333378305918784,1.0,0.6397891072291634,1.248416409038965,0.7828930751375356,1.0883391104939726,0.642460842033941,0.8229074461433488,1.1957069416875703,1.0780484809114577,0.8736689986587635,0.8940595128710798,1.0,1.3048083685289318,0.8302730279122627,0.8511528653006654,0.7094742257164115,0.9000676841364741,0.9911296400167398,0.48626413022644577,0.8667102690162249,0.6433627089687218,0.915171429817179,1.0021991887796613,1.0197298259366079,0.8483787221521599,0.9265872796548883,1.0143815348073166,0.5633119813845096,1.0,0.9532751706053978,1.0066389924106083,1.1433613274269718,0.8423435051429353,1.0120017292137329,0.950003524882364,0.9768298993711003,0.8797746754769766,0.7841365395650625,0.8189049461709469,0.7094667000365071,1.0076033556155002,1.1016043115538188,1.0028840834681982,0.7223376153141616,0.9314970900153876,0.8451243312697608,0.8825853904243813,0.962723547827343,0.6766848435684985,0.601656168972158,1.0,0.8377960199469957,1.1025446300852912,0.9347739302373539,1.0,0.9996719519667628,1.055939358495532,1.0430237803649278,1.1471772258590385,1.0,1.0522450689417955,0.9557783213951483,0.9982861038133457,0.6625895099552364,1.0067101936501544,0.9716292182670162,1.0426347194224177,1.0995308029543849,1.1287732663791767,0.9013105278184004,0.7334381277189764,0.8242377081624883,0.8010824667029941,0.7318477981596692,1.0153114290521525,0.9211455854275182,0.9222419805533032,0.8880087100449265,0.8901129735733208,0.8973843695442739,1.0995797608401774,1.071934168248876,1.129299991182524,1.2158289617791322,1.0023827580725655,1.0,0.9660282828478315,1.0,0.8920822329896062,0.8303549489900607,0.9386225718975043,0.9888405215214636,0.5187555230139607,0.9321643340263428,1.0287023593594549,0.7690813158044523,0.9736719057822815,1.0599094089062953,1.0135469455984567,0.8902336449665795,0.9522492528566517,0.948508284482058,0.9967399951606732,1.0927006383098812,0.7397655762135589,1.0,0.7382298246301338,0.9826328596807841,0.7497985254796398,0.7652025405041959,0.8032669433423201
2023-06-30,1.1162401807979783,0.45594089400676996,0.6714372041485805,0.985660832404963,0.7957503127139262,0.5925051043243252,1.104995515843708,0.8436963125612502,0.8894206775701905,0.9515914652929708,1.0416847660109285,0.69874947284031,0.6607333823881101,1.20636231847944,1.0073564074879566,1.2166834259623782,0.8074805580699597,0.7913678885567768,1.006712269546331,1.0,0.8452400557294768,1.1122705680766651,0.9026982994319922,1.0352955499268,1.0,1.3586938492021514,1.0505792153282618,0.9911435560832683,0.9522115342986259,1.1430965244120945,0.9625719636322316,1.1233261103438814,1.0123028982618907,0.9956510040231139,0.7717108701483255,1.0907887118640442,0.8682668914955587,1.0832911628955553,1.074616748847014,1.1886689033441407,0.6735725073307559,0.9347717008992331,1.0,1.0159845993964751,0.7565326170202196,0.7390701484961326,0.9973860424315644,0.8854739628352438,1.0,1.1307214542848638,1.0,0.6337240321450328,1.1709138226857896,0.6702751961632524,1.063455098938412,0.6408777759443792,0.8177609112923572,1.184128155005129,1.102644976176172,0.8723475019900384,0.7698502611865325,1.0,1.3646995651502674,0.7820735639983378,0.7724171510274792,0.6977208671349344,0.8881784504757133,0.9828674409029895,0.49094350580867685,0.8988928191455154,0.6433605832782134,0.9387111299547697,1.0031487333730835,1.0369549365407285,0.8533126866702081,0.9336934848088578,1.0953522455622116,0.5669141895307177,1.0,0.9389169784013124,1.0235975340107701,1.1682786802887382,0.7867611391804902,1.0280836065254166,0.9361790730026176,0.9891784567585957,0.8908713008084845,0.7835472151134468,0.8008799193520655,0.8284682473721896,0.9908431802581545,1.0698406657529533,1.0169576269273006,0.730161768306665,0.7650796464101836,0.8191678115431451,0.8727118788276744,0.9930173627477533,0.6659084050042899,0.518914773234644,1.0,0.7932600063895101,1.1180111221251607,0.9602834744047619,1.0,1.0008957357823076,1.005054944785731,1.0282222043533542,1.1231396082532423,1.0,1.0523869745123418,0.9547160853950805,0.9984379029770514,0.755925256203895,1.0139040822333516,0.9353399389231746,1.1388854205239136,1.1181608913838026,1.140681506910449,0.7215957681735201,0.7192751314818546,0.8510354495603397,0.8327519463568446,0.718274863869099,0.9754782238184307,0.8940699584044205,0.9380025107873019,0.8896945018548924,0.8903583885637927,0.902898682696498,1.1003081673864805,1.1030864250190882,1.0515974427055166,1.2086577396973794,1.0049365261442653,1.0,0.9669290713070435,1.0,0.8434520365522844,0.9076435322268446,0.9068128114242203,1.0302140646835656,0.590655541912255,0.8721732001190206,1.080503233412555,0.7298051183219354,0.973646801873354,1.0755620345223031,1.034389044619724,0.9201213005386266,0.985450982962351,0.9630681584956383,1.0124636489768746,1.1332992708898657,0.6910443910495923,1.0,0.7485533713526507,0.9429602100410887,0.7494179476083127,0.7586825948647803,0.8029610278629875
2023-07-31,1.2268436643702847,0.4593542658672156,0.669819841616933,1.010207517989053,0.8170154655312547,0.5925577506204606,1.133349755602271,0.973016823491685,1.084928682259768,0.8541041228146119,1.038079271987538,0.6986205737236519,0.5817142183186457,1.204665406314963,1.0074768033832522,1.23949784157935,0.7819287477954497,0.6979085545110287,0.9940950087309048,1.0,0.9295915226361605,1.1139877698557743,0.9384692303154613,1.1483739755380766,1.0,1.3391649519456954,1.0340079239611395,0.9889904399764086,0.9450609983116929,1.148059697100021,0.9464458843949102,1.0453979581205424,0.993994183400449,0.9925468953149418,0.7751761182842631,1.1269330430333604,0.9495370381879877,1.1020870858075196,1.0731162104703682,1.187644007087168,0.6621711720031591,0.9181210689542781,1.0,1.0026119119076262,0.8140774761837899,0.7635620827907943,1.0166667933628033,0.9792745919101249,1.0,1.104017352653834,1.0,0.6472013359933779,1.2936191557247354,0.6778088725337703,1.0486396042962614,0.6597497998009074,0.8431155269779641,1.1351373389256636,1.1060065768794034,0.892099975125762,1.1103443998243199,1.0,1.3371404729238183,0.7739980357957961,0.7596834184952324,0.7039836799277589,0.8740342144067201,0.977963090674731,0.4834753163039047,0.8929480840784128,0.6434379076036842,0.8825960321712341,1.0532126882835124,1.0901310451365802,1.0328622811477652,0.9698627585430994,1.1146008071750955,0.5794517976282506,1.0,0.9230531117403689,1.0778470624902712,1.1952461374107457,0.7767836331393524,1.0245716203441932,0.917187408640463,0.9644776785085757,0.8960029284867667,0.7826937024705827,0.8241866281721515,0.818194089594076,1.0169976936943128,1.0687463568471063,1.0070729705551544,0.6983633177954611,0.7543034161702044,0.8344003204774338,0.8838385954018582,0.9998610412188634,0.6534420096054322,0.5252870374671943,1.0,0.7706264708845271,1.1050580064312088,0.9844398676738326,1.0,0.9999853842513557,1.0228026368214855,1.0090943425048924,1.0829956259736884,1.0,1.0522183897124726,0.953365212382166,0.9983152298242745,0.7844118392621828,1.0270099400297505,0.8887637997345477,1.1247060832791533,1.0823367386241498,1.119653690865117,0.7493069707060287,0.7031248619736843,0.8673323727261899,0.7349719926676721,0.7150504307268739,0.926619561403944,0.9034995527513171,0.9240179954474053,0.8636089770081488,0.8901467417519785,0.8525189576968307,1.056086981386739,1.115070594321257,0.9594726355271648,1.1982640863934488,1.0029972045041562,1.0,0.9655018803428246,1.0,0.8569601681328205,0.8930096230474053,0.920261536546694,1.0477682323069781,0.5704934774939413,0.9258692892704694,1.0710431746295805,0.7085658550453846,0.9736392530498384,1.0553604761791793,1.0245816333134936,0.9502436139408195,0.9799433704450597,0.9605434575332098,1.0092547618844687,1.1431770283150668,0.6802394938479955,1.0,0.7409769166322011,0.9087002981505221,0.7493650763291804,0.7584867360603964,0.8029046780137319
2023-08-31,1.2205284142567383,0.42501393255494246,0.6708901871785712,1.0046963590819067,0.8090753243178906,0.5937783401439425,1.0979536639258727,0.9449582549769989,1.1011401703993098,0.7402652585252915,1.0218421688275783,0.7155455642734077,0.6149753589710545,1.1495303395207537,1.0194003714119868,1.2648344876257778,0.758651305271185,0.8306063840400625,1.1504996598738888,1.0,0.9085686992771599,1.0937400901768282,0.8876798794557276,1.1091860833228264,1.0,1.3789911030753226,1.0320396753166938,0.990885905296006,0.9513301460450893,1.1625878183204863,1.046757776160623,1.0687805976605547,1.000243895734814,0.9937970051494587,0.7649933084667402,1.1216735426906357,0.9004045074808269,1.065707723851519,1.0932649215976613,1.1871037235018658,0.6949509064526811,0.9142920688776498,1.0,1.0165871751149615,0.8082865587038301,0.7578282012009715,1.024548485817767,0.9698366307114067,1.0,1.1301832038506596,1.0,0.6566508775469284,1.3138257427139979,0.6414000307675678,1.098428607551888,0.6853280609948162,0.8311592915169091,1.1855979308691182,1.0861213862947705,0.886382647276002,1.0494850701190328,1.0,1.396856730341687,0.7098588867682961,0.7853009957674592,0.7264971888879799,0.8877625964048235,0.9901213560086137,0.45764158734232463,0.8941370490063674,0.6434517208484247,0.9297388446619027,1.047303729300981,1.0895989015817096,1.0212508373774845,0.9503737931402467,1.0926620335476802,0.5931781400237465,1.0,0.9037274838974689,1.0796585588843304,1.1560294459973899,0.8024508620124309,1.0258287723621053,0.9647841467511225,0.9857960987318313,0.9126576616282546,0.7831528594149184,0.8174350469354728,0.8474324279551436,1.0000065894067949,1.0542775476833877,1.0110688672910304,0.7054484707377487,0.8396781303425886,0.8377339317620003,0.8776112534007467,0.9717962252009392,0.721372833880973,0.47132014058830507,1.0,0.7564385979397511,1.1400944187661153,1.0534812381718421,1.0,0.9999112769338107,0.9689266473499246,1.0732156167745006,1.1528444334693595,1.0,1.0523465439430655,0.9536402508286079,0.9986634006236919,0.9106499201076551,1.02910381068851,0.9930867281514039,1.1468288462129377,1.0011796171508072,1.078448551984537,0.6241112400867892,0.7197742195623733,0.846697000160002,0.5827820295650199,0.7153862482344792,0.9453289439948521,0.9215470701782305,0.9297124277468422,0.8813393552294668,0.8905277216847353,0.8718951897744962,1.1651095659916428,1.1352835397791357,1.0489237575672143,1.2579562768685755,1.0059138859483872,1.0,0.9637934522372149,1.0,0.7652021850976027,0.8787929279684487,0.904256358611184,1.0491612032631183,0.4927867748323109,0.9033359025223683,1.0480826074404803,0.7644369947741108,0.9736594436072485,1.0672259336119772,1.057539808176368,1.0318501464349723,0.9731286960909247,0.9717381343759016,1.0090832669220617,1.1685940237456232,0.6581293814759936,1.0,0.7483213448980155,0.8392870924011828,0.7495127379785504,0.7609601354697851,0.8029952796454862
2023-09-29,1.2325633542085275,0.41564641748816034,0.6658612919988274,1.0028174687727616,0.8172611660636118,0.6104609477568949,1.0198132839167637,0.8909176337354966,1.1091816288192307,0.705743735615177,1.030691489221722,0.7175140776415712,0.5079424660590526,1.1305677704553119,1.0186773110073513,1.2887304621024633,0.7382824660318519,0.8200028490203831,1.2218566808507179,1.0,0.9117110985419745,1.072650054970376,0.8373582106524566,1.067189176371481,1.0,1.3818320839080878,1.0214486996790806,0.9915903894364416,0.9528754298173954,1.18142642862616,1.0284506217237965,1.0918737083238816,1.0242880985799252,0.9912830672378553,0.7585314273735382,1.0610969675822957,0.8543200144124077,1.0128357233457403,1.1077287526265573,1.1883259458047069,0.7030637462530038,0.9244842687726241,1.0,1.0073877592836498,0.8068894112985383,0.7387796901367572,1.0220109469175362,0.99141747217332,1.0,1.1265069788339361,1.0,0.6691281946387031,1.3645214305455764,0.6255131043065554,1.145200073948505,0.7371636956878294,0.8344910544448959,1.1668212031739302,1.0455324431275723,0.883276637772773,1.0235077812930389,1.0,1.4182915162692318,0.714068152280708,0.796844187092837,0.7190578281842367,0.89118455979787,0.9887425553530177,0.44868139894731085,0.8877796790827752,0.6435678692925438,0.9240368168240984,1.0394541817093252,1.0961926568763432,1.0543696943378325,0.9517279880561295,1.0505552319678457,0.6108390960541602,1.0,0.88204450494023,1.1009797066686,1.0824471654053256,0.7992516079060246,1.0339309523151345,0.9626622361639531,0.9802005478724759,0.9114647079960791,0.7823293280214735,0.7972382860812313,0.8805682297891626,1.0078335751544614,1.0207954308380718,1.0114338929235254,0.7278434389676514,0.80730305373239,0.8259738694842174,0.8861019284284061,0.968373358011182,0.7141860067931458,0.4467846244926068,1.0,0.7320554439599849,1.1428258071799657,1.0830669919248292,1.0,0.9996393107927604,0.9639928351149853,1.0953036930413989,1.1524558528038957,1.0,1.0523462026338226,0.9558210090247613,0.998788395154194,0.9534387574807686,1.0226952051592135,1.0054005892386784,1.190816212342459,1.032146760692623,1.0961034756464274,0.5823832072610977,0.722034019103822,0.8276338428675634,0.6078015328003215,0.7236745869885693,0.9295298435966742,0.9152469296989665,0.9349614613066958,0.8793374765188985,0.8899564701839398,0.8751301539143287,1.1980423366774553,1.1697523340345168,1.0896258849161506,1.2553213457533152,1.006239533288929,1.0,0.968736604631434,1.0,0.7160195389047779,0.8543607479443535,0.8912097395474442,1.0500160240594272,0.4681420903036312,0.8786204155267273,1.0580320647361114,0.7366897379206729,0.9736590433338651,1.0685705593402124,1.0699032076752957,1.0986442179071423,0.9377581634380369,0.9741582386735858,1.012327386342609,1.1726442777339017,0.6564123174875829,1.0,0.7472137585052447,0.823738301628993,0.7494353105182532,0.7591785965379313,0.8029373645217742
2023-10-31,1.194706119549654,0.4107331161038864,0.6639386983007309,0.9730723439011573,0.8047466620884239,0.627005778364699,0.9950766402457667,0.8186848010181056,1.015863485616211,0.6970131747865406,0.9929709802474624,0.7490942818679588,0.5772951453800022,1.0639126146294027,1.0285514475471778,1.274813339502369,0.7153756752581006,0.8874985512082131,1.2410621510391227,1.0,0.8852789807591189,1.0725047359356263,0.8128849992757283,1.035030036108449,1.0,1.3678249301519951,1.018285590466935,0.9892030849007614,0.950952058282693,1.1687868443856684,1.01349616871238,1.0153061541930513,0.991170656585572,0.9913904825756635,0.7623076501587033,1.0407035460053835,0.8662507149057928,0.9782289238871152,1.1040301665107377,1.186207091396975,0.6953981830537717,0.9294674030329233,1.0,0.9810478098849952,0.8049375204625002,0.74577091537891,1.007203767452923,0.9899911049168171,1.0,1.1297898790186218,1.0,0.684657313987478,1.3054461313352692,0.6159532425955746,1.139451321574272,0.7229892782266976,0.8179486432181786,1.1725841957414,0.9818938972642294,0.8805330994095916,1.05064874008805,1.0,1.4090829784547947,0.7938592967730642,0.908469237013609,0.7370435011896583,0.914064709090275,0.9999379301450226,0.44278782360280644,0.83298606124009,0.6448276653942302,0.8167042384521525,1.0133254132628833,1.0714022099336236,0.9959078064930716,0.9300064379795244,0.9668433204809889,0.6053622222955233,1.0,0.8452318672993504,1.083950659319935,1.109523813266138,0.8827330469082179,1.0286421076524397,0.9487781310609786,0.9440540426501348,0.9056287434143219,0.7815503159232519,0.7936771006511878,0.8518068960064894,1.0190642795395821,1.021598156355908,0.9851909868385373,0.7350496895347107,0.7376218467602661,0.8235053259240203,0.907312885038446,1.0345491766869894,0.7512104952518777,0.4318755769016235,1.0,0.7430947362279452,1.146931071934576,1.0786257338513745,1.0,0.9991145361368813,0.9924134389455179,1.1009217530846163,1.1937786109391204,1.0,1.0523613987199076,0.9538991149588816,0.9989193812556797,0.9825046272584296,1.006910972788463,1.027594416734793,1.127340035947152,0.9583187479750083,1.0558363841588851,0.5856864993980537,0.722521713449525,0.7947483638272993,0.5708332554833615,0.7216502365784783,0.9204452973034933,0.9469317055950822,0.9126172500656577,0.8671137624554075,0.8896009710223641,0.8708536467408514,1.226530125724342,1.1464971237417974,1.0164309795563247,1.2603754392360085,1.006216390699739,1.0,0.9672989558957378,1.0,0.6909133926031676,0.8071235954755682,0.8987614921563672,1.042834278838829,0.4560805644328415,0.8666417557851869,1.0273206241789252,0.7591603491344305,0.973667363643685,1.0548725858413177,1.0688326793063354,1.1087385417829654,0.8563379130991948,0.9702157308758868,1.0074597809602175,1.1790836072837316,0.6645033655469097,1.0,0.7388960233655715,0.8335120409615477,0.7495004158830113,0.7597174588501163,0.8029894672592304
2023-11-30,1.1773076921944927,0.4914348365303717,0.6649303825278395,0.9635489015094904,0.8019593788736401,0.6474047895267752,0.9805679064054268,0.8037871068596836,0.9710337965818401,0.848657711062251,1.023118599981955,0.7284280347535494,0.6908567836817923,1.1677337502680503,1.0225383365737593,1.2648361631188598,0.7543588043407962,0.7670410572233387,1.1760883717065955,1.0,0.8804218461090103,1.073074286154376,0.83530870527179,1.0612334400497354,1.0,1.3629741999724503,1.0130576108723595,0.9909856667981981,0.9466697314831152,1.16028635891169,1.012710454925595,0.9810991431973147,0.9589250538336697,0.9917810049220552,0.7792630887592842,1.0634606304558027,0.8533670430923652,1.0212127988556075,1.093849693149484,1.1846414901584073,0.6798863383394633,0.9224466016381004,1.0,0.9821154994910356,0.804298256758667,0.760463419405341,1.0366655892106797,0.9563963845457697,1.0,1.1239657190906895,1.0,0.6659484732226504,1.1723413519136285,0.6020377868687421,1.0754039681707672,0.7890356814976892,0.8153700766483813,1.153280593813095,0.959831173395199,0.8801001376534157,1.0759222334124892,1.0,1.367844435943837,0.8023170159892367,0.9191766340195905,0.7306390824709454,0.9038173149800622,0.9920767719109771,0.466804139274798,0.8149411511761355,0.6452222238044701,0.8322021890890459,1.0035691692202655,1.053052951073616,0.9468351899091904,0.9283499031223341,0.9907632036891637,0.5975979478687734,1.0,0.8819731397800751,1.0556221055878516,1.2046375309926147,0.8653066152320769,1.0258787101673799,0.9377034245727056,0.9951492663415605,0.9231687549641593,0.7830844999966287,0.812124531881517,0.857983620665248,1.0177454206814422,1.1075255003689122,1.0137156116221036,0.7206051629362487,0.8133474228025639,0.8168178246281168,0.8869899527091124,1.0210982980781529,0.8878083468676952,0.4598099266675617,1.0,0.7757984002299968,1.125538294230387,1.0251054934950778,1.0,0.9987943721560198,0.9651928397128463,1.0352782742686195,1.1060572485541835,1.0,1.0522949256748262,0.9531968618166187,0.9997679222208524,0.9696285237441031,0.9966125394938978,0.9921056484293301,1.1306230346572383,1.0933659043783441,1.127267634468258,0.7111302189297082,0.785724230493321,0.7846988631390146,0.6234003003564683,0.7366775682139264,0.9449054724873605,0.9340999706082609,0.936415381188235,0.8878115360853495,0.8891742155176242,0.9429523872660069,1.1306287559752555,1.116998818141832,1.0650794531425813,1.2055757032360241,1.004854047498965,1.0,0.9689141454420346,1.0,0.784821879276524,0.8678253421779332,0.9282279382077973,1.0368959161323716,0.47138609230170614,0.8720074615726555,1.0397724593783901,0.7546831047341312,0.9736604259774402,1.0481775807565776,1.0363204633871994,1.0213036567247518,0.8677966236655783,0.9720541907945517,1.0072519238754445,1.1576811437562795,0.6878386347620289,1.0,0.7435418705245898,0.8756700019365111,0.749447320559595,0.7578187791521135,0.8029745643492914
2023-12-29,1.1837795102957662,0.7403459284754459,0.6637630123017009,0.9535583110031483,0.8092164031944958,0.6279331837034696,0.9157235437294039,0.7962036215806001,0.9352727373948843,0.9624678234259454,1.0706819815463464,0.7076463629136814,0.8524678596345376,1.2811950607460414,1.012588675451432,1.2590391500660294,0.7618717526879186,0.733089223808284,1.1598334613717776,1.0,0.923074048547814,1.0737058867174962,0.7928577054179697,1.0661951917609942,1.0,1.3602722123579312,1.004145764910088,0.9914620375872625,0.947000757825567,1.1497397177331574,0.9225351226101209,0.965543730807626,0.9364870333090264,0.9875657128439574,0.7725428746479289,1.0386847828746066,0.8471402390364436,0.9894335808050454,1.0812039723570603,1.1807858783921976,0.6665656402201978,0.8919382081176007,1.0,0.9703449501957627,0.8210037341518062,0.749661126826251,1.088228926325967,1.018113285099588,1.0,1.1305203313810253,1.0,0.6653832847361103,1.080889956478445,0.5482055040552432,1.0307180349428395,0.7397089352956487,0.836548117451825,1.1550686774714891,0.9131106187813625,0.8839995950743816,1.1690306730320421,1.0,1.318775232958211,0.7642941147362486,0.8590904017642671,0.6996265245579261,0.8755613128599231,0.9706847268370109,0.5320862881448165,0.8024078568430938,0.6943533928443868,0.757449071790806,1.0235489917729677,1.0676715604346292,0.9781630736754581,0.9425955662712181,0.9944216645764702,0.5755796887269733,1.0,0.8878366838216248,1.0547079806721618,1.272158289378214,0.8021001895655256,1.021316281585293,0.8813293982382779,0.9308379012292495,0.9038027015719531,0.7796596255124608,0.7967206219726601,0.7954130299070383,1.012738246951744,1.1125072002698524,1.0002252290502518,0.7086248362317286,0.9240059075240841,0.8343227101771608,0.8916282259913303,0.9365556170384435,0.8718348218163987,0.4426458793940494,1.0,0.7877394046140983,1.1054342028965698,0.9927105619937889,1.0,0.998391753850209,0.9590131307398987,1.0101108491718453,1.0826232989348024,1.0,1.0522951296607326,0.9536591771531481,0.9994349566275676,0.914333054460869,0.9582323050540482,0.9617430546519902,1.1539269153736067,1.0954300344234809,1.1210707892250444,0.8809363298745846,0.782436417659152,0.7866314989642118,0.8735915453887888,0.7786707006811432,0.9957698157204314,0.8883046368958295,0.9233561557128344,0.8665314185285251,0.8891232267565199,0.9020712639601386,1.0954388459591033,1.0957484873484256,1.0684954741167512,1.136711349998753,1.0035048462093932,1.0,0.968036740152385,1.0,0.8885791608791156,0.9183560126510932,0.9254639299925929,1.040252939372867,0.4686171563801673,0.8978542407967014,1.054056624207211,0.6931951924004107,0.9736463639766005,1.026990316165988,1.0072094117329529,0.9700650271303652,0.8365641657576686,0.970322256594888,1.006121047295565,1.121894880539102,0.6610345141070717,1.0,0.7399955279704866,0.9229779549825455,0.7493054369793205,0.7559769381752379,0.802889162972396
2024-01-31,0.9843500446322871,0.7107648275369858,0.6633870223702603,0.9009604150211405,0.7869168978612313,0.6649415684062349,0.7232374361687544,0.7271882339232103,0.7380443768814013,0.7705960859739927,1.0313036577828776,0.7593128854287837,0.8663287388377207,1.1713550779487514,1.0224746773124405,1.2386680897136568,0.7113313007608837,0.8621920729481088,1.197583383236115,1.0,0.8149896647466439,1.072046898521418,0.7195815110142074,1.0090160787750413,1.0,1.3815059112074661,1.0028663983546255,0.9995768452887687,0.949468314256046,1.132854032723101,1.1166354946396613,1.0049279402845073,0.9371441495373991,0.9946854386124745,0.7667920432970359,0.9609816670978354,0.8011600599384165,0.8076756736317715,1.0936167848699059,1.1718611874167815,0.703802038318029,0.9354453869933365,1.0,0.9795742685454316,0.7753634079795751,0.7708759226291172,1.039000529303243,0.9598531229056574,1.0,1.1275690536583138,1.0,0.6660420037655144,1.0249792940346105,0.5280992478809754,1.0234986156900139,1.0754210898197576,0.7741890042076646,1.161976116972982,0.9001094320862055,0.8791693453601133,1.2154872118581266,1.0,1.303696730382327,0.7582994244476694,0.8554875801193195,0.7843217387747917,0.8902935926868955,0.993100921270368,0.504980033545304,0.7290014712987917,0.661412382086821,0.967050541944421,0.9694340697768613,1.02656591686859,0.9122674185704549,0.9172123012412369,0.976169832461079,0.620594539436083,1.0,0.8496115403675475,0.9928299458610185,1.1436412402166751,0.8766791668344573,1.023683901339525,1.0289492530170417,1.079233716053236,1.0151737554949682,0.7903220051577439,0.7520680784251554,0.8500765200826196,1.0223306532785306,1.120900230116375,1.037685926473799,0.6830813689352879,0.9399495360797648,0.8408228817390974,0.8847454672157742,0.9758276635156534,1.0551246779902523,0.5160941546098792,1.0,0.7683415870717114,1.1059060733940216,0.977003885066929,1.0,0.9939911081015559,0.9709592749393747,1.0276797888141391,1.1849687819201369,1.0,1.052249224817647,0.9558587031756797,1.00089079424898,0.7399669867237566,0.981678190617408,1.0510075457047892,1.0733172223498813,0.9246157319349012,1.0419091077041525,0.8327423086480359,0.7776243022773704,0.7594782680405754,0.8432298961008838,0.7601853809827508,0.9880328065283013,0.918574278870351,0.9547262949614771,0.9028190189907995,0.8890634566545614,1.0253060362607478,1.1365530327974596,1.0568219576701237,0.9641881705557475,1.1589542672913433,1.0047973848632727,1.0,0.9667802307267964,1.0,0.8393458974593725,0.8286949590155477,0.9204809417340875,0.9897832466987401,0.46940715548872725,0.8335927124935611,1.0314604636162494,0.7866377371171388,0.9736807978084582,1.0305168668355893,0.9788327676893888,0.9657834139858466,0.8383571677826763,0.9696432359299442,1.0043680889092896,1.1064662326068875,0.5938891869314549,1.0,0.7337347646132459,0.8962259136099385,0.749464270224507,0.7607445131393589,0.8029977653523103
2024-02-29,0.9162313388929744,0.7270426207978677,0.6633468551210555,0.9215742489502516,0.7900844162475473,0.6784979020768768,0.7308044473803241,0.6953237989240201,0.7153693278543113,0.8794007306021431,1.0548995474497114,0.7342726701990959,0.8982451785818606,1.2308345096907982,1.0139676016020562,1.1842288008004895,0.7061257239391179,0.7815145009791065,1.170336841859327,1.0,0.799437952775637,1.0725158789907268,0.7031670087949827,0.9813199502545658,1.0,1.3719240885746804,1.0039480802408909,1.0048996239207333,0.9487131406433442,1.1246137738587438,1.1064767248135574,1.0556026419899263,0.9607913867056834,0.9948689155637253,0.789820058768341,0.9531937991031703,0.7883972840482887,0.7959506178002528,1.083204651103083,1.1764257359863048,0.6940668836849948,0.9169194039147207,1.0,0.9653166610889214,0.7579981455762319,0.7367230497284873,1.0275786569301737,0.9521694331914385,1.0,1.1076535671239238,1.0,0.6582966854723336,1.0271277635403027,0.5313378055484698,1.007948350382216,0.8696437661942429,0.7746636739807375,1.1266329627946108,0.8940040950825208,0.8820187763675987,1.1715882869296241,1.0,1.2054555766365627,0.8108972479692141,0.8630626622995863,0.752676807084484,0.8840277822933728,0.9860163269491848,0.5104177846059323,0.6799732935359223,0.6581918392765285,1.0423497564769004,0.9778182231899136,1.0318238753562212,0.8926779804378722,0.9204137081225088,0.9380953188441039,0.688694213185981,1.0,0.8673059140271342,0.9726799833930471,1.188242762584215,0.845556049603806,1.0225413137994,0.9981152887162236,1.0846775331564587,0.9699743391532105,0.7927871105364445,0.7506040703350576,0.7280838277204928,1.017283220705477,1.1095514793936045,1.0309673058896651,0.6711273285703907,1.0357664254946144,0.8371983128776593,0.8611930774246719,0.9285393007540008,1.0045336632245112,0.5142615679759536,1.0,0.8361845949831244,1.07744312035884,0.9377255667988148,1.0,1.0019394566510373,0.9934476168772447,1.0247397900460664,1.1485241153961978,1.0,1.0522731830993075,0.9575434302655931,1.0004201956475895,0.7008417544174934,0.9700361384670454,1.0236609667539993,1.0838295430438354,1.0036991797368013,1.080102367754592,0.9522395886950219,0.8389104425386833,0.7681183535668807,0.9587998231998657,0.7999027605658072,1.00649648202221,0.9162232632217493,0.9595924376613995,0.8761436502710854,0.8879429870856108,1.0146986118538355,1.0946536471789732,1.0457787963012661,0.9879929559731445,1.1142335309885665,1.0030074201098311,1.0,0.9687154476465732,1.0,0.8433214985353551,0.8705540716124853,0.930986715831019,0.9668634433154721,0.46498731826893147,0.7999378083397337,1.032508067248953,0.7351829395151638,0.9736533664326066,1.022184799485738,0.9612920589811057,0.9333146663470697,0.8099719256605933,0.9639620567976889,0.9973428905314696,1.0733420920285386,0.5922339050056222,1.0,0.73126735703686,0.9451371895212443,0.749363609898834,0.7571092080747464,0.8029108863751112
2024-03-28,1.1324816777302966,0.6897975037421837,0.6638693272773516,0.9663057737306963,0.7896644802522752,0.6502738000615211,0.656505344956611,0.7809022921855653,0.7979222506391347,0.9306355208734098,1.073038193012434,0.7254015986748386,0.8108557288269908,1.2700546229496994,1.0074995700403582,1.2467938045614302,0.7112063942667068,0.6978802819476171,1.1888543965744,1.0,0.8668960425278389,1.0716940696756887,0.6803221797380601,0.9873445147546043,1.0,1.3854394074203205,1.0030055465046337,1.0046186235654853,0.9457960972001274,1.1486866410533647,1.1538356058021644,1.0631208637420593,0.979178206205372,0.9843974746320201,0.7782654274613026,0.970533927820233,0.7932675482002015,0.7661677293024394,1.093307978088135,1.1245223672062714,0.7458614988403027,0.9413561992875292,1.0,0.8773422474960257,0.7722858605729408,0.7627367078633399,1.0505912991872997,1.0181625293908265,1.0,1.0855578948942197,1.0,0.7606011575345237,1.2841619261971444,0.5219138296953476,1.0252851977426796,0.8592399304486602,0.8124954837479734,1.0591350877705952,0.8932224280125005,0.8774283637767141,1.2616415214850998,1.0,1.2166291377377116,0.811235502167284,0.9193104125793145,0.7389519394720885,0.8928624935112213,0.9862550604426104,0.5853135296516006,0.7065250074838778,0.6572042812304951,1.0418049903295454,1.0084743968567358,1.0693247743828997,0.9833930367874013,0.9283162222214814,0.9395197285607686,0.7289022797740269,1.0,0.8473016086428131,1.0213511334417964,1.1147784678265649,0.8636579635428717,1.0236892746717698,0.984294158765442,1.0658191968907693,0.9734855951316569,0.787499500801329,0.7532897009983872,0.7789552553526436,1.041550943651781,1.12716457870973,1.0224787820393757,0.667394394833569,1.0847530867664203,0.8304270873044164,0.852079026112168,0.9229650343987865,1.033475881289087,0.5600227770413295,1.0,0.8230945312353906,1.0585491110840666,0.9286293975444606,1.0,1.0001108893248771,0.9998303598858345,1.0249578287553809,1.0973350757718177,1.0,1.0517603291125457,0.9648787909355261,1.0004523022203469,0.8290857339551357,0.967751933106089,1.0012068117267108,1.1325463558503057,1.1062556882300154,1.130597844020715,0.9619781245705052,0.8671662580305854,0.7621125607445056,0.9536874614806031,0.7679799359270312,1.0159213656034114,0.9214106502695066,0.9402967072153956,0.8832419095910204,0.8885509350800944,1.0287180831820628,1.0911836203803782,1.0633295850763782,1.0594630050770786,1.1146960485696884,1.0029775096530704,1.0,0.9698218622635736,1.0,0.8974157640898746,0.8772192013878084,0.925592348895344,0.9529543275537757,0.46359395855846564,0.7993081160452478,1.0668202797697146,0.7410658599910115,0.9736557957375144,1.035054670956591,0.956555400789491,0.9554405160922661,0.8602225163066342,0.9657349236355034,1.0013758411574274,1.0862808911783144,0.5657658762949207,1.0,0.7312002809979496,0.9570474439893203,0.7493717323557251,0.7577988076273052,0.8029229815765351
2024-04-30,1.0885268214585955,0.7287772400462889,0.6633271648015966,0.9139448799715664,0.7841265287908108,0.657409573472343,0.5749386662775371,0.7486251394893151,0.7759052038914539,0.771780365774572,1.0637680890868844,0.7353425114219975,0.9724228049840281,1.2222909714511627,1.0120540808243443,1.2527121482475485,0.6893552131901897,0.7293813394923652,1.1999164020050554,1.0,0.8615842250431089,1.070911310274526,0.6269137807640544,0.9277487173838102,1.0,1.3884427319356587,0.9991049533742359,1.0058641150824703,0.9471672845198988,1.1574314245142474,1.0998096484130229,1.0146927480337682,0.9590804794402649,0.98421413659849,0.7762691041344086,0.9527206133315425,0.7857021143971223,0.6289130069998639,1.0979419762910618,1.0934494902412208,0.8064296033055596,0.944611910400602,1.0,0.9423166484693868,0.790452019138802,0.7601769511736869,1.046846360258368,0.9996727469613519,1.0,1.1043447105923074,1.0,0.743557287308837,1.2196166934095263,0.5398195446965846,1.032301623253335,0.7133898707226183,0.8023736631343947,1.026268225713018,0.8787942333223362,0.8767037433476584,1.2603937200265387,1.0,1.2038209176666557,0.7822402972010253,0.8978559990424512,0.7350888850049222,0.8750167324727298,0.9783875912037278,0.5404011944694362,0.7027373732993324,0.6646523160006187,1.0322360571402518,0.9947807379105548,1.0564912728022047,0.9580969100922512,0.9185729086846309,0.8590201169333046,0.680336975884541,1.0,0.8084474273618653,1.0126527774231002,1.0602758853379266,0.8480838714895704,1.0244625322432517,0.9502462784464432,1.0436285455251701,0.927206525571466,0.7856909939617757,0.7069447545232816,0.8457973312458169,1.0926725899056449,1.1090269578404424,0.989848676643241,0.6707558419206112,1.2105988450238885,0.8236104538672486,0.8206309703286729,0.8848737505801044,0.9728238793262303,0.5232052691054929,1.0,0.831363280638339,1.0381543223202903,0.9135872989285395,1.0,0.9999261387839913,0.9946169468351164,1.01590719615719,1.101936823630432,1.0,1.0519714744950903,0.9666461712802388,0.9996115311318408,0.8065107695978823,0.9776160398582548,1.0119002223919045,1.1361301375618986,1.1170800493976654,1.1361123428657367,0.9406760948498649,0.8195768279090341,0.7273489157255679,0.8496025669372924,0.7467922928454049,0.979134489711751,0.8861418104031588,0.9256847202292229,0.8637883476051188,0.8883758556616377,1.0086074983547904,1.0927541525965045,1.0455587065462002,0.988260509464022,1.0665180279327946,1.001066276604069,1.0,0.970142414762925,1.0,0.8934535608079274,0.8876477549131396,0.9201247290471638,0.9573227193690291,0.46411030382201535,0.7808694868929779,1.054759779811434,0.7352914234716126,0.9736557443644311,1.0293939498208713,0.936362390674531,0.9451964302839874,0.829204521162936,0.9670309554834101,1.0008471271792254,1.07943319161368,0.5429167450405661,1.0,0.7238973526420557,0.9210351813768052,0.7493379566929022,0.7574837006537665,0.8029053053751041
2024-05-31,1.1751345548761125,0.5955396547021663,0.6633715136150069,0.9322221694378492,0.8260953328187282,0.6432542899052269,0.5626958608943252,0.8423629573071132,0.7581021716584408,0.6830391540517052,1.063797933631031,0.7409490392702599,1.1159312265922672,1.2284613188737223,1.0112644102376622,1.2921100160418737,0.6758618814323333,0.7430238096655324,1.2547652578610387,1.0,0.9020250604680331,1.0712247541165587,0.6113872102745243,0.9404417392332741,1.0,1.3889357286615298,0.9955263895712386,1.001733892492168,0.949517749931699,1.14361517585706,1.0590967440897627,1.009784546562312,1.059386479894287,0.9770685914580807,0.7597151816979203,0.9494149578612435,0.7853397102882799,0.6340994964364437,1.0694437066573697,1.1045161587488812,0.7693166404779602,0.9734429887639273,1.0,0.9447905427208838,0.8221395465711856,0.7531974344090094,1.0372213419865464,1.0370427954190446,1.0,1.1073716457886633,1.0,0.7664964975367119,1.3534648885319176,0.5491888332929228,1.0562351522963975,0.7341531401951217,0.8105054777547317,0.9190878287069696,0.8769017573342256,0.8795924621140195,1.2517368766705268,1.0,1.2729567762170761,0.7499952859359564,0.9288731457435785,0.7451036166478255,0.8832924353577952,0.9829562406083071,0.5452370993328506,0.7400051025068598,0.6715630246878359,1.138778942168948,1.0061865488360824,1.0640489699766287,0.9860190293845477,0.9236644624994956,0.8753499586812766,0.6925030611671521,1.0,0.8095365723920606,1.0649547719458288,1.0054131795366341,0.8470955333064563,1.0272309943518385,0.9289468531628624,0.9989939179148571,0.9224645090975945,0.7849697633790862,0.6880519324437537,0.9503726557373151,1.082578438577864,1.0522585619148705,0.9751730356779635,0.6630037618993254,1.0283617171166612,0.8196028242391596,0.7672140779673922,0.8844404307380244,1.0017620639814466,0.5292565248800813,1.0,0.7831117704961158,1.043325618147624,0.9097317996565712,1.0,0.999315889329542,0.9769890152517011,1.0300484595664905,1.1612865095828764,1.0,1.052235864827513,0.9692042124396756,1.0004989704232534,0.8750733358493213,0.9814417622500213,1.018723610913629,1.1304529320927832,1.1237716551029868,1.1394808907126674,0.8605271617785204,0.8069521737784487,0.7408572462031149,1.0376720936471215,0.7686053045348218,1.0077336942488098,0.8853740975447264,0.9184693642286726,0.8580866841961045,0.8876558786290863,1.017464817739454,1.1338181483159322,1.0711709007008603,0.924155337997387,1.0866812440112157,1.0018523895461606,1.0,0.9702768526216381,1.0,0.9055797486539923,0.9450882768060699,0.9138633873080367,0.9574819868605661,0.4550728912612447,0.7732483893093938,1.0970735497326927,0.7287548327650197,0.9736540166869518,1.0338258646202059,0.9436066473213701,0.9755908282363728,0.8342969378485833,0.9683543467438355,1.006303424891182,1.099012396683275,0.5276465721304862,1.0,0.7394933224450242,0.8977645688303633,0.7493107166236477,0.7562331546422961,0.8028926951194915
2024-06-28,1.087581280662179,0.6094163120990281,0.6628757153215918,0.9022831805506225,0.8057029692552999,0.6599564153019446,0.5501203674958227,0.7657948691077691,0.7204968801070879,0.6701517733598837,1.0205311902322183,0.7937792915732044,1.1435269899179694,1.149251081970763,1.0216809731821879,1.2764642431278639,0.6819331764871861,0.8062090486818861,1.2143829590248225,1.0,0.873046022267799,1.0729996076516541,0.5693747970399237,0.9859140404820567,1.0,1.3856752812691728,0.9954823430241119,1.0023782187185244,0.9461362607218724,1.1234386747080611,1.0912802445014171,1.000645363522466,1.0553763081205172,0.9847591852194826,0.7725457047579143,0.9514476590031741,0.7839149567546297,0.5850770709408509,1.0638232722505363,1.0035221531960015,0.7824576453262267,0.9454576458173879,1.0,0.8806419927368523,0.7959991049511471,0.7788218249914343,1.0041468271021012,0.9895059746179823,1.0,1.0877993103944352,1.0,0.7403829284356622,1.3318442115639502,0.5529494569202165,1.0622449858153225,0.7371547304159825,0.7906220460668969,1.0424721257488796,0.8758384355461007,0.8953682765918994,1.2913197414228181,1.0,1.2309338381202126,0.7630870451828923,0.9424978935665689,0.8064643240335893,0.9010364677810125,0.9844564206071754,0.5294752227508477,0.7211375974914458,0.6689632658255646,1.2548556675218085,0.988041916459351,1.043266283118505,0.9341909650793182,0.9167026719252818,0.769862897648632,0.8042282395424816,1.0,0.8265689865156929,1.0318716624911546,1.023372243120626,0.9168347139978321,1.0135802562439562,1.0031850599246608,1.021028819306881,0.9560801131487973,0.7907717195424628,0.6928787773769887,0.8685863269388479,1.1088029936701524,1.0459129868581793,0.9786925121129406,0.6643711958567033,1.063617003546125,0.8520428002470687,0.7509769540943793,0.9436570905726933,1.095481411618344,0.5349644159715681,1.0,0.7711504237026529,1.031556183553273,0.8941012045300851,1.0,0.9977266208076002,1.006179151933835,1.0203879222959016,1.2049370677631324,1.0,1.0521680521082082,0.9670166503510572,1.0007274771778285,0.7323848268226736,0.9991554760619391,1.0485923946292253,1.084085859043691,1.0794049667778773,1.1126636263552956,0.8339875691901152,0.8120148029009056,0.7312898384022001,1.0302023397914915,0.7565760337484254,0.9813404623271593,0.8863581970095868,0.9131424652400267,0.8675870510015299,0.8878905875338983,1.0663367988453007,1.1203034415390745,1.0409827302035786,0.9040957056089866,1.0692946671684294,0.9995944435603152,1.0,0.9550641471713694,1.0,0.8814661287296257,0.8584839043640078,0.9160628371045958,0.9479523721663233,0.44860529614567635,0.7781634430740232,1.0532498315374945,0.8028561538565546,0.9736913547682031,1.0130249983414048,0.9328924069073179,0.9452874101423232,0.8068364625748895,0.9660768137192433,1.0068048348482221,1.0696644229899446,0.5329690469915764,1.0,0.732715415988383,0.9033653232979634,0.7494208478411973,0.7581057794260865,0.8029469237120708
2024-07-31,1.202611908036482,0.5604469348395422,0.663091431048302,0.9860222413718233,0.7950953497626062,0.7093360848851937,0.552468755846405,0.7835186204388406,0.7503497510394423,0.6779922663726304,1.014515343227726,0.7951170759325406,1.16897886852926,1.1374504866488935,1.0193874600285822,1.2917787327701384,0.6863214401604599,0.7952245259480372,1.1971291419992962,1.0,0.9554560119734571,1.0747565492786693,0.5687312250156207,0.9227978243213094,1.0,1.3866715853551266,1.0017240553126832,1.0030974348939348,0.9469175508427843,1.1205424596491842,1.2459560030156505,0.9815875229775244,1.0518614591988225,0.9837062585580859,0.7687927636367141,0.9596120604089049,0.7837526675928539,0.5761270928961262,1.0773357304227227,1.104659345604872,0.8187972783963746,0.9409306271802828,1.0,0.8528318219319304,0.8178877283613828,0.8727300283951493,1.0319739719909944,1.0199231589946602,1.0,1.0744717126068823,1.0,0.9314278806092755,1.393899727897293,0.5662700993739194,1.0886432460841475,0.6976461176420699,0.855582802433953,1.0663531605964052,0.8719997650220039,0.8778749087323793,1.2288371845957198,1.0,1.200585487978447,0.7515289877490028,0.9307587584865264,0.787945380760791,0.910124554147351,0.9844540101748596,0.7729844463042843,0.7203416942899766,0.6544903187923519,1.2627228000525137,1.0260723460191383,1.0445028749197827,0.9331552756726367,0.9292891785882613,0.7401111511880184,0.8024152109024967,1.0,0.8640039177118437,1.0524547616124535,1.0417920329292727,0.9540272153818137,1.0296276873347026,1.0182362155736713,1.046147840397821,0.9677598224433771,0.7921574204127083,0.7051749095141591,0.8399470473529416,1.086948022866503,1.1061245261008255,1.003809596163778,0.6631552551622912,1.0342960036784612,0.8356123840826695,0.7526822707222569,0.9489906349966486,1.0892403772577295,0.5578201672867331,1.0,0.7728180937289653,1.0246829158197668,0.8773002556662721,1.0,0.9986804080745061,1.0121111411310295,1.0181045004940863,1.1978489923876072,1.0,1.051486244073333,0.9683294649989289,1.0008127861785951,0.7362518104543636,0.985760648249539,1.0484082997157813,1.0296184030021251,1.043369777623031,1.0940075359469184,0.8791678153488347,0.8336543389425719,0.7695428375273086,1.1674281868673704,0.7748016954205662,1.1712241066957696,0.8936849214434134,0.9225958377832852,0.8786030383143604,0.8859766446699384,1.0893692152663097,1.1029548952162547,1.0491026963200663,1.030609272852849,1.0715693608514336,0.9996556775611712,1.0,0.9659968693610141,1.0,1.1207265137095632,0.8925035194142668,0.9059609756747169,0.9457295949167693,0.4503772988091418,0.7359248111927933,1.0638019027687518,0.8229018659823187,0.9737648907045764,1.0225328834905894,0.9294289959018813,0.9245948324352864,0.8510431656056502,0.9672505307793593,1.008989746864048,1.0752931772054344,0.5325134602458806,1.0,0.7667827698388571,0.9144003858701587,0.7494662676912767,0.7594945879278219,0.802991642331809
2024-08-30,1.1873804805425436,0.6737724669701455,0.6622518151907238,0.9793282540462597,0.794105237006382,0.7450585784544604,0.557277896496106,0.7817720530879901,0.7302964347559362,0.6859173829776335,1.022808599707283,0.7674637038313716,1.171559381884907,1.1486016965746124,1.0169317799887319,1.2912812504081734,0.6925710514210848,0.7125363138368291,1.0886547430067277,1.0,0.9544721638695497,1.0794700286826246,0.5689119835565597,0.9211941202079696,1.0,1.38434051650357,0.9968418148492117,1.0069314222848942,0.94380567889808,1.1074611101478515,1.1339158812505135,0.9774184556170884,1.0469092391376755,0.9802822709094425,0.7697038815331142,0.9574131309718096,0.7835927704917516,0.6037584888048393,1.063000602190864,1.1159742459359048,0.7805160490303666,0.9453497388702878,1.0,0.8509526011423734,0.8245550031865869,0.848920550769872,1.0434235145824207,1.0142039053880518,1.0,0.9877167219012322,1.0,0.862046136724528,1.3613706111290467,0.5832793068897988,1.059406329364986,0.6653150519860227,0.8589391808552068,0.9700893372592294,0.8730651023887903,0.8825307634747809,1.2510826716449912,1.0,1.1271863485060722,0.7626026070243234,0.877756787557236,0.7863499028892109,0.9034259477370286,0.9842822145462305,0.8027402584248715,0.7426384254681007,0.6586241802737507,1.2361329054217862,1.025434226209242,1.0406613288150524,0.9308732112593398,0.9384910054613961,0.7521715480492068,0.7616073565974592,1.0,0.8747420237038595,1.0541668322226938,1.0857757582957253,0.9372743938897867,1.0266153803118871,1.0266888592852064,1.05157241838125,0.984193936264065,0.7919359409484963,0.7231310705997769,0.7938139638106843,1.1071516077622292,1.1190809061410667,0.9981542339327202,0.6621107619111368,1.0006008425332442,0.8569437320513932,0.7940485778441659,0.9678309611355703,1.0617603566687301,0.5652426019069379,1.0,0.7815903721899524,0.9838676550395672,0.8588427707346742,1.0,0.9984268468673371,1.0672492126679745,0.991507501398618,1.139391466098365,1.0,1.0513455693408054,0.9686717063560689,1.0001216521561351,0.665663011852732,0.9862417741045304,1.0447625897768185,1.059731035714929,1.1010229540083158,1.1234593751120936,0.9070280383242084,0.8008679796548689,0.7858583756616584,1.133403816173794,0.7845057651117711,1.1213533167472063,0.8936391246317362,0.9084899234143483,0.8972424514979538,0.8816115496597223,1.1111838054645409,1.0407997539214524,1.0326888892963821,0.9816165652073396,1.0260221052973428,0.9960502939343333,1.0,0.9613583921284914,1.0,1.1291578549840646,0.8952245791883322,0.9153443570781443,0.9458310541810075,0.4501409302999768,0.7784441648959484,1.0644266500393436,0.8420789536820317,0.973717168532853,1.0100744337283698,0.9134119642489761,0.8855226784795401,0.8383095872897077,0.9630940868546556,1.0079477524405036,1.0665460010157082,0.5356408920316286,1.0,0.7431151215108649,0.9056457002997985,0.7495275678743197,0.7594323303700345,0.8030805009169697
2024-09-30,1.1629129916709262,0.7287850472687554,0.664525723593943,1.0197386745867545,0.7938871770383564,0.7614856862041579,0.5654330963739064,0.7662423156643428,0.7304857987575106,0.6868266311753009,1.024370711679569,0.7493340150668925,1.1876986669012521,1.1657297029937204,1.0118480540481607,1.2704705103334921,0.6893957202414258,0.7046403713189118,1.045474187890602,1.0,0.9308789116912343,1.098032103135733,0.5884839356681583,0.962970315380708,1.0,1.3776299420076457,1.0044325572923907,1.0063426646236981,0.9452214906118288,1.0805408538040693,1.0664909353124439,0.9700720660379946,1.0378004082002021,0.9759201917078555,0.7655560337771823,0.9624274182584375,0.7836154301551034,0.6438714298994044,1.0424796111206729,1.0638570699158407,0.766570083877899,0.9293061442364912,1.0,0.8916901265921158,0.8193842696505054,0.8031336786539601,1.0436536733356259,0.9789139352794365,1.0,0.9530963721253558,1.0,0.7554359436367295,1.2969649291314318,0.6106149224379583,1.0321380169922394,0.6765684515312875,0.8517540085548684,0.9652808667553091,0.8722621430616815,0.9197173642579314,1.1946150787367549,1.0,1.105451600957462,0.7581344137655464,0.872868201070107,0.7845341704604953,0.8968485232745498,0.9795882927450376,0.7945853371471631,0.7668951683970207,0.6574363644996255,1.2396752591233684,1.0249776476112937,1.0273062269856008,0.8814866929469305,0.933966765635611,0.8018482372217368,0.7087867190705132,1.0,0.8911078281480238,1.038643655345486,1.1178713368352435,0.8954392961591495,1.016275377232461,1.029046732923458,1.067851481035091,1.01394437291354,0.7955309163162039,0.728810461620914,0.7515741392060796,1.0967753180094024,1.1273935664774846,1.007919430689483,0.6582044849518752,0.9750344565474479,0.8819751826221597,0.7930449227334252,0.9443898428644018,1.0975009153003876,0.5484427968266277,1.0,0.7714736498171413,0.9743690327386229,0.8567726050951552,1.0,0.9987292782748612,1.0721142867499724,0.9810662978469761,1.1303862450426743,1.0,1.051347189676842,0.9680229627427973,0.999771294834319,0.6636519528689474,0.9838314539603632,1.0392118164505815,1.0329250323271106,1.1182552490206543,1.1339455339941842,0.8929185660865062,0.80065825087887,0.7865926810726436,1.131860490805393,0.7770168834305927,1.0927475651706557,0.8833124227830614,0.9103440595720418,0.9013805712046331,0.8834416148186351,1.1079870375818395,1.0224673559577826,1.0237322188940612,1.0032785877705799,1.009566737617418,0.9966104458290456,1.0,0.9623239618841352,1.0,1.1029743038364075,1.0529984444726597,0.9101552708420071,0.9465963490180684,0.45108210307939045,0.8289408024752491,1.0452348542111274,0.818229515027044,0.9736882373301056,1.0073640388247713,0.9099961721147126,0.8741418602971487,0.8232597012678489,0.9612585524976479,1.0020165026289467,1.0633534718807331,0.5488010112719898,1.0,0.7638696430325637,0.895092261766584,0.7494079064199164,0.7577516537084388,0.802969370254892
2024-10-31,1.0932388952483945,0.8108637413440192,0.6646967140627877,0.9597947772856897,0.7905371762940183,0.7823569974182755,0.5521426175580204,0.7324383902127815,0.6979163489667755,0.7187821595426749,1.042078305496039,0.728229561409071,1.179311673779066,1.2372280037554535,0.997295847454517,1.2352349840476402,0.6930832253750114,0.6564226535758715,0.9684117145755453,1.0,0.904801066601951,1.1030259762612573,0.5698087776747174,0.9354889339264663,1.0,1.354076864537741,1.0050282800528147,1.008616270358829,0.942985122670695,1.028968846239945,0.947186490461885,0.977942814970519,1.0578799275721165,0.9780648745411687,0.7822412488334194,0.9564083529500936,0.7846057715709265,0.6076507872551854,0.9648978225518697,1.0227944996853533,0.7440974932774658,0.923474020796861,1.0,0.9198955251695932,0.8010243045013697,0.7919096633844179,1.0466109707337463,0.9516311146785749,1.0,0.9231710045836554,1.0,0.6885064520105342,1.0743729135343592,0.6917421962389247,0.9806956321395385,0.6712556690297422,0.844701374480349,0.9448846316178146,0.8709352893457106,0.9235233774806648,1.2165254738695306,1.0,0.9879616392771626,0.7013361155643807,0.7986685030324793,0.7914874292870445,0.8811000656733803,0.9641336117097618,0.9280144651981509,0.7769853196265648,0.6508459448679145,1.1916104059794337,1.0038567384466281,1.0203524903687864,0.8603371353014978,0.932952234444302,0.6726941741834545,0.6667265102508403,1.0,0.894974870205536,1.005547526998846,1.1119308885685746,0.8267160599245357,0.994560892155241,1.0365929449412095,1.093842023954806,1.0346002685628992,0.8203862672911441,0.7353118186389698,0.7078405863271384,1.1023717417283367,1.1320105160715739,1.029232170564384,0.6582943761598474,0.9241626118181148,0.8941844112585723,0.8283684314542578,0.996694769890309,1.1019824360537882,0.629486860265486,1.0,0.7814344984413838,0.9184423013766658,0.8334324068901733,1.0,0.9988424221524485,1.0963103252390167,0.9650141760692303,1.092710067019893,1.0,1.0509119043646662,0.9684738137410582,0.9996509849257676,0.6159833713071696,0.9329117203410802,1.004749591041366,1.0,1.0,1.0,0.9740839153929518,0.7720008528808378,0.7865731793798806,1.1936917932876139,0.7544616027462199,1.062888877994485,0.8692577457514048,0.923676531257621,0.8737279454356124,0.8820375019475166,1.0993853842059695,0.9600893377902856,0.9946559820289133,0.9316825681403678,0.956288925440611,0.9935887978205132,1.0,0.9634939667624054,1.0,1.1639243043393,1.0972171286725148,0.9137826735976282,0.9458004454782125,0.4556751172950758,0.8567809584518387,1.0484505209653996,0.7836391851900202,0.9736677622821915,0.9584204443541392,0.8894976417724975,0.8514095451192796,0.7320818800799144,0.9431205885165118,0.984913661750854,1.0241641161800823,0.5493833815025437,1.0,0.7937627422788271,0.9236165118249641,0.7493414699453651,0.7569562657152704,0.8029092870701318
2024-11-29,1.1123993520479276,0.843540145215022,0.6638373343746693,0.952429006905762,0.7868604662448453,0.7661976882302584,0.5474797029303686,0.7315150283947514,0.6872420345245318,0.6786181925294328,1.062018521235375,0.7298586515455094,1.1716564753823042,1.2415558571123957,0.996656156013667,1.2699185165047489,0.6779287992416962,0.6698727418644546,0.9782982124956667,1.0,0.9039556386493044,1.091628784932089,0.5470076557965384,0.8909987341902297,1.0,1.3679586390812748,0.9983010136788932,1.0082873421098106,0.9438749911553105,1.0294196753921947,0.95026997184095,1.070571871204315,0.9859766555843017,0.9799488020368287,0.7684902276965953,0.949657361296644,0.7850059960904735,0.5767568472599276,0.9852555522996704,1.0796717755856475,0.7423528842967742,0.934650231599216,1.0,0.91846848466053,0.798207445561492,0.7847446694434561,1.0194567569976827,0.9470445609670001,1.0,0.9028801880036886,1.0,0.695727894631195,1.1466337600861776,0.7034303640724668,0.9679935222446288,0.6608427939000593,0.84592366487922,0.9225812604089416,0.8852138456100103,0.9331997867240945,1.2323132235358223,1.0,0.9860691197981407,0.7168133284313493,0.8211404921756944,0.7767517429156783,0.8793683249709138,0.9672464882772777,0.9469288316890829,0.7227553799259289,0.6520030353137638,1.1571323351413338,0.9928508588400473,1.0133131814596188,0.8882561696041829,0.9328992721296979,0.6210730432283966,0.6639451968688084,1.0,0.8692986228505584,1.0274484120723721,1.0493976242423868,0.8149788546680349,1.0013326533749587,1.032378376791675,1.0795679063234436,1.025730320155941,0.8288545660631577,0.7240412875606346,0.7843278203116918,1.114928370340491,1.1337050522688465,0.9976050298465517,0.6591203876999547,0.9835258797722644,0.9059483409672044,0.7731230823809871,1.017664954298026,1.0781277872371553,0.5962688889112655,1.0,0.7581360575258347,0.9205423488171969,0.8315387238782956,1.0,0.999770876731669,1.0916085367566313,0.9567104857348272,1.0872167821504997,1.0,1.0506364750404869,0.9553274477161694,0.9992578373536365,0.5902920360187562,0.9362905804935742,1.0016022168122813,1.0,1.0,1.0,0.9271344992451062,0.7335544957346335,0.7695489847710648,1.2206656918074472,0.7566357627293496,1.0102030997649143,0.8726841257549389,0.9050115486071055,0.8528549808448745,0.8816908037311428,1.0619295329540253,0.9466182632236539,1.0035265178192192,0.8702537940786413,0.9201449186426761,0.9930667919528112,1.0,0.9631734665738159,1.0,1.1686626920133463,1.084298052763048,0.9075008734012546,0.9511614676156717,0.46304680358334194,0.8859849030359105,1.0591772253542027,0.7706138132890671,0.9736784992340606,0.9729275044862347,0.8858437661039411,0.8504937163901213,0.7093407980894928,0.938048050079348,0.9903147805331726,1.0313965934443392,0.5460243383126531,1.0,0.7770130743972528,0.9004354004764901,0.7493376281523743,0.7569107271327415,0.8029030334009831
2024-12-31,1.0385004362555887,0.7795523193265386,0.66842664401256,0.9547926551489025,0.7849370393249456,0.8113562529266797,0.5398937955780019,0.6942234448598181,0.6817723816419845,0.6687797258342192,1.0271095448859855,0.7676788008263291,1.183721028476469,1.153381442051008,1.010832435362911,1.2550718655837796,0.6813953578458358,0.879191396803573,1.0163576366362186,1.0,0.8571254681259703,1.0855129608622538,0.5361910998709621,0.8635746575594525,1.0,1.3812431579154543,0.998643902173245,1.008754225491831,0.9424863364797343,1.0505053006370542,0.9359317410357472,1.1411384449307818,1.0406701839452117,0.9870804514116023,0.7774369952034583,0.94497829651818,0.7896661319036239,0.5698567843164412,1.016073111462657,1.1016205604452443,0.8090296158022252,0.9800577588342795,1.0,0.9477669880828403,0.7976096838824024,0.8192849711255752,0.9973391990560629,0.8640165914459295,1.0,0.9422691295081332,1.0,0.6797219684531517,1.0660343998970085,0.7898549926902442,0.9716136568380739,0.6645509287502444,0.8279511653241063,1.0092668291426419,0.918748879204558,0.926903348117651,1.172779966127442,1.0,0.9976051786805131,0.7521823746444083,0.8735673303955812,0.8102290490980497,0.8840768787688382,0.9701779832677295,0.7997343812414278,0.7205107168454046,0.6494238589951213,1.189662241547782,0.970255384651383,1.006114017575,0.8715627006539824,0.9277861473170113,0.6195790929446089,0.6755382096384017,1.0,0.840410373371562,1.0102289486142124,0.9707988691863456,0.8142045872342827,1.0072828465132773,1.0288445122542635,1.086956487963838,1.0242248326611894,0.8265261550371082,0.7131526718040595,0.8056827807311198,1.141345684538441,1.115916750250097,0.9826763258260767,0.6668665337161136,0.9103811644066013,0.8725224017463149,0.8024240672202242,0.9616367076395214,1.0564472287350573,0.5991251076071851,1.0,0.7543360498130305,0.962183647766459,0.8586382585855069,1.0,1.0002372477892756,1.102000175866765,0.9612158524896711,1.1679386553956244,1.0,1.0512233418300405,0.9523444031471411,0.9992189470249345,0.601979760595867,0.9699799864282623,1.0231839029747831,1.0,1.0,1.0,0.8553378782966228,0.7489502694034129,0.746958454157062,1.0796536867529516,0.7252968128438505,0.9170793843370172,0.8708064002300627,0.896107597835433,0.8817613023546546,0.8817333526062652,1.108338601170812,0.9818323309374642,1.004740414952595,0.8510181468467918,0.9478076970127707,0.9957248224863345,1.0,0.9627600192988648,1.0,1.1049742580875632,1.061008561964706,0.8949573291810622,0.9521712380102062,0.46919714189747397,0.8400287229891222,1.040106028270815,0.792320186876863,0.9736699260562767,0.9689636956736117,0.9009505545555496,0.8546575250729163,0.7448396402293929,0.9383093179540746,0.984905651434268,1.0456859161828536,0.5399170399458035,1.0,0.7953172974006446,0.8588604713507396,0.7493508590362561,0.7573273376292748,0.8029185547557534
