date,AM,AbnormalAccruals,Accruals,AccrualsBM,AdExp,AnnouncementReturn,AssetGrowth,BM,BMdec,BPEBM,Beta,BetaFP,BetaLiquidityPS,BetaTailRisk,BidAskSpread,BookLeverage,BrandInvest,CBOperProf,CF,Cash,CashProd,ChAssetTurnover,ChEQ,ChInv,ChInvIA,ChNNCOA,ChNWC,ChTax,CompEquIss,CompositeDebtIssuance,ConvDebt,CoskewACX,Coskewness,CredRatDG,DebtIssuance,DelCOA,DelCOL,DelEqu,DelFINL,DelLTI,DelNetFin,DivInit,DivOmit,DivSeason,DivYieldST,DolVol,EBM,EP,EarnSupBig,EarningsConsistency,EarningsSurprise,EntMult,EquityDuration,ExchSwitch,FirmAge,FirmAgeMom,Frontier,GP,GrAdExp,GrLTNOA,GrSaleToGrInv,GrSaleToGrOverhead,Herf,HerfAsset,HerfBE,High52,IdioVol3F,IdioVolAHT,Illiquidity,IndMom,IndRetBig,IntMom,IntanBM,IntanCFP,IntanEP,IntanSP,InvGrowth,InvestPPEInv,Investment,LRreversal,Leverage,MRreversal,MaxRet,MeanRankRevGrowth,Mom12m,Mom12mOffSeason,Mom6m,Mom6mJunk,MomOffSeason,MomOffSeason06YrPlus,MomOffSeason11YrPlus,MomOffSeason16YrPlus,MomRev,MomSeason,MomSeason06YrPlus,MomSeason11YrPlus,MomSeason16YrPlus,MomSeasonShort,MomVol,NOA,NetDebtFinance,NetDebtPrice,NetEquityFinance,NetPayoutYield,NumEarnIncrease,OPLeverage,OScore,OperProf,OperProfRD,OrderBacklog,OrderBacklogChg,OrgCap,PS,PayoutYield,PctAcc,Price,PriceDelayRsq,PriceDelaySlope,PriceDelayTstat,RD,RDAbility,RDS,RIO_MB,RIO_Turnover,RIO_Volatility,RealizedVol,ResidualMomentum,ReturnSkew,ReturnSkew3F,RevenueSurprise,RoE,SP,STreversal,ShareIss1Y,ShareIss5Y,ShareRepurchase,ShareVol,ShortInterest,Size,Spinoff,SurpriseRD,Tax,TotalAccruals,TrendFactor,VarCF,VolMkt,VolSD,VolumeTrend,XFIN,cfp,dNoa,grcapx,grcapx3y,hire,realestate,roaq,sinAlgo,std_turn,tang,zerotrade12M,zerotrade1M,zerotrade6M
2002-05-31,0.49261248242944533,0.6608120401639677,0.5958133416286763,0.9111706524316471,0.9676441197621856,1.0,0.7429978606034553,0.9383316977892096,0.8925428443018807,0.6567471001891727,1.1171776014072479,1.0931418825822572,1.224266113154965,1.1248389453176515,0.7294205742184504,0.8680769478785066,0.7761077635492131,1.2657723095538032,0.8161029072403743,0.99328091118009,0.6346425441374419,1.128019469656005,0.8685418005750628,0.6196893042553675,1.0213004724890302,1.38057785697865,0.8389314399835088,1.275453738517565,1.0398168812920383,1.0,1.673455056841834,0.8952451707891698,0.9217042071880532,1.078613367737566,0.8766841402864278,1.0642669735252366,1.1814688773072402,0.7254107621318726,0.9334919040329815,0.7518282370025607,0.9960502764867342,1.1630285090174337,0.7476306864143618,0.98212496624217,1.137836702035348,1.0799456551377062,0.9072823371588791,1.1404754397971466,0.9040740079413565,1.2581235965993485,0.976756358172708,1.4351902671699683,1.0000859602730436,0.5964682628689746,1.0488124248771213,1.0303197634409411,0.8320852662793272,1.5733416398249347,1.533967938299258,0.6013210639953395,0.8583283417115297,1.1167171547356518,0.7318349584033788,0.6366300581511731,0.7111319133365195,1.2611587028075075,1.09297128844578,1.0538561591244628,1.1557803462302565,1.0519336902873129,0.9920972160727731,1.0264814497680148,0.6652683198123897,0.7517027746516607,1.3472820908921892,0.8787747461571407,0.5481953466618044,0.933653473014909,1.0034502752068029,0.9527920873302443,0.5205609803385274,0.892418475215627,0.9080182870787947,1.0,1.3068000271656388,1.0,1.2146936036805798,1.0839948414358616,1.1643691029620513,1.4616409626307718,1.0818842013997938,0.8607614790495638,1.1598670858383509,1.132447140230505,1.1913712607070956,0.9032136639971917,1.0568427876643591,0.9474819555056583,1.3075003168475592,0.5808668894421415,1.38718715001071,0.8887894979172429,1.0284822865920293,0.8699968522439421,1.0904755447544028,0.9648821681050278,0.9716363299883191,1.0,1.1060821137235488,0.9197535270682171,0.37000486346278816,1.0,1.099232505200258,1.2343531703890245,0.8224878491191554,1.013203353091302,1.3523640661936127,1.2254919199534606,1.3016741616188316,0.8000547289402562,0.7149556221476836,0.7547139725445725,1.1950762958491896,1.367059644091448,1.5554346468895048,1.0384212777238155,1.214537196107443,0.5182992310803863,0.49059555104694264,1.198488965910933,0.8831535325544155,1.1124650252822448,0.872739299180881,1.0036543645489655,0.8769994531272587,1.001465808080634,1.1932795976548998,1.0,1.0435039818344807,0.8304713822473241,0.7900090254792014,0.8565360027222515,0.7069515465690395,0.6128607531632544,0.875197756265419,1.1290491279875232,1.1502557583321216,1.4849701958801413,0.8859746163690719,0.9300297728313396,0.8281969799303663,1.1876305942674101,0.9914837509006454,1.5027563770484507,0.8026892386597141,0.901752935406386,1.172107234050954,1.0890732477585123,0.6589452187651552,1.054838172355198,0.9861897043491322,1.0424411026597524
2002-06-28,0.4783082210766765,0.6599781853641754,0.5941572863266411,0.9096930809702799,0.8617723576660553,1.0,0.7286947834871682,0.9911310523527249,0.8410395022530183,0.6393893699556923,1.1082397276817588,1.0803234315610277,1.221626338141095,1.0182901467654575,0.7069962756288213,0.843242740217192,0.8146428361807468,1.2681106424545316,0.806112889542168,0.9770810134148346,0.61687141659435,1.1185880166139643,0.8507183228019983,0.6194642425503183,1.0196553116580427,1.381635773486419,0.7612264565262494,1.374432442573657,1.035061401172287,1.0,1.6753757215790603,0.9930499099233159,0.916731604845776,1.0726732166633481,0.8747820327252455,1.0603020307573752,1.1646059516981349,0.7186101921523139,0.9698905605806397,0.76744143669631,0.9960596776798958,1.1484965843927932,0.7139993165427179,0.9305241765323917,1.133977951247737,0.9940058734250168,0.916680393302158,1.0515120762152523,0.8831380345004332,1.2118472110308365,1.0897851615908618,1.4143163361091942,0.9398132614131947,0.5269486120180753,1.0467847781337858,0.9671390970318325,0.7975787382964779,1.5755345826403466,1.4872099681654642,0.5629126254459049,0.8075813638142318,1.1317472337164334,0.698851454974097,0.5962177586614803,0.679084254294543,1.2694799046000373,1.043929418674993,1.048429852477889,1.1689697755984867,1.039078291879987,0.9912765520080047,1.0231326443756257,0.5762848542862836,0.698326985803564,1.3111825911530037,0.8395487715330692,0.543557323985469,0.9199226424752251,1.0040554175235161,0.9027628184001971,0.49045885598451955,0.8192716283018926,0.8974455219311477,1.0,1.3005770704716175,1.0,1.186311019519212,1.0855577862821335,1.0942501083132186,1.4643691153539051,1.066534865333479,1.0297627145280064,1.1460381463935507,1.0971539286562726,1.120269930182851,0.9020348453408119,0.9526628034760843,0.9626757328285303,1.2761826516420045,0.5195027068209306,1.4328999988448765,0.8745996638593679,1.01773320223327,0.8642376531963887,1.146216429156806,0.9636775539706811,0.9727254275631645,1.0,1.1059644548368546,0.8700278357510559,0.37020794479443275,1.0,1.099236443557229,1.2240958618834927,0.8439387547561445,0.9997818924948185,1.3747396543709316,1.2251556371739674,1.2926444055161452,0.7797662285994363,0.6930522272031578,0.7473623957285074,1.1926683935368088,1.3669383357976193,1.5715869822211523,0.9906436291529982,1.0964960371500572,0.5289101563920211,0.5378143270695898,1.1367570149329995,0.8737083840692575,1.0666120791531162,0.8725916534106362,1.0079880658418436,0.8821649062753203,1.0014779769768816,1.1905516208020017,1.0,1.0324947224203302,0.80553732595639,0.7908433113913398,0.8655459838039772,0.70647096013197,0.5488229361829474,0.8725304010506542,1.1200437559264438,1.1791555595894019,1.4860997093485824,0.8727032202624373,0.9292891469287601,0.8159819265680912,1.187650519881201,1.017154938431623,1.5519940266666894,0.8009219767499786,0.9166027807129787,1.0357877983995991,1.0989330930805472,0.6481041492770505,1.0686296004939266,1.008011965147337,1.0484806073262811
2002-07-31,0.47625741245010234,0.6600096211931663,0.5940890539808379,0.9091370315797814,0.8338954133715286,1.0,0.7256135721446311,0.9710553963233491,0.8019562687140891,0.6423835668398724,1.135042013827626,1.071210756101282,0.9196408228292203,0.9807758530972146,0.7036872694311611,0.844936736606901,0.800083256889093,1.2242928016363683,0.7876541467241159,0.980960087812783,0.6142988044559226,1.1288253194866513,0.8372163427245611,0.6193392934546527,1.0218326865829195,1.38113657668829,0.7239773198860635,1.39678506674385,1.0303302352526493,1.0,1.6733752089171197,1.0059113074334098,0.920000295511996,1.0789045693585748,0.8938054087113617,1.0433324620581579,1.1449753174934463,0.717682696003371,0.9655427590714443,0.7324016243846645,0.9961183141316996,1.1278933826453754,0.7112955530126317,0.8887816600185018,1.1480952120899577,0.9924045015809613,0.9056438830840473,1.0158003686898276,0.855251524459652,1.2223653986000014,1.1202297256494511,1.3761411529203205,0.9201790299903422,0.521690216183812,1.0779131865231912,0.9609260371469379,0.8088049890303914,1.5609698312674185,1.4658954964684057,0.5689457293330491,0.7905802690926511,1.1285249698432813,0.70006128710146,0.6031822350801539,0.6860491835608054,1.2627605017226724,1.0274131539941371,1.040651499222912,1.1940488882857352,1.0505423911935372,0.9988831134817222,1.02500319059667,0.5580100697299122,0.6882543942844037,1.2603336784581707,0.8348053511489547,0.5427950116503959,0.9070171345785736,1.0043294594978027,0.8682801376583666,0.48913620886364884,0.8145825841770964,0.895446567803192,1.0,1.2838896427886692,1.0,1.1783477078492408,1.0848485270763515,1.0552219443363124,1.4646301868295968,1.0527503601304897,1.1245237037315916,1.124013485705693,1.1272264026389431,1.0702171817106974,0.90382584263127,0.9483920757720594,0.9721610706422177,1.2982919464278586,0.5111824405768504,1.4216060752021,0.8966488398004935,1.0102192654513606,0.8438359014502471,1.1525870193139622,0.9598999891556149,0.9727678876847172,1.0,1.1058001907842028,0.8991882698518076,0.3760991059750147,1.0,1.099226916713712,1.2203825113272782,0.8664559357885736,0.9982875030922936,1.3701056924974886,1.2256317049594705,1.3071378308902828,0.780768531238384,0.6926072958846492,0.7478283281937762,1.1832834747800733,1.3668355903108957,1.5581354696250593,0.9705977153342314,1.0863639269234955,0.5225921054500697,0.5234451147736459,1.1944509053054095,0.8726305321082823,1.0262612479928288,0.8728365199082275,0.9956771192514948,0.8779975881697522,1.0002216898358258,1.1964130459966738,1.0,1.0337608549064938,0.8031405742174186,0.7860382494042893,0.8746972052464759,0.7064473861180534,0.5409885891927292,0.8698036104074482,1.1154982058516536,1.2303371400317409,1.4847812847015616,0.8673167010093988,0.9084708569734943,0.8065956450389551,1.1876462778904735,1.0145331213418958,1.4796409948741558,0.8043388169513619,0.912591854833017,1.1259860468287692,1.1248625251705606,0.6506741250821393,1.0986043465936821,1.046321603068981,1.0648631772540837
2002-08-30,0.47491143244581313,0.6601080838286063,0.5939002574053539,0.9085944411907794,0.7534298078577144,1.0,0.7178010829497439,0.9420852719996687,0.7216484828041717,0.6467822298160428,1.1442022205874973,1.0235957619888882,0.8187865833761205,0.9612417505442384,0.7082459541807232,0.8469816893811479,0.8082132366976698,1.215604540380966,0.7680825128609302,0.9816262551339533,0.6120675550164465,1.1207219390429835,0.805261386650358,0.6191091321263932,1.0212478009302195,1.379947083802202,0.7271537759123674,1.4024986281020437,1.024859288746314,1.0,1.6626938701143557,0.9453975798377654,0.9272743660850005,1.0774189520901942,0.8939382524105159,1.0046840860366997,1.1137628164514977,0.7156985108008136,0.9375126099050546,0.7140808602021183,0.9960811716191987,1.1169642363193653,0.7147007940345452,0.8959993991661709,1.1294289933563126,0.9428813299506199,0.9038079612953498,1.013324175847311,0.8289285314587705,1.2156199421602405,1.125081308131545,1.2648946275893453,0.8604261256105934,0.5238110119336663,1.063040407381128,0.9486466462646165,0.7896510768907833,1.5107555488869058,1.3980277452637135,0.549262663946728,0.8045534950435771,1.1240788445353078,0.6997779926079739,0.587910687195316,0.6773969503535147,1.2490862062051598,0.9753693553515601,1.0254653715482052,1.124557833811144,1.0466043720368126,0.9874602816966804,1.0234361772329055,0.5263816702929935,0.6655460388646819,1.0970627995154547,0.7930869879756193,0.5421732276474258,0.8666343373437616,1.0040301647609013,0.8349808998450121,0.48519817787258623,0.8043536034451026,0.8919413321290576,1.0,1.266752914720997,1.0,1.172567828568589,1.0801668019144357,0.9891140433973876,1.4639751271740167,1.0348702630567927,1.087648050375838,1.1127714316631563,1.0987481805134194,1.0618999117542418,0.9039659315866839,0.9315783121518824,0.9747721413657485,1.2969376481490793,0.4940382948610297,1.401344139627847,0.9054954406899034,0.9982456049078242,0.8106758310055198,1.1525694130254813,0.9575468936804311,0.9730420462676258,1.0,1.1060032015399694,0.8400052020202637,0.4060316858439801,1.0,1.0991836313408712,1.1947492297483673,0.8370290092876658,0.9994895148563838,1.331369189328035,1.2244838993313654,1.2811228932045737,0.7968627390707858,0.6916642058146107,0.7445487069172343,1.1658428025358318,1.3654360372854453,1.5140092934416876,0.9339671562053278,1.0727902286040283,0.5309821832381267,0.5223414090824355,1.2012777894473363,0.8721172643898252,0.9593948591108398,0.873481268418452,0.9767500304669279,0.8573277145964406,0.998827033289559,1.1987459543870937,1.0,1.0228446999070797,0.8029148054612333,0.797503842392052,0.8734869399587517,0.7064352983119644,0.5534777955601581,0.8700602995978437,1.092067441483871,1.1833760550505874,1.476378688780707,0.8705703780747325,0.8927412552796012,0.7942998283341048,1.187632699494043,1.000871990065887,1.3306956368052498,0.805191660179335,0.9160539185483496,0.9529938937067332,1.1218222720137847,0.6465739792487393,1.060346278981558,1.0028885588066392,1.0468006900126101
2002-09-30,0.47300258305823084,0.6601455058677462,0.5938671164614513,0.9086992303962629,0.778392106212995,1.0,0.7100131635435718,0.9264656144418429,0.6880365166259123,0.6490127517290547,1.1723162165485888,1.0150893393044123,0.9062452624924355,1.0065160184891477,0.7080054923260999,0.8528837296191389,0.8084865572403321,1.1811376639639033,0.7772636728407262,0.983041838881209,0.6115564098270593,1.0085996810921405,0.769043065748825,0.6189982400587428,1.0070785642770914,1.3750028054890995,0.6697140918832445,1.4156648769956244,1.0236980715227593,1.0,1.6520694423476296,0.8817987349800983,0.9359883531886116,1.0814960669815747,0.8875808268024376,0.9679663907298417,1.087956239958189,0.7149604936316813,0.9267159751217071,0.6831162044439941,0.9960979875720476,1.1409509651723166,0.7252457739349321,0.905931317807665,1.0911097909028071,0.931194729474014,0.9022546133819139,1.0506837997020437,0.8068824444864334,1.208685573959889,1.0877497730431183,1.233752216967728,0.8646161441050535,0.5267162995026273,1.0378456974474906,0.9402918709878244,0.7796503411633786,1.4915170774019522,1.3430804943808816,0.5597716767483079,0.7693298971927712,1.1144222382562678,0.7051284860450551,0.5934538235752235,0.6785568334203068,1.2373370156560184,0.9421933640502023,1.0102710469874745,1.1702565294993506,1.0775329618993037,0.9844912892434516,1.0199761922804937,0.5285245474551545,0.6671567506482174,1.1035410864640436,0.8019534569651996,0.5399371437083077,0.8193778188446146,1.0060075704021332,0.7968451447288325,0.4814632430485155,0.8047030389799159,0.8918531929899906,1.0,1.2672651393865264,1.0,1.173173815671854,1.0786250268697464,0.961470442689008,1.4565346619974204,1.0133115273474913,1.1113330321668007,1.094809305925457,1.071169413590059,0.9685570038397013,0.900555802023107,0.8080116661468937,0.9664519707300654,1.3118710264792566,0.47252587177560734,1.3809154570879092,0.9025161520531234,0.9894019977494874,0.7992394540762169,1.1415168889103622,0.9591200189285487,0.9746849783477206,1.0,1.1057515394738258,0.8423645386820975,0.9472687022791084,1.0,1.0991500696871188,1.1902318709263429,0.8217891590681154,0.9970328992327518,1.2986514305204904,1.2239862434753466,1.272529198764511,0.7938030559666316,0.6916647379109211,0.7408175704175108,1.1609731594310162,1.3638737270156311,1.5095983571926364,0.9138160240744625,1.0604377488718117,0.5288866317633103,0.518495821936826,1.209764561807948,0.8720671129139874,0.9261755908878914,0.8739254019796358,0.9693340388410541,0.8501263191392392,0.9984271993443189,1.1922819480056062,1.0,1.01198485532081,0.8196150936527347,0.7940687588474685,0.8740264249921474,0.7064072217495927,0.5669435550419775,0.8702858056874326,1.0762560000616264,1.205979778729535,1.4699994728616474,0.8638548163941854,0.8948687693356965,0.7867370374448909,1.1875938999321283,0.9820310592089277,1.1000502295646468,0.8054148981930875,0.9074697440399205,0.9168762343927882,1.1193324741631157,0.6485043695074066,1.0500760009273187,0.9853846475556556,1.0440650876749342
2002-10-31,0.4748823397068014,0.660017557133826,0.5942388183342249,0.9087375393050219,0.8097009859038471,1.0,0.7191705941900611,0.9534384452807733,0.7421933920315411,0.6519731872594863,1.1747837747878958,1.037350896850641,0.9191896673076774,1.058247572880442,0.7027388438273547,0.8391683785098024,0.7758458770277514,1.2132802149155077,0.7738944544031173,0.9865177290277799,0.6130010142646942,1.0473254392488096,0.8242070977713258,0.6191861030438766,1.0191883887206499,1.3804561777099493,0.7928312446270418,1.4248530478688217,1.025727580403518,1.0,1.6631509672858342,0.8807112065093889,0.9361132551762604,1.0724561319419454,0.9158972544376676,1.032054864703536,1.1187004383236254,0.7166442145605101,0.9398786412882161,0.6985306253442011,0.9960775367928272,1.1742058426860293,0.8425038927901187,0.9283100107007218,1.097834338692992,0.9407131819988367,0.9127087911125072,1.0667344684149722,0.8610442039825049,1.2258864450210234,1.1684205923785616,1.245220170168688,0.8817125620833932,0.5123292384198598,1.0401113770217367,0.9116294461042593,0.7872303694962846,1.4925091612123569,1.3882358677732802,0.5613565579590202,0.7757203421017261,1.1224583904814862,0.7069353955127653,0.6055916469582246,0.6837501266086526,1.2411729609269364,0.9538172012741043,1.0177548231171285,1.1082150953642886,1.0579951669236558,0.9975195938540997,1.0185991290042935,0.5286933484114655,0.6605006511309053,1.0981546958940864,0.7873802170476908,0.5441037214693047,0.8621902224472318,1.0054346740883762,0.8436365878614582,0.48621704903283103,0.8580769470391736,0.8924217316453248,1.0,1.285255028980916,1.0,1.1682451147966406,1.0803100610886598,0.961373252670093,1.4535792982357105,1.049768727317939,0.9052985345352952,1.1052037530683365,1.1267764856945872,1.120374108566513,0.9002384296859774,0.9731418457008317,1.001200828913054,1.30195147780109,0.5157692317436177,1.3856871227869993,0.8981395305112175,0.9938340619927251,0.8171720412088924,1.1417682444101078,0.9549344132416634,0.9779363678189528,1.0,1.1047582047559494,0.9546031672427038,0.795988930057423,1.0,1.0992022695036998,1.1990077964214432,0.8377451192002661,0.9857751856217467,1.3346890049211784,1.2244536881997876,1.2889883253262635,0.7984738016688664,0.693271503006875,0.7435752829013498,1.1749616372229281,1.3634848364665293,1.5352871726933133,0.9164517183266061,1.0533112104121045,0.5388463807190853,0.5206419247945712,1.2250757693838916,0.8716934811389703,0.979652882808119,0.8747605265226263,0.9796704510644048,0.8638881268636721,0.9978752535916205,1.2002175452397514,1.0,1.0059086482986734,0.822409418496566,0.7921011535095964,0.877839191681148,0.7065094944944372,0.5588208331831752,0.8660166410656055,1.085483708045643,1.1794055857465326,1.4746250444279065,0.8644745711495043,0.9043461074477303,0.7991312290884806,1.1876348785425717,1.0013481047534192,1.3834082584639222,0.8024672177476337,0.9078467891898532,0.944777394699758,1.1142120784723177,0.649813497665017,1.053673495690213,0.9915351803394528,1.0450233344719364
2002-11-29,0.47219712643749756,0.6841523283132513,0.593917238587526,0.9110283820745629,1.1401271940798783,1.0,0.7587162917665695,0.9200009719167921,0.6548724457871896,0.6547198372635517,1.141684238504803,1.0123790943683355,0.9420868020720007,1.1481035627287233,0.7224563354822452,0.8442256960832114,0.8429030539629385,1.1430333645631647,0.7625964282580346,0.9901261284012789,0.6120113010206558,1.019228765244321,0.9480325452167055,0.6198543392682243,1.0210628387550558,1.3836598851769215,0.7294410405304108,1.4274493469591882,1.0307076337183987,1.0,1.6673684175484877,0.9246637295739237,0.925206743029806,1.0675192964989262,0.8863552710775643,1.1002970740382756,1.135520250234165,0.7418727426454043,0.99878310621055,0.7811237600539209,0.9963171641335691,1.1144350936884668,0.9223245898035795,0.8800800216025514,1.0811276543068316,0.9680895980115025,0.9226174967367525,1.0297053198428585,0.8763176714033273,1.2038615552859042,1.171444860319671,1.036521023309523,0.8097148767326157,0.5214513199993196,1.0113026801189984,0.9280591733978562,0.8496306070080777,1.3669363258192613,1.4378391256188592,0.567568943771378,0.9038514871955589,1.112542016024781,0.7029190553188566,0.6001422954719331,0.682546081974992,1.201468289652805,0.870706576415397,0.9989151616970691,1.1339145091619924,1.046916453415552,1.0282353315132002,1.0073364178043889,0.5328747735319939,0.667126138440399,1.0273654869023436,0.8703033936378914,0.5549922642957409,0.9206351970460064,1.0060918995870993,0.964014237385673,0.4797796098938465,0.9733654602237812,0.8924165389946515,1.0,1.265399342379232,1.0,1.1265646545445032,1.07782422173493,0.9996839642924795,1.4635131868337985,1.053166004820125,0.969977489815138,1.1098834601951992,1.0160000449217137,1.05923766640275,0.9042000891322294,1.0053389507631365,1.0131171019905947,1.2750209229650453,0.5513445711250746,1.4290248330651159,0.8765252074444206,0.9768916075041171,0.785275719753544,1.1532970525937838,0.957609214504877,0.977231174765606,1.0,1.0994390448566447,1.240538526736252,1.0314508565228484,1.0,1.0990336928115374,1.217974843057001,0.8319880294070543,1.0131987272296719,1.3521559218409516,1.2249609097121532,1.2943384999530598,0.8622098203880442,0.6920030382293694,0.7658503986324625,1.2255985638649598,1.3556319827171528,1.5224631492895053,0.8854479690954237,1.072846257877677,0.5175995509372022,0.5004327565458588,1.2104735896357135,0.8730077632327136,0.9615672620465535,0.8749582582673467,0.9612271881571112,0.8244962791832814,0.9943659734811312,1.1979962856097541,1.0,1.0311220011998898,0.7922049934000845,0.8469064347938194,0.8892925201394573,0.7091646368739613,0.5478821055415166,0.8831073993606987,1.0671234435709531,1.1833308027564842,1.4644053864896767,0.8520614046767634,0.883366978859814,0.8390451362425516,1.1876465479788376,1.0246329353816768,1.5449354478355772,0.7980929321981209,0.8993693064716517,0.8636283328790607,1.110079353990515,0.651453928594663,1.034897460103211,0.9768485660541386,1.0382285625262415
2002-12-31,0.47167291751332263,0.6767866791898149,0.5937770186297362,0.9093651278972447,1.0637611578049413,1.0,0.7455838080352899,0.9677033373118229,0.7032018389933525,0.6552583485096095,1.1546517972259807,1.0640593729030432,0.7961286937289112,1.1150116250559174,0.6944009901846493,0.8207833672879127,0.8016237966910288,1.146684690367198,0.763152122129256,0.9857419133673163,0.611929965853386,0.9794087281036197,0.8857535037743935,0.61956212841586,1.025083122439525,1.3837592493360202,0.668638955302515,1.4060341522391666,1.0226753161423952,1.0,1.67441108228605,0.9365411591110399,0.9133350077844523,1.07342242459024,0.8838126397988683,1.0175050493830158,1.1252077433293644,0.7211080678226882,1.015392985950384,0.7694209155194903,0.9965261310812563,1.1453303877686238,0.7974244233543379,0.8579543642367118,1.0636806408072723,0.9520931051030106,0.912760412892585,1.0464946922982956,0.8694571847599822,1.149296813310221,1.175153728425045,1.0847613125102173,0.8903663534665835,0.5230512638127651,1.0202739796058375,0.9527315679401679,0.7936736873633786,1.3944859671122811,1.420119416616005,0.5600792234704994,0.8439437694267522,1.1235602475045556,0.698573767522646,0.6214790987545395,0.6980798619390982,1.2144607551317599,0.91123890934724,1.0150242099980868,1.1707761270775747,1.0683104112314419,0.9897646031792388,1.0062901029298934,0.5246379726106118,0.6593988454965056,0.992140230966044,0.8024822637308423,0.5537745789426702,0.8864662139557071,1.0061981117036356,0.9266161757299595,0.48028469988099587,0.9290203737591729,0.8990733377265551,1.0,1.2963865080012813,1.0,1.1399632581199044,1.082757096252052,0.9800831292020279,1.4426691051168148,1.004714498444071,0.8261214910452626,1.118540262922039,0.9887107855146299,1.035374477524054,0.9072621824768836,1.0142406103972785,1.0140415001829755,1.2826878955526526,0.5328067124644951,1.4339036475846518,0.844612373700341,0.9834159688018973,0.8067975748417757,1.1550756572799172,0.9405367766270335,0.9785147729401427,1.0,1.1029776979909873,1.1294675442096613,1.342266523248119,1.0,1.099154350295669,1.2051749075570874,0.8133475037962459,0.972840930570429,1.3834955459742917,1.2251168920260278,1.295191910600975,0.844098174226427,0.6936742323711504,0.7513662869779456,1.1980641436825592,1.3507140441324965,1.4874904505518398,0.9195600139131042,1.168525029338444,0.5304532158058628,0.5278132771319468,0.9435863092194735,0.8718439489456855,0.9448530815669203,0.8764233920916915,0.9724095803696872,0.8527476954535046,0.993714777871789,1.196308909365608,1.0,0.9926977850676174,0.8027296122817353,0.8224062835730107,0.8924767248752399,0.7072936513343242,0.5565819950301272,0.8696372885930732,1.0852568392476687,1.233023755533753,1.476960437175309,0.8524966431228951,0.8881012358601853,0.8067880932567852,1.1876547426485644,1.050686563617976,1.528344634002893,0.8041883855652266,0.9086249880848012,0.8921667856547595,1.1418392900186454,0.6526661311881312,1.0604030019757038,1.019990212205764,1.0437803417862406
2003-01-31,0.46980069860453366,0.6740459512271544,0.5938878420694613,0.9091366217842449,1.0139504297568682,1.0,0.739980440871546,0.8521084814639258,0.5375149307301992,0.6615792454134826,1.0731980989837662,0.9803856714689899,0.7321710277965259,0.7423901317519384,0.6818011796261814,0.7743530527929053,0.6338673169283069,1.0767126468795771,0.7490902161591948,0.9840550062414799,0.6098039979492798,0.9809568528506419,0.8707720865961273,0.6197708928177947,1.0259589172211114,1.3806716776123178,0.6680398448154168,1.3636172610045532,1.0343312589588978,1.0,1.6531085978724716,0.945032416844077,0.9000834824455332,1.0371872011502652,0.8828115762407329,0.9964158092391006,1.1067552458274017,0.720950957386744,0.9732131820637314,0.6951432410343794,0.9965055421229756,0.9357547266849366,0.8234209613566384,0.8956607599777678,1.0227766405939533,0.9401947215690887,0.9168773676106965,0.9642395336063958,0.8258837998144046,1.1386199235569732,1.1449939491452128,0.8969203399264041,0.8095559185768202,0.5181672818550718,0.949167243472636,0.9051562275788694,0.7786054165793308,1.3212503369900903,1.397019832079673,0.5577765986911316,0.8336559732407145,1.1226274185699996,0.678950841930936,0.6554178908678505,0.7208176113611467,1.0150024262299493,0.8330579694932129,1.0012083124150184,1.1735435380444612,1.0015969513615188,0.952168555865299,0.9943627033902073,0.5160648940795058,0.6503553099967224,0.971434830566011,0.7391229861721433,0.555136220404282,0.8776768231379182,1.0061913804352534,0.9337110182484144,0.47358352369055334,0.9218785113614906,0.8938833709138652,1.0,0.8589898912097645,1.0,0.9155786546132012,0.9837081728576574,0.8473120932948506,1.3430755024736918,0.9884371076382409,0.9257989294683797,0.9077483706914322,0.6331297125375875,0.9940002084168724,0.9108994708992307,0.9875007756258812,0.9413156773403835,1.131852208413167,0.5407701686693549,1.4258851205583651,0.813370278745523,0.9303643578128297,0.6763750317688744,1.1250995421090302,0.891811520805929,0.9806635842422152,1.0,1.0925923797108794,1.0836552089699814,1.3467920649140703,1.0,1.0983758085442874,1.1937371384707276,0.7758746788074944,0.5718870232043918,1.3788616095416741,1.2255883270875638,1.3075230373463933,0.8398045854281035,0.6934990183789933,0.7426141389767387,1.192473918783644,1.3364161452797803,1.3612973698661746,0.89294175504864,1.0130404500874506,0.508841814980582,0.5069310564129286,0.6798525218458376,0.8743025848492367,0.8018522831414021,0.8771126275208023,0.9163019941975463,0.7559177906792136,0.9736033970590527,1.1809327525077122,1.0,0.9479173521459088,0.8436522100114386,0.8160134335541809,0.8992089267316759,0.7067627148384026,0.54351843544567,0.859459679298167,1.0606385034742547,1.2116017683006166,1.4381724158995435,0.842320573667683,0.8121953549544805,0.8048271234939088,1.187644979234197,1.0035537071997933,1.4692607660641983,0.8052059308418387,0.8414248685376152,0.7396496781094305,1.0792591193170022,0.6572922761922433,1.0340438556849618,0.9992177734454021,1.0384204286981138
2003-02-28,0.468902202528528,0.6757556221511679,0.5937698619139542,0.9088699923335879,0.7571009931858338,1.0,0.7271657858737721,0.8204977291459182,0.48177577944573347,0.6710732563931169,1.0872153570165926,0.9480571892264275,0.6974882778054025,0.7789362199174582,0.6818848446594228,0.7691455344399807,0.6317004637041043,1.0625210783978485,0.747709223307836,0.9827953001296883,0.6088977880186681,0.9813268777567054,0.8427744203635245,0.6196811306007117,1.02252354472484,1.3795518149277437,0.643526595324226,1.2266788374164483,1.0361892439435414,1.0,1.6318470324126961,0.883405422289314,0.9023957041730466,1.0355170901403703,0.8956468515008479,0.9578162879152755,1.0871195150938888,0.7184637799965439,0.9520530762325456,0.6774956118932536,0.9964416157482582,0.8816671858957404,0.8101266984468334,0.8374458588177076,1.0211138703059868,0.9321232561662489,0.8987518291610062,0.9321284067688886,0.7999086234881847,1.1284234855372555,1.1317836412097546,0.6558379781642927,0.7074232858044802,0.5319823837842375,0.9333614761008688,0.8786717979107851,0.7897482986315782,1.2854334507117253,1.2519093451324497,0.560936662913133,0.7947021821334064,1.1107294009403423,0.6820715555958181,0.6698116788160404,0.7265846184474316,1.0025189401240717,0.7666998297972141,0.9636216221656907,1.162917593868514,0.9878304578799797,0.9216780571579599,0.9925862863074951,0.5125599033301147,0.6397609809422444,0.8944779944865995,0.7373048568136248,0.5507909201914138,0.8443510474300318,1.004557132536627,0.9138121693740787,0.4706019115689156,0.9254162441119573,0.8879978848331052,1.0,0.8476789089810546,1.0,0.9107644702766781,0.9667659562771763,0.7874837341071779,1.3167560554510533,0.9783415277695863,0.8677932716219426,0.9038232132980603,0.6815844028050799,0.9652756576525985,0.9089349658581456,0.9211364114841962,0.7546488531656398,1.117638458605122,0.5347560832384846,1.4047866910330458,0.8272218534174556,0.9182331372389676,0.6529523668982887,1.0999557275157708,0.8907457983240233,0.9811956334883496,1.0,1.0937250570986867,1.0888354107093514,1.3110115351547438,1.0,1.0963776956274212,1.1837342808498281,0.7508245995525997,0.5802458239606494,1.3468101892659672,1.2255565790632403,1.3066667268542986,0.8509484414166579,0.6930163789108545,0.7451337561157503,1.174649170495474,1.2464444093508422,1.2191910791419565,0.8354364224430836,0.9922610830203519,0.5034948400478775,0.49955395395310576,0.6792327400627038,0.8765805719634814,0.6195506933684005,0.8772080637290366,0.9073469550245363,0.7451350483309773,0.9690399954879666,1.122097255608143,1.0,0.9541571365358076,0.839178475369743,0.8257868773835557,0.9040417094392158,0.7068038776899097,0.5459835994575887,0.8595002854280671,1.0284480824203328,1.2076081297923846,1.3904292857392355,0.8419046290886933,0.7941207812790102,0.7959309373994728,1.1876155845314098,0.9864891468742555,1.319727080103592,0.804841947735417,0.8186992917058482,0.7351897262692129,1.0793433439181026,0.6526116159545693,1.0310468169301603,0.9893241721465081,1.0379702866160154
2003-03-31,0.4687464336544189,0.6791172743074804,0.5937850594602312,0.9088528913187354,0.740623688406034,1.0,0.7325162553101396,0.7277141828835523,0.45401269518329934,0.6755009828528161,1.0673286633395922,0.9488763477599869,0.6702915304032608,0.7312580707981932,0.6818266037381616,0.7622442244431555,0.6328403114515221,1.0764827009731113,0.7462704291038034,0.9829680668281835,0.6087394921614057,0.9879702325817347,0.8521758553580417,0.6195612979385215,1.0231214047344803,1.3731281806827456,0.6183227248052043,1.2855920685902673,1.0315153395031205,1.0,1.6001185654382504,0.893276532438454,0.8914915357433183,1.038374856223859,0.8991524241673958,0.959131652129341,1.080626543500102,0.720068557199179,0.9296334399104818,0.7003717683191251,0.996310779679899,0.8432010708215021,0.7873951269693021,0.8157644349843658,1.0160006952417722,0.9263025181580066,0.8856536526890639,0.8644971736824261,0.8043501565734911,1.0957088462410818,1.1567672900461548,0.6156190258243043,0.6800568468089787,0.5218786914176816,0.9421451042713371,0.8674348951548014,0.8009476488129648,1.3095162242314793,1.281351966322922,0.566451294264953,0.7978745506333822,1.1300946769964964,0.6765835473345877,0.683003678627341,0.7367121815982131,1.0019894964098548,0.7574178074617202,0.9625814239941429,1.1585223136420555,0.984153073555062,0.9173215466758224,0.9930419311305628,0.5101937267063411,0.6312901973414928,0.8594678540644205,0.7068699401888224,0.561784366120382,0.8409885020130698,1.0051310653966918,0.9046622683266536,0.46993004149420126,0.9190519644645894,0.8885695185858796,1.0,0.8452215362159786,1.0,0.9100899155574267,0.9721825636799153,0.7449288642775507,1.266084019453368,0.9588340478302734,0.8303432422671613,0.9032897381268902,0.7519770270318941,0.8936154867404036,0.9118331940663646,1.042575592177834,0.7546425722906887,1.1442835726055605,0.6009093256086069,1.3876116204650344,0.820070606298383,0.9193536779045532,0.6497402823411127,1.1023081653553266,0.890871234651029,0.982959256989636,1.0,1.097121974473544,1.0349931009246478,1.3817435453568303,1.0,1.0963456219606658,1.1756738587820459,0.7079968378071042,0.5748855569189124,1.3591740543826634,1.2256510237197724,1.3092375633687463,0.8512658374293226,0.6919151329712008,0.7459990713948228,1.171978582347387,1.2078688724770787,1.048942867048196,0.8289732039060749,0.9996605400464069,0.5071892578105182,0.4990662170538319,0.6882327636260107,0.8763320270934714,0.5885027842977397,0.8774203605836499,0.9068671789184236,0.7483094672550377,0.9683455206316074,1.1613322652014542,1.0,0.9540964114565236,0.8387196680569442,0.8252142768277443,0.9021072891939433,0.7068922404081855,0.5396854050022052,0.8593511393091898,1.0313156639644505,1.221394474098148,1.3821266698077905,0.841840709081846,0.7850045421642414,0.7989064461863876,1.1876043801897722,0.9832289445532927,1.3499227547410046,0.787925792680843,0.8228157963566363,0.722274004568529,1.093602495563739,0.653882736154596,1.0350415969153433,0.9959267195441169,1.0393027149032017
2003-04-30,0.46838900184187315,0.6970732123076655,0.5937902119656384,0.9082162200353332,0.6968594258193055,1.0,0.723421060712926,0.5956246468211522,0.4245620354917963,0.6988184874994536,1.0677186310600821,0.9197987337638934,0.6698629266459742,0.845949515773968,0.682145409109628,0.7818704383859529,0.6298371525537039,1.0609925292385394,0.722906515676716,0.9994291807800059,0.608477399669688,0.9883165201782338,0.8360571566640145,0.6194150398660716,1.0243723977604111,1.3701752796935758,0.6018712616082627,1.1702046926184018,1.0346441359283054,1.0,1.5062031198543437,0.8807673313396023,0.8958597167181946,1.0169504940340452,0.911835116494553,0.9293824069144038,1.0517120970349532,0.7202627514215496,0.9232715554684294,0.6846390433494715,0.9962543191992339,0.7645265452048228,0.7801143787109562,0.7919793922551182,0.9918507866280518,0.8303616691604367,0.8568038170122287,0.8243826456335964,0.7904506992560659,1.0534126761477565,1.1627407100020721,0.5606538297949621,0.6066541657333544,0.5432644195107968,0.9463206317943283,0.8570490669979312,0.8336929254454974,1.2715906328762705,1.2248911309981683,0.6148039302921096,0.8087706238890131,1.1246031873786893,0.6906336501817089,0.7045046482448236,0.7500039665520278,0.9848184910266798,0.7259349495064558,0.9446660962850297,1.0741933437930695,0.9849162149860836,0.9405893222904044,0.9907649451979961,0.5109209887023953,0.6315869355885922,0.7943361141928977,0.7613911723194106,0.5503220631631773,0.796505649347122,1.0032640233227912,0.9118826988785229,0.46841646068673426,0.9259880103915823,0.8850636410983338,1.0,0.8322913960381928,1.0,0.9080421057161181,0.9613831083427137,0.7346595933372666,1.1175882408226028,0.9604824169393069,0.6174835859873188,0.9015895089922945,0.7568603626718836,0.8944538823910072,0.9092225280532507,0.9568646530825101,0.7677287954100651,1.0972295662404126,0.6306668981643362,1.3644266421210232,0.8700890135446879,0.9036734545064828,0.6397415504778282,1.078096871823142,0.8926576461715925,0.9832073371238923,1.0,1.0961909351564814,1.0495808161348972,1.3271170002731492,1.0,1.0873232495025427,1.122481618104883,0.7043792968728182,0.592983996187217,1.2396558142210368,1.2249306475946546,1.2963720417525089,0.8917447055922456,0.6922130726199404,0.7399714409934226,1.1743357226878586,0.9143105258832207,0.9000112415730169,0.8043054068266565,0.9598013530835899,0.49923054996125316,0.49396470474782905,0.6895089947928723,0.8785351923022691,0.49937804826118026,0.8776510909458222,0.8983770560771861,0.7374564981164288,0.9657316341465896,1.1061472453940489,1.0,0.8898660128150431,0.8329525389492274,0.8923367811310343,0.903031656917475,0.7077020185830442,0.5603267230730229,0.8595354475321755,0.9555512265103608,1.1674480469549569,1.2307799230276062,0.8417469976065322,0.7711398012433731,0.7922311951587679,1.1874576021344458,0.9711217834649084,1.1372622825505427,0.7883778223185541,0.8037656161692149,0.7213314622904307,1.07984041628298,0.671015739126203,1.0141989834647247,0.9512514311725313,1.0264259322672862
2003-05-30,0.4683362746914128,0.7928034770418413,0.5940140205599788,0.9084093004754435,0.7209161351004374,1.0,0.7732191632787713,0.5689422385463876,0.413071213055919,0.7252037086258063,1.0593595547248658,0.9031252182626575,0.6519312381606499,0.9049990661215987,0.6851049700009959,0.8536848288899854,0.6885665886123085,1.0581270673797076,0.7253907458093258,1.0189084907368453,0.6084555063367911,0.9926599605404524,0.9229061905553587,0.6197628757974348,1.0251731563798174,1.3606244129369551,0.601339184537693,1.0951772033409828,1.03922619317755,1.0,1.4432815217250545,0.9599427608243024,0.9006106839940264,1.0001851793723997,0.9129177268356362,0.956031580758532,1.0366630357867803,0.7916665872665418,0.9182579004105935,0.7600929442193685,0.9965332349132527,0.7388554771482465,0.8414270965696832,0.8120105791872966,1.0102372449241737,0.8661808617667449,0.8101667502119648,0.8657473570143706,0.7783608886300595,1.0467852165969398,1.0998967050388135,0.5585107833635913,0.5925771402516398,0.5425599007209684,0.9346377270451864,0.8540769616111729,0.8003002379642556,1.271088841640135,1.3680112103085889,0.6279590510747581,0.8160120453154913,1.1185398023149566,0.7124141292410748,0.7213948775377281,0.7628054324793709,0.9664377059851716,0.7180737461401778,0.9293846064852735,1.054610643301838,0.9916447574437847,0.9474160222691378,0.9896795401279951,0.5123503336289981,0.6352051141869075,0.788522282772849,0.8769877751462843,0.5500872842635627,0.7848337720200812,1.0027607774543281,1.103766495214591,0.46814467388970127,1.0392068675697594,0.8822271513626518,1.0,0.8216863986697293,1.0,0.9054593315898645,0.9592634557995438,0.7438695667875739,1.1052284398844918,0.9576409104684654,0.7705470004147634,0.8968642683422055,0.7358355574148372,0.9399622047255763,0.9110966516827508,0.9161837495671286,0.7546943044951151,1.0990299359518512,0.8341144974753534,1.3433832126687912,1.0595147176051898,0.8906831822038269,0.6376837804357381,1.0363078539449,0.8986034531163027,0.9849827933279719,1.0,1.0971755904690947,1.0482655093293347,1.3483970073581764,1.0,1.0730812547784738,1.133975237816909,0.703755258311467,0.6942060185145229,1.1485277755178704,1.2231947160618026,1.2779475702357466,0.9829159270354443,0.6919359482454377,0.8392421905973834,1.2245153517441063,0.9690756477294278,0.8893494445119352,0.8001987221712757,0.929909865288815,0.501361497717295,0.4925590233519469,0.6796457209922229,0.8795784266081437,0.4798777885039476,0.8775861554182258,0.8948828775224205,0.736773328170033,0.9646538558264475,0.910057425477379,1.0,0.9326501040236395,0.828120122189656,1.0898284021001143,0.9046243729946271,0.7358228551173942,0.5920486516140624,0.8634496493978859,0.9005737786951098,1.1419897637689396,1.1599681027165516,0.841762118445154,0.7721336392627389,0.8026236638963187,1.1868463200701396,0.9652665290063256,1.1000305221275937,0.7805012952245014,0.7763252785906088,0.7191988613528426,1.0696329314267925,0.7307180279624073,1.006682732320679,0.9324029673119439,1.0192376236551783
2003-06-30,0.4682597489417252,0.8086178368678016,0.5940980400667222,0.9084194283771199,0.7541127712851219,1.0,0.7860123323175745,0.5937868217296725,0.4072222040540523,0.7473258417565085,1.0457398927875223,0.8898164816689449,0.6525192240177373,0.8817049729193822,0.6919816626371311,0.8740654278631399,0.714776278321904,1.0329239459111987,0.707954440259805,1.0213666906214565,0.608418909434118,0.9864593989954097,0.9093476415715532,0.6204774022342643,1.0265568323827285,1.3597240503423418,0.605407206032793,1.0108562341452085,1.0410617818803494,1.0,1.3161520279478516,0.8968449438603698,0.8987670167803014,0.9899010459209178,0.9191416664329237,0.8626281586699811,0.9798939819595638,0.7540440473678596,0.9147818887517125,0.7620180799431102,0.9965216938508293,0.7118016037651023,0.8760138915624569,0.7786437205790532,1.0018701651104558,0.9194221268453758,0.7963367544290771,0.7445257589629921,0.7648110788454001,1.031938681376591,1.038994336273547,0.5570009707322663,0.5755396876359886,0.544381002656362,0.9111757443974963,0.8387930305887481,0.8023509725000852,1.2542949308136002,1.338643050238523,0.621681868611367,0.7827569503860032,1.1198304753726438,0.7310000319545777,0.7428491518770418,0.7677470279096167,0.9488327575104174,0.7056319859884224,0.9183880367713013,1.0223229625112822,0.9926220072645765,0.9467449047642088,0.9885789764518268,0.513008242317787,0.6350837412057426,0.7430874648312227,0.921449518650386,0.5695200910530476,0.7794693505555815,1.0014707509926386,1.0854539208906584,0.4677568790568355,1.0375613709501774,0.879392021759788,1.0,0.8189269951752185,1.0,0.9033803920257154,0.9540248340469568,0.7921658918896376,1.0999677071249074,0.9660875886109349,0.5164765424921214,0.8907663867159813,0.8300093254510654,0.9288461665556252,0.9113328009411816,0.8872783037548457,0.7507511547547621,1.064790308189874,0.8276220585773401,1.305478800605883,1.0833630158870144,0.8719603909777225,0.6332297557921308,1.0044061984919859,0.9092361817591312,0.9861572528359683,1.0,1.0939181973133083,1.0398160175559337,1.3669437814006629,1.0,1.0477137710788635,1.1670096693908862,0.6801812860058147,0.7834989550293021,1.1223458932153365,1.22449283075021,1.2914004023065844,0.9906011968514115,0.6938560241871499,0.8447336707101775,1.2636300744978488,0.8680809976227708,0.8497799456789747,0.7978816789623688,0.9037848592651803,0.4984522959291763,0.4899379276337429,0.6806415741886298,0.8800491280221269,0.46985565785825045,0.8775212962367728,0.8902151566001877,0.7316414418014243,0.9632548740719992,0.874536043562568,1.0,0.9728724514119894,0.8577276863173017,1.1548010158362305,0.9051189790092506,0.7454133235182729,0.5855765375406947,0.8713353398667171,0.8296052555533558,1.1020633450751869,1.132151347885661,0.841738139828458,0.7621970915950802,0.796995504822831,1.1861906885772502,0.9635897037284065,1.0551773385812198,0.7844568349070304,0.7699134977721664,0.7665765492028828,1.0551825094128795,0.7365916973832252,0.9974152587107782,0.9163990523147303,1.0064655070173483
2003-07-31,0.4682137810610507,0.8094427212274633,0.5941239208571064,0.9086487299338184,0.7617349362842982,1.0,0.8090253207158054,0.5928156372016331,0.407807865603257,0.7202267006204519,1.058829473143309,0.8751407440244444,0.737238375792892,1.059924708811426,0.7077995637529912,0.8775182064863187,0.8605974470961351,1.011956133851502,0.7085758176789592,1.0220004781769483,0.6083800660550728,0.9927156861077001,0.9616810629092035,0.6288973436069171,1.0268437064579425,1.3471898836973897,0.6043452114252988,0.98591336591042,1.0422788137618608,1.0,1.2170935119645934,0.8780940890555373,0.9109611010888663,0.9934460714753424,0.9470158039128628,0.9024136268278008,1.010160458448155,0.796761821788705,0.9140193185387758,0.7960411831231087,0.9963158096848531,0.6893315980306423,1.1132902212322597,0.7417089833814612,0.9640492445818094,0.9411414148563925,0.7931278726603951,0.793570278281606,0.7727333482772486,1.0143258272807176,0.9749574098564696,0.5562187220260828,0.5655026824992311,0.5441442771142568,0.8834611893947275,0.8330940044796407,0.7899087489243336,1.2023530352008343,1.3226009275897028,0.6326581336498789,0.9451869098086,1.0981086647234042,0.7427408365803051,0.747734343171192,0.7622156565985906,0.9355017297204504,0.6974635762408263,0.9073812380726304,1.017892208494232,0.9901490953906934,0.9335485329631604,0.9873286118082369,0.5168924179652212,0.6425012556903189,0.7775364429757968,0.9512585135955922,0.6109682229448961,0.8226367046509641,1.0026000388405012,1.1411564085759467,0.4675262254591416,1.0653054153513783,0.8755211714906947,1.0,0.818912562493652,1.0,0.9035881953228642,0.9537944558315419,0.7845145225459463,1.070690896768225,0.9739287555924788,0.4561673989437435,0.8928151327469,0.7452010071740726,0.9459038886636895,0.9129138004463881,0.843300058105458,0.746235323488494,1.0434686704072467,0.840819257617977,1.274790977199125,1.1041882748259264,0.8562547767598208,0.6311718497034293,0.9963716118484507,0.9255561546238269,0.9869830318284073,1.0,1.0652233512767602,1.0053491396559435,1.320455820649248,1.0,1.0459435549262215,1.148988437845428,0.6358319805639905,0.8481358306958198,1.0734432988494045,1.223671579179554,1.2852724220298524,1.000010915848272,0.6959182756317328,0.9024651922040212,1.2948346105133215,0.9391993247398132,0.8937775915690885,0.7993003371286146,0.8957259869610422,0.4921216378083252,0.48067699285372756,0.676088093512627,0.8820128162638483,0.47060948121039325,0.877594880143411,0.8873678842770765,0.7276861331886514,0.9627130061686041,0.8733162334438346,1.0,0.9964212481987021,0.8660119397106736,1.1470518726059298,0.9063529863115665,0.7784935110447845,0.5791783360858682,0.8883642468230232,0.751111594768282,1.0654979469397967,1.1412636951447037,0.8416844021959844,0.7545926116204951,0.809305935176961,1.1863520350478503,0.9643692462356952,1.1168798647552616,0.7805874788614577,0.7717505270615452,0.7265829054555886,1.040889092516002,0.7404651441071388,0.9797762274365496,0.904059635421323,0.9802951633969047
2003-08-29,0.46818089267356144,0.7801144342133184,0.5945927752877285,0.9084257833447242,0.7715383086090676,1.0,0.814821931077075,0.668301470057229,0.40821792562732595,0.7148629605155208,1.0614303688217674,0.8663557923354048,0.7716204780844302,1.1536055414308168,0.7137325923432143,0.8900837212150838,0.8794440110382936,0.984465162002952,0.7048889964358049,1.0216380010347905,0.6083416259360662,1.0154815098389491,0.9636083423271127,0.6268935532747173,1.0271527011934274,1.3438109624722203,0.6058214911739372,0.9845584237776795,1.0413786937001757,1.0,1.1616147929908511,0.9085095820392113,0.9075816903621378,0.9894785161823402,0.9491071131707185,0.9133146685990811,1.006924319334352,0.786634709911481,0.9142298365727952,0.8434379328494058,0.9962698428457176,0.6884521129830677,1.1557929754795289,0.7477775215848217,0.9523791707707042,0.9385417196658564,0.795294002665094,0.7286274810202531,0.784605087213871,1.0238003583745505,1.007996101547139,0.555865736789465,0.5704549142459411,0.5318933510700237,0.8746308995307744,0.8269226556769809,0.7861068239421309,1.1967011757596724,1.279707565902196,0.6462501210351992,0.8941165905925517,1.1169868648769785,0.7249555849099827,0.7538702644847286,0.762787847561872,0.9275127397848272,0.6938110475873609,0.9041125677584855,1.0194916177668694,0.9940141741623247,0.9377211257253987,0.9864361356739787,0.5191536593390571,0.6410790257893613,0.7956848661339565,0.9690912264599928,0.5901423154140701,0.803171201358554,1.0036270848080662,1.1600883521008962,0.4672980882097417,1.0882393801370696,0.874895811495829,1.0,0.8189431457217745,1.0,0.9033614822462307,0.9534099116231773,0.8063606648740463,1.0931821018788985,0.983965414428247,0.44976227151228376,0.8907265287758017,0.7057915959854548,1.0108312983834504,0.9137013798698602,0.9646290973192911,0.7465665873266787,1.0186918733615637,0.8337516586881424,1.2269104488482934,1.1161436739808546,0.8419921554238288,0.6297924560131616,0.99472951349944,0.9368296949446079,0.987367350755155,1.0,1.0657831791723182,0.9563688176119371,1.2609229948248653,1.0,1.0217156050507066,1.1519874998577302,0.6479778243579404,0.8659139846403492,1.0398149628526954,1.2233267690934984,1.2819636220119957,1.0033003148371877,0.6943954525246794,0.9136828076196242,1.3016400166966697,0.9129480424087288,0.8977953806037846,0.8019724985508365,0.8906897120437482,0.48604680776143805,0.4711758493068833,0.6824232500638514,0.882762051045658,0.4647700173039966,0.877739188061827,0.8852484910965894,0.7263675625869386,0.9624435529028496,0.8555612694588584,1.0,1.002345554893869,0.86189108758823,1.1748595630734195,0.9058451510395845,0.7767166826054203,0.5749132978571423,0.8983061702519244,0.7109266453464032,1.0524910057212087,1.1351839702776088,0.8416707226328902,0.750033276166771,0.8076065877339172,1.185301945003968,0.9622258332182759,1.0649003549215907,0.7827218029009995,0.7767310236956106,0.7290371595330551,1.034489793913545,0.7525739866867642,0.9655045044129058,0.8998181893571948,0.9633001302389907
2003-09-30,0.46814594704876045,0.8131151794950624,0.5944414381732619,0.9084546010338751,0.8121835998958018,1.0,0.9607383306192102,0.662169639810505,0.40495883304767133,0.8709272867302047,1.009285945332162,0.8406572391783005,0.7171759147672726,1.1907736861729168,0.7921990015455824,0.8999524517523596,0.9995560384359155,0.9065209365665611,0.7000459648352594,1.0153379956321544,0.608326911863301,1.0823201482042335,1.125285516138968,0.628235620447843,1.0285598763905515,1.3303328743125662,0.5950427244283732,0.9457212514247428,1.0346426700794684,1.0,0.9424055581441486,0.9633734100825115,0.8956090651909047,0.9718748075736962,0.9700826181848624,0.9306827152855986,1.0022276967832882,1.175759743188858,0.9146178824888382,0.9759594102115008,0.9960482829936993,0.6602340526673063,1.1917399097345118,0.7624453063037023,0.823458751093475,0.9786734531174146,0.8302887197606874,0.681957051851706,0.8036637345668176,0.9773657565028775,1.058555683378322,0.5557937963704094,0.5606613355492622,0.5467698347093495,0.7857810305429833,0.8406296444648294,0.8316344766740167,1.1860877218913355,1.3041821466581325,0.6321874730774285,1.042268936420739,1.1203110544048986,0.8271262799581942,0.8803219918474278,0.8202215204714858,0.8998988702668385,0.6871570584372064,0.9019118034417095,1.0275852095292504,1.0087921531954929,0.9804476813909386,0.983974969272147,0.5214579524108167,0.6427456916046095,0.7974829025014004,1.028640902640129,0.6345511791770038,0.7828180443767059,1.0014453287229756,1.2922102792231585,0.46707101412838714,1.2370866967165124,0.8714792176542111,1.0,0.8174166965852548,1.0,0.9020836269933397,0.9528863206706858,0.8345681205127602,1.142973032532892,1.0140792276172546,0.4373457014868509,0.8930057739674673,0.7642388495299137,1.0106513128397792,0.914519320122688,0.9966491044786705,0.7129967893125838,1.0036586341804528,0.9780311906428509,1.1783469890657596,1.1774176277491777,0.7904620131242803,0.62723967611758,0.9619980064125078,0.9461613046536244,0.9892991521902567,1.0,1.0387692542849767,1.0198042862543366,0.7387899916606591,1.0,1.0079177611161794,1.1750561016922134,0.577437233954718,0.9440798325267934,1.0017524472311445,1.224965297542908,1.2997271824389798,1.057387726444481,0.7198421278732414,1.0045432302695023,1.3015952082685653,0.8007175890914396,0.8629004139181841,0.8220873667266878,0.8822127000322066,0.4759223518592386,0.4581913672006228,0.7050660927419838,0.8841841394697398,0.45622063380908473,0.8777531645664675,0.8820325773761208,0.7225117920233082,0.9603754467584061,0.8135978223192453,1.0,1.0685060913037387,0.9314297680785055,1.3110350321830413,0.909937264300133,1.0605097211806003,0.6238374213671386,1.004734055298415,0.6439902318488724,1.0069434335910032,1.130239323302881,0.8415770488534017,0.7349005225939229,0.8409720403091918,1.181559822567233,0.9660494304213104,1.2257477044197855,0.800269989148051,0.7983504490474118,0.7503722038351207,0.9759738349490082,0.798655354079905,0.9485025913880956,0.8968104114080344,0.9343168752735183
2003-10-31,0.4681167945451281,0.8235576974484465,0.5948215329007142,0.9085166129686995,0.7359297235524689,1.0,0.9643197187090564,0.6761332954251829,0.40471405497754864,0.9937362141573503,1.02879580537759,0.837973575184645,0.7301783224514444,1.227898333502125,0.7733285722821026,0.8822087773604186,1.1000857807142645,0.8870981629485631,0.7003989013332117,1.0138491102464782,0.6083031133652119,1.0537037589513552,1.074685145437641,0.6400387502047555,1.0288925027059075,1.3178319029329293,0.5919797911402866,0.9905189747503255,1.0342618292797847,1.0,0.9505902387927744,1.1119804695184266,0.8994941508878725,0.9779719655708775,0.9613772428273768,0.8104039931495879,0.9024998202390603,1.0839537990278356,0.9167023208447379,0.9775311317547748,0.9960394298856949,0.6571326029954339,1.1565653458794258,0.7658383310312298,0.7661227335040243,0.9729181009011749,0.8615723752315975,0.5655890796784604,0.7879271459276701,0.9638989141039662,1.0028473731915373,0.5553185018994705,0.5536663288976046,0.5317588386164775,0.8256249862884586,0.870362598402193,0.7885856668540105,1.1907612087446524,1.3184195312810634,0.6064465676305273,1.2001784985185657,1.1220236583456085,0.8347317454024692,0.9319711853652997,0.837898694141586,0.9056674332856902,0.6876382935534074,0.9029544184530125,1.0885055605089604,1.024613495061136,0.9318816057516697,0.983032235783655,0.518657556548063,0.6390382947264452,0.8106512242414092,1.0286582386078058,0.6711282031535792,0.734718208008915,1.00335594115124,1.2777118959975697,0.46694739997570833,1.204409447918353,0.8717713701557597,1.0,0.8190428672254668,1.0,0.9088917071388244,0.954656206771724,0.8709940463156582,1.1729200959910469,0.9854056942170794,0.38294216070820364,0.9021100757735497,0.598674737423174,0.7960825450941295,0.9144210775440453,0.8475715768304347,0.7048908635473171,1.0457197043739552,0.9779350629922987,1.186415566115072,1.0585039436217178,0.7780111775037502,0.6269575945440531,0.9596503523083202,0.947231078758369,0.9894735179338457,1.0,1.0323951814450907,0.9674605433798842,0.8915050897507449,1.0,1.0051423091590832,1.1877542117575435,0.6042086023779494,0.9326645960084773,1.0223203843665172,1.2255904212040598,1.3094367745331466,1.072695592373027,0.6936943822669939,0.9980326268214389,1.3031432942581969,0.761851322135755,0.8239914858011586,0.8193352083608412,0.8891321393189747,0.4828234491635539,0.45539443896358545,0.6882562249710527,0.8844900239212696,0.44625450719029913,0.8780378957362495,0.8814024335494713,0.7217495427541555,0.9601853465768782,0.7952759847162154,1.0,1.070627570369647,0.9263815102679959,1.2478153990343637,0.9109300913164216,1.0309231381580022,0.6916761032250687,1.023666861783604,0.6381978328471754,1.0211924985895358,1.176860686489938,0.8415655141470004,0.7351938656119783,0.8113334628335054,1.1834971374654386,0.9683614872516932,0.9249890796598564,0.8031962584981656,0.7979839303905394,0.7437066838106201,0.994208560494488,0.8242591183078194,0.9433818602180464,0.8974870252506304,0.9257599501974848
2003-11-28,0.46810927093033894,0.7169887005917279,0.594166623281637,0.9079983680054704,0.6352622942945675,1.0,0.8747780029400212,0.6554073623699517,0.4057245854726669,0.9198759938150448,1.0556768383122543,0.8469888980040643,0.6874008974340533,1.1467846741910692,0.7048988042467291,0.8655778133257228,1.0105301593890441,0.904597016660931,0.7067135721488556,1.0144729009319577,0.6082965134164986,1.0602241970493433,0.946911949265337,0.628369113183548,1.0239705758810846,1.1520376851415552,0.5933530746041233,0.9466734692275092,1.0362502112439598,1.0,1.0851715810526585,1.1821459858540584,0.8959046582230659,1.0080679842528675,0.9479990173413116,0.638893491240901,0.7872957910951389,0.8086855395173599,0.9203200971893603,0.9619397862657678,0.9960547214800684,0.675864036029743,1.1001454081267485,0.7607403472323022,0.7205616996819508,0.9123617754805232,0.7978365294762504,0.5103765557078712,0.7651337054982874,1.029428758948374,0.8696026321321554,0.5560556694228844,0.5789358823157437,0.525491402050394,0.8251878676271527,0.8781832852518053,0.781303223286898,1.202154716581328,1.290588961064649,0.5653577721452601,1.0782557008882203,1.0992905990288422,0.7598177065306123,0.8907076598347388,0.8264635344967104,0.9290590613636321,0.6902566547528814,0.902127828893915,1.0710718352678699,1.0571163618191388,0.8789433071781662,0.9799636150730946,0.5122548789828807,0.6322505417082455,0.7441385009376055,0.9888392506172639,0.650981393728669,0.705276039574773,1.005279270652068,1.1313774990322572,0.46691187276022483,1.0725574896209675,0.8736835227121295,1.0,0.8279974675727868,1.0,0.9218206126471986,0.9582571230355186,0.7607452537865651,1.1188510132644276,0.936296590337527,0.3763027764932071,0.9004776012157804,0.5289284150110007,0.6682591762907395,0.9139700848060082,0.7576266899645142,0.6987456692839036,1.1397447333922026,0.9486205966049653,1.118584624311586,1.0392202626587546,0.8001248142541374,0.6274682462791515,0.9481794736904327,0.9413851824341578,0.9892548506152904,1.0,1.0464962074525461,0.8630783308599668,1.3409329809586397,1.0,1.0161964028008417,1.170863749731721,0.5912393724329552,0.8408939388377407,1.0507624936655389,1.22539001325947,1.3062885289841062,1.042431879931552,0.7534977480987737,0.9486901772603789,1.3009266235772443,0.731241710039586,0.8216890407285888,0.8060966877867319,0.9055236145876788,0.4898896427927889,0.45989559223874776,0.6688514473836364,0.8828692748955872,0.44399352689483307,0.8779768058725876,0.8818242673117096,0.7234248313254943,0.9606771338575872,0.7975790416010635,1.0,1.0399424449276056,0.9070589325269622,1.1175399100079046,0.9089623309428718,0.7932764405871784,0.7029051594300946,0.9287096184405143,0.6425710002811207,1.0267631686240368,1.1887775354705679,0.8415803010875262,0.7440708978638468,0.779395368837502,1.1843527943023966,0.9662911128629011,0.8058468823678521,0.8105983531357955,0.7849473931717287,0.7719011593571214,1.00616910276281,0.816355480088844,0.9429271131519572,0.8990735569461868,0.913066757606404
2003-12-31,0.46812922875437357,0.7126850324654362,0.5942936979065789,0.9085608557958698,0.637526916030603,1.0,0.8591793273636694,0.7988029976243693,0.41283310146364893,0.8648681196517835,1.0410485668662617,0.8449829546335594,0.695085919379974,1.161369678917382,0.713120311975098,0.8641688792068212,0.9332967681135482,0.8926599698318496,0.7062606363815775,1.0188931233735636,0.6083609605481348,1.1040161269673803,0.9499317156514889,0.6234172389948484,1.0198396315138243,1.1263655241624435,0.5933439311305271,0.9049740164075677,1.033132659456968,1.0,1.0043160498298778,1.124129288992538,0.8972508062089157,0.9824314035539152,0.9012028915712681,0.7051632668002614,0.8989109544464894,0.7877509623831692,0.9282663465532799,0.9505971843187399,0.9960395197361886,0.6742265592937725,1.1370815668611833,0.7577401436473215,0.7020331905761366,0.9318877171454167,0.7856707971022125,0.505219069702257,0.7805904634467108,0.9868068214064137,0.8431351674520815,0.5566257279913618,0.5915821949579243,0.5196238381182539,0.8720578264825571,0.8718974618285162,0.778200395783245,1.1921491645516022,1.2807640129976272,0.5908972072141756,0.963940166978974,1.1084954338579687,0.6992643636529862,0.8421074805571345,0.8105130337472438,0.9239070639326328,0.6905687735999043,0.9035713481366869,1.0671912575888698,1.0301072081138847,0.9246841207054173,0.9798751908008082,0.5199648964000257,0.6489657081130653,0.7921515392674388,1.0104269297251274,0.6010127682189974,0.7019456240364246,1.0028341919402752,1.141043356916077,0.4669811574505569,1.0889161877250397,0.8738133561525301,1.0,0.822942849275214,1.0,0.913621941358848,0.9550433998638452,0.749831797811894,1.1094252034154524,0.9694870509332169,0.3854104312024136,0.8947704508529062,0.4925878965265308,0.6852695700388176,0.9141587204831689,0.7066976884933034,0.6792279487649036,1.071206791793571,0.9319405129469862,1.06128123334526,0.9972230051098829,0.792848886935718,0.6269469999086261,0.9351120779167037,0.9379696599809015,0.9892612613232611,1.0,1.0478483884085168,0.8972005169967169,1.2070798405578294,1.0,1.0068859769350127,1.1942027181454224,0.6527158334826308,0.8628663030313858,0.9878819962402797,1.2250155740298345,1.300207827135016,1.0419999558203834,0.7149168384865574,0.944120675296386,1.3002466405566149,0.7833602669400813,0.8531723160370014,0.8061980515783123,0.8921419924414477,0.48998503519799375,0.45957891138425555,0.6745790000453824,0.8833223347152018,0.4475561950704965,0.878217353278453,0.8815978038597932,0.7227447220279102,0.9610899708488179,0.8013068489038059,1.0,1.0393102510004493,0.8701976126342624,1.1681485746642377,0.9095253354790517,0.8017605432561259,0.7175340715897578,0.9356488849558249,0.638498266137403,1.0128416547425425,1.2309007485862553,0.8415927385885045,0.7488175372821562,0.7768172695938533,1.175666777899239,0.9616381127948134,0.804794526474884,0.8093297763290845,0.783996503472463,0.790793829810018,0.9831307925726226,0.8127840343889491,0.9416349614229417,0.8976364967472374,0.9155528187972848
2004-01-30,0.4681198805486595,0.7757289945191304,0.5964136094895429,0.9085617297810108,0.634924577236017,1.0,1.0109388487351012,0.8038022864469453,0.4051379930718493,1.1054525671128117,1.0739598101776888,0.83880906042196,0.7197124357970692,1.2141760159852406,0.7423766833287675,0.8873138826070116,1.1324357580680084,0.8766385951544907,0.7010912032975767,1.0174891675266362,0.6083280667907437,1.1021210322477355,1.040470768753503,0.6516690421920399,1.0285457960086666,1.1750779306425385,0.6006354285311538,1.0738850266241455,1.0346621229709032,1.0,0.9610612988222259,1.1373480521619008,0.8995983266316954,0.9810047114390376,0.9040476997913146,0.83096475477505,0.9694908092836406,0.9828747238016003,0.9230837233455735,0.9817456571767929,0.9960534860102555,0.6754802890993941,1.1882747663266078,0.7501133540776832,0.7005069516527686,0.9285544332035534,0.8178173603541935,0.487951931541319,0.8392193535314559,0.9849600529614342,0.8403988919360844,0.555751582721169,0.5802919763177028,0.5320191792374338,0.8436209141854004,0.8904418598193354,0.7829482508505173,1.1767945201589605,1.3906217434611599,0.6228627716249606,1.1001580718121178,1.1038544940444899,0.6967008595920503,0.84189300721699,0.7961446558778454,0.9189194077451572,0.6896409046365496,0.9015445770697107,1.044268678610478,1.0340420619432904,0.9270642245498489,0.982392400441668,0.5210792897269227,0.6383131185455989,0.7898625709725108,1.0405164794318615,0.7360142527444986,0.7200464117768038,1.0041462378049075,1.2405250500442084,0.4669439749275103,1.207588887190368,0.8738517177084951,1.0,0.8270858800330874,1.0,0.9144016401621028,0.9554738827037398,0.796545758482841,1.0228685999815486,0.9536827738594083,0.40262847895170484,0.9033095523768955,0.494905537291238,0.7158471244216214,0.9126294368975321,0.916762463750583,0.6949268631561646,1.0674023846405558,0.9883200391704774,1.1077639148043703,1.0164541191440735,0.7830002741562476,0.6268254705342264,0.9157483879297708,0.9503432962704788,0.9892194593346203,1.0,1.0128620862615028,0.9526364769106764,1.108869453283354,1.0,1.0108674680557137,1.2095766333197147,0.6413360560990697,0.8947706283493069,0.984500078384643,1.2230716847770293,1.2816236331152207,1.078013260645427,0.766545241310526,1.05472364937831,1.3000012185236234,0.7615970624200563,0.8575531326941362,0.8083507940699617,0.8978892549114135,0.4896465687900854,0.4599975696255375,0.6741349261959196,0.883997560020863,0.4442714082666678,0.8781431109161655,0.8815459383685258,0.7224448422599745,0.9613362764051541,0.8001509676470047,1.0,1.0700401457466515,0.8474290540290563,1.1596677716835788,0.9094406370216981,0.9669950220401943,0.7980383773394732,1.0181011931290327,0.6277502981040648,0.9962246242789333,1.271717459232419,0.8415947280230656,0.7457439519830518,0.7837098376016235,1.17835156777896,0.962638417850798,0.917258153653563,0.8087345262411683,0.7714708462985216,0.7708940369276619,0.9779919767919062,0.8476877739748395,0.9154295404457737,0.896323880954409,0.9050163616187058
2004-02-27,0.46812417504851456,0.7823693479009258,0.5972821635590073,0.9093693224525521,0.6544737979150819,1.0,1.0200539957577446,0.8894165103147715,0.40485554325094,1.0739906074759407,1.0634610594062155,0.835424146365538,0.701284894726116,1.178965103207558,0.72723709952055,0.8789793734764072,1.1092955028223281,0.8668270359830856,0.6995839153116905,1.0198874737451962,0.6083346052969236,1.0873458454792517,1.0665976127090508,0.6736866808927454,1.029139203930092,1.1589409338307306,0.6001344711164975,1.2144310281116508,1.0335373017447342,1.0,0.9236387187741845,1.1535911766164497,0.8946866028469626,0.9746383596722593,0.8695863213543756,0.8299767355956715,0.9180650742499147,1.0697591536468432,0.9284194184933633,0.991275236324862,0.996047342361574,0.669653928763315,1.181482579299828,0.7474437442805579,0.7324095714225075,0.9360588183999277,0.8435730613305088,0.4920679543398092,0.8514102960968186,0.9489328813275223,0.8406731076948709,0.5559462253084455,0.5896630545898163,0.5245712863424361,0.7937401258947225,0.8931013922189114,0.7825641316056706,1.1766547073546212,1.3510673221249636,0.6062305944077302,1.1066100124297082,1.104834488972347,0.6764912122758204,0.8075833863266937,0.7719878675771067,0.9172997515023383,0.6881418205092995,0.9016986902731546,1.0404720666314424,1.0311292896928062,0.8898376636354799,0.9819589254959288,0.5287893587404164,0.6460441269842854,0.7951835680947791,1.05081633310182,0.7708999480724885,0.7233711608246235,1.004865342909455,1.2597013625199638,0.46696735112435805,1.2237000075140236,0.8747118883782188,1.0,0.8246994939887595,1.0,0.9142895858008947,0.9544852620691947,0.8350386863444069,1.0545879753601908,0.9690027524593172,0.44306103066555547,0.9002774823508054,0.5234910483025261,0.7058698285374653,0.9123411836384266,0.9387180419075961,0.6850459179274933,1.0474679675731493,0.9954162028257116,1.049894832104192,0.9647591756713454,0.7798498900350056,0.6265046253433044,0.9107334596773693,0.9546524486509984,0.9893809286764673,1.0,1.0031102407017132,0.9290890517576661,1.2454966951052346,1.0,1.0050960982084707,1.231081025433181,0.640342297257376,0.8796448701244217,0.963097688991635,1.222476827606724,1.2784167860923468,1.0660930351245914,0.7205161380622793,1.060529743836703,1.2961720420295237,0.7904784638987956,0.8587237641447756,0.8109907251168285,0.8945738744446388,0.4937527254767885,0.46333944497257584,0.6753786792119949,0.8841808690419077,0.44534624127196876,0.8781891616376332,0.8813276030304705,0.7226001078616637,0.9611534338793057,0.7963957040952496,1.0,1.0744975049239271,0.8130214976774904,1.1543444436371093,0.9072393204339735,0.9951848806635585,0.7782240815057332,1.0173854596806846,0.6235308893590589,0.9730871590193956,1.2240809742033243,0.8416190121547699,0.7513400675898645,0.787756995548031,1.1738584152737412,0.9616725531428808,0.8757130004347652,0.8130269524603909,0.7723411724030231,0.8585793408353704,0.9485130925361216,0.8436916733906128,0.9054183914673112,0.8954544817954265,0.9008219276022411
2004-03-31,0.4681131700747465,0.7652639183982433,0.5966103142579379,0.9106122902994078,0.6510551861842914,1.0,1.0044129967483857,0.9122439999967273,0.40302079283533754,1.107035231841343,1.0560139834674458,0.8355305038678316,0.6687530381460062,1.2011888948172493,0.7315526728769797,0.8826581107109213,1.1474158208858543,0.868619335591658,0.6997061909393933,1.0207801063220656,0.6083463126546691,1.1190915055120603,1.0643977246149912,0.713804910491724,1.0293162602897428,1.1412380496775523,0.6016655764714458,1.2700519118460036,1.0342777747978202,1.0,0.9383624625781879,1.1846863579523823,0.8951796533945474,0.9829576774859263,0.8550282528791563,0.8222456965779533,0.8936600709719469,1.0560966039364559,0.9314478138351305,0.9925889804342065,0.9960548460392395,0.6750426831357741,1.1682428254933255,0.7552893103909445,0.7629438516312168,0.956058630677094,0.8726816665343184,0.5048437235206628,0.8553333790963324,0.9502343125744337,0.8227383179256428,0.5561871139837595,0.5921975273213829,0.5247077305972252,0.7651293301371695,0.8910093139144826,0.7869755783313199,1.173323630933319,1.3199319944631025,0.616728142673266,1.0968138313516484,1.080439050461235,0.6850714814787273,0.8279440779627075,0.7772646444139127,0.917439166324618,0.6875305462989554,0.901963616839715,1.0598422999884591,1.0327838512203507,0.9183630329853034,0.9812186751448277,0.5399055223296879,0.661712865607962,0.8342300408459082,1.0554378011633876,0.7503693687920903,0.7274232285804333,1.0041664318686392,1.2569751416064827,0.46692947217379277,1.2231550110750313,0.8745560096765932,1.0,0.8251547173603886,1.0,0.9144777028592518,0.9540554410055824,0.8360266403575503,1.0378670538763002,0.9589177196471045,0.41130602362420077,0.8983405057859708,0.48330812409830204,0.721458422497466,0.909752581490375,0.9283500467595707,0.683724044237912,1.0247175879577413,0.971873546005618,1.0652344623406351,0.9827548381645577,0.7782933897682434,0.6265879970354925,0.8987812031727758,0.9537973313803946,0.9890936681727485,1.0,0.9950661507941589,0.9437391432953999,1.059781045599197,1.0,1.0039314766078042,1.2275312532815164,0.6314814698737696,0.8840050135370011,0.9561530677879342,1.2214852523963695,1.2748050355468443,1.0748413414305775,0.7150519640301913,1.0533054738471368,1.2973494548830038,0.7897045063143227,0.9003311209949928,0.8121970026441885,0.8964732326419531,0.4878483296859638,0.4594595371079939,0.6766330454313054,0.8841868833576597,0.44568385859455006,0.8782064812721603,0.8812818690098829,0.7228074847312623,0.9612967373684804,0.7947952485935698,1.0,1.0748070829577685,0.8083423398811894,1.1374806669013267,0.908284111248776,0.986748143119149,0.77647672957455,1.0196064065682509,0.6220159075459023,0.9729296734781877,1.2123435864552052,0.8416181860183085,0.7561659906845226,0.7884431222381869,1.1738270804962332,0.9627375866072916,0.8578372336802108,0.8120942261314985,0.7701042371833797,0.8452434712775815,0.936071850817463,0.8490503049124506,0.9035030882014548,0.8954137816253643,0.9004832398537321
2004-04-30,0.4681065738041068,0.7467350393668188,0.5999454479815474,0.9105808810313458,0.6505509828332281,1.0,0.9750414383389245,0.8064615060501512,0.40175815201231113,1.04425544407125,1.0593997905711798,0.8424637801652937,0.6390129590821603,1.1303713251102985,0.7126366834515219,0.8638228040303852,1.1447961002379308,0.904929770900211,0.7000757557908934,1.0222994217282335,0.608360822001891,1.099593045396723,1.0453219324045298,0.7430571432383419,1.028094410548154,1.1497425173492104,0.6106418930171669,1.086145291788213,1.0345663358564003,1.0,0.9616081611945804,1.1895727083591048,0.8878121673318965,0.9900730125933384,0.8336332632510574,0.7889247988635064,0.8044276539988505,0.9756833848231277,0.9284354023396278,1.0021418105534068,0.996055304713387,0.6711814768353227,1.1863915698799194,0.7562516029087147,0.7104635033523283,0.9692684987805404,0.8468291344980609,0.48341249783071927,0.8460873521887173,1.0345066191482246,0.8111191230391807,0.5562868848929143,0.5759952194450497,0.5218370031191162,0.7742146009246209,0.9043555718498844,0.7818326617966391,1.1862459986007616,1.3248980624354019,0.5991323374069675,1.1129979516599657,1.057192659781795,0.6901059881654734,0.8242023189009895,0.7681708983504056,0.930440224738812,0.6916771249546663,0.9038374509852792,1.0065434471153332,1.025085710194333,0.8891229648460499,0.9829538926464666,0.5343690183479324,0.6814321090870022,0.8444961228748848,1.042360546590534,0.7695822986921076,0.7207972686342667,1.0030851708349273,1.1790616515729837,0.4669151807000821,1.166749308995679,0.8771715797950136,1.0,0.827188714317824,1.0,0.9149813072291864,0.9534980768826872,0.8011435966392499,1.0326601223488192,1.0133783697697731,0.4133227740950939,0.8940022986330787,0.47992834933486894,0.7185689017376253,0.9099072537246079,1.0062956740304376,0.6813830761706445,0.9943066851204685,0.956562298903534,1.070676930905773,0.9213680260530919,0.785600140612669,0.6265506320396508,0.8728567105065064,0.9551725365254563,0.9888301961203737,1.0,1.030534314050485,0.8708356390721098,1.2704631752207618,1.0,0.9965922779437175,1.2334284464141576,0.7064865148736879,0.8302763708715334,0.9643215012467432,1.2217873272681288,1.2799347855801062,1.0442927529064967,0.693321599443686,1.028257128525708,1.2899805348812918,0.6817347364918032,0.8416065714335991,0.7991241921554664,0.8963305358752942,0.4852197682658119,0.45819643736534976,0.6730169160862096,0.8834587365933442,0.44267168384039135,0.8782354405409479,0.881245177768487,0.7232554837196861,0.9618444801585743,0.7931539170061759,1.0,1.0804576113920172,0.8764617620959199,1.0767299329922493,0.9081817167323442,0.9033155198363524,0.7300976715171121,0.9750800366450274,0.6256596888627032,0.9599355325430751,1.1784841919490006,0.8416088313500604,0.76935890646589,0.7914075537272243,1.1725336647866567,0.9607797512214179,0.8442256952026166,0.8080466135666204,0.777305412389657,0.771906026031757,0.947954851445874,0.8253086031050532,0.8997985808594986,0.8958180847397152,0.8992490116694097
2004-05-28,0.46810971802489953,0.7017194535470253,0.5993199873291859,0.9106023659020623,0.6320892778626404,1.0,0.8711854032277391,0.9801185115559679,0.40466477862335826,0.9578332927040119,1.0851299054617884,0.8493293024680366,0.6492835798778986,1.1519495609554307,0.6907702904387627,0.8253608677375074,0.9344147923253188,0.8986411810511898,0.7355273803311381,1.0170859784862993,0.6083742930134233,1.0921501864562682,0.9519471426938657,0.8040290305417221,1.0231952461627964,1.166825201333539,0.6083054756543924,1.0360478180806485,1.0356090779721783,1.0,1.0371026266081251,1.0625513727416829,0.8902875088283683,1.0025096199342853,0.8286163302361264,0.7335884321839469,0.755038092697727,0.7925907335448356,0.9262112203940593,0.9736892930656982,0.996134441411033,0.6831921391090398,1.111816264743411,0.7586143477424091,0.7022461904282914,0.9087944390265369,0.8276873687552251,0.5428777004648748,0.8490472777634979,1.1250486276075327,0.810677316052,0.5559630572464592,0.5816442301907883,0.5196522939260624,0.828606676109944,0.9272013652710343,0.8253387071781233,1.1840724421258362,1.2477541997189994,0.6156911619830503,1.0485669209045303,1.0773597639900043,0.6831363745033481,0.7842226279380934,0.747254915958419,0.949529695550668,0.6917148494261482,0.9069804444703566,1.02136132050971,1.0225735717456248,0.8613746942694808,0.984745480669268,0.536146287392397,0.6739506222838849,0.8395518289139208,1.013329009944691,0.8392577083408301,0.7248752802268321,1.003924369994659,1.03052846232982,0.4669564785755771,1.0590374279016694,0.8770312814497274,1.0,0.8511993860252804,1.0,0.923230773547943,0.953244664112565,0.7261206563291598,1.0399379160020374,1.003704997705352,0.40574618008903407,0.8921377845508914,0.4941806934720666,0.6657885520159781,0.9178872486095482,1.0191270622580422,0.7084811407639448,0.9717228217119699,0.8561200674529508,1.1035190080471668,0.8695161350162529,0.8085598020677736,0.6267064173891037,0.9006834458662932,0.9452105653286059,0.9876288614658719,1.0,1.0275440623802234,0.8754914650054914,1.28445880988781,1.0,0.9939045320837162,1.2018261181230563,0.7206568687255726,0.7197174413762506,0.9480400717047229,1.2194853960914236,1.2691317616886229,1.0093104502359171,0.6990701776903372,0.9868352002182244,1.2750265164128112,0.6817969820993095,0.8130350251550081,0.7997967237378623,0.9030260621218646,0.4947132080152403,0.466411729147723,0.6803491803728907,0.8825638879757918,0.4442300826360419,0.8782363421040701,0.8816095963183257,0.7264106800022689,0.9633618795828611,0.7941421290882026,1.0,1.0364510630811465,0.9060133123178685,0.917265434477789,0.9081339827573633,0.764187593038603,0.7379536837256706,0.9104167039413792,0.6294295784147363,0.9731880789394018,1.1339816579930648,0.8416366271829625,0.7995852132354834,0.7815958776580857,1.179965125681371,0.9608209106077803,0.8305249949123408,0.8026447408504694,0.7723515737805159,0.8332715703679312,0.9712455751302952,0.7884848081701276,0.8907901702603096,0.8955758933334225,0.8946818185275806
2004-06-30,0.4681097946326507,0.703353041019521,0.5977993604600806,0.9107469282554158,0.6276865987311918,1.0,0.8260828708442514,0.9057577835915043,0.40524927372377817,0.9201234818466809,1.0699352818073935,0.8456449505934048,0.6737669203428114,1.0972960467114916,0.6857548707352994,0.8050680523849751,0.8536155672662264,0.8885932768770275,0.7629325286069981,1.0137338946089895,0.608401160432436,1.0962551930822417,0.9159856661060006,0.7496956731466629,1.0175764981224884,1.1555721873004932,0.6087315099092239,1.0148110629798486,1.0365472096306994,1.0,0.9421708040694254,1.0039026586412598,0.8924559325908759,0.995867152560177,0.8179010510317501,0.7231814771731799,0.7488869881131491,0.766001985081673,0.929885827795836,0.964284746272185,0.9961483726424094,0.6893736066247083,1.0103758888969405,0.7465678427027931,0.6862661232743644,0.8574811342791673,0.8086526754697543,0.5183168815064247,0.8568716394620098,1.104173615970012,0.808512861120889,0.5560268198319362,0.57458025553983,0.543699654650452,0.8423978541949806,0.9257342437041777,0.8450006290699006,1.1741161028285787,1.242891843313137,0.6138013913019076,1.0498794861288958,1.0615243550913591,0.6843762834548772,0.7905137938468492,0.751358362680814,0.95478046903692,0.691130200374714,0.9064446743974804,0.9965511735438425,1.0222083149455128,0.8560917849925584,0.9834942225479064,0.5351684754919601,0.6818080416339303,0.8459427444753419,0.9941587185925436,0.777618093102671,0.7137249929900649,1.0034901476581124,1.0098769481888803,0.46696369070597354,1.0299717040165788,0.8774859225702967,1.0,0.8570877357978736,1.0,0.9272583236893897,0.9532775070216473,0.6797707262038686,1.0353908497586897,1.0164409121077438,0.4172002614015946,0.8959123601985771,0.5026070267095565,0.6870152770877029,0.9088054275250615,1.0184162393626153,0.7117330274460506,0.9962997939770907,0.8222591680546322,0.9686609806395119,0.8670040172290188,0.8109049754873776,0.626529289754131,0.8896819527628302,0.9383472890964596,0.9850266449666036,1.0,1.0152685702407163,0.8790894732296543,1.2434448783302483,1.0,0.9887947690471293,1.1787761143478166,0.7434554174906544,0.6605446104291439,0.9140695993028735,1.2051523376397666,1.2250059186550484,1.0013998718938273,0.6981055491302843,0.9682326408336128,1.2498729236262505,0.6417799007248344,0.7867297596871471,0.799390847314034,0.8974253190684477,0.4938823681004525,0.4663978517624371,0.683578047709864,0.8827785099869627,0.4453511782969378,0.8783217100891884,0.8815315844948619,0.727450401540735,0.9638134252395082,0.7938967535679198,1.0,1.008071184707545,0.8998206901568588,0.8985446165419309,0.9057071261502598,0.7407426659466412,0.7908357656055386,0.8844674520491611,0.6247878516397831,0.949315019682577,1.065313477226067,0.841651846363099,0.811442874664525,0.7784106657900173,1.1656147711510023,0.9545961557668843,0.8062801409361078,0.8073430429688655,0.773186129921164,0.8226931881091285,0.9595633997152504,0.7884312613043377,0.8867364198421482,0.8954535931361393,0.8938183691381556
2004-07-30,0.4681897368254877,0.7022990657826078,0.5979815393715284,0.9148233924832472,0.6515913745336677,1.0,0.7999746550150351,0.9465319511986167,0.41499618574811237,0.9361249281879875,1.036128511524506,0.8616527500926388,0.6979988876974121,0.9781987746628938,0.6831239651566869,0.799582864968138,0.7331980208761482,0.881537499776917,0.7870076324284639,1.0108653623132633,0.6092216658381899,1.1181595702941864,0.8744299961757784,0.6809488924411429,1.0165932562277409,1.1720932876327925,0.6047098893181119,0.8914036703599931,1.0381477711946072,1.0,1.0430690361238593,1.0690919998927118,0.8827565351826705,0.9727113632803531,0.7915208348358792,0.6912443054518214,0.7369690601508826,0.7415735926201141,0.937123751053596,0.9384289665854008,0.9961086756575743,0.7307631688787459,0.8396940970790702,0.7444148013074987,0.7932796806597262,0.870571104301491,0.8564630615764681,0.5450533059649938,0.8352180130531667,1.1038792059868912,0.8111741561990018,0.5670267457582314,0.6068290785242747,0.5411982518275076,0.8372898377869467,0.9352195346498249,0.8175931768047234,1.1661173765282051,1.2284342704904296,0.6055675755198656,0.8663916647769374,1.086949082887113,0.6791092340539338,0.7856322186108494,0.7627723906898767,0.9712229555049766,0.6987898491261195,0.924289809229334,1.039758234379098,1.0179948689594684,0.8845950473985925,0.981983854628266,0.5470537746017401,0.7090066336463774,0.8531598921122114,0.9708940493606194,0.7230852231853389,0.70661308475976,1.001456223401442,0.9660469321167156,0.4672553628099082,1.017852553540247,0.8807031378766388,1.0,0.8542301146761819,1.0,0.9331331603672736,0.9545615592740498,0.6988221624401115,1.0258739891641813,0.9992207996654613,0.4225136632044346,0.890655905313094,0.5727210190056566,0.6884139067802699,0.9295669116331328,1.055156201682304,0.7002113789588646,1.018642008652168,0.7822528423391129,0.9482085520073357,0.8544732400490607,0.834730369240998,0.6275790459057025,0.8690502796453534,0.9267090780258602,0.9786339858249269,1.0,0.9935161944970351,0.8676043007678218,1.1055854476962317,1.0,0.9911035222822712,1.2054139416317569,0.8391673793710551,0.6222443619784788,0.9217453256193628,1.2107038023492995,1.2345731117875227,0.9966860855990932,0.7050147640227065,0.9522723553569286,1.201092729925644,0.6336539213296926,0.7529131884249572,0.7882510200887708,0.9023201523607026,0.5079887505396206,0.4760404779997731,0.6861292308529567,0.8783177922855561,0.45142962590866986,0.878342764657229,0.8822799326117702,0.7355680083462474,0.9645060123783711,0.7931388089283542,1.0,0.9877858745910186,0.8817120408298201,0.9360713400108771,0.904176727742334,0.7252129678337069,0.8373669249824383,0.8697840626709872,0.6609467343919297,0.9694154534346726,1.0447081322872234,0.8417144108347404,0.842276318265201,0.7760127070328494,1.1279641935038343,0.939766027561674,0.7895922732936254,0.8077662798922742,0.7804568168649106,0.8186930629650049,0.9868374810531062,0.7891779994356242,0.8898730300069841,0.8956988028471163,0.8932634769292751
2004-08-31,0.4682625454639754,0.6975728839248698,0.5955808387011072,0.9169282701971062,0.6500187810481395,1.0,0.7811926524029231,0.8882824900838946,0.4184772331186699,0.9191920708850466,1.0123570752953575,0.8684390153930865,0.8208859044799249,0.909243719896974,0.6823112935031489,0.7786758630567464,0.6907816866724822,0.889356253954224,0.8079646615022225,1.0091217488318025,0.6100776005861479,1.1257951854304475,0.8483618328106248,0.6552765435238654,1.0193137893428836,1.1477084945195968,0.5938817797437227,0.8036486235444431,1.0383363672791674,1.0,1.1019349355680963,1.0935770423711457,0.882619485771214,0.9693018049706772,0.7803416582555649,0.6713386133442996,0.7558477244521314,0.7314156935756201,0.9404973954944064,0.8923052598846504,0.9961547635310121,0.7431296789222466,0.7697797428264905,0.7415628123477238,0.8610624506958782,0.8596295547496997,0.8331499394737127,0.542458487250044,0.8232075796798991,1.1410265883937216,0.8076455923201689,0.5799131034555765,0.6219591381746314,0.5498106574226824,0.8651719608695447,0.9443561454263422,0.8321935296828382,1.1702779239606764,1.2220020887557332,0.5956216123298055,0.8207458886306799,1.0696286024617787,0.6707556038341274,0.7801249215313509,0.750845091242025,0.9807881447161936,0.7059511606327589,0.9336831119670647,1.0486881607792178,1.0152018101882287,0.8830531733633432,0.9821810545060529,0.549745717645225,0.7190820515784722,0.8685120408719347,0.9458899733254335,0.6886517197723517,0.7008095098150877,0.9992561989879125,0.935975564796938,0.46757241183195386,1.0039224961196416,0.8828080559242192,1.0,0.8642973545488225,1.0,0.940784476998731,0.9546127856419023,0.6787739220205584,1.0288548131434532,0.9966943393602705,0.42237405013715734,0.8899292566135971,0.5912720001210787,0.6911486890357964,0.9451744926252081,1.0608484713636923,0.7023151257822746,1.0469080337600787,0.7482830226542123,0.9387859846722489,0.8356745492656228,0.8534715242197184,0.628855285868563,0.8547310365897647,0.9181644236227753,0.978325682411313,1.0,1.0109182644320467,0.8961469199427865,0.9014365888235321,1.0,0.9976268340790748,1.2049073437582634,0.8140334428874638,0.5963863914297688,0.9160477809422858,1.2113448498655657,1.2362584566591348,0.9835542443439511,0.6993829485183436,0.9328697006475967,1.1782434563534903,0.6333423302432254,0.7631508400909298,0.7876038975122182,0.9104598156558308,0.499696115976934,0.47358607553667176,0.6759798626609494,0.8763068591704739,0.45102919667453567,0.8784071036452215,0.8830379699892275,0.7409767624722283,0.9668587570143312,0.7941452938531844,1.0,0.9680714588314789,0.9315450494413956,0.9031790445324275,0.9055679496799038,0.7185397149538443,0.8288374212558307,0.8641775804568941,0.6864543935676234,0.9882050192705781,1.0252080273526762,0.8417612534888556,0.8489382137875133,0.7732401033687355,1.130644608254241,0.9346658384902,0.7770966891947113,0.8126395594557649,0.7792322894625685,0.8582416463198587,1.0043242788060214,0.7632248356148267,0.8978105345059807,0.8960431449372284,0.8936750821937075
2004-09-30,0.46825838827086397,0.697155903701959,0.5963238675091828,0.9135657955660583,0.6373778209759635,1.0,0.7400599315691914,0.8793121475393696,0.41177403186254347,0.879712678656273,1.0057916557303883,0.8637609089851961,0.7902580188623893,0.92256989058972,0.6821486046648392,0.7807192917355346,0.6931022705968712,0.8730725944556583,0.832717786375768,1.0058680126819024,0.609422489195732,1.1042875833487193,0.7913797104591576,0.6366988668625322,1.006924725654044,1.1325267050878458,0.5986435555558633,0.8443166574898078,1.0378856449056697,1.0,1.0369654167287647,1.1106599304167113,0.8902080035529925,0.9754863663854595,0.7658587609505626,0.6357478061082245,0.7292595786531133,0.7194465284012393,0.9401231836428476,0.866922773780131,0.9961571908180598,0.7361783595581168,0.7300987151403056,0.7409744933453476,0.813686710618355,0.7946756970110276,0.7881215085769011,0.5235222828465768,0.834844720829095,1.0432893563903711,0.806969054744126,0.5744201867877933,0.6074348661158822,0.5460044742189751,0.8410022375201951,0.944367800717178,0.8893081711604619,1.1579010306146902,1.198139962488171,0.5873957815328608,0.8006755714938232,1.0713600345990257,0.6553734604558026,0.7341400272382441,0.725052812763411,0.9767375855322584,0.700459491072722,0.9268575487670487,1.0207948697959248,1.0146958323673876,0.8738086627352546,0.9840821442083105,0.5331876909103672,0.6985449274624169,0.8481256553244021,0.8955049545080019,0.6328057379797956,0.6990402440379124,0.9990984005271252,0.9015180197790724,0.4675880148774363,0.9651844702495718,0.8795149937045533,1.0,0.8782438966725434,1.0,0.9426545039675149,0.9548329836360744,0.6536406008686058,1.0279481907325558,0.9639361771954756,0.41897184861694037,0.8869172618805983,0.7524459668204693,0.6894213758893173,0.9390868569655357,1.051619884695161,0.6961045821010475,1.0392234268798088,0.643951827998408,0.9259004692606465,0.8290977978466325,0.8502036293944703,0.6289451372821425,0.8521834877270797,0.9174710601629119,0.9764036432081676,1.0,0.9942981358842254,0.8441202426241066,0.572282675800778,1.0,0.9948833942873478,1.2000998120349726,0.8254547844376905,0.5794190819647935,0.8913207551773078,1.1822930332129997,1.1789702282662098,0.9630741048415442,0.6973462294333791,0.8794547373625085,1.1855767957170467,0.6333930308753277,0.737811773400203,0.7874535072183431,0.9090140293980674,0.49913692660345965,0.47434039638467607,0.6770994350180619,0.8764171449831771,0.45055349297973746,0.8783310555205996,0.8826087338272625,0.7397677198894592,0.967805906997616,0.7926817835497876,1.0,0.8931939156963993,0.9798057238613915,0.8803467122385744,0.9034377773556249,0.7103749261843737,0.8160767300945806,0.8619113076036824,0.6578264429643448,0.9328272804223259,0.9937051694959163,0.8417668087987924,0.8563932893500408,0.7717019860907679,1.0732591832008425,0.9078764055507154,0.7548794871200213,0.8105835523991237,0.792508904551668,0.9481833740794569,0.9746735823982048,0.7495467531435156,0.8815485277300547,0.8952984671945365,0.8918143526344883
2004-10-29,0.46830178708022796,0.6925673291411713,0.595307575083627,0.9126877282560394,0.6421993102549042,1.0,0.7294519119436971,0.8341625425135659,0.40839119159339243,0.8668824170637912,0.9864267871030982,0.8644492822528619,0.7520958723757188,0.8775118698820762,0.68198973078075,0.7751708334239137,0.6667787942389043,0.8519808170407109,0.8402243150563116,1.0014857096377348,0.6097258936920418,1.1113052502649363,0.7741895700066119,0.631287092299367,0.9950606155076693,1.1230476908886644,0.5882814023880827,0.7820285784440021,1.0374261215380949,1.0,1.0242898704245953,1.067098931059155,0.8884030000834265,0.9680433529560213,0.7678331592769142,0.6170271364075524,0.7176466867228147,0.7181516012169088,0.9405649220015012,0.8433100563088436,0.9961897673236007,0.7275562862681342,0.7158728863594761,0.7410528508002537,0.7971236748979962,0.7681494186154231,0.7602775020205456,0.5196645678624348,0.8110567339841472,1.0674165886123828,0.8044118974524279,0.5723205503937006,0.585936769621447,0.5399927769102758,0.8339160739507201,0.9249055805833064,0.8897344790628424,1.1365706965264526,1.1781246610585128,0.5810933235903015,0.7753505209358743,1.0686719142777623,0.6699520142172288,0.7845355928928189,0.7492030711488347,0.9797236790923216,0.704061474406894,0.9322928150210869,0.976427658862875,1.0051482421982576,0.895702247947078,0.982291926058919,0.538192660477312,0.7212088526759343,0.8664278957161123,0.8858961324237487,0.6035306744816645,0.6982124215107934,0.9985773839276738,0.8790873653965952,0.46768730320883356,0.9561779139007341,0.8801947972886284,1.0,0.861946773192502,1.0,0.9350371457943624,0.9531085689702705,0.674602981134446,0.9976913680891436,0.9594877521959368,0.43736859815699947,0.884632842326243,0.6835466449980969,0.6535561889789046,0.9342708474891628,1.0782893028681535,0.6951879912703771,1.0025398805308214,0.5985477737745866,0.9296144002269906,0.8066944606872728,0.8524316628793982,0.6287253417938485,0.8511055574075088,0.9112346597259439,0.976120561029331,1.0,1.0149047417065857,0.8113092482124695,0.4847834372130213,1.0,0.9975122532379043,1.175730806866847,0.8530021990783442,0.5771556831669471,0.8740108647893691,0.9718451393617167,1.0561041540918115,0.9575612983859105,0.6924778529863216,0.8591162659577494,1.15573122309814,0.6350050941353932,0.7364429176135725,0.7869067294557719,0.8996876668355163,0.5014345673477258,0.47836965416541366,0.6728579335286151,0.875681103923235,0.4477437106634973,0.878422518343473,0.882854135886311,0.7436374128012677,0.9676058454202129,0.7926264648714865,1.0,0.8657961921278217,1.0276966099831584,0.8928585525700146,0.9054616978556845,0.7090438153172469,0.8039916543481791,0.860614993533523,0.6593116515831956,0.929676059899026,0.949474307928471,0.8418094978851028,0.8627443327789512,0.7715701275416998,0.9582366728455202,0.8399024501808716,0.744149294632175,0.8160996369121237,0.7921556174288394,0.9822088196816718,0.9845945021784719,0.742760418465283,0.88494883345674,0.8953953716964058,0.8932543192898033
2004-11-30,0.46832788659621216,0.6621121094567005,0.5952516974160682,0.9124284488238845,0.6216915374913374,1.0,0.7332059586055202,0.8736511513198847,0.41201791383850206,0.8314443083950962,0.9771567324271961,0.8506069500916711,0.7409663749114677,0.7865160163282913,0.6821707705764449,0.771052731195245,0.781285758297917,0.8498478232909661,0.8351080431198341,1.0011352447998143,0.6100014496980021,1.0451994768601596,0.7684897734672066,0.6274323890956762,0.9895148889534463,1.128134389609531,0.5867158386198567,0.8115529934317904,1.0355342672892993,1.0,0.81016073987716,1.0957700039630855,0.8877095890272495,0.9557047946594434,0.7644939660560108,0.610401593679184,0.7187091878264564,0.717510219776063,0.9432562247599582,0.8630239457426037,0.996075479188895,0.6993283219402959,0.7216973027478172,0.7624944917741092,0.7844823150848446,0.8077272453162656,0.7463252544818365,0.5273852790864513,0.8489564971264839,1.041228795033813,0.8075769478329926,0.5751211218291767,0.5694212872769049,0.555689360285319,0.8279268617614466,0.899290597024261,0.9153178095064812,1.1137199567710694,1.1884980322793306,0.5781204135557949,0.7693834997221602,1.0766159626955782,0.6559487121152107,0.7619804282848104,0.737388017727729,0.9630955994748333,0.6938454855825833,0.9181739543449752,0.9824652066229599,0.9930302828450958,0.8376320451314657,0.9845898639040824,0.5370845623098983,0.711431313772912,0.8736003010243172,0.9063945600662464,0.5727893031909573,0.6976235878072694,0.997732626149742,0.8711421481779793,0.4677236996786682,0.9425491958549157,0.8757318404370199,1.0,0.8384055869228981,1.0,0.9110502108037974,0.9526806122582152,0.6929794636733535,0.9986464679322844,0.9671816371268863,0.4178077436217602,0.883203521155535,0.6970263581628254,0.678310839602241,0.9183565183827737,1.0659043417335328,0.6858902356446249,0.8540103213346134,0.6217068289059422,0.7565106270677606,0.7970207729774405,0.8371450390099751,0.6278293369483002,0.8439331085499062,0.9264098247174432,0.9778799111911592,1.0,1.0109742710203578,0.6491535514353066,0.3712006195092489,1.0,0.9800824622318202,1.1641613488166553,0.8258936302790384,0.5775923596805463,0.8569214877514609,1.020788543292736,1.0739510510344357,0.9482379855960642,0.6989231081306013,0.8577226650901114,1.1327033057924338,0.6351395820242527,0.7479342245040028,0.7907808036141719,0.8789374476839972,0.4984868854266695,0.477159068068883,0.6858515703148482,0.8767941458788737,0.4555358326009826,0.8782091736157231,0.8819392481249863,0.7331454335476748,0.9659542111898075,0.7922174658135706,1.0,0.8903314871536989,1.0397878437995585,0.8588819806991063,0.9068126501221552,0.7075190814531761,0.7789198263937229,0.8612454259113934,0.6400853536114186,0.8699457925823849,0.9188839107372077,0.8417556636598547,0.8496711621980384,0.7706086041368224,0.8976061084657423,0.8381758136498185,0.747953812563328,0.8174531239375993,0.774646015902416,1.1647398417686794,0.9539162499967709,0.7411931943811103,0.8699237784189301,0.8954703428461251,0.8909992274010644
2004-12-31,0.4688891036009626,0.6609906705594626,0.594300699248592,0.9115482612065818,0.6202467706401509,1.0,0.7335771270421008,0.8702645318846256,0.44717426849229114,1.0189793364400168,0.9753014870962011,0.8496326828995705,0.714303482194862,0.7648121371094886,0.6821122706363933,0.761860552936355,0.8337926673994759,0.8510608277016727,0.8065392334880787,1.0065364458106394,0.6097007178240765,0.938759054784373,0.7541622490845216,0.6251094516331099,0.9858771276208561,1.1020758577537946,0.5864818849777425,1.0172571902146565,1.036527767313471,1.0,0.7449784874469144,0.9978654944478963,0.8871333438108089,0.9588856574082378,0.7724715738183996,0.6147786552166445,0.7571997354363141,0.7162725530784316,0.9451981166012733,0.876105764445051,0.9960664398239969,0.7082641736199246,0.7136536202429573,0.762919057384972,0.7748015508214946,0.8596245096246788,0.7858164679732245,0.5423132759230993,0.9371161017023142,1.0084068501899732,0.8144997597600658,0.5801514831973539,0.5863285694614755,0.5292799608014376,0.8103785994931575,0.8985263962238172,0.9274365429605573,1.1348318680915883,1.1896348690232013,0.5638412686688711,0.7747948339738168,1.0650257778974441,0.6338081438465819,0.7231172544294893,0.7120801182184004,0.9646823827464966,0.6975091181797767,0.9223841279375189,0.9680071172661671,0.9907364082728284,0.8190672608281367,0.9845220321161059,0.5316710122977517,0.689976223850577,0.8811622691944239,0.8829557350676782,0.5733894621893583,0.6988251681115281,0.9986246650667563,0.8589785696809057,0.46940067107427097,0.9257523877349618,0.8759708661028403,1.0,0.8312851831162218,1.0,0.9101278722711943,0.9525994642502694,0.6714763905671122,0.9989001242603461,1.007023954419423,0.4648144287943521,0.8837698240519646,0.7127392022509192,0.6359993464898903,0.9599870718610126,1.1159107270464912,0.6783556972667384,0.8277278002788184,0.6678174832366477,0.6609152476107323,0.7497543366222852,0.8583435866048775,0.6280665171374651,0.8490020835493783,0.9267989636802836,0.9760020873142682,1.0,1.0087329318557205,0.6019992518874027,0.3787184325929801,1.0,0.9726156254125126,1.1593323038949874,0.7984421560292079,0.5868147091344403,0.8589322626167437,0.9472307063684926,1.0543192144850517,0.9257160938160044,0.6993168975898854,0.8834632771082702,1.1766297797828842,0.651462450912921,0.8234797109928453,0.7898086402322838,0.8661843242570527,0.5016018418974202,0.48076359708336724,0.6832460620880951,0.8761031330009241,0.4690726302772492,0.8781103292879446,0.8833464899542758,0.7317853257159522,0.9676589214253442,0.7924201861431357,1.0,0.9562510906367008,1.0424085852211336,0.82746954740846,0.9052695983104053,0.7071561429571314,0.8205633829961655,0.8614667334257166,0.6478429799725673,0.8788441946160489,0.9496821434071964,0.8422003167115091,0.8448873094972366,0.7705656567157908,0.907809297761194,0.8585826812147107,0.7500962803380151,0.8158340800294345,0.7783910526271803,1.2045236804078892,0.9654885895032661,0.7333072968085759,0.8809214816326814,0.8957195965859817,0.8946941063235735
2005-01-31,0.4718407866292541,0.6601559359892128,0.5940481250006827,0.9122454048242609,0.6218499981436458,1.0,0.7025835925992017,0.8439678250289757,0.6579536186437178,0.8223405337304024,0.9225324537810893,0.8694590503463984,0.9390561790833947,0.6881998763360095,0.681724660547824,0.731433560001108,0.6991497547015171,0.8655709179303956,0.8577309505890184,0.9981091750098494,0.6110029939589978,0.9468337305640405,0.6833849683318294,0.622157493589344,0.9752466275642421,1.0667541015481175,0.5859644987952769,0.9590681850992524,1.0357466134745943,1.0,0.826298179837492,0.9823441969207888,0.8871572592949486,0.9569023055531537,0.7599770905198229,0.6011855405669297,0.7366830385119927,0.7143415253991563,0.9465401469506772,0.8007319097803969,0.9961171845445757,0.73989321024281,0.7108928299179885,0.749904268648319,0.7659383308797802,0.8202913282769344,0.7811089553312062,0.5792940915790239,0.9088814592439398,1.098609174059761,0.8158635514666592,0.638329424092126,0.6180176312479975,0.5162250120905536,0.8567489887637854,0.9375904386388916,0.9356490990896931,1.1432687233055117,1.160846263933018,0.5463776830791991,0.7713873306079765,1.0614137161770687,0.6203766824790722,0.6858024012468731,0.7011715221816626,0.9873292143167065,0.7235595510022854,0.9668017722680678,0.9828921610283349,0.9978116510384333,0.837631805786641,0.98386113523799,0.5255178256940732,0.7022603640304159,0.8867858046339028,0.7654675583741273,0.5520189355243194,0.6966934032891036,0.9985652628178839,0.7765354122636345,0.4763518746543669,0.8570674628335346,0.8818657415834535,1.0,0.8375755070217203,1.0,0.9166983640963291,0.9529405078309663,0.6487016278791682,1.008516637473114,1.0314496351845133,0.4014516432369496,0.8834603277067195,0.6281070199862681,0.5846333447823051,0.932537371959462,1.0594717567287626,0.6733769221630901,0.9231450661696892,0.5704770987894889,0.6550166525712036,0.7123870954771352,0.8966356650773982,0.6336733635441092,0.8518027323188049,0.9124100517309052,0.9710262893231937,1.0,1.055191043290502,0.5836455073935288,0.3762984497031484,1.0,0.9710788216463953,1.1497738743182162,0.8334131669501245,0.5663605495291355,0.857551999281813,0.833744201357432,0.9948475484870235,0.8827042615481748,0.6944106321466961,0.7929818937655377,1.186500844157809,0.654888829246743,0.8239052761360246,0.7888554202154814,0.8787947037332776,0.5639046200908115,0.526829761549937,0.6874547067759973,0.8701291992500172,0.5214250596996297,0.8780531913743612,0.8868282581458993,0.748015703869912,0.972549918714221,0.7926744003754993,1.0,0.8304069872069272,1.0024396457985087,0.8164791512949091,0.8961661775919096,0.706483164563755,0.8333484469570086,0.8594331678841209,0.7178788052108267,0.9405394646278255,0.9173702026743803,0.8432777083788243,0.8804613744501663,0.7697392984263279,0.8402838007538729,0.7813565546683008,0.7241415420386152,0.8167026337776149,0.834388492650348,1.175629569865834,1.0003694004953891,0.7033657327609107,0.9065152164815544,0.8956701478363996,0.9027092025268537
2005-02-28,0.4797754086462319,0.6599897769608858,0.5944825115048884,0.9103869611541304,0.6197739226727654,1.0,0.6891052919986218,0.744999295423902,0.8643918454432526,0.7226914766138884,0.8977654189542851,0.8752382763841854,0.8774776502423111,0.7002223798149148,0.6815899102198808,0.7031308994005983,0.6519771529967004,0.8714202161658345,0.9370797344016639,0.9947125225163559,0.6105110734749758,0.9558989898601419,0.6485403605498992,0.6193810366356519,0.9700185224465394,1.144494078249503,0.5869947615233695,1.22662108362081,1.030319784849593,1.0,0.8752718636869081,1.1022014098535173,0.8911170314473906,0.9559030136393752,0.7526837492113122,0.5996901720325318,0.7243784233787469,0.714032562307825,0.947717456101639,0.7305877207626277,0.996260485209043,0.8347593919137195,1.0,0.7754051489640867,0.7150245084929966,0.7613500209391502,0.7549816408810739,0.560972701936429,0.9765767514361043,1.1942803858896085,0.8580102473311046,0.6488959118264592,0.8266388396657471,0.5106572539707328,0.8731791313356343,0.9372135911108114,0.9757767509044815,1.1567516393361323,1.1660194788300164,0.5373929245798654,0.7744064790531814,1.083533481323663,0.607895666131558,0.6041437809835197,0.6441584020034014,1.012625613191801,0.7309523546164982,0.998404901965432,0.9716539568011685,0.9935697890207009,0.8014886917921593,0.9863628544018314,0.5196602067881266,0.6835310556883334,0.8795996344871937,0.6492087879193261,0.5508913146421526,0.6962528051155229,0.9990795056380147,0.7032435941676143,0.5003320914106208,0.8299171323462288,0.8801597202083757,1.0,0.8779276466300883,1.0,0.935372973109846,0.9530888932974134,0.6298738832433225,1.0029581050953682,1.0002967860043563,0.3701826093172942,0.8858108853627141,0.665558173264299,0.5595745005721573,0.9293834113560371,0.9663444578741816,0.6622280409872836,1.0042158578823388,0.5217165296687678,0.6967737104046201,0.6612332495590767,0.9472928172373257,0.6722986933360966,0.9295828683212985,0.8933315337231921,0.9622388443609872,1.0,1.0607617780216971,0.5628556145300376,0.3723124552313807,1.0,0.9725200183712293,1.1249128816417935,0.8928580281850269,0.5533507491149688,0.8577717207081809,0.8265887815893102,0.9873275266068829,0.7686486885834611,0.6916368540491293,0.7728596165753175,1.1534493770423604,0.6656466045466616,0.8174331034637978,0.7893129052090132,0.8918168121934688,0.7289808331602818,0.6412124108151476,0.7026275445308919,0.8679026692048869,0.5839889777353018,0.8782312401396898,0.8963741605615623,0.7692307563853199,0.9859319573466528,0.7929406971059418,1.0,0.71668538774462,1.0039917519327235,0.7488998742906829,0.8657656732836171,0.7063549057051848,0.7893969469038251,0.8589511307819326,0.757383715004766,0.9223990602993943,0.9162772533788361,0.8710112403795844,0.9089612635014486,0.7692011379600072,0.8437147102122201,0.7403730698646647,0.7088623546347523,0.7915299535307176,0.9468452908134855,1.0570544061860336,1.0040231271997684,0.6630728748476644,0.8874789692986611,0.8956511496529491,0.8970924484646646
2005-03-31,0.910751954934191,0.6599716647841685,0.5938611067196826,0.921326312160555,0.6235911729447281,1.0,0.6842979970220269,0.7246951834048085,1.0699926677632337,0.6462037932221376,0.8272857964446214,0.8982785366040225,0.777717437950167,0.692619412068447,0.681570929861564,0.6733187797477892,0.6272565486634041,0.8730536556575071,1.024144513910316,0.9642334862227683,0.6336011721613367,0.9065435669809908,0.6328583693678329,0.6191435934700941,0.9659596174322324,1.1478861816656294,0.5867873674648125,0.8997480290304023,1.036172885129717,1.0,0.8845634845908541,0.9912139174527916,0.8887463588293787,0.9510310876817155,0.7284105976663136,0.6089745797209847,0.7536518526257916,0.7139769905238127,0.9498252666723743,0.6441338273405959,0.9964117189377321,1.0205579602393062,0.7093901234961131,0.7917690064800582,0.8187147420071974,0.738423840621423,0.7635512237818599,0.6554962706464433,1.0622663064149447,1.2907493767147917,0.8388626987172951,0.8388830006006343,0.9968422716839734,0.5185686136992507,0.9319879547307162,0.9318207664440572,0.9836322444318301,1.1606898121664275,1.1682656421953288,0.5187010157591785,0.7744816999285906,1.1457436975774786,0.5790239590068891,0.4983566680171577,0.5853032001639719,1.0122880001567798,0.8259307746340814,1.061459035624773,0.9484531023642946,0.9854958068586012,0.6765211561990703,0.9855286292872965,0.5748542031255157,0.7780375595385352,0.8872149019604172,0.5966197117174796,0.5496216059577324,0.6961862653271289,0.9985779994391406,0.6625299576273949,0.9726294296539222,0.809875503224627,0.890271753400693,1.0,0.876945602788991,1.0,0.9328296078619136,0.9528425196859597,0.6348198859008023,1.0073112247331673,0.8564331025982219,0.3704335983989232,0.8895103822036499,0.7827250024513583,0.5730199972993639,0.9260970070975312,0.9894695540953216,0.6696405660846296,0.951401634011546,0.5013415812572386,0.6230759511706281,0.603500379603963,1.0574405326527383,0.86024810292908,0.9490691367977975,0.8860736887953977,0.9886697896159617,1.0,1.0787399392421313,0.5561560271718116,0.37010177454453697,1.0,0.9779449673163262,1.0568461757707792,0.9929832680223895,0.5512000088325838,0.8483664474742313,0.7916701081482173,0.9318053128511908,0.5890939607513872,0.6915246079903733,0.764201621697777,1.101678166738865,0.6584911299032619,0.8049506861624149,0.8490501889119716,0.8838186344973051,0.9372725899791431,0.9120259038531733,0.7278402852816057,0.8920934467702569,1.147266560230879,0.8779246765121791,0.9085943432028278,0.8396756869819001,1.0031058009054181,0.8517653645810053,1.0,0.642886601751081,0.9913046570234095,0.6791266469040366,0.887840506985736,0.7063225890973044,0.6227949752742608,0.8588209145804007,0.9382542217717948,0.9065830509412507,0.9128046049178331,1.0089547656120366,1.0279868998159758,0.7691203219369163,0.8358721794529625,0.7068299203599863,0.7047015991560479,0.7751054614870955,1.1162493178908168,1.0897200285166482,1.009103776873248,0.6081369856385449,0.9650718118181102,0.9095196014187457,0.9655197981400746
2005-04-29,0.9481616369383237,0.6599814439662508,0.5938236666401325,0.9201076517359497,0.6198778854928255,1.0,0.6836113218874021,0.6880135320103831,1.0789319266504755,0.6412277286330559,0.8028609896524924,0.905473829732443,0.7535313125122789,0.7073388170336452,0.6815693977719925,0.6716044654694016,0.626607225991713,0.8600680035442968,1.0294650307476878,0.9634519155191524,0.6424893169949395,0.8929519446289286,0.6295309576003215,0.6192392637185569,0.9668542150950272,1.149564932656643,0.5865470175187437,1.0734342410086413,1.0368570125730092,1.0,0.8653508863745318,1.0126538949396233,0.8920486232455646,0.9509217782624766,0.7287343422923558,0.6190343192546859,0.7989422348742438,0.7139727823993035,0.9506674967340166,0.6229476531795655,0.996501731261981,1.0396280396399455,0.7091344518040523,0.8462142194468163,0.9940037546970445,0.7028396986562083,0.7506526541429226,0.6205078962672097,1.0665222243431125,1.2774791611087366,0.8507774695809374,0.8392494271346711,1.0141734457642146,0.5130772411827749,0.9605170476979356,0.9389266774762375,0.9833792849888183,1.1272250575927691,1.1903488217408182,0.5159866173085685,0.7673084770080171,1.1766503806025197,0.5784897037111694,0.4947084443711117,0.5833127061115806,1.0169853119241472,0.8844096569718671,1.0726952796470433,0.9751521360807702,0.9848804307270614,0.6826753373661956,0.9882950058351642,0.5638306815552698,0.7605734786313642,0.8514413248100353,0.571458062937085,0.5625098590076728,0.6961927890683373,0.998428646605353,0.6553459958407499,0.9842633965323856,0.8156273387901327,0.8929924212062486,1.0,0.9010463808578677,1.0,0.9323357835469976,0.9540357392999049,0.6345179565948801,0.9968633586313594,0.7701162950648909,0.36853539973766325,0.8907097629588446,0.8291884545815366,0.5479058859990967,0.9134473956469323,0.8797904372272201,0.7114359406080173,0.9668300776171481,0.4821092449506721,0.5870015241858559,0.6044438087975057,1.074706768974204,0.859065560451323,0.957568712475387,0.8845461343683682,0.9929644476416839,1.0,1.0834860861026372,0.5559707563124301,0.3691507010308769,1.0,0.9830582186576731,0.9599444177657895,0.9742164098089884,0.5508140162790536,0.8359735797677191,0.7842817847244731,0.9146157796046586,0.5831566131828334,0.6916270410664147,0.7629048155092782,1.0822413049726418,0.664805226135841,0.7996598033372577,0.8760883481778661,0.8829655057710242,1.0049684072614358,0.9791944050063374,0.7712150834747428,0.894022045821706,1.138826182093584,0.8778311124660779,0.9108010089268228,0.8454009069704331,1.0041718374282478,0.857303475816339,1.0,0.6175033882662604,0.9039987991754753,0.6789618500491796,0.9057156546551951,0.7063199170001664,0.5778809149994053,0.8588184913001191,0.970780314613266,0.9499210602766539,0.8911529746357876,1.0152579402942856,1.0199191437001316,0.7691149808124074,0.8359757532245957,0.7102157367440982,0.7071732056538418,0.7613359653351367,1.1357312035803055,1.1267866813286604,1.0239553370408272,0.6068121251700473,0.9834881414302353,0.9170531558045648,0.9884240616444638
2005-05-31,0.9427453054566549,0.6598355492284476,0.59401670419853,0.9240082483735963,0.6196439106970841,1.0,0.6835988433295377,0.71653769942417,1.0754132921882769,0.6491594501125246,0.7940955233048647,0.8918434827521742,0.8260476480527486,0.7198086753699411,0.6815694187233937,0.6690321413884055,0.6237803737824283,0.8626015183817661,0.9373081160125714,0.9617972028628925,0.6421605742392515,0.898872223123723,0.629072646880126,0.6194474455277055,0.9654632109588827,1.1356749785637692,0.5893785433366168,1.0526034394995263,1.036494662961072,1.0,0.7612797887627877,0.9764433499985447,0.8917915537587427,0.9501292370944202,0.7275050504998399,0.6089681674046348,0.8005274888208422,0.713960584700079,0.9512824808661534,0.6288262121825674,0.9960568854323005,1.0347549690105136,0.7100210742520008,0.8497425439549504,0.956437347998238,0.7336759112281208,0.7639060362092223,0.6252865537623791,1.0794069826546946,1.225989281213548,0.8816040864494944,0.890264769069047,1.0116594270924635,0.5089127885785887,0.9467769246872288,0.9427975353818709,0.9968930905775191,1.1324960076359079,1.1491830909623395,0.5149261154129245,0.8183251775678716,1.145946473656967,0.5781903002013034,0.49528581553971107,0.5833975285411082,1.00128977980282,0.8853981839377792,1.0647139822165193,0.9732753555407779,0.9827176008422212,0.7002814824040884,0.9857860420538559,0.5584518992985785,0.760551052996512,0.8359466226978036,0.558538773975396,0.5634687997056911,0.6962242643501482,0.9990775132352464,0.5958004861162501,0.9819628751136742,0.7380984453723187,0.8934267390183932,1.0,0.8687989987791338,1.0,0.9313882710571968,0.9540233379565928,0.632007706999806,0.9917439718698079,0.797658730280354,0.3686567632993617,0.8852555103742518,0.7963841387384327,0.6686345550328341,0.9093502823732493,0.8583207174739871,0.6923005823278692,0.9947979070070051,0.46235213353849924,0.5471927511197489,0.5935256496570551,1.0609237390703836,0.8646487433394814,0.9462558679988453,0.8858744764476004,0.9894431427775364,1.0,1.0713483582087537,0.5481748516603409,0.36931796010769546,1.0,0.981843116654618,1.0353603624321108,0.9669661189090544,0.5498042179799345,0.8357520560436961,0.7816273816796983,0.8914634789032791,0.5635012199934869,0.6916188602600435,0.7492961376441364,1.1036515665594737,0.6687408366386691,0.8326721501635866,0.8809170035860961,0.8786129949378672,0.9739952627315425,0.9764586744634286,0.7709805484945136,0.8871910752166566,1.1421214752664934,0.877525773531657,0.9070016424217937,0.8033086977326426,1.0042827235949652,0.8446823575797001,1.0,0.6224567502255367,0.9997447284091745,0.6788660153495849,0.9224260408297134,0.7063107159731652,0.6077749961886989,0.8588088549498174,0.9571544630564927,0.9077124882007324,0.9082523276780229,1.0121836178089625,0.9305747200319907,0.7691038681061669,0.8261175810474893,0.7141110779098729,0.7073173862359033,0.7875398890591023,1.0754695758990147,1.0679599261229404,1.0161085332960547,0.6060954507368633,0.9774035738824233,0.9077579642792303,0.960611043135043
2005-06-30,0.9658886551279959,0.6598891460817744,0.5942373598834836,0.9250546200701645,0.6178152400586323,1.0,0.6838013509322833,0.7468275452053788,1.0799651438011002,0.6489601692668936,0.7923231794271801,0.8972872917812941,0.9051405468774837,0.7102474737972362,0.6815697312361054,0.6684194247594304,0.6290831479696064,0.8622141840400255,0.9158315260065024,0.9627807892540851,0.6482141922314857,0.8965020094813305,0.632674354848576,0.619348911614262,0.9642391057712263,1.1543807178122094,0.5892625946930101,0.9994508215678103,1.0360112295965436,1.0,0.7686977576138141,0.9893245525131118,0.8928182871803924,0.9509683172336167,0.7288521607122812,0.6166241244353171,0.836823777886992,0.7139617226225985,0.951358362801033,0.6200908030877941,0.9960642995247942,1.0424568858906442,0.7096814548876702,0.9296484237047631,0.9790515880572417,0.7553451975423814,0.786050603000536,0.6282920091031334,1.094017671407423,1.2354470069720656,0.8577873411990956,0.8953510720117291,1.01501009378637,0.5072621098831904,0.943547059391226,0.9576399850258023,0.9957467269282771,1.1255909205501682,1.1477377402898459,0.5187149592823604,0.8029909585755396,1.1389724761227258,0.5788684944785218,0.5017149739127547,0.5842217123623994,0.9907406807944716,0.8940725552437019,1.0676327849595362,0.976751967379626,0.988164537748463,0.7316180265446739,0.986049402918899,0.5760363074756394,0.76184339198294,0.8183682870891964,0.5554962184622383,0.5532915067406918,0.6962329332977794,0.9988774544035158,0.5975980483149289,0.9913074476050061,0.7522657994330331,0.8936601241355304,1.0,0.8680988625040069,1.0,0.9287106084176675,0.9536339743767113,0.6304926519690552,1.0029803053532815,0.7689243890795281,0.37034461084723713,0.8854485213467573,0.7262353426099499,0.6480336887186768,0.9090259481958286,0.8001046956708463,0.6957389437264061,0.9943572577686012,0.4656690195159455,0.578997782253931,0.594253069161776,1.0584266105437898,0.856604890701655,0.9341300800957725,0.8844080531746471,0.9831905315487159,1.0,1.071383963452198,0.5487592737831497,0.3690732315138473,1.0,0.9826472714696409,1.0496640331810638,0.9562183249389778,0.5508784703974992,0.8464269496504516,0.7961572646398071,0.9343001807860152,0.56406264928389,0.6936261815928004,0.761811791594334,1.1146117564791123,0.6798894726089888,0.8437049988775578,0.8919307909588265,0.87539742798971,0.9744349765829123,0.9767222048238229,0.7537632595429189,0.8904059045517064,1.1382657018286955,0.8774932035822834,0.9064242928954743,0.7978460283760866,1.0037357392968174,0.9395021835313919,1.0,0.6524460901384002,1.02070296112611,0.6788728062886592,0.8987215861706883,0.7063094854636294,0.5792847518968803,0.8588097684097491,0.9757340798227333,0.9111626248175658,0.9135271954821518,1.0111726222832722,0.9227316084828828,0.7691162712189094,0.8228663479458398,0.7125765819934902,0.707105437021304,0.7894387774067706,1.0453116402319171,1.1090740485574793,1.0194325399826738,0.6067157350099275,0.9768914784680103,0.9084425149075611,0.9693579196499753
2005-07-29,0.9725545011068054,0.659879174246977,0.5941721322198734,0.9201941667852191,0.6147609871783125,1.0,0.6841339205786507,0.6773801172535389,1.0765069789659651,0.6634818335175665,0.8407305425649186,0.8894293422996897,0.8117616901746054,0.7710048204931337,0.6815747170921123,0.6690099076592129,0.6408135111223586,0.8746682548542428,0.8988569487660397,0.9646219018159313,0.631304012411122,0.9069214222211157,0.6352890244513092,0.6191198818698684,0.9652859217933315,1.220521283105354,0.5896185275714452,1.2652586708043358,1.0320741525829051,1.0,0.7427019136974735,1.0516094877794673,0.8975179905286709,0.951915445022895,0.7264730364596578,0.6112364336060085,0.8280483335444062,0.7139611742706344,0.9511379802605313,0.63043461565701,0.9960636916483203,1.0217334918241157,0.7100378584412134,0.8926935885853806,0.8957488020646364,0.7318030472239423,0.7446083379403681,0.6124206302506652,1.0991374932631484,1.20541642451776,0.8688607631270391,0.8284203088397794,1.018670117886107,0.5070671066235117,0.9442716833316477,0.9613481087855735,0.9954032308392797,1.1419870931782197,1.1675752311429966,0.5145598112680254,0.7824398948255356,1.072493883750054,0.5779179924506552,0.5004267802882136,0.5832507625092362,0.9692750993949999,0.8722386784247921,1.05697738565497,0.9572949262504856,0.9931737659993461,0.7318495660147344,0.9876301438999919,0.5765643571086622,0.7474261144878975,0.8099098007912264,0.579626275801576,0.5492471645446314,0.6962455746884909,1.0007584633835203,0.6086919837662159,0.9988963191094326,0.7448552155044263,0.8942391785092392,1.0,0.8749846420858589,1.0,0.9271644398224175,0.9531558160216015,0.6292545246257053,1.0084212320943773,0.8807503455560339,0.37065353830457715,0.8849282973593241,0.6540166342360481,0.6833639194617593,0.9101762921992799,0.7228426211183854,0.7035064225723343,1.001303536174712,0.4878329070621341,0.5188562410106261,0.5951768715240462,1.051570180068729,0.8470322462472128,0.964976002752489,0.8875351590677651,0.9773221641403811,1.0,1.0726507924014383,0.5480386981310086,0.3696401763407552,1.0,0.9821892241438811,0.9777509619581894,0.9336457853747695,0.5538801080947222,0.8416224483556305,0.781763738515892,0.8918582322560127,0.5667056867528795,0.691701834213923,0.751727839214536,1.1396855203350225,0.7440168930643493,0.9494623627155506,0.8837825168285321,0.8824985733519141,0.9523700872816314,0.9602506705833206,0.752489153924544,0.8844927956035933,1.1515069646171325,0.8773281722080603,0.9044084410861576,0.7772045085245827,1.0041205416654104,0.9093038651658746,1.0,0.6637102773142549,1.0036382296603712,0.6788623953756818,0.9144142332192664,0.7063095788804159,0.6555440558569678,0.8588491995251939,0.9091493905630884,0.8548228509546636,0.8986614110945614,1.0134571069928653,0.891970066920543,0.7691219878358264,0.8209734934788279,0.7268509653722015,0.7087317573424229,0.7939634771855804,0.9984330446908879,1.0832779147513647,1.00581789622685,0.6074493395616318,0.9573117470275238,0.9009828779582122,0.9531030381943406
2005-08-31,0.9676680111260043,0.6598862364738598,0.5952603540463903,0.9164864103984068,0.6146712306282692,1.0,0.6866213773025229,0.6850004939595191,1.0821479912903589,0.6661484860254532,0.8554959631826794,0.8912833338299003,0.7215727622764562,0.7557797193931418,0.6815785570238346,0.6692592125690362,0.6455503771946463,0.8737219761885835,0.8912684872740286,0.9643308436270076,0.6215427756357202,0.9232498461768683,0.6409742707025672,0.6192338339837378,0.9657637053832699,1.2966749743452395,0.5942390527168757,1.263393564524791,1.0312081320489301,1.0,0.7298917906689698,1.0927851693121753,0.9048037576661437,0.9538948482224864,0.7257532913290474,0.6167491650670707,0.8058513877993391,0.713963071081197,0.9460511720824218,0.6581450437453087,0.9960672095843645,1.0251559384996096,0.7102251230328835,0.9292345542904614,0.8583056442616097,0.7487988396932879,0.7372671020300072,0.6057853010570977,1.0966695394213306,1.2366441409036002,0.8900692585562238,0.8251538051208367,1.0176811777635146,0.5075175935219916,0.9297709022635525,0.9796470948631281,0.9962297001732651,1.1294400510354028,1.170299564125306,0.5183728498894817,0.7801850065051567,1.0613338474149894,0.5784332964123732,0.5014072174378713,0.5837683094016479,0.9645247596677948,0.8431935998368821,1.0531885323541506,0.9558118502678616,0.9988481121976519,0.7520630456821019,0.9882694257937567,0.5713651556543029,0.7395877624225592,0.8100425967902224,0.5824171459042727,0.5552421583243078,0.696321108556249,1.0013163312627669,0.6207597553049689,0.9958547366915725,0.754751175878021,0.8935507688304244,1.0,0.8847088363313382,1.0,0.9287396980475889,0.9536294769615079,0.6333712118950712,1.0029243336667926,0.8159589620937238,0.37184260622510446,0.8845155025867452,0.7397644495172969,0.6979450619053484,0.9098229340750654,0.6693198886794411,0.7102881450450355,1.0232540180123957,0.4944943478381122,0.6138660998519939,0.5947119092851815,1.0456153099343541,0.8309712537988876,0.9754008064280371,0.8904708598949985,0.9797308315955868,1.0,1.0612170105576582,0.5607609595547748,0.3704505380225579,1.0,0.979625273538259,0.9568662216845524,0.9669950003012099,0.5556330622397561,0.8593906735126136,0.7800016197874501,0.8879283967635826,0.5667719217070191,0.6921178802428276,0.7592544927394909,1.1398200256446926,0.7230919574035786,0.9633433932400679,0.8717066368704876,0.8850316512477301,0.9384707255278069,0.9450524904789284,0.762290355108309,0.8805348341647709,1.154338411732155,0.8773812835885791,0.9039632193090523,0.7725148811696515,1.0037498864506373,0.8675944964955493,1.0,0.6736951764286312,1.0036839753062394,0.6788652911970976,0.9458956852726488,0.7063102987975571,0.6105742997901061,0.8588860068894306,0.9107410624258532,0.841832211219225,0.9304607435323693,1.0150090240025638,0.8935147909597453,0.7692267641092793,0.8244334696368132,0.7578897716055505,0.7147970551531037,0.7936432860641912,0.9954621079270628,1.0346770770877292,1.0030562379374925,0.607046334361681,0.9512548747473223,0.9013444500303469,0.9502279330548591
2005-09-30,0.9772556802936972,0.659906365891846,0.5965180091502,0.9164626144165261,0.6161266509204955,1.0,0.6861335973639306,0.6762262559300007,1.0873038145464267,0.6633708429818304,0.8551504324872021,0.897310329265647,0.8050708934678199,0.7227103506403569,0.6815781636544952,0.668815438760864,0.6425739229156153,0.8889676156530549,0.8772690188748407,0.9640180076333735,0.6233404171336191,0.9424669578839834,0.637216321234801,0.6193046771638049,0.9710755889646258,1.3036708056340973,0.5949591803113039,1.2988470105437193,1.03174639049253,1.0,0.7270162433554967,1.1451958798195714,0.9101899218714327,0.9547998376553823,0.7274362032897985,0.6195475977901737,0.792645223992455,0.7139587317992449,0.9448365039128441,0.6567616053521984,0.9960644596017771,1.0258269515274692,0.7107202518774742,0.9190958469469609,0.8677952856945974,0.7310481156855488,0.7262908606135776,0.6337864801841873,1.089782145570647,1.247448140953782,0.896958333817277,0.9372388822182642,1.0193500875959425,0.5080269703429721,0.9493341617694053,1.0144596452906613,0.9970796700556127,1.1232856138502,1.1683986296925273,0.5600454838731628,0.7739901441139831,1.0592392529844121,0.579167367482065,0.5143714441015219,0.5899405889478777,0.9641689615679506,0.8548631613258146,1.0575843403053808,0.9449422352209527,1.0029417488320889,0.7979981207753681,0.9888882385279336,0.5617439253230717,0.7483471268947404,0.8615765188688043,0.5792163970451435,0.5550913747635992,0.6963006958201177,1.001717397674771,0.6090174691480887,0.9960115328072403,0.7350176523081278,0.8936032364779799,1.0,0.8817811231851748,1.0,0.9342872280062106,0.9545725935823458,0.6359190915356389,0.9818213077247375,0.8548013186912835,0.3752549960072269,0.8841813811922042,0.5986935182241822,0.8255646058447627,0.9089667988380081,0.8462124200338075,0.7768116401977558,1.0530095709612035,0.46468388286607,0.6977061492800827,0.5978000247058546,1.0447131686757407,0.8295338311986856,0.9857756471998899,0.8892787225007569,0.9742155815379513,1.0,1.0691860210626338,0.5635777292418447,0.3702287677991799,1.0,0.9762599733802101,0.931981505863783,0.9665817945500921,0.5544897234162388,0.8492218490717405,0.7653714180703308,0.7575326556038402,0.5672057153083173,0.6924670269196171,0.7463429501992965,1.1504303138500274,0.728919108698718,0.9843025229296657,0.8785648627400566,0.8921364382530028,0.929898759831213,0.9365861300831965,0.8195265797045301,0.8808291502743881,1.1572117252785556,0.8776200717516576,0.9040562213856879,0.7708519235379199,1.0032243144527213,0.9374376563461271,1.0,0.6485027995143222,0.9690608745520201,0.6788679613133245,0.9288126626990553,0.7063097138887168,0.6673356996454654,0.8588523689077285,0.928988462287252,0.8257119354772887,0.932053116397683,1.0156247719166114,0.8860391612421611,0.7691894567108137,0.8237197563631806,0.7443540994001427,0.7125629775459477,0.7995026892431502,0.9513956948871377,1.023264841111282,1.0035790754298852,0.6081611472635717,0.9521603034948372,0.9032415125213775,0.9550163889090004
2005-10-31,0.9803034708783854,0.6598927820061014,0.5956438454788221,0.915168994362854,0.6155003439374671,1.0,0.6849333383189153,0.638290437506789,1.0872253048028098,0.6708781312859207,0.8402660215826818,0.8998328621358767,0.8274829065215804,0.6620406940891138,0.6815778426714385,0.6685615464753379,0.6401836298825161,0.8895048636056955,0.8859579318230674,0.9633213262420752,0.6227092675110403,0.9323521790595397,0.6322437489901858,0.6190990557755229,0.970005309252569,1.2773133924534954,0.5942378729659603,1.2943690494693258,1.0343465934640828,1.0,0.7408637392801749,1.182626832867142,0.8970668193303466,0.9600750524888796,0.72489412734615,0.6061287563696165,0.7805938943849461,0.713958309881809,0.9442974867291897,0.6665905823779323,0.9960713413806379,1.0304620677604195,0.7106096370013074,0.9549366234231067,0.9429979586483956,0.7461531883909562,0.7349987412536783,0.6083798652721873,1.0887274956350403,1.2767355748813853,0.9063581193764552,0.9993407769850815,1.0191857323408353,0.5088785904245924,0.9559702108117161,1.025780274682061,0.9963729122467896,1.2152666817552908,1.1672594498801343,0.5611149378398677,0.7811358796532548,1.0530028685293578,0.5809815963370748,0.5169334686135827,0.5923271511429624,0.9640804668330748,0.8860470787491441,1.0654034120803162,0.9419341075066161,1.0004477873963764,0.7690805533203859,0.9901314162801018,0.5774232648011863,0.7480440269203501,0.8432660526969495,0.574820963357678,0.5484972812177855,0.6962743039488799,1.0009625220715843,0.6055725350569939,0.9992965802859568,0.7332197596890278,0.8941505796474807,1.0,0.8891094073953418,1.0,0.9361605738554917,0.9547400492582212,0.6336453909890054,0.9824386296639251,0.8933116288155476,0.37349653151859596,0.8836155154323356,0.5807111637121509,0.8177969475193791,0.9081408240859605,0.7843909061574156,0.7656513284166244,1.0683369286900302,0.4556516738857992,0.7258352583694752,0.5982230368923025,1.0575181054826863,0.8402284836787797,0.9858502959447673,0.8897762769325857,0.9763047168559953,1.0,1.0659948944369249,0.5601470920607937,0.3707540805657392,1.0,0.9743766752465586,0.9200517487646684,0.9524792253261206,0.5534946442186666,0.845174592939699,0.7656781607331589,0.7675073049843286,0.5660719974741499,0.6932326663587505,0.7434798417442663,1.1652461463252473,0.8102636151348076,1.0253761398842387,0.8878428929324422,0.8940232540110795,0.9342571004084843,0.9323425799763012,0.830105789492916,0.8819798248581466,1.1550769997379993,0.877663001390141,0.905115660618259,0.7788151071986538,1.0054341242436604,1.1076791759615254,1.0,0.6528596892177286,0.9623324773799351,0.6788689589567425,0.9352262259241184,0.7063095803327244,0.6524725475754098,0.8588393141350447,0.9651204087671555,0.8400463424177191,0.9468980369533878,1.0172952990309818,0.8852105081217823,0.769134952977529,0.8213432829872814,0.7228444731582443,0.7085332828020235,0.7978065124975625,0.9438064113779527,0.914886347631895,1.0095614634420862,0.6074574598856128,0.9696539171319212,0.9042006381090553,0.9661028952803873
2005-11-30,0.9677942035589965,0.6598935814312484,0.595199257307027,0.9121657221239547,0.6147636444285902,1.0,0.68342453456432,0.6841262733486153,1.0837676801224967,0.7693688461147244,0.839492391322215,0.9030534005093379,0.8336658855425247,0.7178010110761748,0.6815735666158529,0.668581861688007,0.6232940975079546,0.898907531420094,0.875277082943341,0.9628780042753557,0.6186424979443135,0.9615908502373828,0.6254985489998287,0.6189560422700904,0.9759899494921574,1.2702145560412172,0.5938502120296245,1.2853515015099901,1.0340856757170862,1.0,0.7418106237833857,1.1896374903971139,0.90061866559456,0.9600680233556558,0.7274013606859243,0.6025095389243269,0.7367978638182773,0.7139571144679966,0.945542831101587,0.663204782578038,0.9960687963934208,1.0327500270373007,0.7099032904960587,0.9235942406496125,0.9492147418130531,0.6843306664557371,0.7353284424933131,0.6179345567174297,1.071360695938777,1.2608532580669725,0.8586613626886099,0.9558544696268554,1.0197167081218061,0.5080608752029824,0.9706049065877423,1.012593661612383,0.997098095537763,1.2269243067356874,1.1673574277499215,0.5524144535702086,0.7905665534337585,1.0491890000971589,0.5817293467420954,0.5274702700308376,0.5967738391027112,0.9639938496751358,0.9144167204019663,1.0658121752320802,0.9507288608948247,0.9949504231684112,0.733585623923465,0.992659488905797,0.5610083372564727,0.7570777359631898,0.8722542241856689,0.5621591673689457,0.5446782619412938,0.6962222483056104,1.000825594180596,0.6037935919220696,0.9952256872339468,0.7336780849746428,0.8948648709611328,1.0,0.9143823902221575,1.0,0.9493535763141662,0.9537568317814386,0.6344455518281913,0.9877971732286775,0.8987757155225791,0.3721191557386123,0.884065398145258,0.5882091961468119,0.7667758386439707,0.9081635746580413,0.7344284061607351,0.7644172297482187,1.0482611435773406,0.4457851520828272,0.7886485384162949,0.5994329607569733,1.0676150191716276,0.8436476759413836,0.9740240205421999,0.8875844170617408,0.9763439106942581,1.0,1.0821120039833294,0.5672597550244496,0.3713170461834635,1.0,0.9789455334036854,0.9892801848097272,0.9596091910304587,0.5510818712067977,0.8398349505186634,0.7642468243876335,0.7284697348840681,0.5647206334401412,0.6920623941663573,0.7413899584238934,1.1891511924394962,0.8852377854411848,1.0089162188712586,0.8991711256053542,0.8986745295878824,0.9245029876098779,0.9200322894524879,0.7490585610826234,0.8834707383332965,1.1473728304344206,0.8778381033114827,0.9065360190005978,0.7904519890163755,1.0053081276369238,1.0805735516675838,1.0,0.6290779074602615,0.9744570935566692,0.678869737205742,0.9343903768437927,0.7063094236959412,0.6710129249868539,0.8588181499443388,0.9682493816750245,0.8877136263882452,0.947397549015298,1.0189166416215345,0.8888963148242865,0.769074831870248,0.8163138504905079,0.7048809773439683,0.7064912794389847,0.7978453051664233,0.9690789469617435,0.9895224607001515,1.015722691178265,0.607792863999127,0.9755094518346004,0.9070940895823599,0.9713238497097131
2005-12-30,0.9688371335451091,0.6599075983867939,0.5993918885512517,0.9113448395009877,0.6155643216244295,1.0,0.6847680708179309,0.7532720738089783,1.0880623235378062,0.6980698962051765,0.8368660148122664,0.905253083520143,0.991820052140241,0.6948279165178569,0.681573088477069,0.6688923966720357,0.621495001153248,0.8837660542468871,0.891183395782455,0.9616596052639564,0.6155507490155143,0.9664640490951653,0.6268534295373778,0.6193546499238032,0.995638885096569,1.3542786755777725,0.62088390939341,1.2400805295029298,1.035546566724666,1.0,0.7372236748080796,1.3365242138956632,0.8998315570090594,0.9601804446187918,0.7274182949308422,0.6038088161520918,0.7165705460257967,0.713958918207431,0.9425729037339698,0.6765684379302638,0.9960765595334378,1.0061552129384717,0.7096508584134014,0.9017506278394137,0.9743931976602879,0.6498376845645708,0.6801984314592959,0.5411971619486047,1.0420899574316043,1.2424565718882623,0.9244232453621738,0.9703143676274061,1.018843422793618,0.5100363887011141,0.96074340984799,1.0141999074272785,0.9980110608423899,1.151044946780898,1.1662484522814238,0.5533287067732489,0.7800608165675972,1.07898938540012,0.5834889363540166,0.5428955645021971,0.6077080910170585,0.9622624102149505,0.889632594048566,1.0601891502295435,0.9591214870821809,0.9909693154022313,0.6915845201789637,1.0088183105820054,0.5342261578148105,0.7267580172391872,0.7972866504058956,0.5563208273501661,0.5508766163537869,0.6962274458898692,1.0005408405604541,0.6265043570267703,0.9928245528709668,0.7263681583594264,0.894043944721209,1.0,0.9564249029979862,1.0,0.9588770327967028,0.9543385578334866,0.6418871399381534,1.0001219837011301,0.8857340977221015,0.37708780189541824,0.8849200640827883,0.784420051730975,0.7383425686720562,0.9105406954208584,0.6781073415829004,0.800839849012791,1.0445247481828699,0.44419064760011184,0.8234915342388631,0.5981284768029234,1.0617685725450252,0.8453638230882676,0.9749091173569069,0.8869970712246592,0.9741913414170359,1.0,1.0649710748528431,0.5770282754130114,0.3766394980921909,1.0,0.9841202709036349,0.8655094200020372,0.9629546173214386,0.5504949141012822,0.8370064666114709,0.7632025077382946,0.6795382566290353,0.5701137345025482,0.6922784338970598,0.7409253244610408,1.1220435880824358,0.7487171301486379,0.8796885665974601,0.8795707938822639,0.9090525956784703,0.9086942284535071,0.8900069917349829,0.7164962645550058,0.8804166162720708,1.1405716848879783,0.8779489229481621,0.9073917699403276,0.7913543212219667,1.0049453873451324,1.0143395521905059,1.0,0.6179926213751273,1.0139111557441067,0.6788937051609965,0.8919981574214365,0.7063102652772553,0.5670889539190256,0.8588245199687892,0.9788445344601466,0.8873592410310929,0.9379796209977354,1.0158426913681176,0.8995061223643449,0.7692409010199603,0.8222627453529443,0.7279782702271953,0.7077597017160594,0.803464763966299,0.9478244862035511,0.9105596393821846,1.0166267976379326,0.6084286043198516,0.9678474404246639,0.9040631841404301,0.9570646848474009
2006-01-31,0.9687960181166958,0.6598338620608325,0.5977226455917124,0.9108329955848481,0.6188081343753602,1.0,0.6808648094576568,0.6862995808483663,1.0808477154881726,0.7066451898830433,0.8967057770079777,0.8876816332817576,0.8925696552979858,0.812754268598126,0.6815849698624141,0.675899893633089,0.6364362336865289,0.8988405137259123,0.8573225951269472,0.9671671819693783,0.6147144638917932,1.0989976464239688,0.6163610649667535,0.618852170398781,1.0164566341759416,1.3628555587977458,0.6141578778600345,1.358193992243592,1.028263470022984,1.0,0.7013821478763504,1.362375066925086,0.9127167113181491,0.9739489957277301,0.7344377444171188,0.595910075305826,0.7089653292599047,0.7139548618099065,0.9402060067007918,0.6668606974478326,0.9960433845817702,1.0009883678250304,0.7092456336059159,1.0228359329714698,0.9486501958473366,0.6266408445630803,0.6436982538075902,0.5431811773904298,1.0547439953096696,1.2211998176361745,1.1115048025891148,0.8409659960895963,1.0221767501978478,0.5085712656414416,0.9485173702925801,1.067372378216324,0.9981483194875199,1.1355422663110801,1.1457780934024366,0.5807845866114525,0.7696929755109478,1.047352166644042,0.5825949117770914,0.5463751901345462,0.616634271991052,0.9553280319056345,0.8497172742045729,1.0402314000867499,0.9557808024958706,1.0320976416336352,0.8352323475838461,1.0061560690747016,0.5277703109214192,0.7238986228842266,0.8398162267632365,0.5630789118562742,0.5378290741300173,0.696166667785673,1.0018902066831925,0.5804585096817436,0.998594033586238,0.6599743766820876,0.8929901883763857,1.0,0.9510038621633796,1.0,0.9914495185233702,0.9953023046430495,0.6473292063935595,1.0109388529327052,1.1141056117292831,0.37663569377135586,0.8846245946285191,0.9286454057965584,0.9631995808929965,0.9113069916678257,0.5424237144325553,0.7680357469096422,1.1629074913845527,0.41268994967091666,0.9333244215249388,0.6021231261393161,1.0542966951009267,0.8748798477493427,0.9857178761473013,0.8883997343937992,0.9716841398879905,1.0,1.0482737194335026,0.580721455514418,0.38425282870600985,1.0,0.9796342664926035,0.8064266665402634,0.9536654213664273,0.553234841023164,0.8203300532416101,0.7626278074756941,0.6363074798514103,0.5672213301643392,0.692242889747793,0.7226061121848408,1.1293324456639011,0.7811203927476934,0.8646772656278043,0.8632600699558484,0.9286761443102719,0.8883783955263389,0.8724937617896663,0.8479821494337705,0.8726492815123016,1.1238638200823858,0.8778109384422729,0.9060059247500325,0.7813028556696535,1.005753973463785,0.9076582751206774,1.0,0.609009228728336,1.0300773384818311,0.6789211936268464,0.8643184260903192,0.7063087017535015,0.6544184574256013,0.8588523903454138,0.9180889054522402,0.833075736835609,0.8410264883554852,1.0188652305708907,0.8761149983972,0.7690449814355489,0.8167663234964531,0.7721647966494425,0.6973105485511626,0.8040172622869085,0.8713085284277026,1.010360737799048,1.0062222225257438,0.6114322001556405,0.9517874965445715,0.8994575768028187,0.9443804073328249
2006-02-28,0.8442660860999588,0.6598398229256748,0.5952782887722952,0.9141040531956839,0.6136072132466286,1.0,0.6835262370232291,0.9508850043923827,1.0727513889718294,0.8138020241636685,0.9407826459926537,0.8812754682114582,0.8080733954526147,0.8972059539611896,0.6816155318706463,0.6795987338050373,0.7037556554061685,0.8805339129288742,0.8327160466377208,0.9713030502116392,0.6483233867256764,1.1117592671354268,0.6235152168015765,0.618973227105162,1.0263208950394511,1.316260734285748,0.6447760098422618,0.9663642758944814,1.0058888300123952,1.0,0.6910588242150406,1.2698716392343168,0.9055917799232173,0.9648597757051022,0.7517262274240614,0.6008600574147427,0.7127501983879169,0.7139558244982878,0.9435340656919974,0.7771374141742025,0.9960310417893319,1.0108428377288314,0.709028821363384,0.9202753930914367,1.0201191098876374,0.7605483391688785,0.6427756424551294,0.8665265837561511,1.0121611913043667,1.1751066490519593,0.9198347172681733,0.8401188788924467,1.014546806108795,0.522656984479881,0.9343414092709628,1.027475349433834,0.9929177593240959,1.1218289896214881,1.1574269574799816,0.5431676124158178,0.7663782604574692,1.0508245310605817,0.5913684511789379,0.5529438145976964,0.6158515782186613,0.9782712298895475,0.8563614516063467,1.02461102147834,0.9795440539708896,0.9790195952655705,0.6271894191187772,1.0005473580300943,0.6417820231524941,0.7735752440441663,0.8422155711519193,0.6348566648583285,0.544719853280022,0.6966301089097684,1.0052735055056066,0.5962996634172667,0.940447230105285,0.6620175029568425,0.8934771085170129,1.0,0.9884977580708733,1.0,0.9783960128756082,0.9741572185130701,0.9247764747856979,0.981475836112346,1.032683988567375,0.3753153059979948,0.9103713898998043,0.995097368179917,0.9549466077509486,0.9096841847560716,0.7468963535839181,0.7460275442747643,1.0156290537386625,0.43612525895555,0.9401922479854397,0.60760690686361,1.0225629876272997,0.8326070762949116,0.9718733893271309,0.8962452232608797,0.9681058628737522,1.0,1.0192070277072505,0.5926268458828299,0.40332286166197073,1.0,0.9734784896226648,0.7316715408243861,0.9187723513183647,0.5700663011996663,0.8282683575623901,0.7641607797412899,0.7290421403227312,0.5811505713230494,0.6918545833802467,0.7254106072725518,1.2127570410836503,0.98313515074001,1.0352189823467481,0.8789318132621811,0.9046144427070046,0.8622089872306132,0.8212391908472503,0.6651513291936342,0.870970232180271,1.0839079857204064,0.8767863935559628,0.9051177502538157,0.7664878310512171,1.0038238332275746,0.88624193896457,1.0,0.8371374402515241,1.0105253632051379,0.6789708153269655,0.8555627122988934,0.7063101711844428,0.5405363820707503,0.8590806847000472,0.9181075888477445,0.9037371712635206,0.8610451006095865,1.0152020800069104,0.8633361476894507,0.769154071946458,0.8626093455684584,0.9378728233844723,0.7232612371965108,0.8040380869703381,0.813742740247675,0.7907511439132842,1.0015295580587793,0.6152363918106023,0.9673725731676116,0.9082507968346492,0.964201717109953
2006-03-31,0.7038785700208832,0.6598646363729035,0.5959362749885739,0.9089222691223198,0.6219652460149431,1.0,0.6885537988910579,0.8850996968140444,1.0517338006633972,0.8241619295440494,0.9897830105105038,0.8671778415431832,0.9412477423162834,0.9473773360029277,0.6817233889082768,0.6879438824034068,0.7842313863927788,0.8785937013363667,0.7894999079238116,0.9788924674109244,0.6223775489809107,1.128600258710681,0.6285067214171585,0.6191205717771031,1.0292340534949203,1.312934415059906,0.7233212007928886,1.3188368762184037,1.0177983641600332,1.0,0.6872009098183527,1.2970274993763549,0.919522394849697,0.991911645495941,0.7767675796050257,0.5991934417433765,0.7126555118938658,0.7139568845537809,0.9379199982485844,0.8256969306548497,0.9960345753562874,0.985015864822087,0.7091894990019822,0.9010364819175247,0.9997924436666331,0.7383310744877882,0.6077651875429204,0.7528391504068215,1.0157974392805225,1.0858014233557167,0.9725890585712852,0.7482519686843623,1.0039998281342877,0.5094286641001802,0.8993634154279081,1.0192343071740577,0.9964754154943652,1.1545190147276472,1.1487190364665254,0.5369413348067358,0.7686828147704333,1.0622998042498002,0.6021423236766862,0.5896656588360808,0.641429552810851,0.9648634310625523,0.8035377875351402,0.992800859364263,0.9954286117587129,0.9548928623345363,0.7053566362487873,1.0015129894290826,0.5724107714782841,0.7052178036581809,0.7613631904090393,0.638370566120412,0.5460403650592578,0.6966702128141766,1.0060611635877874,0.5882510816718505,0.8713845357521718,0.6544395346402493,0.8909339932943987,1.0,0.9400470329505587,1.0,0.9669237711277032,0.9926880812819799,0.8925075470911696,0.9684235458892536,1.2357391334315886,0.3740135929273224,0.9088718397562119,0.903502662505944,0.9756929471354508,0.9094990536924809,1.0278151107704565,0.7856015040565993,1.0209456951110742,0.4404583898892164,1.0143794838471982,0.6177440885287875,0.990659460272032,0.7741742398236648,0.990864413230832,0.9045720820987218,0.9639046477024683,1.0,1.0001414502429955,0.6449323425548222,0.5258506996068337,1.0,0.9688176343813509,0.5797864709367722,0.8785652418732138,0.5867116965076601,0.8212751038757334,0.7637145406703101,0.7012877669661932,0.5957483557529838,0.6917938742197989,0.7260910701404762,1.2029255400760288,0.8762923296649099,0.9917159805908854,0.8424502859586724,0.9249072977773091,0.8442198700937231,0.7625214256574155,0.6657082688950267,0.8705779936689962,1.0420716129500391,0.8771479422490254,0.9024104058586099,0.7519939043789334,1.0004685186146023,0.8581320907217242,1.0,0.896123330169454,1.0345270267202218,0.6790007268206215,0.8488781251529355,0.7063125956367833,0.5276026021507725,0.8597400723348403,0.8641275622524482,0.8779954547604792,0.8432656717231771,1.0034654591422034,0.8474324591686817,0.7691646028945631,0.8864775026574905,0.9484572078081905,0.72579820464706,0.8068652228700661,0.7800261434829734,0.8392768962088158,0.9914576004734668,0.6219876969235598,0.9092054578510779,0.8976393337550954,0.9137317029185192
2006-04-28,0.650892549020093,0.6598574159210788,0.5976829766837,0.9090676892372365,0.6266587517126923,1.0,0.6937666055183055,0.9526615703360488,1.0608929108370608,0.878917635156567,1.020971180639528,0.8559789512932588,1.1642326945488566,0.9224203262015451,0.6819433391352354,0.6949608199178184,0.8405037766565491,0.8745183072328706,0.7760381803968515,0.9794744100683432,0.6166334662308324,1.143723383183639,0.6313538919530997,0.6193585401442891,1.0298041346382607,1.3222949347730295,0.8109994434750264,1.230083617062931,1.0186218535533822,1.0,0.683587026527844,1.335551880856797,0.9367827599069719,0.9745905134345597,0.771620728044638,0.5993819591096294,0.7274916453766354,0.7139576214619393,0.9238889616886073,0.8747213467933205,0.9960313952600189,0.9543003867370762,0.7096158519297953,0.7995912128344831,0.8988368613255447,0.6991933803664105,0.612852586976802,0.6941768148444736,1.0189841697518,1.1057774894104953,0.9799930669413971,0.8301669018391086,1.0132408198274254,0.5089815934628262,0.8723666688457279,0.9949286098161964,0.997628310662151,1.136407618868975,1.140667899764247,0.5340392228472919,0.774015866769735,1.0442896219410733,0.6015312257687664,0.5908948385464156,0.6464557745242667,0.955506661119833,0.7799587113633455,0.9714950351677637,0.9767920114250463,0.931282338985218,0.6782420006323311,0.9982650248193815,0.6063750224295372,0.7217450837880229,0.7166629174935483,0.664843518115172,0.5450897744546767,0.6966965239221685,1.0061123611530958,0.5851385439191937,0.8386108555346743,0.6501031768443177,0.8902629102195339,1.0,0.9132638590954338,1.0,0.9555930335437294,0.9714819381460164,0.834927102521911,0.9727083071416623,1.3091820003845913,0.37189896734937733,0.9147340192804565,0.8302201332337166,0.9890566637630517,0.9224382397291288,1.0940591697736175,0.7597151199446779,1.0096459901416237,0.44724369771695804,1.2320044632755311,0.62183407833151,0.9791048880293352,0.764991503232161,0.9918072366555951,0.919292414470629,0.9637802789332521,1.0,0.9636375667563495,0.635599656499604,0.8734217362809578,1.0,0.9612286010122213,0.622877711488804,0.8906334486842505,0.607568868736079,0.835205756610921,0.7643110379918006,0.7134762889376781,0.5976716768532748,0.6916163919895947,0.7275011322650742,1.1881327938459498,0.7752837549470193,0.9275024878978428,0.8218778024311095,0.9256491262798661,0.8328695891959814,0.7504436623190438,0.6649687414498927,0.8708226950974501,1.0983393939585093,0.8768147632158965,0.901501307660626,0.7474333238395894,0.9971537620039561,0.8848405246417189,1.0,0.9028494684372443,1.053982750006784,0.6790734787999814,0.8618567505224151,0.7063151350283766,0.5855805128725275,0.8605536908458277,0.8134138437345495,0.815286618141851,0.8493146250850534,1.0014348243408557,0.845427200697248,0.7691974170735336,0.8939947889750892,0.9527203632029143,0.7450074694648778,0.8062486301774525,0.8035537367761335,0.8651186326926809,0.9488159628602276,0.627672595785793,0.8826097831806206,0.8951478140409268,0.8981708643886638
2006-05-31,0.8184262927572479,0.659966511116271,0.5985248166920403,0.9086600592656597,0.6261745150299678,1.0,0.690122915578514,0.8483639881114016,1.0583560977626678,0.729820196651183,1.0114283268711908,0.8702400568912949,1.1623852618615373,0.867925877998015,0.6817670858570591,0.6946231508104266,0.8026634165251232,0.8633689774750846,0.7921654865271903,0.9768035000520806,0.6777880633949143,1.1345737090287016,0.6249201111468592,0.6190147744342221,1.0298345923612748,1.3488416478008602,0.8881626112525428,1.317324500666494,1.0205585135437474,1.0,0.7102321456577838,1.3386759547307643,0.9385855253309529,0.9846661761294806,0.7676447409754367,0.6023645159348425,0.73960044817746,0.7139565127107765,0.9167694269937767,0.8683441710443176,0.9960800743527016,0.9293799777183896,0.7091948604579752,0.7717642904952485,0.9041453061656205,0.7886223281412812,0.6059331273578263,0.5733323316403385,1.0157666420197118,1.120147869778219,0.9745469391359451,1.0607614578585813,1.0012714023663265,0.5125940383019549,0.8941092814808835,0.9561458736815887,0.9991965206535113,1.0705128181444474,1.1361270348234735,0.5196762189023193,0.7690751060710153,1.0449488304668921,0.609281018363006,0.6229850911717406,0.6692274188229781,0.9652654840099397,0.8529797555656216,1.007474078513941,0.9780782956368346,0.9034880547746432,0.6503672739861741,0.9982726415441471,0.8507322553143736,0.7584053247911483,0.6580458487880891,0.6177081658212209,0.5415806176303564,0.6963960923307824,1.005216242985501,0.5768725999866947,0.9374482804029135,0.6445357670775638,0.8973140165672218,1.0,0.9070542055217273,1.0,0.9409676338047901,0.963747880970767,0.8137368853488053,0.9503354675164499,1.3087172547841213,0.37776892597052203,0.9082247801151659,0.8835953898669502,0.86499878295358,0.9245087840409233,1.1067373097537905,0.7598830153729621,0.9697583797554068,0.4294180597673546,1.3152133286458327,0.6202112770405153,1.0028779954387386,0.8321637023338795,0.9932910007854687,0.9120167550101552,0.9642352266266896,1.0,0.9656338253132283,0.6192919012236298,1.0378987277712832,1.0,0.9739045095951044,0.5921317924762346,0.9414285632458144,0.5963690945068438,0.8551247564844641,0.7686041922070936,0.8095246870237268,0.5930196190024138,0.6918308325547702,0.7262238343778463,1.1026787272242804,0.6869985582653133,0.8412487848103367,0.8553015492032757,0.9176645608176082,0.8528847123357844,0.7649705291622179,0.6651910723824384,0.8705968792975812,1.113293027275757,0.8767619440843544,0.9058538348626788,0.7755238837702452,1.0007426795208285,0.9452133120896942,1.0,0.8857312019236616,1.029086950060299,0.6790607328706486,0.864827893739874,0.7063132919175537,0.5585743253240281,0.859767270208902,0.9872077356636317,0.8421664863737741,0.8890048881905983,1.0070239825938323,0.8622866658088458,0.7691242679392604,0.9199264592432332,0.9456102001828192,0.7463297204249468,0.8060455722945474,0.816179731377177,0.8969625984355878,0.9961287303190656,0.6299990363392591,0.9080713839049939,0.8986466130897013,0.9078188993592019
2006-06-30,0.7779891578924691,0.6600637441430102,0.5984926828130672,0.9085170014633279,0.626822095951233,1.0,0.688870067744838,0.7873679769605958,1.0516831530855242,0.7026165362954258,0.9988625689546645,0.8724516740617814,1.0761418237425144,0.8662126313948113,0.6816966030616202,0.69281396547315,0.7381290034507206,0.8774884768512942,0.8156984040386293,0.9742012064428035,0.6727202099041942,1.1444451665578652,0.6216202867189315,0.6190910602809916,1.0292562511613295,1.3451480857277804,0.8978608575570773,1.3977990511222456,1.0293857602981584,1.0,0.7300867714781577,1.338178135614302,0.9352908382453594,0.9847279595319692,0.7541264418757752,0.6065721802277554,0.7413940462004381,0.713956188994225,0.9165899662685946,0.857052766575114,0.9961104414513254,0.991237533916331,0.709283022152486,0.753950973381692,0.9271555807431768,0.7619120849327508,0.6053852287181803,0.5564851315529673,0.9964933656426239,1.2102011279409806,1.0603652157857923,1.0431388617544082,1.00233634681438,0.5115645022412922,0.9285337012803386,0.9126242979099939,0.9993527561344862,1.0887900211399215,1.135840673791952,0.5180117445009481,0.7872240651804925,1.0445085939656478,0.6098137448371637,0.6254412160257615,0.6788255949177957,0.9723179694794823,0.8897008693321636,1.0227295262600014,0.9715832379106044,0.8950428286866001,0.6877739712376552,1.0004353064337086,0.766253371365957,0.7522272330451805,0.6429384047071203,0.5963028559359111,0.5431237595944451,0.6963935744019789,1.005777580706309,0.5757090394518467,0.921282257660642,0.6413220276763025,0.8991168230683295,1.0,0.909407678335208,1.0,0.9422770285513888,0.9637065469338745,0.822385052154091,0.9011105201634905,1.3157912115106425,0.3747084896346695,0.9125616192730897,0.9519935520120152,0.8718216976288646,0.9283777977602355,1.1068237136665133,0.8008643732845224,0.9620439483351599,0.42423518421911977,1.3150268666387364,0.6180970846127558,1.01993078772552,0.8633334224178523,1.0138832060917722,0.9082699641836052,0.9647074297653906,1.0,0.9820748901073267,0.6198324597007819,1.1281642495773758,1.0,0.9813809356081536,0.6551790038565826,0.9524359817334657,0.5797444270343457,0.8424330023502684,0.768899637471238,0.7856122409748357,0.5884723888434686,0.691528119252359,0.7244387913258294,1.0266081768433213,0.6771201681789871,0.8431673467179397,0.8644441075681479,0.9117591939661297,0.8550190890921308,0.7660831094056707,0.6661082506672418,0.8706013389473278,1.113683344296731,0.8770998895410924,0.9077926708514528,0.7859090365862751,1.0028035035527894,1.141645936031578,1.0,0.8355024800471659,1.028222046323121,0.6790914344575592,0.8746879958138861,0.7063124535507492,0.5941136331489417,0.8594232391007599,0.9852449215401367,0.8505363250044343,0.8969915919975737,1.0143540442605872,0.8710917004822938,0.7691149529381094,0.919807866127386,0.9374695890789358,0.7518459136548106,0.8084898546269013,0.8443979892894764,0.8825846299241898,1.0003445955721262,0.6245829891870556,0.901916158436502,0.8983304995326709,0.9060099734012803
2006-07-31,0.8831220012681769,0.6600142804025987,0.5985563299386485,0.9082786492962822,0.6282735240545541,1.0,0.6875053689897186,0.817295006860127,1.0734530282450343,0.6595431360329191,0.947588904392438,0.8902467335169233,0.9933412371458953,0.7672101444927892,0.6816097881891161,0.6847207774423361,0.6768733334715828,0.9185689234321903,0.8446868672322043,0.9675572502795686,0.7430186821969813,1.1417286452701987,0.6196597010943596,0.6192271965559765,1.026453996602214,1.3083344073513556,0.9025056879976358,1.2879883442141677,1.029235103160297,1.0,0.7556819803340414,1.3473412326376617,0.9318010754948107,0.9799460841505375,0.7446979586124731,0.6196849494024176,0.8237583839145263,0.7139561835980421,0.9174988664080892,0.8155049879256866,0.9961060362373422,1.0287836575487117,0.7090585050353744,0.7893194772381599,1.099151544825938,0.7942635113547365,0.6000449393493111,0.5990540447436474,0.9786801933889046,1.2493113758205743,1.1186151462956082,1.1023508201835213,1.021109042604801,0.529296261064718,0.9658680560309681,0.9245961377358884,0.9992356401397827,1.0422546847792276,1.1432097983981708,0.5197570673149243,0.7984231144887102,1.039414947362011,0.6406348533047103,0.6841641207150966,0.7186660935104054,1.0053212264758,0.9902508729739595,1.056082487698597,0.9969285400620295,0.9041513242006903,0.725019786082409,0.9969893019950951,0.9442940189901692,0.7659037596244251,0.6787423307700899,0.5678531300591201,0.5451200683296542,0.6963328622722742,1.0060449832060854,0.5695805290208913,0.9780157010035112,0.6412158421496961,0.9085149490092504,1.0,0.9328868009041754,1.0,0.9573206515255621,0.9808668584199879,0.8717964847011196,0.9286281105441191,1.248983716247609,0.3761279260679543,0.9162699609255175,0.980447314190395,0.8754532442341735,0.9184036033908642,1.172519515744131,0.8235728012750563,1.0299885571585286,0.4141322403555413,1.3053642566372847,0.6075861975814337,1.0512965418977478,0.9034405629055138,1.0185153231301045,0.8963393673589698,0.9662242760928934,1.0,1.0013348056139744,0.6299820276493749,1.0984769958332816,1.0,0.9790435857779749,0.6507598081298123,0.9515557453173377,0.5668159102015009,0.829285975215131,0.7657953960642286,0.7453600606614622,0.5782341806325872,0.6915974169458932,0.7239866693840509,0.9293239200920359,0.6676939462269904,0.7891558772166067,0.9204864187508442,0.9094990560962115,0.8702259788175686,0.7774440223766319,0.6661984452071641,0.8702244456043431,1.135173065536153,0.8772605396683042,0.9144550124910322,0.8235118357353899,1.0065648107245437,1.1943089989408668,1.0,0.7876460820926994,1.032313587618749,0.6791148156258138,0.8716661236027942,0.7063110696201226,0.6273361369984463,0.8590095035754246,1.0594327229997929,0.9425015761479778,0.9231613081992935,1.0265498349128472,0.9062556028955415,0.769081952857824,0.9540763309830521,0.9234012300748109,0.7534419787074675,0.8092211557309457,0.9120608160915492,0.9036604564925556,1.0193067544716656,0.6196780978750579,0.9591915100641949,0.9168972005351713,0.9477344515041073
2006-08-31,0.8579040831179143,0.6600274941774356,0.5965451114352106,0.908388968907561,0.6277499933222224,1.0,0.6857834075030687,0.8043806947547205,1.0626283064674944,0.6744925717898727,0.9637174227774199,0.8844214135357922,0.7932741418178237,0.8250973893325158,0.6816036130317926,0.688290675815746,0.6764949336632573,0.9006212595391173,0.8200095301553566,0.9734156680637011,0.7471279772675206,1.1352471884262325,0.6212270730693289,0.6193095857407426,1.018296663298925,1.2337650929491137,0.8617293676515162,1.257646879712834,1.0278430605124553,1.0,0.7397522018085763,1.3318846103793491,0.9274235799918675,0.9955194337036514,0.743890687102083,0.615417505920925,0.799084518456401,0.7139562950045757,0.9343880731828901,0.7435049948210548,0.996105006364832,1.0078654206435098,0.7090907730844054,0.7774414509069136,1.1025858739759486,0.7599117931356024,0.5950191740610502,0.5592273247079983,0.9567278780322961,1.2009934408300498,1.1080108682909546,0.97290019234705,1.0226666718763877,0.5248841350554917,0.9740464614308094,0.8891279142524208,0.9990605917703488,1.0606729807348825,1.1413364720539587,0.5679241851636718,0.7965537016147,1.0345659152597377,0.6654116746818536,0.7305524968014125,0.7363848919579608,0.9975426113104731,0.9674745296965578,1.0516511576175382,1.0284354555308861,0.9112510051446979,0.7519285169675558,0.9924526049304638,1.002851890220579,0.7892846725763462,0.7577434611927026,0.602489705948293,0.5439422881795819,0.6963321666866018,1.0069661224900572,0.5679076736740296,0.9623932319727687,0.6412353262068528,0.9073755127755962,1.0,0.8872437646768272,1.0,0.9430508434661924,0.9708827095480486,0.7955759486019142,0.8692558882375128,1.3003597280309662,0.3941227279717352,0.8923143182009908,0.9861371347278898,0.815522107019468,0.933717414629209,1.1595641745353613,0.8005922619499242,1.0194708631448837,0.4139426876163058,1.241203986520129,0.6207367661423393,1.0462438311024058,0.9003905710228164,1.0113761810787816,0.8909189524253955,0.9664020935117695,1.0,0.9804902285754915,0.6364497164000356,1.1576974425455195,1.0,0.976075906962877,0.6022700032278477,0.9658515815558418,0.5690070634184448,0.7990495784812242,0.7655190236541304,0.7387142523624837,0.5850690554646045,0.6915962428414698,0.7233557217022617,0.827380610952882,0.6508051895652536,0.7277113963794144,0.9069178439275126,0.8999993672204316,0.8771197267010915,0.825094817879494,0.6665275642366806,0.8703083662233313,1.1258308104731134,0.8765011261342615,0.9121451959278024,0.8179995928580804,1.0065766015149296,1.1989662761047888,1.0,0.7382513237715482,1.0249821899039833,0.6791850022287516,0.8534042983923471,0.7063115936735411,0.5923014183690047,0.8589930895961964,1.0415889371030054,0.9652047253077877,0.9141623061394388,1.0231048524714241,0.8994748029663466,0.7690295479284832,0.9010403078977899,0.8924745774468544,0.7366177910952332,0.810312262160838,0.8984184323417106,0.930902921432901,1.0163868155492863,0.6249470780079945,0.9845738430291842,0.9286068520194493,0.9821090089568487
2006-09-29,0.9160416867736144,0.6600475032849226,0.595283499412506,0.9084069617583831,0.6207372519078427,1.0,0.6837353082370752,0.7871527794063302,1.0677138082383868,0.68966023268774,0.96153541948635,0.8837920305285313,0.703212183592572,0.8807372653294017,0.6816009726613594,0.6856339586148508,0.6563182710348116,0.8937492140912825,0.8367579776721199,0.9716926718264136,0.8352299181017451,1.1362315799661544,0.6185460285653319,0.6191260632990443,1.0055841120634008,1.2246410321245638,0.8627251045949916,1.2320370583498979,1.0325759759091266,1.0,0.7555615150390743,1.2508232914747413,0.9227953369976221,0.976685914459051,0.743197609198205,0.608187094090653,0.7860342255928688,0.713956039165927,0.9396898193807146,0.7379967064538168,0.9960745210721762,1.018254743533886,0.7089751326258467,0.7822956574361651,1.0664561234133751,0.7432073427998838,0.6055354183038584,0.6622546812711347,0.9283135841299875,1.1778267752060483,1.0996865456380902,0.8822320785162022,1.0130670293051458,0.6148856000819323,0.963823291043707,0.8577205213754491,0.9981213758318226,1.1874000339799617,1.1307921508481713,0.5449737586571348,0.7963368767055112,1.0421522758778259,0.6613411432261965,0.6904307313932809,0.7092985268034833,0.9988073497399677,0.9691760918053078,1.054465339567541,1.0150350684381437,0.9229526014541001,0.7050643886605581,0.9901010996850479,1.1059591926985837,0.7896982673071138,0.7160457801350482,0.5879742259940995,0.542987366484298,0.6961916381359412,1.007285148237503,0.5684935739971291,0.982659191618321,0.6406691980663198,0.905604711490834,1.0,0.8728877415354639,1.0,0.9398456637077931,0.9610773531818554,0.7523071369783699,0.868627392765754,1.2243864407279368,0.3993730987881686,0.8929168322770247,0.9131804705630293,0.726103427286342,0.9540766518841294,1.117057948205235,0.7700808071481103,0.9932489774542804,0.41088664376854966,1.1984043506328754,0.6140667382062364,1.0671577379312118,0.9254879830383047,1.008276205786798,0.8947618673591138,0.9711111085583368,1.0,0.9561543284434437,0.6359291711132603,1.189333359897956,1.0,0.9771427184906639,0.6577472721951645,0.954705692108212,0.5653088594507709,0.7810879993682422,0.7769291233952054,0.8724276997031459,0.5838114450380172,0.6913142227163984,0.723729433345222,0.8292849868037412,0.6529679659334494,0.7764479464061428,0.897146568482594,0.8988478348532403,0.8706431789504167,0.7894967634353163,0.6662600047365717,0.8705252872886088,1.1580647277850544,0.8762362085149604,0.9190371045290278,0.8523033130660513,1.0087579604854409,1.1942517724332895,1.0,0.7312327735612814,1.0306375361484597,0.67924360162139,0.87513876456689,0.706311911741144,0.6122104525460825,0.858965184227135,1.0378039596365503,0.9519918308128003,0.9260873934865949,1.025825455427541,0.9142073092428712,0.7689917225314262,0.8921926093545545,0.8739069704444988,0.7265408562818192,0.7937420637649489,0.9150361172850808,0.8946649927922224,1.0186514718093933,0.6239871315858453,0.9656445894069394,0.9145265538314676,0.9579646209203918
2006-10-31,0.832690970457206,0.6604999772613851,0.5961902893305858,0.9087159088421356,0.6153033192552944,1.0,0.6859539436184181,0.9295131594230077,1.0751070214791092,0.6693520144349014,1.027936204070845,0.8691707956613344,1.109894438972356,0.9162431268599014,0.6816554836047901,0.7062124125580077,0.6570971913303215,0.8905313120880648,0.8543836225897623,0.9791741864781258,0.7611505480161678,1.1425033141446355,0.6218457802077946,0.619031201418784,1.019666228182513,1.2701285368751682,0.8490165482414266,1.3599907224400383,1.0263726187260698,1.0,0.7217149782682541,1.2620562230773587,0.9336450593500233,0.9602836192558131,0.735925654718484,0.6042504120884677,0.7435511240927868,0.7139574646624434,0.9414160191281082,0.7523822341754258,0.9960367957453319,0.9985830291950967,0.7094535336188443,0.7723941489161915,1.0041911690167573,0.7091167425314722,0.6017650421030849,0.7784073568040428,0.898079630678183,1.0713774595719423,1.1087385454427503,0.8201119165133856,1.0149973421261063,0.6258027150354228,0.9343648563303343,0.8255501501813814,0.9975880785325677,1.0565026987982566,1.1219460536499872,0.5478001801786208,0.7674320678261678,1.0467031807915528,0.6481201108584116,0.6466553511060944,0.6747011228119946,0.9775850716060399,0.8891214691501939,1.029529078474553,1.0402987854487358,0.9507043441404469,0.7043466795831672,0.9892028849914335,1.0969499066632247,0.8012296625822934,0.7308683423684519,0.6419376194612134,0.544203608445043,0.696158067290012,1.0073947200832325,0.5682172954194946,0.9378984862803742,0.6487166297761271,0.9002049499084507,1.0,0.8572361673296918,1.0,0.9258676109439149,0.9583071756181305,0.7197468034980976,0.8395528237947479,1.2884140979545984,0.40266878449828214,0.8913590966568021,0.9001525382894823,0.602403214728169,0.9125827854277462,1.0756854113297145,0.7586339330794278,0.9970320799504042,0.4146618525541982,1.1788267547595592,0.6076022390545567,1.030241661792161,0.9014690740889604,1.0000513640768243,0.9055950188231441,0.9651978387771178,1.0,0.9531201503823207,0.7492794956924206,1.2584796912856802,1.0,0.9722422957180353,0.7957809023471281,0.9591461753619186,0.5811498465556066,0.7446554532692985,0.7682843197656593,0.7789914499802364,0.5940607391346218,0.6913092319282425,0.7255798254830362,0.8814583571884654,0.637356769714718,0.800160378787767,0.8568735711487057,0.8931996298244651,0.8555286992998048,0.7427702213697984,0.6662259889383919,0.8706790121281888,1.150783914161862,0.8760531346862025,0.9125760910581115,0.8203656576697778,1.0058664517201015,1.1609615624688008,1.0,0.7364505879253811,1.0474165856223865,0.6793617409388816,0.8660693862404187,0.7063151945961106,0.6913675814736931,0.859456860242557,0.9847975588018003,0.8985009732683417,0.8909136461647919,1.0130612925091438,0.8995340755110844,0.7689825222682773,0.8547255065873629,0.8946560522144729,0.7159456800479296,0.8130492621053336,0.8734204993503224,0.9147748436939763,0.9860813206434086,0.6346523524081958,0.9171518502114868,0.9023223751107505,0.9186036415451722
2006-11-30,0.7844234538294066,0.6626277830156935,0.6082356310958719,0.9091893681453851,0.6182175056824042,1.0,0.6819949697831527,0.7755736146748478,1.0696987669093672,0.651771665899816,0.9814947665313075,0.8639642728058599,1.23645035328135,0.8457903849355802,0.6816827927586344,0.7240643626016616,0.6308581877798982,0.8821371000458889,0.854359007629919,0.9805638095538853,0.7601452340034534,1.1387260519059317,0.6119869088403669,0.6189814990103674,1.0038532339154502,1.2377821465793888,0.882823532386347,1.16765418652638,1.0247706053458299,1.0,0.7050141674674206,1.2010281635461506,0.9343342356128526,0.9714311700416794,0.7427504217544112,0.5972113960897009,0.7211717780586671,0.7139554608099453,0.9481850621554145,0.7282263041313017,0.9960698111548039,0.9710354581724958,0.7100988792791033,0.7529637612903373,1.0280262820882755,0.7447560650484157,0.6020882611454754,0.7600076798907967,0.8434535526924948,1.0451011523492935,1.111021572950415,0.8028399911592876,1.006119996644219,0.6038552710756511,0.9165125035805267,0.8711593567418873,0.9953048876469783,1.059810419919706,1.0903900901708066,0.6151984042213847,0.7644237280396889,1.0510207592433998,0.7134977907131819,0.7168825470813582,0.7181997211657807,0.9686661783333957,0.8681851394200331,1.0143501029082922,1.1045916081727944,0.9620025356276254,0.6454645504502146,0.9841661388135381,1.120133276263495,0.7982315461270926,0.6990986819888576,0.6237877066370874,0.5429428322805866,0.6961492680501253,1.007183798235378,0.5639373041619933,0.9075430339654753,0.6443830618644897,0.8987327892062454,1.0,0.8392722254149194,1.0,0.9209995163087602,0.9569875408740494,0.6985404074845296,0.805239737045545,1.1022227262908246,0.6201250203586551,0.8864671060565043,0.9245178046973986,0.669274278727554,0.9066745434516396,1.126153685252975,0.7478024536810501,1.0144478765299936,0.4042528272808572,1.1350604939143247,0.6341750087219646,1.0159679778978368,0.8836498113018249,1.003754399094811,0.9011935913715016,0.9688607695688336,1.0,0.9205911976401117,0.6880019940942608,1.2734195896488576,1.0,0.9783304338571741,0.5654532813013571,0.9452604747750534,0.5925796926183038,0.7586771797549258,0.7961108745176917,0.9399784916829788,0.6117724721906013,0.6913531902137541,0.7262933508929421,0.7733466654706816,0.63611580285031,0.7492111094028033,0.8444185713596778,0.8871593671961493,0.8524244270588833,0.7673759497760371,0.6699088770579761,0.871346282372245,1.1244784167760054,0.8762327727841192,0.9082202410415143,0.8032679166356032,1.0052450117443985,1.1191187242870337,1.0,0.786716548532243,1.0265306531464515,0.682247454068309,0.8572510354500611,0.7063142350752813,0.6982104615310942,0.8593835380342678,0.9898104525024772,0.9360425507118724,0.8819624507577823,0.9923778131315649,0.8928907094231635,0.7689553264795248,0.8295686174911563,0.8289128513171072,0.7046305407567721,0.816085260283127,0.8487476806520883,0.8093665261688395,0.9884918163326509,0.6418447167951673,0.9187030785765806,0.9031549002052809,0.9306454890847352
2006-12-29,0.796613447571253,0.6642924994105452,0.5991383879467866,0.9116106150769755,0.61991011609636,1.0,0.6814590206369979,0.8325633425600508,1.05450194382186,0.6476849910233655,0.9904802667315216,0.8557504557074342,1.112828665295773,0.893222411371094,0.6816567379890672,0.720330534933359,0.6259919813096435,0.8860269821125997,0.8392797670706766,0.981421954935203,0.8633338874160824,1.093678007630423,0.6107036066945046,0.6188739983987948,0.9778313211789548,1.0742918868396134,0.8381695175706316,0.8732306213732042,1.0246046034197729,1.0,0.7070986408216562,1.1224479366958557,0.9468414187447436,0.967870615899833,0.7493755773494053,0.5972015185532351,0.7476746417351632,0.7139553199691074,0.9503840679532917,0.6697082443217901,0.996051020775843,0.9133456987804784,0.7094192661025838,0.7573385759199759,1.0656874911392284,0.7690807992963588,0.6246980596266356,0.9264158912373988,0.7612519369222931,1.0436070317224284,1.0526686407087322,0.8226858800142549,1.0148886000333583,0.769295576268426,0.9296659101974178,0.8571397464061654,0.9826796276754336,1.1187387738122685,1.0747429553602246,0.6077148042169491,0.7636121512720859,1.0426277746415682,0.7587509296592452,0.729971745037242,0.715694053914979,0.9637802250608872,0.925909073871682,1.0202524654508005,1.2046997941760074,0.964718143866072,0.6399758270685847,0.9795819835853269,1.1945857027558504,0.8282865507672372,0.7932180677816585,0.6255103968137713,0.5414341499939261,0.6961484050942173,1.0069282477615555,0.5652959205992283,0.9160002446675541,0.649036248109938,0.9006690499390828,1.0,0.8308880246008591,1.0,0.9172889902365684,0.9556840736494575,0.8648027616902876,0.6802108298514049,1.019587001254786,0.5337585385262358,0.8855021297901914,0.8997985063227261,0.7568814331556735,0.9116801119640457,1.133346037156373,0.7717801292102995,1.038352716720192,0.4045399239735903,1.1127273859321327,0.6736066255194296,1.0126419452819804,0.8876321063041346,0.9952811573879456,0.8992805954084077,0.969484885792366,1.0,0.9201855329651404,0.7394386376461167,1.139221884846255,1.0,0.9839354125156126,0.6816284608449513,0.910302760829565,0.5849805581250163,0.6903378432026892,0.8025115562150582,0.9373226130945829,0.6225994249340534,0.6914533533532176,0.7281409047078172,0.9058267493937312,0.6423044047046869,0.7861926146985886,0.8614758028794959,0.8986817083251979,0.8618207018399137,0.8289639311369896,0.6655647301771095,0.8714743953793529,1.1336255216738997,0.8763762208667237,0.9088035351492972,0.8138231431140501,1.0059649948695966,1.1541902766033403,1.0,0.7455846078285935,1.004251089048127,0.6814857399833344,0.8621273948042516,0.7063143213591472,0.8551266516160272,0.859139123756952,1.0044018815840698,0.9407443218247495,0.8991657239258248,0.9836175413573768,0.88618087434035,0.7689505441872625,0.8187423000994365,0.7482670796472974,0.6991916402618978,0.8120584166501111,0.8372190721266604,0.8470584051957317,0.9792923748463117,0.6443567684409754,0.9491521154890832,0.909097668031265,0.9510842455680524
2007-01-31,0.9277519031532404,0.671274912116046,0.5976085789248637,0.9140570317752705,0.6152690462115544,1.0,0.6808896388655803,0.857798235828519,1.061735681017295,0.6459227771993037,0.9636622798918733,0.8610857368917151,0.9036222331686319,0.8338037783675648,0.6816316552307007,0.7049167245925025,0.6193178861174133,0.8778758613911842,0.8758209672477925,0.9752645758159029,1.056068969594883,1.0114910534852362,0.6130791222655207,0.618890890719268,0.9720435787645987,1.0464225669419844,0.8297251405834125,0.8087069976007788,1.0195335451305323,1.0,0.7051939395384035,1.007402811403899,0.9374070069672606,0.9562998075984755,0.7396282708899804,0.599551891454128,0.7855526357903897,0.7139562166265583,0.9505238032398836,0.6568132560212516,0.9960560218817671,0.9585634652313322,0.7099538760250194,0.7477902518977568,1.0787217729726473,0.7794615182802893,0.6716793619094374,0.9892761099047265,0.7378356000299529,1.0860264573732086,0.9455798343881885,0.8334256088168654,1.0067030337709908,1.298889605928172,0.9469844937558237,0.8430303644138344,0.9691897353003792,1.1898299439573297,1.1252225586118627,0.5907426255174242,0.7640972554875518,1.0559117620505367,0.7498658983858708,0.6571004812806623,0.6624408883159325,0.9693636289614616,0.9934720416948684,1.042572358015816,1.1598863628425202,0.9433390995699438,0.5961503324494138,0.9806958010876194,1.226736145970778,0.8426635491480153,0.7865473322611438,0.6175185501320957,0.5424913757219914,0.6961495970856156,1.00631908695227,0.5678479185961938,0.9802232715525456,0.6511753561438155,0.9129850977687443,1.0,0.8298923551798274,1.0,0.9159891855717441,0.9544286573839879,0.9483781346546271,0.6384791712367326,0.9540723702625022,0.5747630933793557,0.8906950966319153,0.7802130790703621,0.6678520960579035,0.9182153976633555,1.179821276972457,0.7900305681993596,1.0176004584789549,0.4057422778559584,1.1401252801715136,0.6598730566560463,1.0457953801262636,0.9413996014555733,0.9981006967083207,0.906538951581716,0.9710633365843061,1.0,0.9092374850873692,0.7087633995699266,1.0884413871147283,1.0,0.9849643806012516,1.0146344041566115,0.9407893453242948,0.5819390799296538,0.7234993699384191,0.8837322994682746,1.020561868492754,0.6103784262772811,0.6919734867576538,0.7297256516009518,0.9109363890690263,0.6494804131818837,0.8280622824673207,0.892836139713563,0.8874510930885241,0.8591277363802218,0.8327749776201894,0.6649579398617594,0.8709092640613023,1.1745786220890437,0.8763120822821344,0.9145119956986356,0.8432133165022695,1.0087259400267705,1.1765067367670414,1.0,0.731506432201465,1.0203124905216996,0.6806152634181253,0.8682770299165128,0.7063185613601304,0.7378788303666093,0.8591098138457725,1.0341087580494983,0.9423190317387619,0.9298030594195305,0.9996532179394194,0.907328130924302,0.7689556461748552,0.8159652257613406,0.7153616070963575,0.6990937750631787,0.8067692503967747,0.8386628042361592,0.800431271394977,0.9711477847182162,0.6429195019733884,0.9798387394604764,0.9227170829956087,0.9809135669110157
2007-02-28,0.8975115134032342,0.6698684060874701,0.6018847496271331,0.910880173893299,0.6215807016127854,1.0,0.6796534614017637,0.7745593127145882,1.0482677157685412,0.6412653279531122,0.9587508443599393,0.864356137707163,1.1723624717126362,0.7814011496283216,0.6816073666130328,0.7076956079955083,0.6203032248322737,0.8507457545681073,0.8789241783614641,0.9736644581703385,0.9365155436536824,0.9975493075493375,0.6108999024716197,0.6193439029780334,0.9691132573566278,1.1194674763855361,0.8365640415644204,0.901944584386341,1.0225282201558221,1.0,0.6987703811846482,1.091886283359909,0.9436599538708367,0.9522931905420049,0.7385078033737791,0.5962617324331256,0.7513078700936708,0.7139556266977705,0.9519080965804576,0.662153285331613,0.9961345660633383,0.9660236991714948,0.7117204647270348,0.748638114802497,1.086770129999119,0.7961312866113569,0.7046262110927402,0.939776416969323,0.7776196495415434,1.1858327126507417,0.8681238965619359,0.8005692270685667,0.9951234025053179,1.1971185030135023,0.9119101013202617,0.8369876626706247,0.9863647946828629,1.1096231654092645,1.0904919047647643,0.6682580651743935,0.7668983834597416,1.0495907618629339,0.732913186094633,0.6670253260645138,0.6675616833062514,0.9723973740127301,0.9640045365240169,1.0388961034064323,1.1716408011058541,0.9589017372875918,0.6219911735237966,0.9846994010878676,1.2229362330081874,0.8200070077702067,0.7330546326278503,0.6153430847186393,0.5411741682018278,0.6961486438173774,1.0051582413626492,0.5647207905942719,0.9711553233170201,0.6429575296731698,0.9121724467357584,1.0,0.8316462608202213,1.0,0.9167108993654242,0.9551499465583668,0.8917705450986759,0.556302953827128,0.9690448368777058,1.0006638578978693,0.8883303880833529,0.6778825418956658,0.5738162208840338,0.9111277423453175,1.116168699947186,0.8306797061282668,1.0378065088001864,0.3992249382687708,1.1072315851781753,0.6424768697940055,1.0520663480251886,0.942629905815602,0.9808450605063425,0.9018162749491834,0.9749636857111306,1.0,0.9042415200846567,0.7268992985729977,1.1981776170090161,1.0,0.9768173356580997,0.8747082836492369,0.9726528503292844,0.5719046960483293,0.7383304929769848,0.8729745042894889,1.013163822072639,0.5942661599578309,0.692019603555952,0.7272351266256506,0.804661546146031,0.6385445365706031,0.7653009944718725,0.877546855725908,0.8820376472679792,0.8423566598080429,0.8026253440918231,0.6662141997571935,0.8716991722645155,1.1620498564405275,0.876086850735921,0.9155282467713581,0.8351106970720739,1.0086295407702994,1.1434187902858515,1.0,0.6804635985776737,1.073033559183297,0.679833808391035,0.8568880724229169,0.7063128241555183,0.7589442518912819,0.8590506997061106,1.0271255794825898,0.9073948087849285,0.9081122554054669,1.0090981377432537,0.9239095436591171,0.7689529185250361,0.8122623231047954,0.6826759574130445,0.6977747703552521,0.8174518412411526,0.8573928129824877,0.8009439785817858,0.9755604697235724,0.6515190234575102,0.943377440329171,0.9149221937916573,0.9510303987462131
2007-03-30,0.8380572785471981,0.6695623836051952,0.6157811568061904,0.9106958786167162,0.6246330136609737,1.0,0.6788676844031053,0.8827520472615951,1.0495514966185795,0.6454205157377396,0.9564623468543014,0.865467631775569,1.2275610665873211,0.7575966987723571,0.6815925333323469,0.7185697031862701,0.6214521015089294,0.851175522419911,0.9101863312307363,0.9733136913875996,0.9461522270874707,0.9618747603261006,0.6086004661254386,0.6193910825381547,0.9696488335092807,1.10635198209904,0.8673848738482743,0.9731984030491979,1.0301475847302672,1.0,0.701048754858925,1.0704944586724685,0.9503407669641601,0.9512003723433243,0.7494560444961831,0.5943725003637264,0.7177286740161977,0.7139551168452735,0.9514245314136276,0.7072180553746782,0.9961851982658252,0.921079887323885,0.7124461921862469,0.7503621120346459,1.0783233861996544,0.7765865234744681,0.7206790383829562,0.9389117481871322,0.8046660465120641,1.170564404037654,0.8665792906427418,0.8490040381049542,1.007876985334848,1.0579121571532655,0.9281152745110204,0.8333011163542264,0.9891086284541707,1.0619759364144328,1.0806089789025388,0.7657324799622316,0.7642648416480706,1.0491833619794197,0.7577933991376014,0.6784845047444952,0.667360676251604,0.9843682590691814,0.9739217610743072,1.0409016866199152,1.1795321080645578,0.9556890657354704,0.6161910257192759,0.9870127795388521,1.22440656192771,0.8139163745023689,0.694068808717417,0.6037602074470709,0.540158653161055,0.6961478367143304,1.0036309136684476,0.5653781981843564,0.9310729503844859,0.6436504283070208,0.9136793750374088,1.0,0.8548386749749133,1.0,0.9275125660276748,0.9553140275831077,0.8817345063566351,0.5879088824864704,0.8320879129334433,1.0217917608367724,0.8947743726659849,0.7557825240286953,0.6056407665376403,0.9410759869935975,0.9948688046481862,0.8345895403269119,1.066841577115817,0.39825626783853085,1.1812403666450926,0.6684005058501801,1.0465636414744228,0.9198156864280951,0.9598644075446254,0.9060801357281014,0.971570298377082,1.0,0.9035606299054764,0.7266840411882257,1.1733266864626124,1.0,0.9771262847472022,1.058736121956103,0.9998401591840568,0.5673299885529415,0.7028943567658837,0.965957137161991,1.050887613548384,0.5975036933430699,0.6916079588494364,0.7287391320697061,0.8126665158803107,0.6358935248855456,0.7404497719941998,0.8704182008812953,0.8704835880399738,0.8241176804480285,0.7635029149329573,0.6681426820138903,0.8723541528332708,1.1450808669723542,0.8762422120839286,0.9140826230878647,0.8323146031252443,1.008722817702897,1.1375378791135489,1.0,0.6588265466379375,1.0647562569065567,0.6800239280438027,0.851439156835356,0.7063117160357169,0.7024146694030708,0.8589903120047921,1.0325464453565807,0.9186977045337659,0.9053048146471399,1.006939977154576,0.9293579376597315,0.7689503436779829,0.8115000832305317,0.6708513101227274,0.6958421489438888,0.8181755634921973,0.8495127314931448,0.7205031746551551,0.9882971920399758,0.6592823673976738,0.9823646896285447,0.9342651737053251,0.9913770792666713
2007-04-30,0.7168981595371183,0.6893610461214894,0.6319806144029032,0.9105493850000395,0.6255822214935325,1.0,0.6784857849142473,0.8568235072950223,0.9817985203614256,0.6540387352796733,0.9630962458973049,0.8573307164813836,1.1580824559918215,0.738655389711133,0.6815900665711233,0.7357525090791763,0.6201630668747972,0.8641593242007458,0.9590440679323147,0.983169100451034,0.8343125345011647,0.9429789123980312,0.6075797470626816,0.619629953394521,0.9976504066322863,1.1961250772018661,0.8728941729887898,1.0326186091090002,1.0291798121569673,1.0,0.6900321475865139,1.0160453207708797,0.9440814882097803,0.9512641515877092,0.7513913272580759,0.5941907233905375,0.7069642906808868,0.7139549162081096,0.9513870323440179,0.6933423918636124,0.996255648495088,0.9171496730082157,0.7112622354622395,0.7516346331162279,1.0400633528961496,0.7238601652097565,0.759238349526646,0.9663096348931622,0.7774624922171233,1.1823462667152558,0.8869505824511703,0.7834277469142173,0.9831642212773157,1.1292848228346481,0.9298046077801588,0.8564263519061852,0.992241015785331,1.0907278073093707,1.0379162394121935,0.7491324926642895,0.7643021378815511,1.0480520341858202,0.7605951977406973,0.6793397690084235,0.6577299480125196,0.9781136383534137,0.9777248749782635,1.0373089199534522,1.1650403896159502,0.9577803088450779,0.624794757647545,0.9860829311418969,1.1988394965497244,0.7917538286320547,0.682636272245335,0.5927946746510007,0.5464461664212079,0.6961481640067001,1.0048051110073615,0.5636732552978092,0.8645578245172347,0.6422972731784322,0.9103965715028224,1.0,0.8507885919334724,1.0,0.9349760898962343,0.9558141114710422,0.8863340480481973,0.668626135430525,0.8152599844183992,1.1435043380174421,0.8957452712710188,0.8607153167475144,0.6682366558598194,0.9911769135147714,0.89928143226111,0.8800010051497482,1.0839039532277674,0.39864233759508516,1.119648710547891,0.6753172181040803,1.039682658191517,0.908583816704843,0.9480928126530168,0.9048843294290718,0.9676655638849098,1.0,0.9029559258826109,0.7406685706834348,1.1269462028490846,1.0,0.9804335363420059,1.0780245925405325,1.032850047457001,0.5644048848312462,0.6260693059373355,1.0085408407070833,1.0680306605136063,0.6185525761436517,0.6920237444021746,0.7241316260895936,0.8852990237249019,0.6365677542122807,0.7845741026417408,0.8701653487492172,0.8651576321796796,0.8207204325640465,0.7366813912820919,0.6684953301631339,0.873080357552526,1.1030439793591535,0.8762660835739625,0.9107003417783489,0.8167117569245778,1.0084478722877224,1.0974308460420295,1.0,0.627287561851088,1.0349824194471962,0.6822513704940056,0.8534417988566466,0.7063112723790955,0.6291885542449847,0.8591026611781096,1.0053353369316125,0.9086188057605652,0.8876210449351506,0.9966405958207926,0.9218387276148906,0.7689514500673827,0.8112721344306042,0.6748305489393562,0.6946421449713323,0.8144686373470005,0.8156495555845731,0.6696992378051069,0.9638986903876321,0.6687611073901734,0.9838177403152368,0.9316209682277686,0.9919616310994668
2007-05-31,0.5405440390905385,0.6786120855398103,0.6446949835554485,0.9094810538119433,0.6315277589326929,1.0,0.678065408628855,0.6673355756481205,0.7345738235372887,0.6738893567975757,1.023590542039703,0.8405989804770626,1.0376622549542611,0.7848099782311542,0.681602329944103,0.7776122703989459,0.6224146596887319,0.8637883841766743,0.9248325936084479,0.9956689613937023,0.6596223543050531,0.9957025352014534,0.606658407159478,0.6205048901267509,1.0045462495577773,1.1618308272175604,0.8201522718825962,0.9659828773305951,1.0359366500672926,1.0,0.6531128317280326,0.952802249778382,0.9535259015637454,0.952218470638629,0.7748614376406684,0.5935812564544425,0.7035562010893415,0.7139547834088666,0.9508426199165576,0.6812154745004777,0.9963750235616091,0.896836328304494,0.7107066475452417,0.7860202246232659,1.0075476175356257,0.6279947570618931,0.7393911514837472,0.9340346459246298,0.7645306495487514,1.2433939137935988,0.8525048239642534,0.6399567268429558,0.9448418423428087,1.0724305922543658,0.9315172047660731,0.9124448342485278,0.9940303469776072,1.0725807207775673,0.9768336255211884,0.850684765544595,0.763212825057684,1.059854334063931,0.7663221400544927,0.6619837962420264,0.6431492145952163,0.9686322279301157,0.8901801273312792,1.0138842038442546,1.1254280147345521,0.9637988672157527,0.6559554773133975,0.9843719641610484,1.1397335737321774,0.7554955741559699,0.6464304873198505,0.6070220735015981,0.5412092283081587,0.6961478441261895,1.0031236498015288,0.5637106374766893,0.681770805248515,0.6417730717685779,0.9000808229436943,1.0,0.867826145996621,1.0,0.9385928740346634,0.9544679047030383,0.8169300491400282,0.6063070778001904,0.8295157596189427,1.063499992158257,0.8949383106431567,0.7350725624340924,0.7406829310125174,1.0180031182639784,0.925581103460116,0.9152526435432061,1.0753828046529088,0.3991498329159584,1.100961451619101,0.7569658062998629,1.0172135890006122,0.8710658611969849,0.9323129629460932,0.9099848346893548,0.9720376152768149,1.0,0.9023926278168073,0.7217309159424166,1.2026918605813395,1.0,0.9648319486268409,0.8736460597945632,0.986845946964941,0.5671455260848286,0.5790336010504799,0.8673191964396613,1.006205751653707,0.6506020217475141,0.6924281591226238,0.7277282995422656,0.9647013750234205,0.63299089581714,0.7828772485482323,0.8255877956878754,0.8516781928656512,0.8031494720973065,0.6751852836677268,0.6670421436885795,0.8723286817656303,0.9783269995810024,0.8762923327626085,0.9038297844879248,0.7938703322905349,1.007157526083184,0.9880838715976987,1.0,0.6247140711072089,1.0281383403379434,0.7001283777643494,0.8533756896994833,0.7063126697640496,0.7035242211462092,0.8591786631115808,0.863938667336273,0.7998435074927289,0.812121481147567,0.9721748927293108,0.9216608390962409,0.768949781215119,0.8110034807962649,0.6706715062637558,0.6936534964789205,0.8153745081946293,0.8154482890056505,0.6489004646450744,0.9035143844272822,0.7098745332055019,0.9219652573947302,0.9055097624468849,0.9303472159644257
2007-06-29,0.5136835164393878,0.681012852312839,0.6829752170178109,0.909725328935989,0.6316869674013608,1.0,0.6783718930775915,0.6535351683456634,0.6815638382226784,0.7224739467660697,1.0539472714169364,0.8366203047411965,0.9597818577904151,0.8333469881864697,0.681671390785983,0.8287370221508313,0.6316465276639667,0.8478269348070153,0.8761630147905024,1.0126134700003808,0.6496567781565757,0.9826697644039998,0.6072794523647579,0.6232013934933012,1.0035160242046923,1.1525065643732089,0.8024153593598464,0.8718877548672977,1.024893064797181,1.0,0.6438140086620243,0.9579542800424447,0.9525667436030821,0.9599843662761721,0.8537656684389936,0.5935892552192932,0.7035915323629155,0.7139548778180779,0.9492207468505075,0.7696553185418743,0.9963984867495883,0.8542256607348774,0.7151287653112268,0.7581875432354642,1.0180545220214259,0.6970429867669696,0.7402974296120297,0.917349565150791,0.7386762752357403,1.1889653945945047,0.8182216410912442,0.5978138063507945,0.8667030607267295,1.1263851088109467,0.9200261062037746,0.9101465729323518,0.9811523453742057,1.0638340186970288,1.0468363351869976,0.922888128411842,0.7631089535237335,1.0691347486357174,0.793277190526714,0.6767579054917352,0.6427427780046957,0.948988066494385,0.8580488995890948,0.9898414346722204,1.1862856858529407,0.955893459461976,0.6473816190873698,0.9807040590626507,1.1543086694422482,0.7607344151384829,0.6380289387177782,0.6706799462810829,0.5535598972117801,0.6961482050671519,1.0028397651183176,0.567928671055415,0.5958664266174366,0.6502005878975502,0.8967100936172316,1.0,0.8380299491120339,1.0,0.931444102068192,0.9542521478944891,0.808731877611996,0.6458162327949384,0.8943906476096325,1.124808006056535,0.9047988506385689,0.7354059814229739,0.6826908112556961,1.0286563168523948,0.8970220650894605,0.8837877604927243,1.0906360922087033,0.4010531668505134,1.0880421754253928,0.8699892710751991,0.9822271602624787,0.8111381419129677,0.880749087070672,0.9221705725583583,0.9711418242727556,1.0,0.9031443638482354,0.7706639291192653,1.1773766343458874,1.0,0.9560936353840375,0.6865845184892576,0.9740173650398836,0.6102117632108095,0.6087465739373237,0.9856579458985002,1.0593342010967552,0.7034462057792885,0.6921726582427948,0.7403233733532464,0.9894788870278347,0.6309987697165507,0.7183239597054274,0.8176232541906021,0.8495685269052156,0.7435591052145671,0.6586675351270856,0.6682668466113522,0.8761154745621877,0.9028617893464307,0.8768637621945712,0.8960717607775638,0.7786592389378237,1.00432533914906,0.8984934498947119,1.0,0.7050830987237895,0.9890836124100595,0.6975722350471284,0.8609873899652636,0.7063176163487299,0.6680130702538304,0.859658100012917,0.8537153290516856,0.8555704731609184,0.8201584709882184,0.9090082137887924,0.8879759850149557,0.7689551217074956,0.8109684165389135,0.6736034449627922,0.6939791617942851,0.8186526392339206,0.7861457738479461,0.6551204438230718,0.8941722786100634,0.778829040498598,0.944728850110454,0.9085113576417628,0.9471522933093195
2007-07-31,0.48098086478529867,0.6924851432187968,0.7372278480142327,0.909505918629486,0.6321052391080451,1.0,0.6784856919585265,0.5732190387646987,0.5962680168083163,0.9284306323140606,1.0556066657687013,0.8292293763558887,0.9826054250134614,0.9001478255292875,0.6818601758323457,0.9198201051049171,0.6687105852012136,0.8186494161943321,0.8314675832712869,1.0216105368517718,0.6196705734422991,1.07965598009223,0.6068504218040323,0.625967730230339,1.0066785352946073,1.136463829640226,0.817527586274577,0.8752299577560249,1.0305753038255006,1.0,0.6024611333634742,0.895146734343061,0.9557684407904712,0.9962059193046148,0.9369784513532108,0.5935041837404028,0.7032800724236495,0.7139547945508562,0.9501658400962851,0.8029270753712487,0.9963609466761435,0.7859766599671388,0.7306008933252734,0.755290673944542,0.9720911208480448,0.7892328724943767,0.7510207036308141,0.7510265268114065,0.7527237851038899,1.2286714378529564,0.8207483716093781,0.5819827250667797,0.6935659921822863,0.9577950176966095,0.9150322888535537,0.9227289350177921,0.9832324964054932,1.0392771684568782,1.0500616995679908,1.0560117658635497,0.7629590244112731,1.0777069246475484,0.7616025140262609,0.6395728413973637,0.6177184557419184,0.9426389084563165,0.7892311956442036,0.9510801489855916,1.168574794964621,0.9733445985794177,0.6431148556093413,0.9843674523225723,1.0247610210474056,0.7238774278218434,0.596941831939444,0.6836337970642097,0.5632128248934292,0.6961478700825527,1.0000363228495448,0.5678096471209194,0.5066941854121778,0.6473490300724296,0.8934688548406563,1.0,0.8335037755130147,1.0,0.9337260813328271,0.9544854139914345,0.7274276404671363,0.6664944440181293,0.8826487871895058,1.1622912907492293,0.9101908748432699,0.8225567069867472,0.6153595536499998,1.0203732258116363,0.7589282082011083,0.9245439323905961,1.0999030381792423,0.40064867505691715,1.0314614615447455,0.9193957228347457,0.9565674624327279,0.7189640910579433,0.8699562812593318,0.9496261327179092,0.9732027646803937,1.0,0.9027741750914859,0.7573962216300092,1.3444615090821075,1.0,0.9517819549501044,0.5619142779945463,0.9500909676992463,0.6506873695282261,0.6706926249840361,1.1478964487097154,1.1467884100962447,0.7646778515526617,0.6979202768838921,0.7441088098595425,1.0088922710059791,0.6309945988990999,0.6497874529117651,0.7983832657318445,0.822487415342295,0.6499353678685389,0.6013362857510941,0.6963375482463435,0.876635742934808,0.7636745582087229,0.8771392776431339,0.8871901550871701,0.7526895119471749,0.9965695972431241,0.9376824987844283,1.0,0.8080494126499254,1.029010579069399,0.7520148300171273,0.8583307049098143,0.7063226830663297,0.5790694938697102,0.8611907894222911,0.8093630164500026,0.8048956264139722,0.8489225524181461,0.8762036854062119,0.853907191497875,0.7689569084643252,0.8108854634755298,0.6694373202346704,0.693587756240536,0.8206255455247263,0.7683301033558089,0.6727209099921214,0.8761574619746605,0.7715237081179688,0.9347194735861228,0.9018296707099482,0.9265003442312999
2007-08-31,0.476680020235427,0.7091523656748789,0.7473655481883096,0.9085199367506057,0.6317298971469587,1.0,0.6783124760201138,0.5391378860554272,0.6587438749580825,0.7981682966914039,1.0240405252085665,0.8305621927877688,1.163850975505257,0.8566626740985824,0.6818085779080558,0.9176669695039887,0.6612431972578542,0.8248061870241654,0.857691727561981,1.01822576292298,0.6157171626245396,1.0530912952822544,0.6066721883600948,0.6305318427768747,1.0005036077953782,1.1198569611121454,0.8498142972851961,1.0277060395454887,1.0314339456006754,1.0,0.6021414836205796,0.9460179943728928,0.9591481124196874,0.9851800208048996,0.880924467370381,0.5934842487957168,0.7032640642585675,0.7139547732877594,0.9513396595364452,0.8180401775689151,0.9962069404266826,0.7748616227478387,0.7384980716601562,0.7570600455234692,0.9603058183847327,0.7540312043072511,0.7336333976516514,0.7383309070584223,0.7440888532291456,1.2531829936958205,0.9085128931723864,0.5747399968040032,0.7267319316103305,0.8823895642185035,0.9714152725457939,0.9371595427034829,0.9771989702487945,1.0008738559078927,1.0148124109389276,0.9694322660210185,0.7629853402898619,1.0768663995308119,0.9197981929690531,0.7846717611488901,0.6867252331848048,0.9602724790576724,0.8344428115481212,0.9597774105379238,1.1149920192607703,0.9771317336835856,0.62593821714684,0.9871215585450767,0.8750198294055497,0.6992316811506329,0.5944351079340933,0.6206930244397848,0.5874900333599455,0.6961475490761084,1.000247306593155,0.5668949730362504,0.49631035152339864,0.643304055584268,0.893067076734178,1.0,0.935044725663269,1.0,0.980496957315,0.9544399351637763,0.697408479314868,0.62216798093177,0.8794106961262882,1.123982307409654,0.9084997695970026,0.6839510850782808,0.6356136052705492,1.0104726775178896,0.9036103370641966,1.0021409984626009,1.1409308560751537,0.3978225097753112,0.9979998545892741,0.9147014985675367,0.9542690072658175,0.7171275547086957,0.9134214039754708,0.9571499817174485,0.9717580911371247,1.0,0.9030834018632738,0.7337032406939672,1.3260445760050912,1.0,0.9523110612683016,0.5560272367673296,0.8987463648879142,0.6216774916352121,0.6247918878536567,1.1109216093187928,1.1159912689594174,0.75595843523721,0.6974152489692834,0.7432374383899609,1.0759316566189954,0.6322851346929912,0.6671257308963898,0.8078252825301511,0.8169984851830508,0.6221960052563724,0.5392398504500617,0.9672715678980366,0.8743947451054112,0.7834567103055006,0.8767830803773912,0.8877089735993028,0.7567051840440119,1.0026133412932434,0.957635118905397,1.0,0.8415171020687828,1.025045240294034,0.7570081611737229,0.8547073056717844,0.7063201702009199,0.6516202112833762,0.8616171290700627,0.8064352498617183,0.7608604524045333,0.7965136258177907,0.8763356704381158,0.8590817733766998,0.7689587669239417,0.8108683093476963,0.6644387245274556,0.6938979392786147,0.8193832889387548,0.7998689073271513,0.6790735546654703,0.9034702197873308,0.762256280748241,0.9103113930656771,0.896912035661499,0.9097385257346016
2007-09-28,0.47258280669446306,0.7190399297594631,0.8101621493976865,0.9098621636097999,0.6277773155456075,1.0,0.6804536724431431,0.5843078494464573,0.8649609684757196,0.8945866797291329,1.062112800735107,0.8242942261714857,1.3552025024900045,0.8552944409662329,0.6825077578221996,0.9947559789915962,0.6954777607878919,0.8156574103910068,0.8149894469891433,1.0257879373622452,0.6114813019585859,1.093797524450066,0.6084419170060826,0.6558479023243913,1.010219055278738,1.2144977223879916,0.8419938969037326,1.184882248422353,1.0222012397102456,1.0,0.5888858845848896,0.9682702378985519,0.9617033603471898,0.9846430114210458,0.929985604552038,0.5934966185946515,0.7032562630860798,0.7139552421147108,0.9493137874657654,0.8574773661132405,0.9961322063841962,0.8185717421445351,1.2184170042411682,0.7577472947818378,0.8582870338554295,0.749815734910523,0.7313077411843557,0.7737438135841042,0.8265986087907763,1.2533826286861323,0.9086427686816736,0.5850866339469742,0.6356616965930126,0.7061784742467039,0.8839682441613588,1.0240809680353655,0.9140611667152326,0.8693655882424485,1.081951780471112,1.077103596506657,0.7629866041084865,1.08923684447153,0.7171644077881947,0.5715682015745999,0.6062497648646292,0.9369153952880382,0.771842047095184,0.9253481644308574,1.1031927101744703,1.0655332598164045,0.7080997785579712,0.9859262488792503,0.6700507220629242,0.6587342511006213,0.5894852654544436,0.6576821886161384,0.6544481964180293,0.6961482945573327,0.9969561148219909,0.5742344380470253,0.47805004802576134,0.6524025657428549,0.8917253544899946,1.0,0.8813500410752791,1.0,0.9601484533534551,0.9705856983847473,0.6929078544807385,0.8864904522646255,0.9260253556608159,1.1645220669017253,0.9109806057070575,0.9017905039874382,0.6866328313699641,0.9534801220612027,0.9734223500977672,1.003105740251808,1.1839398692807017,0.4014638661620843,1.0894787473065977,0.913214028313532,0.9328720687082405,0.6863156634531581,0.8970389754196277,0.9661591633019986,0.9771462690385659,1.0,0.9028720938097431,0.6906483701999822,1.42897108925738,1.0,0.9560898360537979,0.6257922519389424,0.9129381843599802,0.712347948013892,0.7305865029785135,1.1189333255085414,1.1086475521984829,0.8155443497241226,0.789038026335272,0.7588106983773142,1.0008441138854067,0.6341531076109412,0.627286489782143,0.7934117442345738,0.8731207179042961,0.5843488285825054,0.6015448495109024,0.7281690840914574,0.8774981620519609,0.8530034339417892,0.8767862689523654,0.8831861657654227,0.739193191779616,0.9883382943204064,0.817002688174455,1.0,0.9234326465606226,1.0677636784100153,0.9607353040133054,0.858381740859524,0.7063326991637258,0.8039476349824098,0.8725568428343726,0.7419581546201064,0.7004853821807973,0.7683263516489551,0.8602009458763421,0.844769512301823,0.769003645301771,0.8108685517568801,0.6701681910287739,0.6969930787282276,0.8110235899721483,0.7782927714486646,0.7536098538315885,0.8364100815669337,0.7634809635604698,0.8650572894617715,0.8933678089380922,0.8903764413348391
2007-10-31,0.477647780882521,0.69750019137948,1.005688938615703,0.9114440952124441,0.6238235594992543,1.0,0.6810535984392134,0.5780946293487894,0.8773742840155344,0.8204566871883875,1.0466973358090135,0.8271494768807461,1.3645521836486263,0.8521433629690859,0.6824312011022439,1.0096537694248713,0.6869709784636979,0.8204754130520692,0.8487925492568955,1.0239442607643323,0.6130962784481798,1.1219392640076509,0.6096760137711257,0.6705935191574506,0.9995766616112199,1.16188410967801,0.8268730408407287,1.0128425797648342,1.0151583954554462,1.0,0.6026199790478458,0.94196360360007,0.9688495398550157,0.9957259072886028,0.9355658760068267,0.5935434742420767,0.7032859444862505,0.713955855641162,0.9477207531677192,0.8885655391531002,0.9962342695405507,0.8052789589059022,1.1816637849825309,0.7602834982018638,0.8663307471244712,0.7432018074944637,0.7678345466963228,0.8148146042319537,0.8254865924731056,1.2797646432889571,1.097726520980661,0.5924801229827044,0.6928575699853897,0.7152453706027333,0.9274915725712438,1.1435636441789299,0.809720324072727,0.762868357064572,1.0942980084466005,1.1132335166188352,0.7629917843956948,1.080286281251458,0.7268331614526978,0.5763026450099913,0.6171201845189707,0.9563610995415678,0.7612438819322035,0.9224784428934034,1.1042828570207583,1.1424162632131918,0.8943582048059802,0.9882015989319934,0.6707699079813632,0.6509499516856496,0.6000855906041366,0.6698418907631778,0.6239132880246205,0.696150307175851,0.9966991789464532,0.5774617432589606,0.4883130133550958,0.6584722121287946,0.8931308094019912,1.0,1.0145224035150104,1.0,1.0737197398724716,0.9691307938841219,0.7148240010587539,0.8070932870514058,0.9169907076827998,1.1878412025994631,0.9136168181833496,0.733250116662846,0.6930666854684184,0.9559555537501475,1.0223264841083006,1.1879153406053538,1.2224935811367004,0.40564945230933014,1.0682822709502076,0.9386036664352451,0.9428304079783275,0.6994805475629426,1.041068034289414,0.977931938703908,0.9798583010605711,1.0,0.9031828059627336,0.6602190057724009,1.3579573128752243,1.0,0.9515057659927367,0.6124835985918419,0.9115715769106271,0.6766065717565882,0.720655857799143,1.1540449562540747,1.1559684187694803,0.8003400848059404,0.8221183748961691,0.7610838797392808,0.9449171453478578,0.6389325493333291,0.605882051471959,0.7944819322122596,0.8940626436624627,0.5168801947851431,0.5436473684669232,0.7672838964344575,0.8759465436070338,0.9870440171675096,0.8771369042562918,0.8852894793408655,0.7445253740443216,0.9896546890507203,0.8220851310600831,1.0,0.8934206924137665,1.0541938274841218,0.9960097961171486,0.8560073912286577,0.706336673405877,0.8502160871300386,0.8799835050099565,0.7543712887124959,0.7138429054426264,0.7972824971173574,0.8913339656075053,0.8511033619281163,0.7690541624439535,0.8108755791750405,0.6703949969814225,0.7049399598850778,0.8074370066596923,0.8209731440535577,0.7372665189646648,0.8244104646689079,0.751379827514149,0.8662969590595462,0.8932558365431625,0.8909644190329357
2007-11-30,0.4842707491293651,0.7204407865130052,0.8974156561575336,0.9110191925583431,0.6226233463780617,1.0,0.6816784251257609,0.5469375654675666,0.8394598807055029,0.7257652445304745,1.0079544810950285,0.8417942643222738,1.3269424737591355,0.8711089260317455,0.6821011838003372,0.9798920444520882,0.6749874671751012,0.849360905343407,0.8900340815769334,1.022418072648628,0.6149651954542867,1.0622892937453297,0.6110356698678432,0.6963300868924163,0.9871921704871827,1.1309457204728373,0.813561016575056,0.9766430284048645,1.0187199915461491,1.0,0.628097033804771,0.9615250138067699,0.9671187999948307,1.0495575994300888,0.9093194467564766,0.5936204468636983,0.7034103032288478,0.7139563217113658,0.9474459811258029,0.8826376480921387,0.9961707516331606,0.8255618437074738,1.132793444349191,0.7576112915995146,0.9085836782604941,0.6968632952644964,0.7134980106271547,0.8891361348048143,0.7944676364272368,1.3018513407002306,1.0458576709599932,0.6065829036817578,0.7156285839060434,0.842253960579571,1.0763978478486578,1.1294036585939025,0.8322523148874355,1.0064179292007558,1.1276130037316654,1.0870644301755241,0.7630639401468087,1.0793089309144757,0.7913603227202686,0.6100959537728248,0.6453772915005369,1.020434044431492,0.858011751229661,0.9547098303832481,1.0506996719417443,1.0146693577761428,0.7506602446592783,0.9853481237781682,0.6833532023745869,0.6470144809122282,0.6155166414717157,0.6316935876967408,0.6439861701451791,0.6961522188800364,0.9970130524896477,0.5830908536287098,0.5037072383566581,0.6622007236719513,0.9071384072215908,1.0,1.1027628614578815,1.0,1.0961639164593604,1.0062130684398083,0.7326238825893765,0.7589422474319419,0.9696034523570256,1.1598654735155602,0.913382967319618,0.7510857348841239,0.7516278964087725,0.9808402788628825,0.9908556436569699,1.1654248898874495,1.2121890645800195,0.41019946068161417,1.0659971075839478,0.9442923704234704,0.9722568048801039,0.7507666474276464,1.030030469338375,0.9708396901142067,0.9916892469930222,1.0,0.8992436020019814,0.705277633816453,1.3955765197728964,1.0,0.9520566203641416,0.719429290982086,0.8519017156450721,0.6395648028968244,0.6624756104966212,1.0408540881070363,1.0808284447093008,0.8243970061946881,1.0587510579740895,0.7536473554280374,1.0232634727317689,0.6641924914286808,0.6539258191441775,0.848301955138456,0.8724379194485834,0.5474953627580379,0.6781880678657425,0.7907831927856498,0.8692614821283432,0.9831006093866366,0.8772936989922026,0.8952923540683196,0.8065966624879888,1.004459177692875,0.8196627766525967,1.0,0.8585531298601707,1.020630037239111,0.903196126459853,0.9053723156896453,0.7063460127618872,0.9168896104384568,0.8682509706141504,0.8665687287234184,0.7450389037452366,0.8893523007065411,0.9286488195902978,0.8728392842470328,0.7691078669518209,0.810877020220975,0.665272898570386,0.7041185863835612,0.7990375980786969,0.8666868844770591,0.6537553137063568,0.9310401275546197,0.7602288412772862,0.8781423833168198,0.8937615233185776,0.8937174199923603
2007-12-31,0.4790380398766201,0.7216570130590884,0.9164141504697603,0.9107389239570904,0.6173996455031949,1.0,0.6825910193220012,0.5212824776094487,0.6553285748646743,0.7798231208576304,0.9827352930887263,0.8369581472256362,1.377444984816415,0.8801628002763774,0.6820745252967375,1.0379117233805142,0.6817146267150527,0.8973447175161555,0.8846690605896061,1.024096200814227,0.6116254106914931,1.0355808131875794,0.6147170531317299,0.6897890553816668,0.9940358742938529,1.1296157981015678,0.8158171641199073,0.9900184550466121,1.013806606048337,1.0,0.6213312207661091,1.1163915935635844,0.9747278848867345,1.0575790650354109,0.9122442510261201,0.5939733750700674,0.7035323983470458,0.7139576131207039,0.9480419069584466,0.9133805888975998,0.9961207759840626,0.8355989257170399,1.26790416130682,0.7590668511385997,0.9005950511170695,0.6200225445675365,0.6573163422470183,0.8395721570961975,0.8638709769889625,1.3024918818680573,1.0305234494819746,0.589923773417812,0.7306622727708496,0.8291802989778294,1.069489068041663,1.1284337347988764,0.8482413656759613,0.9715064747686121,1.1190855876510672,1.1014361277640383,0.7630583729064923,1.0670163631410432,0.8452660595000885,0.6650230917636738,0.6935264549851681,1.033968930693776,0.794521417046042,0.931204492869008,1.0396903550188468,1.0317208120634644,0.8062028627094578,0.9892998555466297,0.571124892541971,0.6232952577115936,0.6008452825967834,0.5942604410256258,0.6441758754474396,0.696152066715422,0.9953220168005298,0.5746159904159163,0.489004434794833,0.6752562843548867,0.8989993915485689,1.0,1.2185718902678193,1.0,1.0779724828965196,1.006661599387543,0.6775110583281285,0.8558260005443163,0.9265241292650757,1.1535327438226364,0.913809801747845,0.747659007563038,0.8152799911503907,1.009975744346682,0.9615596318657776,1.1634801651538358,1.2194354664937546,0.4083600955863763,0.9961036258956919,0.9683035604250331,0.9646791223120867,0.7272780727486121,1.0271871159881587,0.9731404391901297,0.9874887591120237,1.0,0.8978520517072466,0.7319053627243268,1.2950594926735417,1.0,0.9509888857655899,0.7445164783822318,0.8518219486812386,0.608656961086523,0.5878065697716217,0.9069093677625687,1.0090444029797545,0.8570875269824045,0.8546741258738033,0.7426438444574042,1.0210623537419525,0.6684841985702679,0.6539341144842363,0.8157908944212273,0.8777916523797551,0.5309167829271431,0.6490637370248435,0.8479758399984725,0.8691607430579448,0.8722355319179669,0.8773645263724676,0.892431361516811,0.7986475589325548,1.004341986702095,0.808938550637536,1.0,0.7440226003685697,1.0073504209050967,1.032887252599805,0.890214904292169,0.7063619937009695,0.9832168013252418,0.8671789631719093,0.7992132242226089,0.7319994836682394,0.8226931969835908,0.8947995114152812,0.8722428333815729,0.7693256641284563,0.8108639716664037,0.6619662302946197,0.7149668886935048,0.7963572978514367,0.8849035068086889,0.7655958050256434,0.9197872469435757,0.7490845405589629,0.8684365933591349,0.8926884918121831,0.891729096721245
2008-01-31,0.5142302350354945,0.698285391771317,0.9175531024551418,0.9218803803792055,0.6146035600166158,1.0,0.6871215000774729,0.5341073557752352,0.8241533572287066,0.7177250477236787,0.9217225970439745,0.8441267050882898,1.3755398135529426,0.8179881279664083,0.6817635083974329,1.0048166935752358,0.6468794797092494,0.8638541162473713,0.8631176997667676,1.0198277991027151,0.690999833856033,0.9149583009695497,0.6309767825207807,0.8034247999342451,1.0032043020757135,1.0739490234393325,0.8709641185656185,0.9767314580648873,1.0156853664407572,1.0,0.6812296488999019,1.0267419257881736,0.974551346545857,1.0499207202245642,0.8765877822835926,0.6041243993490883,0.7267424057088083,0.7139821451390955,0.9472298912881789,0.8998911492146155,0.9961188107176887,0.7720853554637712,1.2386173694171447,0.8212836161986555,1.2000530811868233,0.767911570675937,0.994781367511195,0.9893479003252281,0.8809740464488388,1.3015688866758914,0.9966927171493241,0.8817876891209503,0.6733074878691969,0.7074138290548246,1.0745775655902874,1.0052947332254314,0.7281543696758298,1.0002034155410442,1.1196308145130835,1.0673503421938235,0.7637381795395716,1.069885751631029,1.0058164501944864,0.6921773888333741,0.7539458329758004,0.9927403822492226,0.779974491659043,0.9692948192172066,1.183235845929886,0.9689550569985795,0.8130206941562922,0.988626120600838,1.194007652010153,0.8936147024328672,0.8344175044444139,0.6502266037690654,0.6466467225114101,0.6961630566605517,0.9985818230581275,0.5942064340221049,0.5385517686540916,0.7617485285779584,0.8944677067544865,1.0,1.0297106060524541,1.0,0.9877894450865253,0.970746333845786,0.6652440815197266,0.7879944532318301,0.7324619818160185,1.1393533925726995,0.9138717948790774,0.7142523826907978,0.827135158681728,0.9922491610212903,1.1543754029011737,1.1723792769905974,1.1156806875692382,0.41101853377929953,1.0507725873715767,0.9753622150180759,0.9348038195951927,0.6495589666718304,1.0187174677937054,0.9623801437603553,0.9977543279676461,1.0,0.8967736329177678,0.8193156900645603,1.3154255463575306,1.0,0.9499831796386087,0.5908468271997771,0.8208778904445089,0.6233394590317494,0.6118174885382057,0.9177204929719819,1.0177121023896685,0.8661959668723196,1.0225785458576042,0.7329667419187803,1.065132735762017,0.6800341336400952,0.6625114495317836,0.8092780091063752,0.8495990366067873,0.5081777780515594,0.649104399587886,0.8790376907656233,0.8736139397597791,0.8710264621707352,0.8873636296288003,0.8947905064456967,0.7964292103001647,1.0029065895619491,0.8477972182958976,1.0,0.794220777170323,0.9442426461002268,1.0110551752843309,0.9110231175100457,0.7063792183989938,0.8767349333679546,0.8613489025924685,0.9262332343225574,0.8065564476808316,0.8731233575080158,0.8859055524509526,0.8651873032116133,0.7695087304775654,0.8108970900022258,0.6628177611815957,0.7581328652699686,0.7948423696383717,0.8602908943709129,0.7777412556327038,0.9567529650739335,0.72702728831225,0.8671909171555774,0.8929145620295261,0.8917083269946608
2008-02-29,0.5015505840762051,0.6917608233192727,0.9053366903251903,0.9146670291571871,0.6140172901957881,1.0,0.6871433925244899,0.5292704398296036,0.8139457465525929,0.6868783362142852,0.9481595749575019,0.8451598893172656,1.3762791472975615,0.7761342941610418,0.6817362334868342,1.0227757728077211,0.6674400189246015,0.9069513061762315,0.8545356629051845,1.0168281557491052,0.6513702474442238,0.9069670332380622,0.621703381701814,0.7537990138099637,1.0037638337692418,1.0582063536960824,0.8610164941546776,0.9520467515743827,1.0115270383645352,1.0,0.6985605627071035,1.2109164536046901,0.9960226170923105,1.0784157728898962,0.8260838139299389,0.5973309396591719,0.7135184932683081,0.7139693054396141,0.9478090975786141,0.9213201123516848,0.9960994737789864,0.717293692199007,1.2909758066177743,1.2164593457434794,1.1283753246354529,0.7431044867167553,0.8354375418148066,0.9461870126608063,0.8370505767459052,1.3025333456768142,1.0239367767832301,0.8852929230216408,0.7255801232272744,0.6596744779386291,1.1330251183252475,1.1051054882208236,0.7330350209396681,1.0042444146227976,1.3610293407783725,1.0162654057447553,0.7635344603896124,1.072997590516595,1.0474239037139301,0.7024212522674885,0.7917827338082268,1.0256776866655144,0.8658970081470362,0.9743978618618658,1.1508583391613825,0.9731696405313969,0.6867189446138804,0.9981425026777415,1.0644659974026445,0.7848414062057869,0.7869224266786299,0.6148111020963247,0.6149106908349343,0.6961559659092798,0.9976406759631191,0.5856318889274766,0.5233154187439927,0.7323839925110426,0.9134361746208202,1.0,1.0995376459567525,1.0,0.994998301210581,1.038591814739865,0.6453474810367076,0.7349521107488,0.7094840255765236,1.3058936645860193,0.9140210174063683,0.6698762245759052,0.9520405608740902,1.013855488050157,1.3386913301078232,1.1631228983230755,1.1699824390613882,0.4034226073720638,1.0002887491856705,0.9963270166742082,0.932017816111435,0.6507502841177901,1.0286716325187695,0.9614983202048022,1.0115255356220059,1.0,0.8968118331089431,0.8117843262955163,1.3082720109364143,1.0,0.9507667698908534,0.5849354299280113,0.7860650376756559,0.6173965541079734,0.6199203304670071,0.9455112397604462,1.0327528809358384,0.8772382436452002,1.2337620985964877,0.7316037172078046,0.966297296924933,0.6480154382222612,0.62395773444231,0.8683792830471001,0.905359341161989,0.6212600201810314,0.6744982886463031,0.8130153942366117,0.9037476983396633,0.8273434308038614,0.8950821404149987,0.8944692121595346,0.7996414440173377,1.003325535314443,0.9341513608379908,1.0,0.8180522455309198,0.8869697249889235,1.0216774304905332,0.908676152766959,0.7063463958530738,0.8904671270347739,0.8614354460109881,0.9178555115094009,0.7661137612350488,0.8063674205454958,0.8935554962290879,0.8639598633912838,0.7692549498335145,0.8108649622197006,0.6612700949564144,0.7352231355623315,0.7946953527744988,0.8616152272246596,0.7542547018560277,0.940512795718748,0.7264622962617608,0.8653574382269215,0.893143378719171,0.8913979149746745
2008-03-31,0.5006573208762986,0.6795066773134838,0.8757604001183886,0.9118709538665762,0.6139644912688564,1.0,0.686931622615824,0.5206949068743686,0.7474287005990365,0.6605824454902576,0.9314024455720178,0.8440515625992804,1.3771947326843876,0.7492119931001909,0.6816577171890543,1.0134457870478375,0.6522383941371435,0.9233872294749954,0.8953289993127188,1.014547028510908,0.6644791253117623,0.9106948822115832,0.6199548041488993,0.6845198985251266,0.9963633789658461,1.0625133117341221,0.7797494955681593,0.9150293648137892,1.0153355039085978,1.0,0.8498531552817935,1.2415153934386522,0.9978864315239425,1.086459328877445,0.8199759824150347,0.5947141628310418,0.7186780505735344,0.713968674014918,0.9482568736819446,0.8960470818566115,0.9960757365456276,0.6747814261998623,1.2942001514582948,1.3503591033140907,1.110026516623474,0.713854312047528,0.7924233694808885,0.9084930250172563,0.7874307788343388,1.3023992997933362,0.995966326051554,0.9417292058538306,0.7251781778960718,0.6058962673317213,1.3187916832652486,1.1511788151376623,0.7329691789097572,1.0458989524768199,1.4065713144712957,0.9911621958090046,0.7636693769916868,1.0594543168123545,1.132721541958921,0.7601912007571963,0.8532042364165313,1.0658944854303951,0.9409475508819446,0.9743970464348644,1.214232427277815,0.9831261542021061,0.6266739738411156,1.0043464312422596,1.1213184952235529,0.7716708345221557,0.787083650021168,0.6156091100830324,0.5902568340917462,0.6961500203009823,0.9959024996369116,0.5808139178093488,0.5179256097691798,0.7209505495037042,0.9270351347118841,1.0,1.0849786227820575,1.0,0.9944667304569306,1.0560858040647703,0.6382555586194629,0.6684383609420819,0.7605833707315406,1.367891194491579,0.9140187062485691,0.6421884215459558,0.8370642515778507,0.9963809877250326,1.408479834175496,1.21023364482775,1.1999229515820602,0.3984522488655574,1.122081059653227,0.9821755609188502,0.9513143126884092,0.660996459190287,1.0511805786154536,0.9573764904603974,1.0324240344237456,1.0,0.8972836117015088,0.7935783640766446,1.3183201768065227,1.0,0.9505258431515098,0.5182157060114682,0.7463314072426372,0.5991516890177223,0.6234037123152566,0.9543989740506726,1.0372167121079494,0.9018777192329631,0.9753485293395159,0.7342106467604843,0.9166138226954637,0.7118134608425157,0.6716896484497765,0.9151404224920039,0.9240346375652706,0.8705645083586815,0.710232709981567,0.7607936943417776,0.9411896907655785,0.8104723143352933,0.9033317993218747,0.9043231755821984,0.841916597898483,1.0083677228754218,1.0124400978844006,1.0,0.792193784289714,0.8866299342997452,1.0257736149602268,0.919368748222505,0.706320769211158,1.0247643209375192,0.8602191070338201,0.943589234012851,0.8404047319944334,0.6535339364878843,0.960909504500263,0.8920439355124039,0.7690734269784194,0.8108632454977545,0.6606822591163557,0.7282926009409549,0.7964936840624438,0.9444323696630449,0.6932520851904074,0.9572296302541619,0.7361319349261322,0.8750763817573927,0.8944168637798993,0.8954274461419219
2008-04-30,0.5020826805356824,0.6699547107903312,0.9162187885881568,0.9169494618803424,0.6141418933410628,1.0,0.6860250536415872,0.5177190632840951,0.7378324524474384,0.646724155824292,0.9288850063271976,0.8452345102936999,1.3821920445171991,0.7885392485678644,0.6816084222215957,1.0266414674547415,0.6379556699964853,1.1118616116813638,0.9154161035674726,1.0109114306193179,0.6681735231208754,0.8986340979903744,0.6161663583135047,0.6602833343459804,0.9726457986426682,0.9288879191358942,0.7519357464424424,0.9383541256134699,1.0132084395706025,1.0,0.8417029775890821,1.3375525835280233,0.9953646104280818,1.0866902728329761,0.8081748797392198,0.5950501637206088,0.7232982353281383,0.7139638280349041,0.9499480553035597,0.8825603405607518,0.9960743457596236,0.6518082242869775,1.2954089931451658,1.3819010101375242,1.063083349339978,0.6816397210539062,0.6740199902531334,0.8924698720523122,0.8892418380231794,1.302873662386621,1.0172827372328395,0.8055095285485527,0.7013306288499832,0.6703620876474716,1.2767338923147458,1.1295221502478905,0.7310721399724349,1.020792285117616,1.444138312320767,1.100495803814178,0.7633541563289324,1.0568594245672145,1.1632422607518422,0.8078721665355634,0.891172429096039,1.1100853809993954,0.9119680461849313,0.9645816413944758,1.2148630569810663,0.9970373781729847,0.5942584886906792,1.0107983500901272,1.097661563867056,0.73319726257637,0.7494265142867599,0.5783189370141113,0.5596922838091705,0.696150093155596,0.9945124370294953,0.5746903321463204,0.516865006952089,0.7137431132590406,0.9301251593689219,1.0,1.212442663430725,1.0,1.057059610615307,1.0650087739371608,0.6425472700478729,0.5792505261581541,0.7518609691271358,1.364185328826511,0.9140232875618807,0.6647862289229451,0.8308202117537965,1.0569011318041073,1.410233142356168,1.2152069740850555,1.2141889964430421,0.4036140412807062,1.0320338536251352,0.9760076164345256,0.9642027026719376,0.6714426408301095,1.0825787192197776,0.9533555331411127,1.0336948232560685,1.0,0.8976922639405982,0.7785397556180959,1.3332514937059647,1.0,0.9498296061981396,0.5016654110098719,0.7269367631384313,0.5713708157880117,0.5676892307879198,0.8282841536116695,0.9164735469196307,0.8610987317530374,1.2415976714253045,0.7318611091996963,0.9447037966998143,0.7156849593579571,0.645875236145629,0.921411166817296,0.9505742302804113,0.9644647177355408,0.9082747045855855,0.777312141117656,0.9505383830660907,0.7403187099140093,0.9082036601013794,0.9147405650404838,0.8596582178005052,1.0100909421694277,1.0569801099776752,1.0,0.6734639236573439,0.9207917003760929,0.900516357673216,0.8825825648118478,0.7063163215736106,1.0362161061709372,0.859488468259751,0.9514062858307885,0.841187881704186,0.6482577657492019,0.9760782621716545,0.9114815571138517,0.7690597813039803,0.8108626522615379,0.6603669530442439,0.7247721653007688,0.8034804784288969,1.0399721432735356,0.6784433286682383,0.9836424722713591,0.7167405631109254,0.8706732462859738,0.8935729998473517,0.8933116891890464
2008-05-30,0.4923163628154903,0.6778851987271968,1.0640751215701334,0.9126717238936977,0.6154306922860234,1.0,0.6933470397958885,0.5197502070011157,0.6296152964157422,0.6483342010308693,0.9363304585338962,0.8479052488385557,1.3824969421226467,0.7791706553089508,0.6816544297446665,1.0799309825361774,0.6647722106019235,1.0682986834414057,0.8534103072036471,1.015374784618695,0.6398166546767272,0.8971146571663576,0.6321789148538155,0.6852339634044105,0.9714761955939617,0.9892913697344206,0.7226978412810072,0.9034395194157344,1.0147191155691107,1.0,0.8866128015229482,1.3867518702973025,0.9847209258209165,1.0901965541128773,0.8662799965909558,0.597425012469508,0.739567627895845,0.7140045470498868,0.9469474811930372,0.979482683413181,0.9960640532358468,0.671650207355226,1.295453291239864,1.3531272221158905,1.1042219061893275,0.7752918589866581,0.6595181376750385,0.8550382063719514,0.9568873829880739,1.3016389114373739,1.144418384753146,0.7031345666995106,0.6456474964264127,0.6417457107505748,1.269730965871136,1.0528970688927988,0.7501067941275207,0.9714776426710199,1.472097927400255,1.1058102833904695,0.7637599810179581,1.049342049185972,1.3287628081814666,0.9152658527420123,1.005393001655099,1.0873723617564208,0.9140898194636703,0.9599285244872585,1.2314731460772697,1.0040530502050808,0.6927289001755255,1.0075860521197337,1.0389293758140574,0.6986862031409384,0.7470905959015828,0.6235259878680399,0.5639137620468153,0.6961563245307267,0.9950182332721976,0.604189694069456,0.5034166547948284,0.7695088006384863,0.9700891688422176,1.0,1.1960422058297813,1.0,1.0499418058419532,1.0589284272498283,0.6979122612212553,0.611717172539636,0.8432786313758989,1.3362445712243347,0.9139745503323566,0.5942882350195909,0.7045118096944242,0.9771872196025052,1.3696883121674177,1.1432734039682853,1.2532147760422816,0.41711803472122544,1.1254850207409062,1.016885964818536,0.9337616041769181,0.6409744789888644,1.0831012054389713,0.9658180827830777,1.0261016015438331,1.0,0.899246258523789,0.8862358952264537,1.2673205045625286,1.0,0.9503354344043407,0.4566548643762566,0.8130640631073921,0.6236409520117701,0.6321925797183237,0.924717847857212,1.0153698274946843,0.9343442100744465,1.2652119718886954,0.7787884787495991,0.9026729078226354,0.7081775233244021,0.6202349894771462,0.9545487276797876,0.9771283928353719,0.8190551121132641,0.6566184468618247,0.8899094348118386,0.9239221791128676,0.6837708931297335,0.9032104914913639,0.8977057643378186,0.8273158502625118,1.006614366838801,1.1614807480120992,1.0,0.793087329259746,1.0117338279840795,0.8836139214522172,0.8694473744366171,0.7063409648321912,1.078656432173806,0.8605113449666193,0.9559049035034917,0.9286832546012138,0.688482079280706,0.9382540100190404,0.8714771462489975,0.7693493885854783,0.8108645918968836,0.6604125014954859,0.7409341983355501,0.7998089009490981,0.9644990285605097,0.7974632459808325,0.9957788019795288,0.7558749018845557,0.8879431442141114,0.8966022734957867,0.8986399322721715
2008-06-30,0.48401351847596186,0.6719824850486064,1.0480274985910625,0.9109431483370145,0.6160046269891912,1.0,0.713553189536647,0.5183898296910252,0.5312374509312795,0.643068150964431,0.8883808914321545,0.9012159908494641,1.3827657662398598,0.7360524959435493,0.6816109022505599,1.1719624622383578,0.7819714179762122,1.1838435698234262,0.821256952071962,1.0166342799379589,0.6309492642849892,0.8885416928958498,0.6683291282727053,0.6679245917793943,0.9705663338557992,1.0028772544698723,0.713331942950463,0.9214079582051351,1.010404029301083,1.0,0.8818157629748916,1.3895414293823842,0.9922117681123863,1.091563221476269,0.8433552946616731,0.6003581338647609,0.738783621132046,0.7142334043746104,0.949963904820119,0.9584797958724057,0.9960300391420319,0.6417452989914609,1.2954644498019983,1.3612343171560135,1.0779325439688505,0.8215523290443711,0.6241537495106131,0.873931562048748,1.0286106814270979,1.300824904773642,1.1830686041027452,0.7136678484148384,0.6652182030531741,0.599139853348941,1.332152601092683,1.3826639418001583,0.7827798425592956,0.9416743580479,1.4814722852673479,1.137274408235236,0.7632107165626391,1.046410940109461,1.4232835191163864,0.9462063746726618,1.061311269508349,1.259807154299022,0.9158063086034484,0.9656048325770745,1.2274972548043956,1.0574044564544816,0.6883890551376896,1.0205601627589955,0.9228661354839828,0.6541052732612695,0.746499193208897,0.610913319722828,0.5505050155540049,0.6961573433113979,0.9943747706083468,0.6506606120248146,0.49416297814864996,0.8122485097180582,0.9613742789893801,1.0,1.3065388039917973,1.0,1.208019664796442,1.0887329906975145,0.7022005798883245,0.5730808147696014,0.9489275932087641,1.3634556918887473,0.913926163007333,0.6080750161986946,0.6985657077182219,1.0129110338087708,1.337954013842357,1.1991001822043552,1.4028136069160773,0.4248487961884414,1.0440302952874798,1.0596031076800116,0.9399697874973327,0.6400589547655187,1.1524813494300878,0.9687769500314991,1.0187666481130084,1.0,0.9354660556122447,0.9042465946499774,1.330367296073256,1.0,0.9516728247437409,0.4522299040827973,0.8708728661634716,0.6082955827052134,0.6822646728210018,0.9659639002869472,1.0391595581199604,0.9783133793055003,1.1454300292916764,0.8025431967810409,0.8850176764598738,0.7008536704923982,0.6145037009508985,0.9824896169927029,1.2203706137165566,0.8233770171071004,0.6469665601328272,1.048390923975086,0.9227245604181182,0.6172540355328698,0.9035792189056002,0.8985944911139081,0.8234250550629925,1.0069292491020212,1.202762866056283,1.0,0.8929553905945798,0.9978433782257414,0.8128232474551909,0.8626417136103467,0.7063667606181532,1.2858242406548648,0.8607868228235299,0.9929218639127896,1.0585209531511177,0.7434272772264097,0.9164948884917221,0.8615392983992219,0.769687995436666,0.8108640489696125,0.6603570164873428,0.7404751923883531,0.7919214145515714,0.9530751979919619,0.7527499065973557,1.0524538531536596,0.7915539316478474,0.9780083333096902,0.944593273157565,0.9499068869214311
2008-07-31,0.47703616596325626,0.6766048357494325,0.9786976768844171,0.9087466144100841,0.6154937583842699,1.0,0.7114081818628042,0.5190047300200811,0.41700466065117126,0.6423834305394358,0.8954163008815056,0.9016433536642734,1.3827398492339147,0.706587920959967,0.6815883372847853,1.1167051104650028,0.7215871929006931,1.1907969980394708,0.8314263856137667,1.0294385965239055,0.6340553845397917,0.8849281891567014,0.6780472576582681,0.635147219528996,0.9649199967840025,1.0764970322047582,0.6347329329616226,0.9096973893521821,1.0125476038113697,1.0,0.8521599090661736,1.3895563828071975,1.0835407161777364,1.0911164251140473,0.8236035632581553,0.5988530982081033,0.7737378944881466,0.7142029798638876,0.9507651082185735,0.9547706515744516,0.9961982170899378,0.6972497032571741,1.2954769091482476,1.4687058242444766,1.0993985064226923,0.7018733633507207,0.6490230743933902,0.8256963414909336,1.033012718287707,1.2999446021154335,1.181852185631752,1.1512055731266508,0.6533106873280367,0.597616767657245,1.3021456118655172,1.338959862778717,0.7813024178573376,1.2561847107361872,1.5972219314995524,1.1084108365968692,0.7629607190824561,1.0515396496673126,1.4902063717857956,0.9319024113238639,1.097529582023078,1.220479610509271,1.0130993717289793,0.9669705178083368,1.2111790756701866,1.0208470388772444,0.6856585151796017,1.019224248669378,1.0807311827072106,0.7783412368591035,1.0716573249831975,0.7079317669206031,0.5402698477306123,0.6961892199450432,0.995279792273288,0.6498242446972271,0.4856381951285411,0.8313906979550902,0.9608066400021488,1.0,1.3085787072961672,1.0,1.2166733815782182,1.0893147334014155,0.7362452966090633,0.5565031189144434,0.9700902069588118,1.3151557115105958,0.9137634016742173,0.6957821523758854,1.0182941666122842,1.0706048274946829,1.329915318779261,1.1490149153950728,1.4067419720055556,0.5316647960942038,1.1137609377926518,1.016258372950192,0.9479920112342465,0.6537441596628073,1.1502467830471503,0.9599161514687943,1.010412189165032,1.0,0.9602544797755783,0.9672190026944906,1.2562285076634332,1.0,0.9539500132296689,0.45723346055067504,0.900125589120374,0.5879440835053402,0.6036278686369043,0.8071447851734934,0.8410003893575851,0.9949346019539909,0.8545044508001823,0.8120646567776182,0.9866908288837999,1.157221044505234,0.6900705199692705,1.0491022218150046,1.2694493352277316,1.0265515010641177,0.8574660533963786,1.0927127559886896,0.9097486774984951,0.5855566075789125,0.9386912682779568,0.9145700731081343,0.8230211234589919,1.0098471257129724,1.2027989810867399,1.0,0.827464549955842,1.0170567520945493,0.7761453017941563,0.8765540874595659,0.7063953936956336,1.3365919570923026,0.8598467505795426,0.899703170874055,1.0702827515504356,0.6718932909963655,0.9115426366942305,0.9274063130899074,0.7694952845028873,0.8108623164512836,0.6604925062394534,0.7375034341837772,0.7847765749636084,0.9562557046863819,0.747365876101878,1.0598331115549358,0.8126849220420653,0.9808415814620234,0.9427931621329929,0.9676166319849017
2008-08-29,0.487695623854407,0.692171507778544,1.0040004082687577,0.9103639143722031,0.6441156325173965,1.0,0.7268423087111415,0.5616423623676836,0.4291424318132451,0.6399820752482671,0.9243729295326711,0.8882410237509341,1.38264775371762,0.7415427507534695,0.681622868126458,1.1269424344246708,0.7177169162206638,1.1979008143135201,0.8466244263870286,1.029112225682042,0.6560943788557225,0.8835476409935903,0.726484553009489,0.6381063057884556,0.9648101609047873,1.110253009919918,0.6090918534959802,0.827301464637496,1.0180037770128396,1.0,0.8796677209918069,1.388987290625971,1.1145498976568633,1.0894225077979025,0.7964779073044466,0.600657465204838,0.7900388089691829,0.7144871941639593,0.9509091368048047,0.8613985705724905,0.9965711705216382,0.7147419267582735,1.2954775564096443,1.4734469795768794,1.1029106355540357,0.7427128734592413,0.9364246629789841,0.9602309431762903,1.010134764408354,1.2969383222776414,1.1629618134141018,1.3439420318636968,0.6250089488564328,0.7977924110597538,1.1813105786381093,1.232831333662352,0.8864677793414857,1.4443142986014257,1.6053875125014085,1.0664925752162013,0.762934632676224,1.0478534211423167,1.2658290825253915,0.7828655726518399,0.9489689249429466,1.1323807533329402,1.021802303797463,0.9715971443964759,1.2058309719137383,0.9935889965065027,0.6922162785581317,1.0124430220795768,1.2275332278400244,0.9696001275402644,1.1743196169093004,0.81553296097191,0.5468673708395572,0.6962195862725934,0.9950029561462472,0.6711010992040105,0.4977394021222402,0.8322974724101305,0.9843245235334391,1.0,1.1882086734083845,1.0,1.1506604461728513,1.0842486018997395,0.8025465792384552,0.5675664407652263,0.9236214829285371,1.3509819983583526,0.9139044605656486,0.6464089314234563,1.0410177922280666,1.0804168208248643,1.349314291050525,1.0863244431742898,1.3559102794642057,0.5316066276243863,1.1684021880406679,0.9817317385465795,0.9723635811899539,0.7278358885425227,1.096982466367804,0.967610434243803,1.0143421026041153,1.0,0.9628941973068361,0.914740670128512,1.23116781144149,1.0,0.9540901258054492,0.46666445454676153,0.903392844242563,0.6180735421025736,0.5927796017577371,0.7835854404277626,0.7745964025449331,1.0048630706067003,0.8004680972670766,0.8461490296750411,0.9912351773610533,1.3371854820412414,0.7930778600011681,1.0636180255376317,1.2428662946233837,1.1279980784182835,1.0720945593766074,0.7858943623623246,0.8951697686953608,0.9027275625383043,0.943513029423534,0.9454029509547951,0.8717735299988251,1.0123527369125196,1.2013171456314418,1.0,0.8982075452961474,1.0937127732115366,0.787018380254237,0.955702172848233,0.7065115149397547,1.2480255705402394,0.8608459597116443,0.8639525378398,1.0591978384721321,0.5838425877966988,0.969590100780957,1.2303740718160405,0.7698864169233863,0.8108626196054036,0.6607843736330336,0.7481579994402188,0.7928448276027695,0.9169240874390175,0.7785115181785444,1.0523538371296777,0.8171392639517432,0.9625866033011711,0.9278928724969145,0.9489927840269677
2008-09-30,0.5484181480937589,0.6761984622327837,1.1734007647085634,0.9112004330976718,0.720030187819565,1.0,0.7462955336986606,0.5914445622060193,0.4660561253948001,0.637110804138818,0.8666623448071653,0.8933507330288866,1.3818276838189134,0.7047644597971806,0.6815968571359425,1.0720408836195225,0.694655831430975,1.213189933960433,0.9379132183208723,1.0264433765555134,0.8382066326862941,0.8868434060184008,0.7466911350903939,0.6766072661281883,0.9651410968828779,1.0644182927172154,0.6949634209738833,0.7468764690161036,1.0270733380807482,1.0,1.197021742986742,1.3876486408640014,1.1629906567824362,1.0880424190528264,0.7781881926169297,0.606643492475219,1.0686083162775541,0.7156736093169906,0.9475429856874362,0.8566383076346188,0.9997098671341994,0.6979232467548901,1.2954755673331824,1.4724920417612617,1.2576767467510137,0.8413758304982928,1.2210753524246727,1.0380363852491274,0.9667022867234614,1.2962349157602195,1.1458418256914373,1.4243788050504949,1.02738937099336,0.9928158833090693,1.3869211252894387,1.1210360414634128,0.9113323007468382,1.518094758690384,1.6046269739156087,0.9755426446333714,0.762956803252602,1.0826628775858482,1.4578407561126936,0.923379542088115,1.1404363893853673,1.1635448452259296,1.3687531103098416,1.0865585502965731,1.1930196874173824,0.9574018504044527,0.8823639057018269,1.0165221554794748,1.2937878304723416,1.2978146875559942,1.4673407435032249,0.9137382806789861,0.5594348706843911,0.6966867662069267,0.9952727331027322,0.7881531747457777,0.5684589145097817,0.9941846695446179,1.1584564296401771,1.0,1.1483518668670387,1.0,1.1279098866958381,1.0640540262534557,0.9534418650197601,0.5530624791010375,0.9370773622664303,1.325251392059221,0.9139025436252095,0.5811775600613565,1.074482211366667,1.0813762663562936,1.2743836818727625,1.0555791763108495,1.3313935810155915,0.6688600697915513,1.2655374567742392,1.0017056847734391,1.0545671400682104,0.9340921169897471,1.0638662397277385,0.9725278864598215,1.011609481033323,1.0,1.0509365359837748,1.0668613912091198,1.0288283962685,1.0,1.0788955378356895,0.5399256485889217,0.8681214147117784,0.5928739824391296,0.5869797898540696,0.779360530834611,0.7057061626133999,1.0095765626105682,1.0006009485196272,0.8291298143607007,1.047560345292391,1.3662841834662514,0.8995487007098049,1.3109268693106746,1.143055533823449,1.081504064478304,1.0563688409734642,0.862645294372407,0.8957116601863941,1.016089540188509,0.9407574035019857,1.0777489313131972,1.0049244826602453,1.025196216100616,1.2033911948735476,1.0,0.868913648205549,1.0924183277340052,0.74770001988433,1.0831819853865379,0.70649728141455,1.2475136761040764,0.8603018225918982,0.9578050963233317,1.1021727894921332,0.5937661455657652,1.0366107836816563,1.359775908184781,0.7702512474320772,0.8108863364608738,0.6630534921163243,0.7980545916692724,0.8228963302316689,0.9326743039035783,0.7660926768666891,1.0533142132037772,0.8288347368815474,1.0072727209697059,0.9700010478151921,1.0113478861531244
2008-10-31,0.8515394716158722,0.672027794986413,0.8031763344680318,0.9123778592920755,0.7539185507499406,1.0,0.7586671125914077,0.6063956429449955,0.592943019997814,0.6384739655704018,0.7600407902392879,1.0562674018800584,1.3731316872213526,0.6444893819648749,0.6815727937530498,0.9780887393250463,0.6569054560000501,1.3094378513687095,0.9905715437427647,1.0259597884973346,1.137393169981247,0.8828350495600505,0.7329462384206167,0.833839320730049,0.9610131032829652,1.0429906375462183,0.5975749377593889,0.7108910694238193,1.012056603406792,1.0,1.6741973752828618,1.380364542987624,1.163685567256011,1.0868714200923686,0.7571799886448605,0.6126859847860653,1.1267417089185834,0.7151285705937421,0.9373803691617886,0.8508660186273584,1.0018504124435292,0.8319188576041059,1.2954645440265349,1.4723743796785274,1.3237227515237096,1.0128575341703128,1.4163227349840075,1.255136261899495,0.9051776113152369,1.296339224472854,0.9630609053582643,1.4399832713504392,1.170423229978401,1.1440095519386762,1.4007145431780696,0.9723206803565047,0.8368992204366992,1.5632610146580967,1.6053779834587236,0.8823454328039901,0.7629986843099026,1.152452846028503,1.5986718823625463,1.1042467217954277,1.3371293374701443,1.2794869830401256,1.4203473890966418,1.1295838099418687,1.1537657850440388,0.8925578983667115,1.0597989955232858,1.0202201799301323,1.3242743252835125,1.4194154773728185,1.4909048639105746,0.8867336038121938,0.8315427638028146,0.6992837514028234,0.9975483258768034,0.8740432724791162,0.7863778039859315,1.1539949946518053,1.2241470122579892,1.0,1.0599010336482628,1.0,1.078283003615244,1.0373803839291034,1.017804921026114,0.5352743689186279,0.7090773728893711,1.2774631066781292,0.9137498888701026,0.5799168612168251,1.1790948041094624,1.0888351008886883,1.334979089580981,0.9184070257061943,1.2558654383533372,0.9675678607566369,1.3606423326410684,1.4464439101542053,1.143211539146464,1.0531398884213647,1.0063334500966759,0.9510209610033783,1.0185702707609032,1.0,1.1032258682887164,1.1720355025684845,0.7940182179451742,1.0,1.0960228173967625,0.6649643022487277,0.8408858187291419,0.5569739331653024,0.5896610088068909,0.7628392233796597,0.6180537328093132,0.9133123661673651,0.9942183456386565,0.7778419302916337,1.083371427090566,1.3672975799237268,1.1435192393711437,1.3316450766623718,1.0812859422716958,1.4561130577275612,1.4900233985130258,1.228435380047441,0.9218960134259881,1.0628735181073257,0.9409790409074498,1.1729736605473433,1.1688832905461206,1.028680145442411,1.203408790964601,1.0,0.8591155971424487,1.0549645674710109,0.700570606425422,1.196107695901655,0.7064575216362959,1.1926217908568266,0.8588218351228776,1.2315175443951412,1.2618923173289331,0.6344774203618746,1.0745622755274626,1.385830957898814,0.7712299624147103,0.8126135410296567,0.676969728028958,0.8276217080218351,0.8299161919033581,1.0672162867838122,0.7522607890946023,1.1811653061046978,0.8234587252639485,1.1367099791143942,1.162587230902003,1.0874270393659535
2008-11-28,0.7762561372781024,0.6809082901469019,0.728129153835602,0.908995229005566,0.612114417446338,1.0,0.7622635062221315,0.5308407101744355,0.41490270888288605,0.6538313234542472,0.714369562621225,1.2631439890070217,1.3669457518836938,0.5961007087014307,0.6815678835406993,1.0065416771900841,0.6561952527799313,1.3199329111899938,0.9413252647871606,1.0319377342979206,0.9938330282427555,0.8950328765570763,0.6371218028937231,0.9419490448542964,0.960157987461549,1.0963937965716777,0.5894656632030912,0.733204443263451,1.01052145493506,1.0,1.6803424397810258,1.3642236710366324,1.0739389827926709,1.0839207787072551,0.9356523056398343,0.5992525783984395,1.1507357206565343,0.7139711149099306,0.9220154207525267,1.1028423751632412,1.0026108992177618,1.1755594453715739,1.2954770996915004,1.4760346495416499,1.3276879412729352,1.0752822400676016,1.4110668752236122,1.253610493510571,0.8410794094458908,1.3017747657787395,0.8461082254281489,1.4211216073666078,1.15626047249101,1.0610801151034275,1.4007590029749708,1.0126508815122566,0.7995137324893147,1.553742333017583,1.604789840905625,0.955798146308098,0.7630379508168452,1.1904369872241807,1.644393532375069,1.341229578413305,1.4955419172102404,1.3066798382918803,1.4248315875943058,1.1406075314013986,1.1511188310920815,0.8360810529415609,1.335911293340322,1.0299626181213313,1.287659278714444,1.3861553748929785,1.489786568212307,0.7770445589917152,1.0091166185602862,0.708611068790338,1.0000220670381608,0.8821905906926636,0.7193513823979731,1.1888374257561978,1.2454245619226685,1.0,1.1325989342911837,1.0,1.1554988318937764,1.0040572921621154,0.9379143915532853,0.5287673992486344,0.6112189489700548,1.291331270777988,0.8941581848560033,0.6117565445645985,1.2090508843440582,1.0888414058618214,1.3993354094645662,0.9536648875322421,1.2413340584936825,1.4317532835396747,1.407929244953643,1.4626097283869686,1.167005872403389,1.0168653906748597,1.007480375223037,0.933023759064646,1.0074865841897798,1.0,1.1031865152081888,1.1722238622099916,0.6801469337683244,1.0,1.09251939335243,0.46796590907150837,0.7311018875735955,0.5510385161347247,0.6948961392184754,0.7631189118253779,0.6191187483652358,0.9624011831206752,0.7670675723956604,0.7828254576243343,1.0027556961285895,1.3670360915723379,1.1008333291500596,1.3348660074602128,1.191362673639171,1.6137302067799224,1.5392714906246026,1.325508494620035,1.0517199557161183,0.6297724182228116,0.9318618185934797,1.1749236265761034,1.1833001764840945,1.028506377033607,1.2033144034336645,1.0,0.845827544202957,1.0762128132312858,0.8640203935250799,1.234926938144245,0.7064342373831318,1.2030710022841358,0.8587951097481271,1.320151968696984,1.2637258473562065,0.8313421187403061,1.0622585333836037,1.3590089956343538,0.7716577931419518,0.913406534419199,0.7775197356748356,0.7729383219403316,0.934821323623682,1.2734786060313383,0.7425622612904421,1.1831652333697305,0.9308154089107468,1.1421969246085852,1.1690678099926877,1.088258715027957
2008-12-31,0.7272569305406769,0.6826355752904931,0.7336248837667145,0.9082840387269401,0.6117587621715781,1.0,0.7542866866790146,0.5198645557025371,0.40380639786617956,0.674161421657556,0.7764863591229197,1.2396877951360745,1.2790711547053961,0.684960192402942,0.6815677754807559,1.0066242810044326,0.6421412477151327,1.317463088271095,1.0104380155398656,1.020470649172614,0.99872401240204,0.9835682467628419,0.6194815943162255,0.9656457850041931,0.9606967090623166,1.257425508279531,0.594340078605333,0.7496319922484629,0.9970382855700833,1.0,1.6784471215427266,1.3441530862137603,1.0216353591934362,1.0781467002873348,0.9623054624650303,0.599472433332488,1.1287562861789462,0.7139618534423025,0.920789893667616,1.0477418479902274,1.002754771253402,1.14917121312833,1.2954771574911867,1.4767842295158942,1.3285331902755446,1.0174360867953467,1.4258120960069691,1.2991085419484156,0.8483045182274571,1.303272325580858,0.8513439074224124,1.4390210948280562,1.1136756453108052,1.0124735171792165,1.400677971765624,0.9624019318875227,0.7770532678693783,1.567850488239522,1.6047756193219107,0.977401780938387,0.8786117022493161,1.1937890961000275,1.6389176697109826,1.2597490664037152,1.43763226003058,1.30211950535419,1.4263524519915158,1.1411329351938462,1.152784611708406,0.8225831824241344,1.368282608391412,1.0289523744593003,1.2989039584283972,1.4610831419286165,1.4908545796238994,0.7336291558956725,1.0131830363978769,0.7105059076708633,1.004226016831797,0.8061213866209509,0.7063599373097673,1.1738551453676838,1.245827119435213,1.0,1.1297322192401342,1.0,1.1869685230020686,0.9830126920457285,0.7913430034149602,0.5248842894789263,0.6119207467306826,1.3555835374774083,0.8957514192511434,0.5859901101400207,1.2055205163254477,1.0888444759590254,1.4300924436345641,0.909671470575826,1.2161835659627536,1.4702118251465812,1.40564514020873,1.4626394325737366,1.168947596706015,1.0614070213557194,1.0026804109095195,0.9420694019478291,1.0061328157372078,1.0,1.1031895097803854,1.1470604362886394,0.7284935018899206,1.0,1.0987685578175614,0.4751022690030161,0.7427063797250936,0.5499420770371792,0.6115201591983654,0.7632745215143177,0.6192638211057391,0.9677258612490915,0.7371901037633461,0.7626935696569405,1.0278014145615137,1.3664869235330872,0.987379152283185,1.3356763540859458,1.106698102546844,1.6143539510415321,1.5404877954819187,1.3174848432847357,1.0665842154564678,0.5411939452221072,0.9482504396051457,1.171641409616061,1.215337837035917,1.0285153119738957,1.2031908590814315,1.0,0.6775066501362159,1.101634241447015,0.8427759454258617,1.2384587862546874,0.7064117547085671,1.1453465540138998,0.8587902473399704,1.3164866451866633,1.2636434837244594,0.8054343260460779,1.0610272410795347,1.366979173918273,0.7719626200169776,0.9485631709384508,0.7657914241371878,0.7660113699944471,0.9003275545844825,1.265075548109398,0.6464614081019566,1.1831464801348464,0.9235023454021919,1.1420896618922949,1.1687935458669632,1.0882280073161337
2009-01-30,0.5766423708608842,0.7535479511128174,0.9599419248173557,0.9166189804555058,0.6193644636293818,1.0,0.8644291458514103,0.517860354292024,0.40265553787342356,1.1620824311168796,0.8146222705336531,1.3117921346308896,1.3810543835157303,0.722569912341105,0.6815720572194055,1.280668427709462,1.1982843024727639,1.321242097071768,0.9969744142785752,1.0041622522766618,0.7224303317868981,1.041410560279745,0.6821036589361995,0.9184309674904969,0.9596782731804551,1.2591615691986833,0.6431223200954491,0.8369379050281628,1.0174688758303687,1.0,1.6710502271657321,1.3430851951859648,1.0710718874051837,1.0908567491974066,1.0492668905657483,0.597630342084782,1.0998110438766955,0.7145517655983521,0.9211102886531396,1.2763633655832578,1.0025892427156775,1.2676172492875426,1.2954778632809973,1.4762321299318657,1.3181382731962945,1.2301154220218051,1.0499051372973034,0.9841363295527926,0.9363185079279404,1.3024317919906505,1.0435549560384383,1.356398764808514,1.3752110449107326,0.9958706068936862,1.4005515239534718,1.0672997320558355,0.865996026092515,1.5410722898499594,1.603550993312351,1.0789582365918953,0.7704113942511438,1.1768578996600423,1.6316809522881734,1.2894317427509454,1.4058602431351872,1.304935893406875,1.4254247754011555,1.1390538865358997,1.1498834938130693,0.8620474687105616,1.4010952410644884,1.0318034970128112,1.1834818784034744,1.2872148638308347,1.4673452282865034,0.7076386094448817,1.025228451411364,0.7182270951246663,1.0007834696984443,0.9126674753339273,0.564956848532381,1.0960251649856312,1.2485486070994183,1.0,1.2194048058038678,1.0,1.2058352878316494,1.012346075621585,0.7525176692179772,0.5331180654960854,0.7020244657573087,1.435289633189039,0.8907202360983532,1.1085121390708836,1.2224184117580632,1.0888424378648156,1.3833258432610795,0.9107396807490704,1.2797300598097048,1.4967309527053083,1.3967641949667553,1.463503308821256,1.15851011388608,1.093329539463987,1.1239313265130728,0.9839764700672384,0.9996876599115858,1.0,1.1031891865615813,1.2554958499556539,0.9838664580249112,1.0,1.099208351239538,0.44808696023620487,0.8030755003646828,0.8525672229434191,1.1499310121194983,1.2214164717346367,1.2974902557261367,1.413983176559975,1.1596728514766947,0.986009499751074,0.9588674761149991,1.365594860623013,0.9011405815525215,1.3367114320037343,1.252091275937155,1.6146047142295115,1.5377564831326216,1.3299801444009327,1.0171185491234969,0.47206404933813395,0.946006700570075,1.172516861223172,1.1566688923790123,1.027535965224723,1.2031106870191002,1.0,1.0773555484789885,1.0842807811833393,1.360340237828208,1.236384409598569,0.7252660680364094,1.277441910058629,0.8589632114246967,1.3503017904927903,1.263822946074861,1.1222479562900176,1.0797498434605737,1.4000706308210917,0.7750697194997473,0.8730453657987015,0.796961616293256,0.7490860531248308,0.9013322974417399,1.27268837471364,0.6864836369870813,1.1832631580409276,1.478563871238095,1.1424297996369712,1.1697738950937777,1.088319140228114
2009-02-27,0.48734371050656655,0.780757731244223,0.9731139284432779,0.9230385463032221,0.6229507503349354,1.0,0.8804429486528382,0.5151726357874378,0.398859991351766,1.3298469509521293,0.738632692312603,1.3394044605857294,1.3819910461197151,0.7496126494193239,0.6815703319245023,1.3246446208838907,1.2867275671417033,1.321846209705274,0.9660920435008239,1.002653569192231,0.679432964677797,1.069050451027357,0.6698266078483901,0.8446266294170022,0.9593728823838541,1.261673514636063,0.7564291327748127,0.8262028130618828,1.010828285281469,1.0,1.6748540237017724,1.1163260588200326,1.0138332663421599,1.0908295838404416,1.1888928899703826,0.5942801201389469,0.9612197408880614,0.7145237394523833,0.9285963229381453,1.3090363783439023,1.0026512271767725,1.4008882271519685,1.2954770945539968,1.473213049527564,1.3117912017497084,1.2242767832233867,0.8859372319005622,0.8603140784512481,0.9382873250543488,1.3021910973523745,1.0078151052017479,1.2628971057876537,0.6233208833472725,1.075371087415898,1.4003191957896923,1.0064188977109585,0.8071535540998235,1.5565171202329968,1.59258103445092,1.0546407760666108,0.774639244504061,1.153545819409159,1.6122686029073896,1.1569722929378328,1.3176333370247753,1.305569705935428,1.4261091287150687,1.1413389387857893,1.149790595644756,0.8169155291667997,1.4072162414120901,1.0319415773594827,1.1254565398229026,1.2864541329847432,1.4436775101415282,0.6311611634298122,1.0620632663998868,0.718070803905943,1.0033225893589879,0.8936408995985831,0.4857164930726112,1.0416227680420276,1.2525468133446105,1.0,1.1226168965803445,1.0,1.125088054644434,0.9687017939805226,0.6832510066319932,0.5314235274224165,0.7177364800032309,1.4144046418430727,0.9126633219290383,1.2637876453999968,1.2249283118734762,1.0888457406791565,1.2356729201512993,0.8384478624045513,1.204791995505782,1.540315550643412,1.3145547357003737,1.463547782159308,1.1456398479521128,1.095819174463706,1.1349498791865997,1.0124058492655394,0.9769075574365506,1.0,1.1031870744835264,1.2423136348607464,1.0597494777842664,1.0,1.0992100693734954,0.43944666539608146,0.8192544632245911,0.9150229796719044,1.1365265722003843,1.223715336647704,1.306926529775248,1.4303136624814123,1.2932980946494528,0.9642527886172337,1.0884110829624836,1.3656943452952577,0.8904257930950007,1.3386980867349907,1.036681776716847,1.556342025561948,1.5361006282414844,1.330535870402023,0.9784280457869821,0.4472932380866712,0.9469877319095577,1.1674401237826786,1.1466373401822232,1.0266917279565904,1.2029219562793112,1.0,1.0622748354905773,1.0662986220701072,1.4964662717660477,1.2450160829410275,0.7577446152510816,1.1793020940183236,0.8588649830809817,1.3569726596094516,1.2638395309545882,1.2897571412659883,1.0045130780258689,1.3815988046456649,0.7742738084234729,0.8434356609025719,0.8433651508060267,0.7016414765038134,1.043377206971492,1.223299841839838,0.6900773776031865,1.1833216207289414,1.5070794882440075,1.1424723219150628,1.1698404884508355,1.0883244680301019
2009-03-31,0.4856859283914732,0.9208941172873585,0.9085673444891544,0.9547958203579463,0.6068129684922787,1.0,0.8717437372005923,0.5152155114882175,0.39882317664956,1.3502123737331893,0.949604885618886,1.3353938716077827,1.3814960152359075,0.9721369960627255,0.6821678640208497,1.3309428879467107,1.3609582168784777,1.3219784180908154,0.878149699969117,1.0025005844312198,0.7050523116159852,1.0830645093229467,0.6771600041008461,0.8041074996207973,0.9592015495387626,1.29302570455016,0.7433518590459816,0.804796195429903,1.0105751616487622,1.0,1.6542256202440724,1.1674818309770734,1.0410072235500174,1.0883931599774117,1.1901435216394916,0.5938672337206561,0.9207146377228801,0.714822433257725,0.918817992439869,1.3486952735532998,1.0024313740933923,1.4135666190138252,1.2954765741485366,1.4716379542388078,1.3123009139873605,1.2605168902882424,0.942330219321112,0.9329434621769733,0.9515686253496919,1.3028543500370022,0.9623292351489081,1.3266657018760453,0.5896407036213196,1.0545616536465343,1.3956455415287263,0.9852615571820352,0.8903755196460167,1.5700964823981236,1.5830453510201175,0.9999081463912072,0.7834157129328059,1.127847202629229,1.6120897061842308,1.0582066542873285,1.2266655984846895,1.2770561641685405,1.4253791703212255,1.1399685196844498,1.149998489880769,0.839950460429541,1.4075078106168102,1.0319034816737889,1.1586816805283349,1.332459806923842,1.4277060494062024,0.7171213241064018,1.0855117806094305,0.7252658874768789,1.003820027933866,1.0920778317628537,0.4861840862331176,1.138203905757901,1.2537528530545023,1.0,0.9046592443502641,1.0,0.9945811294012095,0.9603530536558638,0.8370813083429,0.5313274137266865,0.6722268662242387,1.4238272314866756,0.9125956293352183,1.3532878002345385,1.2177538849712426,1.0888442018725617,1.26782862047516,0.7998225907445021,1.1836858730927056,1.5586476297079976,1.2240462723976453,1.4635503618118968,1.1414061535217521,1.0157601757464423,1.084745750871095,1.0436702262681632,0.9699273743526626,1.0,1.1031882038558902,1.261786097064653,1.232850946792319,1.0,1.09910771189467,1.2690495019505967,0.8149014397819082,1.0804565426213888,1.2214453761910107,1.2220854877230436,1.3043077504249077,1.4454253656600105,1.2992494225447921,1.0528451493335689,1.1023350459153909,1.3619502326648356,0.842329975046606,1.337770660360753,1.0102103782571061,1.5430679385879538,1.5375071675488894,1.3291222841826267,0.9954852930459057,0.44736176071091693,0.9770445859495978,1.1313756802906723,1.031193859417883,1.0236741736028432,1.2021738647725053,1.0,1.1635142537271128,1.061781561901969,1.5304617514423366,1.2478227240073363,1.1413013212493675,1.1266901365435316,0.8600340955734685,1.3529702586358334,1.2638181593123596,1.2575257336959693,0.9489710071445935,1.3340497188561398,0.7756959940856046,0.8271249147831838,0.8771926145245871,0.6966874027804195,0.9855388277255202,1.1462964388456112,0.7269369731018187,1.183315838743708,1.5322269790689875,1.1424181985732427,1.1697591742559057,1.08831681369734
2009-04-30,0.49171384667574036,0.8547829571118422,0.809168470963705,1.0778443353203364,1.191557632589303,1.0,1.0415810179782852,0.5157626649868254,0.39895039379071795,1.3495797044281925,1.1262475642057936,1.3336870198972524,1.3730622490479456,1.3146286780469445,0.7523368181887333,1.3213177467915131,1.3481280915469158,1.321611760431234,1.2169489052352955,1.0026335831770978,1.1867955668724388,1.0596334897973125,0.8972030456096766,0.9553577024875837,0.959354771449338,1.345381227546571,0.7988836940915344,0.7521024654238213,1.0177296472126993,1.0,1.6639265392177036,1.2658981452080122,1.1590371630999883,1.087658133474927,1.1948037253611414,0.5957892356533814,0.9386176483331408,0.7511264489358117,0.9287184255513994,1.3262574343760347,1.002501821935386,1.4568615216927139,1.2954690980940642,1.4716680514596208,1.3228318660621303,1.2851133381937438,1.0563764795792925,1.269229247659056,0.880057654537019,1.3022924689149868,0.9290149939614838,1.4036955437036884,0.5977505232602817,1.1067334410009766,1.3904960240105395,0.9422200018972373,1.1807249721393307,1.5703392973867925,1.5746229841078632,1.0129858128772502,0.7875013003553838,1.1108843375647142,1.5572714388010422,1.0503564835085781,1.2435275378111326,1.2132461739404317,1.4272626441110678,1.1409507347245809,1.1499563202178524,0.7743708297449888,1.408368132479498,1.0316826118806792,1.304638397572065,1.4990432878873976,1.4410149652767676,1.0380437081039098,1.1327826116901938,0.7511506358103226,1.0039645364323897,1.092711547345584,0.4944199076417598,1.1221256446450933,1.2544380199684415,1.0,0.8295118036250794,1.0,0.9231393206568991,0.9723700065159621,1.024008226528992,0.5389121927607518,0.7925370189471453,1.4082014102544547,0.9061395455338813,1.3840496185657758,1.3245624186453184,1.0887085833292816,1.213587484491226,0.8357184535321869,1.1573460943011884,1.5601618006805875,1.27343515144346,1.4635505590213804,1.1419932170989142,1.1227747813575992,1.0504993217150462,1.1175900651365152,0.9801472875712399,1.0,1.1031858607667073,1.3459273055861558,1.1193569865342563,1.0,1.0992139662819198,1.0151502352803317,0.8390679140845597,1.2852856033087239,1.2680496986963588,1.2242824411741897,1.3094375728336445,1.4390223569949252,1.2402802527936045,1.0025102096802967,1.099902787987522,1.3625681916799284,0.916016281051752,1.3411168579826647,0.951831777759875,1.4064370659196677,1.523503959701538,1.3279297028892167,1.0262796518865094,0.8174727271623018,0.9611950579418735,1.1039586256630716,1.023480569717436,1.0226554344988066,1.2024768574271691,1.0,1.1873862333803298,1.043165413385683,1.5033413092043095,1.2474916661170867,1.0739613327984112,1.2758357329132095,0.8668908290190945,1.3568067403805908,1.2638046327113166,1.2239944374548324,1.0031858593043506,1.3654508484475258,0.7916344443395047,0.951926231099604,0.8623676341124158,0.7354198092020594,0.9545214769797046,1.16189925010371,1.5373361262886942,1.1833277127045234,1.5219965556273176,1.1424353873872077,1.1697709881879044,1.0883202140547015
2009-05-29,0.5106315534257952,0.9181991550715062,0.7354160708941486,1.0745265729322013,1.0441538140146394,1.0,0.7875753499821527,0.5191500812925786,0.3988969120732929,1.3502609766362779,1.1393290177723558,1.3299725335168562,1.3707643522372361,1.3135984000932812,0.8270597823040817,1.3159045310863313,1.3765081091961922,1.3213522840457055,1.1428277969410068,1.0024521228087004,1.253101387756624,1.1112684461068012,0.6881661531444297,0.7033839345853287,0.960431322618498,1.3334371865402965,0.843090835434819,0.8430299297240049,1.002455769745563,1.0,1.6759289338652488,0.9662762849930876,1.139811234712797,1.0846652190291421,1.1904781621556761,0.593658675824473,0.8682405905883033,0.7154567606064368,0.9179131344291434,1.2452488349305189,1.0022671308124882,1.461033875893104,1.2954526687045895,1.4548288379609948,1.3212383201054374,1.3020836109647778,1.230429073520309,1.3193427550524535,0.8703669975896906,1.3019911081410505,0.8755530096013414,1.3565553380166455,0.6066439908323211,1.038752678004773,1.3883422214849,0.9614106335485583,1.2372980767802662,1.56972956880501,1.5884827036952975,0.9422026903875553,0.8467066103298748,1.1483063767454667,1.6367542969941624,1.24623846287958,1.378487812215013,1.1490910984525626,1.427650091109924,1.1420202862205593,1.1500826987807407,0.7838557742742296,1.4046909216025234,1.0313924752778547,1.2934433367476565,1.500868378779374,1.4488669793373083,1.0324807420023059,1.0931392257642558,0.7617640411483473,1.0036657007788736,1.0873588619878973,0.49930421646722056,1.1268102911033828,1.2539255905294304,1.0,0.820974496115747,1.0,0.9218875537522278,0.9727845642785339,0.7056965096803631,0.5400000827220095,0.9622985591624962,1.3834085030332006,0.8973688899300872,1.3630087435221092,1.3156752744569227,1.0887636951747028,1.2368269632517515,0.8795244158593905,1.1444381262082917,1.5890292575768472,1.208586325519654,1.463548569742243,1.1413110357622547,1.0882135341530135,1.0472717795051456,1.063840739471578,0.9740268994637462,1.0,1.1031857841134582,1.190893102455176,1.1536447133037584,1.0,1.0991893323717405,1.204458138250486,0.7330136521765928,1.3552502334525227,1.314071634011658,1.2249016005772568,1.311664608199954,1.451650359224395,1.1475785394591198,0.9896176949300007,1.0532655195735423,1.362510234980715,0.898377187492507,1.3410333923883582,0.923354134420198,1.4867546785809898,1.5265560914190792,1.3290768297369802,0.9958775581216718,0.5689673292002289,0.9796691958173536,1.1013794665710352,1.0296570286865192,1.0232681377248107,1.203056070016602,1.0,1.347976239775377,1.1021407123453935,1.522530235031643,1.2470924048454612,1.0613915213434824,1.1968572220606057,0.8704725034752179,1.3587696664215039,1.2637811118785764,1.3325141307682553,0.9623852003617697,1.3318136160123106,0.7734728928833927,0.8409338965292483,0.8637330930906397,0.6943048352824872,1.0775507642498572,1.199087827804353,1.2243783017434096,1.1833163519559884,1.5395058992709791,1.142386658162125,1.169629533539845,1.088315783521914
2009-06-30,0.5146231677709004,0.9130456210773585,0.6790316239062453,1.0780681965617855,1.0643246602253367,1.0,0.838459358574975,0.517699762240689,0.39886131774767664,1.3527027733513857,1.148940992327365,1.3072147081916528,1.3280449627918816,1.3050082234871951,0.9600279324908008,1.3065092038575317,1.3766058689918352,1.3208004987637394,1.2035073319487932,1.002383178394519,1.3207778325547301,1.1086820948404528,0.7106510197530476,0.7651025451446833,0.9618535242983196,1.327888432588725,0.9188051166948596,0.8768156416625273,0.9893407041934351,1.0,1.6755754896814787,0.8826755945663965,1.1237355266507292,1.076287163800799,1.1973137766180226,0.5937707897689984,0.9508223392853584,0.7182360574344994,0.9185771321013619,1.1878538011795108,1.0025202701970493,1.477903434042855,1.295445428109722,1.4466236562259605,1.3269699645169424,1.2673345894862895,1.2834777960221175,1.3828240082611654,0.8208694896132667,1.301421755633977,0.8217841568293409,1.3661107009162161,0.5969954928701635,1.2322851719611636,1.3827570515009797,0.8676148413964812,1.174440416023484,1.5777341070694502,1.579448875593553,0.8058282134223508,1.0866210446536697,1.154156520904942,1.5994042569580134,1.1963801658700113,1.3150558280345375,1.0731545792697472,1.4280506871967353,1.142195671119981,1.1502715643380304,0.7447295926150713,1.3996569643765795,1.0306627250156797,1.3129675306628426,1.5155470377769884,1.468686821712283,1.0584134886992644,1.220827690032629,0.8953937053604148,1.0029123900278614,1.0697566642023344,0.5142293358782193,1.1234417852442744,1.254485636331033,1.0,0.8160301973757838,1.0,0.9076273609925257,0.9591763482682812,0.842020804788205,0.5791111568204435,0.8179998749680425,1.3626178450814368,0.8980132798051944,1.3335209324674633,1.3290198445375814,1.0887557474450462,1.2405799727812934,0.8363915745500508,1.0040150694610996,1.5880634916558953,1.2243885086452664,1.4635430644616865,1.1434156827664894,1.1323459700167435,1.0137092971538764,1.0968073617805079,0.975648685552993,1.0,1.1031882145203493,1.259268816106357,1.1470928076281606,1.0,1.0991739639369293,1.2239134094870099,0.6933053426366935,1.3808257291460024,1.2906766579165407,1.2226818955035301,1.306125102408134,1.451036436407064,1.191698547083331,0.9665115157267014,1.174564864904161,1.3670931858966755,1.282290254883789,1.3408322022418473,0.8950560284926867,1.5149409626140755,1.5316585705473353,1.3240423858024264,1.0087729830205772,0.6504610697910618,1.0249473203324946,1.0971242242477885,1.0308209549781546,1.0239537966853758,1.2008591172328804,1.0,1.3042729668373387,1.0986943271001615,1.5297759689074981,1.2492610519421012,1.2251693567280921,1.0552762019296398,0.8692908076605668,1.3568825068496442,1.2636668633080408,1.3637050931193728,0.9909296295198391,1.3214693032919225,0.7778824693265376,1.0727965587430217,0.9480771685553818,0.6946554289749509,1.032953700110014,1.1873899798767984,1.2909276551804714,1.1832502165708663,1.535931071789859,1.1421410339689375,1.1687912092741364,1.0882900352233584
2009-07-31,0.49422239605883933,0.9523471772539934,0.7566011711235896,1.0800735702902307,1.0935809119282385,1.0,0.8657144670104228,0.521306882947169,0.3989088151603116,1.352612638483697,1.1575113196344016,1.315826990047543,1.3700028461361673,1.3004205844085643,1.0142550590521517,1.3284368605333796,1.3703945263075887,1.3209270781574167,1.1061577627341874,1.0024382101352458,1.276724235092055,1.0600598485575274,0.7783266857713562,0.8553331390740804,0.9620028371575338,1.2476815347789776,1.0052338450838836,0.9686469300113387,1.0054140556905664,1.0,1.6709664553772758,0.9086921953317714,1.0454282233508512,1.0778886196583366,1.1979019045047916,0.5948746675371175,0.9434184412074307,0.7251612435862732,0.9185295953694199,1.3344207380946267,1.0016719639937888,1.4676499275333224,1.2952439676519627,1.341948087454799,1.3093201237846528,1.2690188369671813,1.3685965903467419,1.3729234731256044,0.8761223587706765,1.3013063143488937,0.8250507436840627,1.3781040699952252,0.5812828350218253,1.288580007955535,1.3771206635824582,0.9345110954947113,1.2222839755769228,1.5548645567549793,1.5640857564415376,0.8799481748301045,1.1992407709872712,1.1063663523743874,1.5502135741033771,1.1368604913872313,1.2409676690663474,1.0826505110616096,1.4266653415247328,1.1411017788916051,1.1509320521042674,0.8135668010084485,1.4033936535410425,1.030707259058086,1.3063334305891696,1.5079674942122003,1.4339375147044908,1.0782039158520176,1.2464783737625151,0.8927591345390855,1.003477631818833,1.105934003409228,0.4935869713351514,1.1233916521199208,1.253862460191614,1.0,0.817674648394384,1.0,0.9162502071636718,0.9634322949367593,0.941583361475877,0.5536146114532223,0.9148339333281686,1.3524351919763016,0.8957201936518318,1.3687193086135974,1.3148304996952984,1.0878752916656933,1.1796457659375772,0.9299132623686028,1.0983686437148086,1.5730095165019184,1.2025143953500466,1.4635280769829504,1.1371915417044927,1.1530012976600963,1.0142045316632855,1.1311240088489243,0.9852563519507385,1.0,1.1031895813093375,1.4708914111793387,1.10699617425661,1.0,1.0991619172245066,1.3192721681107265,0.7562137117514156,1.3950886209959306,1.3232669293569568,1.2234011873830932,1.3069341419776188,1.4515511098791998,1.2956023017225382,0.9542095616650758,1.1346035358886037,1.36565945182745,1.2175014640122435,1.3388153746709979,0.9171021241907532,1.3410486223578744,1.5158644690837413,1.3163124443420018,0.9873913065680543,0.7388670071066429,0.9665320773837968,1.053199724435367,1.0463254678550198,1.0210428328629386,1.1990533720687162,1.0,1.3185167802266082,1.0946482737731356,1.5317586818467517,1.2485429407597681,1.2517866343182775,1.1457344244741854,0.9027744848547804,1.354965343461538,1.263502400436029,1.4232544185720863,0.96350169622155,1.250603653706856,0.782784316952166,0.9792553702264418,0.9285661591507203,0.6962647622614538,1.014436599011006,1.1816565021059724,1.3383468657385484,1.1832214399351186,1.5354545154616428,1.1417624475325787,1.1682760988055862,1.0882609795554068
2009-08-31,0.5959246757891545,1.032660592978188,0.7768106131205452,1.0806554283519934,1.3630506047300448,1.0,1.298196608922689,0.5388484064013983,0.3992808050879546,1.3527582782301895,1.1656612867712177,1.3138005351005628,1.3490521333815466,1.3018814933007643,1.1899091967400088,1.3268764844404393,1.3818861739008204,1.3203293143474322,0.9591362175018233,1.0024108313525955,1.3081030423872213,1.1113486353407016,1.1459552847137349,1.1138519436078995,0.9740158976160902,1.357241856239526,0.9928617587017097,1.1754362280678385,1.0107542607353797,1.0,1.651340557856913,0.9407646610157303,1.0116216646187028,1.083066047748833,1.2007159173164117,0.6027238279919331,1.0280614511724335,1.0795993387123226,1.0046016177840063,1.3791949162697894,1.0017461752652932,1.4651610427699857,1.295192876285985,1.3234176031745588,1.2706075273103012,1.289447156568089,1.2726322550466744,1.33986444968542,0.9009919085767525,1.3026450460689434,0.8511470856011742,1.4148848845517044,0.5758083291919709,1.1728541619363344,1.3573232304120375,1.0175127759363036,1.2679846700848867,1.5223416519151165,1.516596364223686,0.850889529764344,1.2088027553478677,1.1263687714444297,1.4758283265503596,1.0470453046826316,1.1176660769705,1.0733759036910848,1.4243020004427347,1.139723718054729,1.150880678761811,0.8404388326072785,1.4045466376115094,1.0314538717033543,1.3025681556167203,1.501846284877992,1.421896660918136,1.1222998778367188,1.3199783935769613,1.2103769142023386,1.00336212036306,1.3019403158795042,0.5380977343301503,1.3657530343306297,1.2528785493741355,1.0,0.8164678848855799,1.0,0.9232392810187049,0.9707924143152431,1.272556029441768,0.7455106378386183,0.9189624418389479,1.3674469813458228,0.8949214370262967,1.32872799801485,1.3156391854697724,1.0884086764141954,1.1764003662923501,0.8941061921357466,1.1957503296823175,1.5852731325014835,1.260963032360639,1.4635362920881374,1.1165966096399458,1.1271842169493573,1.0227490091937785,1.1378276409123385,0.9799514958115554,1.0,1.1031920152706112,1.5604712398599434,1.1098563525173544,1.0,1.0991223025911845,1.3676881365406743,0.8248391356464075,1.4303935990990186,1.3606151979268089,1.2254961040756316,1.3146853930568514,1.4538201189334294,1.298602074190957,0.9689489576445518,1.118930603811323,1.3645054531987835,1.043538560341331,1.3363267024892722,0.9309852801737649,1.2176518441483621,1.4921982043181892,1.3158200643917857,0.9729096334958647,0.9567897108291539,0.9703251720844853,0.9818487193589819,0.9762445545084988,1.0145915521959987,1.1991778380986704,1.0,1.376237380004039,1.0546330322197188,1.5147853226505306,1.2459681708990658,1.287636535982557,1.2314447402852742,1.095791689484566,1.3547354175722908,1.263484220435427,1.4592600535480131,0.927465882512667,1.0764013254807487,1.1101931630734778,1.1392355437902346,0.9644415454657768,0.8300833749676406,0.9156262189570146,1.1099346300411583,1.3356969255178317,1.1831469615229397,1.5407841815366705,1.1418354927059868,1.1682230615325888,1.0882758323419253
2009-09-30,0.5871634497455049,1.2860243448330777,1.2152111604482407,1.0807611289434969,1.3573799978408754,1.0,1.3449817036269487,0.6002316981503345,0.40132118821877527,1.352907368457225,1.170430874916955,1.2922186587173519,1.3738099224892117,1.2938083673083496,1.3015588587715459,1.345605659483196,1.3889279346748777,1.3183901570360692,0.7508412672005867,1.002379605415659,1.2333333981142005,1.1261956899642247,1.2721642832445794,1.1205028844215912,1.0142235037363352,1.3755263672372586,1.4138399588364874,1.0882777923611802,1.0221616821880675,1.0,1.4101942996728423,1.0998775080669778,0.9773202334217844,1.0721678739866127,1.2051462805968203,0.6309533806342272,0.9757090544579584,1.2430985789715163,1.0134368391341477,1.403399900027688,1.0011338113528794,1.4586675042406514,1.2953521761264164,1.3610386817826599,1.0897588390085757,1.3005055944728718,1.1205374842385922,1.3374419546880107,0.919440579417131,1.302052595583341,0.8459404957823516,1.408670304253854,0.5490118275015092,0.9956186229832797,1.2014540618248313,1.044217799772754,1.2854608657234443,1.4211088530836404,1.52486916633787,0.8042338682685181,1.2339758530710332,1.089962268542035,1.1836703943438924,0.7873435821003618,0.8947543676487941,1.0249453770998025,1.3782269101311506,1.1064001676931476,1.15092665936748,0.9138792166959939,1.3941173332461803,1.0298200640100441,1.2856797095507604,1.43928140704407,1.2041487061265572,1.1461988082586676,1.3152932617886424,1.1467193571527912,1.003037605902872,1.341749841612062,0.535093071790404,1.3494117840386037,1.2422777890669665,1.0,0.8159889070515737,1.0,0.924291001522329,0.9688702668269675,1.293566586899157,1.060102096189623,1.0154856023547911,1.4181201355716848,0.8967649192296746,1.2851337221156054,1.2988700845511312,1.0888322200160487,1.168069455155152,0.8888637788284592,1.1457725117096347,1.5783731783076576,1.2313598043346667,1.4634938523772252,1.0230336574317738,0.9588579942922918,1.0199724801627779,1.1560387694576137,0.9842476740755601,1.0,1.1032140808105524,1.5195659841042986,1.112940328678513,1.0,1.0924257607684997,1.370247616530548,0.8719562652429391,1.4474024158101055,1.3881635973140156,1.2258147921543117,1.3165048596197986,1.4543615266200334,1.2967132180734393,1.0284044520898286,1.1556970576181145,1.3393634759032742,0.8728555214751812,1.2911064529053449,0.9225153972435908,1.1315061265421598,1.457660300367616,1.2290826716082435,0.9879203872609982,1.0074030915193684,0.9789429574151144,0.916777155941401,0.898047253164829,1.0062219666894276,1.1724175635360523,1.0,1.4017781455631069,1.088501845896035,1.532533240248156,1.2307840952988887,1.2906560826405786,1.220714548882288,1.144830876175579,1.3382003500455113,1.2621946279631122,1.4759238033353628,0.8658312152743737,0.9144544759185005,1.2024327786946718,1.1095737399623058,0.9587534027469943,0.9186003936342366,0.7961946618956036,1.02829350409057,1.3683511388395597,1.182819875937273,1.5422478305402976,1.1372861300309838,1.1615085602763822,1.0880117143035384
2009-10-30,0.5137810131023315,1.3266047159471128,1.1656745808909852,1.0805054209747018,1.4247225806191492,1.0,1.3153463756521737,0.5786069143097554,0.40188065477524526,1.3524391487583283,1.1696013120907462,1.1712092962027791,1.3790146005710495,1.2926884252816573,1.3157249742087083,1.3472720112796321,1.3888862863631535,1.3093329987348081,0.7539078060444557,1.0024545636639552,1.0803103897699715,1.1201778475663917,1.2321463972769753,0.9786786159262869,1.015270821191351,1.3639648480775706,1.4721190384328087,0.9405841686456279,1.0208205441138098,1.0,1.1890145912033734,1.0562594312385425,1.0327633513336254,1.0702942372086408,1.1914293339076139,0.61695693890202,0.8649741906758194,1.2354646361840846,0.9554618832555397,1.400502585143368,1.0010055635973976,1.4196972092890934,1.295331569558242,1.3271815915641896,1.049300264367233,1.2687829706162945,0.8900061966221733,1.19314568710474,0.9910470623041808,1.3030316067181573,0.8312506246020008,1.384016286843546,0.5482937486295687,0.9063376063369862,1.0749257813272004,0.9956534246794179,1.28491100209415,1.4559409789416253,1.485514427761425,0.8252587786288508,1.2454053383774721,1.0498753681983684,0.9723939753325102,0.7114967221269248,0.8030003291837415,0.9816370811799021,1.351089899121685,1.1099242664589757,1.1559677315722423,0.9252535203702231,1.3536883213158108,1.0291571786596188,1.2618788831217012,1.3827196914347022,1.001266030297061,1.1460040941474208,1.1524091410189863,1.0688856773374924,1.003935981663946,1.2710489623212868,0.5057359311711384,1.2504846109704326,1.236424855329531,1.0,0.8165881965531951,1.0,0.9129278544351477,0.9613053400043478,1.2486838065283516,1.2217902816659472,1.1459494761858333,1.40208498623171,0.8996604680017132,1.3097271969445998,1.2747299358554292,1.0858313582745778,1.1028980539025584,0.9024159292380534,1.1230928055122151,1.5167085287884734,1.2047559594441135,1.4628234545867418,1.0011213842134505,0.9498231926799047,0.9958142692581016,1.1587333085002949,0.9921762131356121,1.0,1.1033080650984084,1.4032225298986922,1.107277377897726,1.0,1.09119886094235,1.372019074783631,0.8881126431332651,1.4483571263373456,1.3576930850748752,1.225811233833892,1.3164651201373616,1.4542854122119158,1.2991060214110803,1.0058357786447598,1.140273716716391,1.2305109748652445,0.8258853630627933,1.2826809311093506,0.8990201205522274,1.0077770491002689,1.3112938351853098,0.8766392855252254,1.0115458281178682,1.064788959027242,0.9933779959149223,0.9071148363330457,0.889481809966726,1.0044891465836951,1.1805131556798225,1.0,1.3917542721753209,1.0980937679147764,1.517605628504285,1.2275279440584455,1.2899710584931448,1.183709378654134,1.1452603988369312,1.2656690947736338,1.2389116982153296,1.440587746615704,0.8611874823041988,0.937574183705569,1.0902980364724828,0.9684423228129591,0.9262979112498487,0.8168910141294481,0.7789237186511374,1.0187960928599036,1.3750445881430577,1.1789393008355264,1.5400637750288968,1.10643270324703,1.1150109498309348,1.0857429749938188
2009-11-30,0.514006823203442,1.0752056077265641,1.0847098973927607,1.0805701225816458,1.4748100827875195,1.0,1.3122773270239,0.5995593593483337,0.40343204605143024,1.3518955703790179,1.1693501418664944,1.0568813973867306,1.379746558333553,1.2923180455626335,1.3173918263208435,1.34813360985264,1.3879232290279746,1.2988591198754382,0.7628206801876454,1.0024688408417277,1.131379762775469,1.1300821583472562,1.27638042602094,0.9323109309455808,1.009242226150045,1.3631006232151384,1.4711171748598737,0.9067815509223575,1.0216953174708978,1.0,1.1085924993609895,1.2067787418783815,1.0697694640003645,1.0492776337279264,1.178915446032832,0.617476493585783,0.8813681564053242,1.2430469276252936,0.9276176966594447,1.4002816394243391,1.0008896570396524,1.270081968591355,1.295113929470895,1.2640634281743228,1.0547747357526773,1.2605717384088366,0.8895794852214262,1.1791275095770863,1.0636704528565484,1.3029782358285151,0.839064439998542,1.4058817675063937,0.5483212583570624,0.9526550986846638,1.043050736535411,0.9516557535219945,1.2894973464023651,1.47123861357742,1.4906983400902922,0.6862271861240413,1.2497060066236423,1.0357873833947606,0.8986113835608477,0.6584282318294041,0.7574086495181717,0.944995048139649,1.313298117527822,1.0762659016162992,1.1563994961691273,0.9375192167891312,1.3188614519846322,1.0255805810343237,1.2820590402666308,1.422563377162756,1.030570944775015,1.1715125324238356,1.098838789291958,0.9990126136052261,1.003947028246872,1.3008436954728682,0.5007119918443738,1.26156835893984,1.1922183366164385,1.0,0.8171982569112597,1.0,0.9072265772040374,0.9600086362807072,1.2775935270567063,1.2273988240627172,1.1880378806310388,1.385254028628902,0.8982287496691774,1.3023304247261858,1.296908399065646,1.0866609403819472,1.1062533894523843,0.8633308420085091,1.0741262393111053,1.4162907735825212,1.1989493005413236,1.4622483431595126,0.9657649664342771,0.9475447017859473,0.9932796284450522,1.1590030770585666,0.9848979735201618,1.0,1.1036280947689683,1.4478823054615848,1.0718226297574571,1.0,1.0895978521543483,1.3692215482939247,0.9284440053256724,1.4491691039569696,1.3657526889066167,1.2257944426519332,1.3163041749348783,1.4541769415098433,1.3004390978638418,0.9854206686824062,1.1252756810111593,1.226000569499973,0.8140660475104604,1.2355165515961113,0.8971186160858939,0.9519918654525148,1.235960400098922,0.8955313276531205,0.9330510834936534,1.121047658296365,0.988334052693915,0.9019494846631748,0.8596745075193569,1.0007460188164705,1.1548310597641673,1.0,1.3999072873451572,1.0858220498986497,1.4833258233927955,1.1647654680566608,1.289237786146527,1.109857804908876,1.145392321398392,1.191832868649274,1.2121523603315318,1.4158337166925883,0.8580951075843355,0.8950845497991688,0.9967208443849596,0.8892957382348213,0.8994953380701391,0.7813801913637343,0.7717304005785228,0.9929133494030785,1.4382410992427639,1.1709339732066213,1.5396219640151232,1.0584847812919358,1.0579994800628645,1.0789471782198599
2009-12-31,0.5303031159898561,1.173665767006512,1.1321289776187233,1.0808348644611834,1.4674087709563368,1.0,1.3452221257004282,0.7043972912642491,0.4089174356685734,1.3527630819701593,1.169699159567136,1.0932514366934545,1.381346600717977,1.2925961762365246,1.3180121070086126,1.3481226528263928,1.3904224354755406,1.2871289320831925,0.7084037994866951,1.0025892301017267,1.1301728111270346,1.1133800493298243,1.3054695270903403,0.9418803800598727,1.007457340987116,1.3071532477721708,1.4399437551322378,0.8310414843757532,1.021564975199793,1.0,1.111822444307411,1.0996154269283005,1.0551250849973588,1.0453188634596617,1.18076146537413,0.6510248744266283,0.9867245585190223,1.2604116138285855,0.9316579674967895,1.4046028807453448,1.0007158191947527,1.3266968739994882,1.295024273157286,1.2113847004898899,1.0185328916407366,1.3136727125923464,0.9822451511197592,1.1371022186699427,0.9915887038171488,1.300991425164416,0.8454699210291439,1.361501200031581,0.5484150492360613,0.9043135757952326,1.0614355182820225,1.0098383715577923,1.2922091910591376,1.3935477296147911,1.5348710711520144,0.7427248961843027,1.2403668028513237,1.039815765689007,1.0677893262745035,0.7363016914985493,0.8332067330354112,0.9447314354233247,1.2899879530779952,1.0889365832694176,1.1567587500580307,0.9332883175914566,1.2906674532190459,1.0275198623654827,1.2627926271946186,1.3309555119612786,0.9908837437647737,1.1752991556337185,1.1216543357329334,1.0756928318847943,1.0045521623671962,1.3640630464239107,0.5078651960256271,1.3527148896404775,1.1889051943199218,1.0,0.8188575412374063,1.0,0.9020384901958819,0.9608820345370093,1.3202894592763976,1.2100090876904097,1.2089937516083997,1.3603443684388399,0.8969903568569104,1.3034023376988708,1.297429519409909,1.083940494193963,1.0504192507279961,0.895107698233393,1.0470415174452015,1.3978782533440626,1.195170134583002,1.4617525823654944,0.9506447468722516,0.9170958799628706,0.9968915450392491,1.159034148530291,0.9880225592732894,1.0,1.1036832397052843,1.4986847090524684,1.0830577179288094,1.0,1.046988348808356,1.3725747525779861,0.906912558240357,1.449308466501941,1.3957920595097666,1.2258107307740693,1.3164509779958165,1.4543248045881911,1.3015418935624545,1.0321276851401915,1.1543190492948905,1.320666504207856,0.8544760244545082,1.2352853185667372,0.8867809708190693,0.9278837621766396,1.1428763481987043,0.9882252988682411,0.9303605090369924,1.1403293382500612,0.9650186201882268,0.901618058302515,0.841220279231592,1.000375107909342,1.1921775560095862,1.0,1.4106978275643898,1.062127073019596,1.522628934034663,1.189647270428205,1.2905974268636087,1.1598603093636235,1.1454700454175684,1.2451679984606918,1.2094381972766488,1.4669044818488415,0.8576144091174255,0.8511301758268842,1.1170880948839028,0.9492267882596986,0.9488581595155746,0.922290922077923,0.7633194037874698,0.9683154963809104,1.3606636528767884,1.1695821534563673,1.540830733294833,1.066470147336081,1.08330850485361,1.0805375353004374
2010-01-29,0.6645593611813824,1.1036720708843462,0.9324769104945989,1.0803210223609774,1.470205497567196,1.0,1.327982312080132,0.835963685421274,0.5198742552578705,1.347622436643102,1.1700248540701725,0.9962699813534875,1.359467866261267,1.2931889300367456,1.3176375460634098,1.3069190714088879,1.3888680862731086,1.221905344187823,0.7837371017919508,1.0038755489895206,1.0882727637639307,1.0194439396545807,1.248539565722755,0.9650300904939277,0.9896147633547873,1.3276927565740873,1.2582687907568884,0.7776442479962838,1.0142256489556964,1.0,1.1154102276590292,1.1396827224336912,1.012972542647271,0.9873333027778826,1.0896488320325857,0.6479909339679506,1.0203508277278002,1.2167939281337878,0.946426114347289,1.4019240269151512,1.0009380580741052,1.292830183491999,1.2932399776126495,1.0667976401933654,0.9003364114776676,1.270663828069268,0.7927636598997134,1.1721003433354016,0.9060213076634102,1.3009269932549616,0.8191590560620361,1.3333036863120837,0.5860105850618347,1.1354747486153793,1.0625397186272336,1.0064299567670631,1.2871749316312298,1.4493895992943275,1.5302713836522508,0.6911688393119705,1.2227571367180479,1.0407037924512836,1.085617655360802,0.8216977313761784,0.8661493178575298,0.9633669005918528,1.2734461107245774,1.0714582915954778,1.1829728365950105,0.9276405191250882,1.0958953128746654,1.0156732767416727,1.2232676807840521,1.254123509930655,1.0431601032929596,1.1909708686567935,1.0694598673280533,1.103640258655381,1.0044322295166466,1.3425337452301227,0.611515586986781,1.3820639313519996,1.1565616974034922,1.0,0.8174934526802528,1.0,0.9185770031370435,0.9606895582376422,1.3269623757433822,1.0647728433585106,1.0840067855484383,1.2557123298116872,0.9030540161152489,1.128162245970076,1.2818886724113818,1.0772450038219739,0.9593500800924677,0.9407992253434161,1.0173092944164563,1.3404070028137338,1.2262519127469667,1.450949452698644,1.022918528132254,1.0720827818982746,0.9569754755209261,1.1513660217971369,1.0019698770954404,1.0,1.1038915825175586,1.4157592677488444,0.697184517184946,1.0,0.9975106807909533,1.3823889089698302,0.9047759294614603,1.4439185750470567,1.3298031060784563,1.2251624588476822,1.3135701876951378,1.4531788061354396,1.295804295003809,0.9861146412912297,1.1803963529946842,1.3451135726513779,0.9576753899691798,1.2083431397844369,0.8871114650582652,1.0854668338645788,1.2041377014034436,0.8988387596151052,0.9182989644265795,1.1773347966164494,0.9421647413591333,0.9188133539142648,0.8906208294622856,1.0058194146546366,1.1838658745415338,1.0,1.3973622323178148,1.0711897273294495,1.4122343528862003,1.2128406975365649,1.2886944668326341,1.1325582043123905,1.1452011798359256,1.1495315619209057,1.1142824019778412,1.2566598736345287,0.8899437467592549,1.139836562653189,1.1459467812956396,1.0093173112941303,0.964175366854085,1.146374382695003,0.7583239723697774,1.0038945349302573,1.3459940343449646,1.1452940186270544,1.5323574463922918,1.0271311345849394,1.0171419765323952,1.0578126605438476
2010-02-26,0.7685250412534579,1.1088226183143313,0.8655158770330217,1.0804786718766535,1.5043239317525308,1.0,1.3170539471591076,0.9452555175967117,0.8293845582875266,1.3343476434878452,1.1693957393909584,0.9423798446012566,1.294767519588441,1.2930507962594366,1.3182098251227787,1.2757935506051357,1.3866125007569718,1.1170791089988485,0.76031216548733,1.0045753899222933,1.181743471140804,1.047138590986526,1.2776638781693317,0.9986700893225247,0.9867143049822867,1.2884479422559074,1.1685224910461793,0.7784916229743419,1.0120395822143442,1.0,1.040769469549704,1.150998515847348,1.0091045359478188,0.9561779284555201,1.035914713175375,0.6838737786386222,1.0531266918101567,1.2344197999482325,0.9255317193711663,1.399442044034934,1.0008416806826892,1.1940956862772811,1.2895799875840346,0.9049584545891459,0.925370114784202,1.2587350796862486,0.8558011959696419,1.2379278274062786,0.9200544221226923,1.2975404737371732,0.8233995876296961,1.3844086437710774,0.604473080355608,1.0637286748606507,1.077845829681776,0.9660685130352347,1.2892770223959111,1.3619770470152748,1.4503034566569577,0.6571717786773842,1.2114897109067755,1.0508525176624575,1.1626183243011503,0.8439387049525697,0.8811501705108887,0.9475892826682426,1.215623682525073,1.052052409019883,1.1962298824815047,0.9241826386594563,1.0414020063070428,1.0023553677086012,1.2399000682450105,1.2776615961335542,1.0853791910066632,1.2093792190768897,1.0147719025473887,1.1086207549683817,1.003331971454079,1.3836276345718441,0.6993412793700124,1.3857723877661015,1.0436342549308035,1.0,0.8175771190471127,1.0,0.9172028746829679,0.9590693385116243,1.3426882671753475,1.0872172172229677,1.0980718072236226,1.2112503606469323,0.9023150438631182,1.1095923405367931,1.280921894596396,1.078126791319469,1.0044017884338035,0.9051502135200409,0.9785867954525307,1.2598853783757267,1.2157811380060108,1.4225457441162925,0.9819853028508063,1.0121801242864625,0.9497248709788739,1.1473865072751026,0.9930729269322021,1.0,1.104665484022754,1.5123175901645212,0.5622604372524618,1.0,0.9935900679316126,1.382255370473381,0.9011130806992836,1.4446306937959992,1.2794474562247764,1.2227938619561467,1.3079400053820407,1.453426474779448,1.3010796923843007,0.9975520252831206,1.1325429824989548,1.346213963840635,0.9715132520319714,1.1415661720002168,0.8772432354239359,1.0230839513476733,1.1801528865322393,0.9826639245139556,0.8985928169753153,1.1884113352984633,0.9466658938860799,0.9140807636051547,0.8801564030954208,1.0052978854498482,1.1683115465904745,1.0,1.3932388968248954,1.0847384312097281,1.3247210456140177,1.152881086152195,1.2885669089597926,1.1747832635105535,1.1453649564499964,1.107872239290938,1.086096068112448,1.1370278140459718,0.8844138960354686,1.16708287936187,1.1141586963175298,0.9913725178107072,0.9602911049138234,1.272035300775224,0.7561767499219755,0.9889513271895889,1.3555695922750894,1.1119390187669267,1.5293576155800814,1.0140601382941028,0.9771880858982792,1.0436018803167841
2010-03-31,0.755013232410967,0.9734251744430181,0.8923147271548175,1.0800892668977513,1.4660679980193612,1.0,1.3398515908985034,0.9880873721960755,0.8052235634982758,1.3052292384018784,1.1703342698368018,0.9695068598565738,1.2971152414303093,1.2940477621375628,1.3161699495949504,1.2851797652624883,1.385208906755573,1.0881609954293312,0.9279862364108702,1.005750529872241,1.1923219656649442,0.9964409665508066,1.2805384513738423,1.073615944092182,1.0033187910427952,1.3628997776941494,1.2292764710164374,0.8646440100856545,1.01140306431612,1.0,1.1327134070099392,1.0627945770450988,0.9913861262259157,0.971792450675034,1.0534847244080767,0.7845985948777644,1.064687367920279,1.2372224558309173,0.9573636919722228,1.397844541855925,1.000931677149383,1.349966227380988,1.2911410269043955,0.9014495533753915,0.8872732876217111,1.2516454846826885,0.8327865364644578,1.207796136234836,0.9203502497925422,1.2884980925487421,0.8487738544256668,1.3473352341200984,0.594081234687342,1.1992131721924433,1.0811677713982737,1.0119064307025245,1.2861780439734607,1.3095552275684927,1.517784726432575,0.6875423441115089,1.2033343610564355,1.0285942873547578,1.0191020948034843,0.8001271081488144,0.839690262233832,0.9853079976550188,1.2993573927552928,1.059813472160263,1.1804968159487859,0.9227699904817138,1.0507072973089149,1.0083923334777372,1.2314709653141096,1.23453392182323,1.098210553451743,1.1975739933053813,1.0613313370835513,1.150024882144391,1.0040546946690312,1.2735812242802758,0.674591028730595,1.373740719223604,1.1857671400686887,1.0,0.8209634928992559,1.0,0.9496889707144779,0.9598578465041047,1.308401801831991,1.0695906640278685,1.2474527011062715,1.2270803713584588,0.9096563950330798,1.289887840592947,1.2999845333408648,1.0850157136447154,0.8386415043586966,0.9966907523381847,1.0066383750227346,1.252124883990354,1.2413043416027396,1.4056710742442133,0.9876430461584307,1.040745170272597,0.9703773329521876,1.1453490765265235,0.9830863448386945,1.0,1.1048139661157999,1.4683985968338868,0.4886827826635388,1.0,1.0272940844545233,1.3014565349970377,0.9187679479991718,1.4284610665774258,1.2828272739913993,1.224998995400237,1.31311569190179,1.4520807993650426,1.2986753080711126,0.9528666042698481,1.1505019647717336,1.3545575882803802,0.9423913773322533,1.1934519049233057,0.8786445700427755,1.0266163438659128,1.1237433087083732,1.2253241338855947,0.878543811477179,1.1878454480624983,0.9334630497344225,0.9138715108315504,0.8894387747676424,1.0030871275814968,1.1572354928526924,1.0,1.3759026611106522,1.0967200154691135,1.1781614203255977,1.0622975203232312,1.2835673753564494,1.1876204504408336,1.1448663685941731,1.1581400279708491,1.106750102526108,1.1774268864023958,0.9041591397255039,1.1864503207390373,1.1517205190433457,1.0899323945429713,0.9625051470287724,1.4945636708938312,0.7601190889869257,0.9908687040246486,1.4597425299221087,1.1344461757271425,1.5194575892200657,1.0226532065283673,1.005419999380671,1.0500515229577294
2010-04-30,0.9228115567315567,1.010771899665013,0.9035879981019431,1.0749335084081961,1.2192371238274842,1.0,1.3079553140015954,1.040376309049501,0.7582740501324174,1.3048603911266323,1.171352297421781,1.0841171785109383,1.3001635088234411,1.3085442659529407,1.3078367464512923,1.2840701946389876,1.3904943434350026,1.0982589540650702,0.7551692898622668,1.0041547227570913,1.038917714104111,1.0316684362663444,1.1929020262447567,0.9959275533371477,1.000132469357311,1.377549785026296,1.149971455703011,1.0572534848742698,0.9970427748605645,1.0,1.2603567195381957,0.9105928698875745,0.9628539674996741,1.0367139853226486,1.0612568204060222,0.7730080640353554,1.0620497534320774,1.1669652035669045,0.9561063278000506,1.4012267162922167,1.000937189104906,1.321519952105831,1.289479435353706,0.8473268448277023,0.782105055371949,1.2450778752045384,0.796744550785488,0.9985153272221511,0.9235610606013817,1.2600944724249898,1.0043860001336504,1.2298556137157433,0.5709642499576039,1.170430239565657,1.1499616342166086,1.1945211470229684,1.2710266874473355,1.2616584771192003,1.5544670984210822,0.6478092145540221,1.1926711569221173,1.0638250582665014,1.1960766498445377,0.9820841193349809,0.9412822116026948,1.0474644877657961,1.3735595686251079,1.0786822788439716,1.1681570387960571,0.9468593486486927,1.001640227829948,1.0115364639771038,1.1734195268492429,1.0571963753644418,1.1470149307484796,1.158981367371833,1.0820520323224083,1.1255900251254525,1.0050321072205188,1.2338856791384047,0.7635035850365058,1.3921220911238656,1.233490929019996,1.0,0.8468835506166561,1.0,1.0878138757902132,0.9994411212555464,1.1608875982101543,0.9377581050488919,1.2197352198435787,1.2410932426722914,1.1139051113266751,1.3132702381789092,1.233894310352393,1.0819698509211175,0.8091552032462308,1.0152284144677837,1.22947225653403,1.325302822550109,1.2474469123748715,1.44803563495193,0.9625929122692589,0.9722539159972104,1.0017557453285655,1.1199213090988485,0.972492684538756,1.0,1.1041303983706685,1.4435160493541552,0.43452899406268775,1.0,1.004827332168442,1.2327085997943268,0.9389107125178553,1.398202274558388,1.3559874680550132,1.2253260478843508,1.314093126482977,1.4536265470673029,1.3008526148988364,0.96786961333171,1.1608844183323441,1.359860270492623,0.905860971699648,1.2507299329441415,0.9108563825578782,1.1107104826288368,1.1705654220318276,1.3236955953897203,0.8689083972204328,1.1553897700540832,0.9319585562658034,0.9112346070530564,0.8828388426195088,1.0024579851279893,1.2018106067608159,1.0,1.4002207112613623,1.1346054018479101,1.3968259124101388,1.0118076442240318,1.2827303272887036,1.0916415238978519,1.1441939858265364,1.2080408320796805,1.1605006370348243,1.3499831654695897,0.8860393030281625,1.1232678779754115,1.0996157260432278,1.1105252371752805,0.9815525568124622,1.406013136619471,0.7557693301185053,1.0483528964793933,1.1068584426521224,1.16947209691884,1.5267370771592694,1.0620336152077439,1.0835726798097367,1.0695360409252053
2010-05-28,0.8412631429346604,0.9400760905244038,0.7686111591321089,1.0728950483621886,1.072606843465036,1.0,1.3340084593700237,0.9684149464974485,0.5381402968537221,1.2897695644133074,1.168718957127425,1.1794639850840314,1.0989615816358738,1.3146289138447915,1.287852968076693,1.2357137353741892,1.3901091227235909,1.1066035368354477,0.7716639813717173,1.0059275496578164,0.8704762729470816,1.0007661834937853,1.2110874234648943,1.0548259303060985,0.9817718220356969,1.3773457930594626,1.0447558767063287,1.1097952904427824,0.9950734896255631,1.0,1.2983747797210727,0.8663621743972834,0.9599903768511693,1.0463154288503258,1.0464629640835506,0.7966935792215962,1.0787649632970093,1.185854624818096,0.9782961766246493,1.4022056240217122,1.0009944252134488,1.3172955447571781,1.278846241087269,0.7964335466025213,0.7969500341890581,1.2241996309473933,0.7490247943033864,0.8573076338378196,0.8619113161381484,1.27178974618883,0.9728159600259384,1.270460639070283,0.5627290418813546,1.221040504882634,1.2555623703351952,1.2400290724366538,1.2282850967917227,1.2979231861109806,1.5888822127366526,0.6579032539077995,1.2056621722373202,1.0724082592135178,1.0242954153233679,0.9892445768614311,0.9327912646880421,1.1090977441330212,1.3813250997645354,1.0888798635804209,1.1638806453273494,0.9424605486237222,1.0291186172544946,1.0148504866254353,1.1494531813781848,1.0108686042448758,1.1902783068814995,1.1401272612531606,1.1289560607693985,1.1296632591070626,1.005525699558255,1.1350382750235788,0.7736031508989304,1.3920794073005824,1.2389305736707121,1.0,0.8741924050805879,1.0,1.136633845419035,1.003331984565313,1.1677982777126261,0.8026445964317486,1.114789528570003,1.237640744028422,1.119453347199664,1.4091926091059725,1.1944690360203798,1.08349439624903,0.7502786967470502,1.0049050798369132,1.2383804164915204,1.2108025767313184,1.2523113947340412,1.4487096109755042,1.04336368174119,1.1359949336759128,1.0059804797615421,1.1188041359855296,0.9803371465288981,1.0,1.1042166676073573,1.502258678996582,0.3995776434215864,1.0,1.0139728902690257,1.1295125687735337,0.9567799382674284,1.3290735793212827,1.3282418127499485,1.2245694478448073,1.3115199476114543,1.4523760239255616,1.299211088301621,0.9304539756385419,1.2216520794716175,1.3651767234870933,0.9773213114393811,1.2669292281339155,0.9600817657262383,1.121055683395353,1.267897647355674,1.3205844425242985,0.8685388913025647,1.1656707458219562,0.9254745517763309,0.9355463516049801,0.9306441599149332,1.006121987911647,1.2024383058376833,1.0,1.3659237964101005,1.1276974734656937,1.3431128622728445,1.0562693109110015,1.2816587994013942,1.0660379619378164,1.14043509688793,1.2438379609557535,1.190410679992953,1.3514706924661257,0.9420479939359571,1.1951708641860135,1.092362108495713,1.1537957755797574,0.9936084782842172,1.3985900526369452,0.7568122054289089,1.1557862697979102,1.1156521324326099,1.1756458040186661,1.4966223602433137,1.0989760749117448,1.115412901527596,1.0777856878100733
2010-06-30,0.8075846374968624,0.907031451091301,0.7678719208277751,1.0644621517766513,1.003482880541394,1.0,1.3130513027005015,0.936096099821007,0.5781036051146602,1.1890951168700732,1.16531617360465,1.15538255141918,0.9991085021895911,1.3217848688626015,1.2369883090230651,1.1492612682517265,1.3886332279554872,1.0670930369537235,0.7933953675452838,1.010999586770935,0.7068477481938353,1.0460077829960623,1.158068249241802,1.019225742434652,0.9698863468244123,1.3757930923817652,0.9340002103645633,1.000003642664827,0.9900018477082152,1.0,1.3026385971515917,0.8248058847798891,0.9622661884914361,0.9960717770511076,1.0278142039894795,0.7875622062417698,1.0750150985116598,1.1175704133968904,0.9510137860024271,1.4027811484655268,1.0009430772367842,1.2212505007174552,1.2762080399187918,0.7806831233735712,0.7537776055543778,1.1964649752981675,0.7070320777134402,0.697166673703649,0.8382743387746578,1.2971264763644248,0.835307152501354,1.232106183361708,0.5678493948546901,1.0877994300375287,1.256736415093922,1.0790206641545579,1.2183963187776476,1.2436618743629881,1.5899877712192036,0.7138203509188632,1.1949640894573959,1.0662091343144418,1.0954931453056065,1.0505327258321093,0.984776292606438,1.0975122824135284,1.3825821458041394,1.0957150278986425,1.1651116158537733,0.9243721259187317,1.0360710415573582,1.0041904846207241,1.0892448172416016,0.9111074466412661,1.120716651772157,1.121296101041525,1.0471540016615795,0.9815546832096912,1.0050527891247978,1.0725442147506696,0.7602873466710275,1.3884221702470674,1.2381617838624603,1.0,0.8584190889677277,1.0,1.1053554023192702,0.9621190135369488,1.0498836081041116,0.6983159526661165,1.052977543533169,1.2315565396259764,1.074250827266484,1.4695573789112846,1.066688659717164,1.0731286911319033,0.889956417958057,0.9990795158706074,1.161681355488742,1.1141286749146353,1.2354962931130609,1.4480984128167909,1.0774095798005177,1.146996799470675,0.9904342776736975,1.0783053922420467,0.9899236461268548,1.0,1.1043035403356523,1.4806722239849777,0.39309488509350443,1.0,1.003328500368868,1.0439914136424189,0.9174158308494904,1.2704911458657007,1.2570783239604437,1.2227341960927836,1.3067098095673035,1.4507819130478214,1.299823406500462,0.9039933591705455,1.1559492965223375,1.3569668942262894,0.8321847233266365,1.273100152112766,0.927548168514896,1.1616217396066926,1.2851681857297224,1.3118169923566854,0.8784694688472259,1.1549161651941582,0.9133940688319089,0.9543725851633376,0.9507991502945583,1.0079730578733357,1.2007689400928683,1.0,1.2967941699305865,1.123612766536352,1.282325887979241,1.0035562558342048,1.2576396120011997,0.992380921853848,1.1331902198469266,1.2755209160271501,1.1895578987952633,1.2423924691714234,0.9751178411706928,1.2592232146895759,0.9758941591699118,1.034283439666601,0.9721208359089564,1.3203641878655188,0.7591273401866886,1.192203868556848,1.2267104155555304,1.1715721866238444,1.4769080937244319,1.0937092076195603,1.1029324422828262,1.0755795594088409
2010-07-30,0.7699902459056049,0.8913234176082403,0.7867574763602415,1.050340472142385,0.9697993340027931,1.0,1.2959927965614588,0.877008621820496,0.544626143922974,1.149982455309654,1.1650133825858888,1.1279470675914747,0.8670427254472697,1.3237369016466727,1.2461565529874292,1.0980769672500645,1.3888204669861235,1.0883967062077224,0.8321759144022915,1.012298890791989,0.681376616251157,1.0393383452670648,1.089244999806916,1.023590035891703,0.971144790145161,1.3756826891044058,0.934989639329247,1.0314576863917744,0.9795831450456196,1.0,1.299026500033805,0.7992690726130123,0.9604931688806468,1.0124064063948506,1.0221668621802757,0.7265712084945801,1.0666747429880603,1.0543452300235345,0.954634798451802,1.3919952571443763,1.000865294521136,1.2505787418737135,1.288033768238099,0.7447137407202193,0.7017871481737396,1.1953970916357644,0.6634205685793535,0.6232886058300402,0.8207964624814865,1.2922242731026001,0.8814265108471049,0.9442430306274098,0.5824415678558259,1.0196607229144439,1.2743399349483278,1.033101482207633,1.1854125979778156,1.1617559771833574,1.5390351627659777,0.6178255042151266,1.1568940526852027,1.0796695387020352,1.1005229015001303,1.0533580912709715,0.9961225656827909,1.098465663389588,1.37149488490573,1.0976861131955213,1.168652378277394,0.9079915328890718,0.989321788847123,1.0106613065843355,1.0246159325676327,0.8578945758340079,0.9382679309516515,1.1091504379959454,1.0498472000956016,0.940435586260701,1.0033661662870723,1.0773965115734065,0.7268390640441171,1.3821213126141032,1.2305007610231942,1.0,0.8663864689434031,1.0,1.0851618659594873,0.9594698213771249,0.9928211920318923,0.727010096541571,0.95944150332408,1.2742429455445659,1.0633613413937282,1.4703074029500964,1.023446158781478,1.0725761321460356,0.9292933430253935,0.9797242690274728,1.1300705729024711,1.066617492668404,1.2253701627934597,1.4527159636330542,1.0659513091717123,1.035959095305249,1.0027971967727967,1.0575878572554607,0.9815658926869169,1.0,1.1039381650689009,1.3463505174859773,0.3897627232373134,1.0,1.0043126098739918,0.8156554305520544,0.9703555227006765,1.2613509215350842,1.2308895326661304,1.2230662247994397,1.308025645116746,1.4497754376364864,1.28531898166824,0.9262784473251331,1.130191824110858,1.3341851391318271,0.8111042685631678,1.2609163794734775,0.9044998796126796,1.0727282079211922,1.2228621069276904,1.3223803433632328,0.8815457438115897,1.1425706436311889,0.8978606883647725,0.9363747969070562,0.9333110110799472,1.0067332519910357,1.2015925496887219,1.0,1.287472181049997,1.1196288287825564,1.2707549883777458,0.9781035677337214,1.239919134616533,0.9307718384060408,1.1280082120263137,1.2696059586477708,1.1790419253402296,1.1740796987282311,0.9634033960583417,1.2284639042385324,0.899378359769043,1.035475005124552,0.9724162580042784,1.316338532204825,0.7587019866728313,1.213114266591015,1.21224365607141,1.1714380089627903,1.471734709385046,1.08838074828093,1.1007103607325732,1.0743661625242134
2010-08-31,0.5675237860877977,0.8431343668253679,0.7353782233172338,1.0184557079410088,0.7221570461860869,1.0,1.053110939544579,0.6366590466549125,0.4383913989026075,1.1581574208043417,1.1493350863867904,1.1915327867672083,1.0488291924768838,1.3255250863283907,1.091781125387672,1.130708090558296,1.3873868685660389,1.103449646583494,1.111484277072104,1.012204693727353,0.6435591338890028,1.0169055956020112,0.877351634803599,0.8751693406147226,0.9626826487327257,1.3574566372384755,0.8747435825887366,0.939838449167867,0.9779115357925336,1.0,1.4292466920892313,0.7833716680828843,0.9653863240300874,1.047315288043413,1.0316270026465353,0.6315822539778553,1.0343893743598935,0.7770033009364102,0.9169293100640326,1.3692791711274253,1.0007583171954437,1.3066367223423982,1.2896030752700425,0.7462181448861109,0.7374945827224969,1.1754887237290337,0.6245572853198917,0.6105155773619928,0.7957819925677132,1.3012620685164533,0.8475097468820161,0.7168137456528235,0.5922131104306433,1.0203243214939037,1.3113374308411987,1.0156972057309162,1.0814010093218167,1.1164248023652692,1.4622621822131137,0.6347178181688116,1.146289221367225,1.0575649095168462,1.1847758091208234,1.1313092816659382,1.0734550416718625,1.174712682226113,1.3910710799936408,1.1252083635473236,1.16777152409265,0.9004592436535963,0.9583826095626663,1.0095121187935479,0.9521840587768517,0.8288249962862667,0.8796179913825004,1.0705249328731081,0.9847441270192409,0.7974723218603945,1.0030463415853605,0.9820093232009225,0.5719796101049908,1.2940409904568488,1.2408201502417326,1.0,0.9208372964136073,1.0,1.0986365142448347,0.9596650615134432,0.7913092796481729,0.5703649809480283,1.1026534506479746,1.24271584779888,1.0297952886204655,1.475803883837823,1.0875028259294495,1.0587529202899266,0.7832535044462183,0.962867545724044,1.1036476733384981,1.0143229054516076,1.1745446068221506,1.459415317229194,1.085791678813894,0.9805796160272094,1.0021013066892703,1.0306497030131574,0.9797881599610699,1.0,1.103801520976765,1.249693680992912,0.38978906936992475,1.0,1.005880284953498,0.6798119824126537,0.8992930105416149,1.1621856621608988,1.1824663751692528,1.2112738491616297,1.287965327817178,1.441665906355169,1.2543074881045522,0.8826803100327762,1.1125065790290496,1.279757626059657,0.7543350867280412,1.2933310676489167,0.9133300809149396,1.1306558193605345,1.2998162726116615,1.3205893439735723,0.8975914504395394,1.0098541826931378,0.8973261348695734,0.9380037346444914,0.9238008396794263,1.006255598064972,1.2009296780552499,1.0,1.1943004269829431,1.1361843675008978,1.432888395769553,0.9312136294346589,1.1000837769067746,0.8397957284618238,1.0385045617351283,1.2976917148733984,1.2215959668581087,1.1218085287175148,0.9509712281054049,1.1013707881813224,0.8018303340619602,0.8862367393794753,0.9562411540716634,0.7938407336816697,0.7583580487090891,1.2398917137218253,1.1129914329948034,1.177296437140303,1.3880161433584943,1.11767216874308,1.1251612438172214,1.081135616793448
2010-09-30,0.5354542627147122,0.8463258533154172,0.6201758311594259,1.0044445268125162,0.7263638876071201,1.0,0.9906709097145244,0.5812801648333654,0.4129743806815003,1.197290496270506,1.1468304043673556,1.1784500089108592,0.8561344667046945,1.3231971630717068,1.0716909796943161,1.0126593824023353,1.3834779239610069,1.1215907226421624,1.0420279549345233,1.01373344928164,0.6312059345480654,0.9948558641015394,0.8606104528286779,0.8977874398651371,0.9605052128545807,1.3317226361247994,0.6207858594392248,0.9697880458348048,0.9723278609242366,1.0,1.3693227226847848,0.7437102354545251,0.9583773991687247,1.0501527072647237,1.017346254426783,0.6559635885362677,0.9493044224874718,0.7691489766162163,0.9171277696109182,1.3258155955420752,1.000020634743068,1.3286581350314282,1.2841429407320724,0.745438196469187,0.6962625909406431,1.1474094018347178,0.6114170360268947,0.5619347711031704,0.8252034601658411,1.3008914508430784,0.8947417617160869,0.6363520259859605,0.5568037317058642,1.0666159715351857,1.2493154072033579,0.9934027098327879,0.9923958576697022,1.1257067114218966,1.5321500587254961,0.6156486153172702,1.212808757829256,1.06452750611467,1.1202823037772442,1.0780425828687126,0.9707410134530683,1.164478855898292,1.3108711478381536,1.086256325972785,1.175135048408079,0.7904387856622886,1.0178218340665528,1.0109109645986725,0.9155138075012604,0.8136037807718807,0.7557055203391686,1.061910164028038,0.9999591085795166,0.7976804325134896,1.0030942483786653,0.9870316019749943,0.5523584910595964,1.2017084749288227,1.2250934332114973,1.0,0.9884871693936969,1.0,1.087200793884581,0.9590190395826867,0.7758032458680878,0.5560321136595203,0.8655005182594147,1.2076113329503984,1.0113884684660015,1.4639098614467725,1.0431530430008316,1.0387965269156838,0.9005371537732803,1.025280285678998,1.0999528868284085,1.0378818245937862,1.102148089320495,1.4598071487452335,1.0491924032485944,0.9308868885301197,1.0140858047941206,0.9954719956240047,0.9771742099205663,1.0,1.1038589433766486,1.2751206728402982,0.37978702023987243,1.0,0.9718000620032669,0.6104203063203656,0.9688885254939379,1.0882423128340324,1.0612673454381119,1.0795376104245697,1.1322964128307773,1.4230172515017536,1.2115649791194634,0.8396960552912115,1.067499994486109,1.0683542356309368,0.7051222194720121,1.181375964659015,0.9062119081196847,1.1185227548971275,1.2930000655050566,1.3269613490343048,0.8841056421552331,1.0005149816580678,0.9015037534234767,0.9213965394288529,0.8992554975387372,1.0023094962909012,1.1816962935798208,1.0,1.1373573797758718,1.098371975091735,1.3470854970532482,0.935126400287465,1.0917441094495326,0.8526959299342541,0.9069963092674901,1.2882413130206243,1.1975965745238608,1.0725095578824246,0.9171477105619673,1.0264920390121226,0.8045504460340624,0.8784710512644314,0.9592539067313671,0.798795739762231,0.7587135448723351,1.253039881533779,1.079083012630523,1.1753286931240816,1.350651678044661,1.105539654155655,1.1055394351465406,1.07671293625789
2010-10-29,0.5282121152127812,0.8339969818663218,0.6117188987353878,0.9987966163587,0.6617145135526715,1.0,1.0159699197622925,0.6642849422755563,0.41443843049508633,1.2906631956010022,1.1102012934228234,1.0454672638465259,0.7878236664572122,1.3172020202186012,0.9649300545244517,1.00067521917925,1.3853531954963618,1.0065543887638064,1.026767277021523,1.0110803307191087,0.6299354860675958,0.940014159533551,0.9065402641968485,0.8554435356625727,0.9604012926251364,1.3465439050099175,0.6029410282965462,0.9602167938350702,0.971498274110547,1.0,0.9816938089888984,0.7552055224935121,0.944246278903387,1.0442239168972625,1.0038217592904,0.6685391724323632,0.9052445894961826,0.7815735515495289,0.9160846553900426,1.3176681039262177,0.9994642290822985,1.284712815716405,1.2796753416432967,0.7499081125199599,0.6613476942375175,1.1361588058417187,0.6252409238463313,0.5729878686913765,0.7935456002262592,1.2872900020314435,0.8928234906109833,0.637566512077543,0.5536733630163685,1.0362254806167732,1.0557051753690274,0.9948883751574696,0.9861785850391184,1.0766892157357772,1.5060300707224972,0.6178904787918065,1.1703484884995352,1.0709805082845143,1.023153603537545,1.019309186248331,0.9184104434850267,1.081498736183361,1.2257468994872605,1.05351238075702,1.1981065419338714,0.7055490863742415,0.9934877986618746,1.0038347665034602,0.8899748466817845,0.8071718772237734,0.7351345977674031,1.0645777042880114,0.919528425326176,0.7975245869121493,1.0034464911245322,1.0048173290755698,0.5418306876479274,1.2140969813777405,1.1929600694647697,1.0,0.9751410512251781,1.0,1.0934150929090776,0.9591027099069646,0.7791315039536675,0.5586853437891772,0.784451405875126,1.2278102945451188,1.0009196523757302,1.4547341223786885,1.0513620645965784,0.9709221376172229,0.8797340248866167,0.9819462789508427,1.1142901943020362,0.9058201541628902,1.0889565145358364,1.437319170973387,1.0053755279783216,0.9109441058643769,1.0111981688039942,0.9707188427655645,0.970034996955241,1.0,1.1034205115705198,1.2819747899622094,0.3793775646231179,1.0,0.9721272143450835,0.6216322897415155,0.9612493360346099,1.0860251462382733,1.0349834780386322,1.0572383978955031,1.1122455424762743,1.431373825113139,1.1932801044583747,0.8873861484080245,1.1202906930292778,1.0666664651009239,0.7006716288869493,1.11431700348499,0.8990513259703149,1.0089847901114426,1.0619607121633736,1.3241061127376537,0.8687429566946304,0.9744572961291513,0.8942113627523015,0.9068923618331802,0.8666029917639121,0.9972591144660606,1.1762504003284273,1.0,1.1616163703211337,1.0892993026924407,1.38428678397377,0.9071844212485038,1.1406091648306909,0.8742769988967534,0.895963243092164,1.115253508673278,1.1017395238062662,1.0152799092063027,0.9007787250870503,1.002996005407748,0.8108333127923184,0.8350069234158946,0.9458454876447887,0.8453649825810003,0.7672628084056725,1.1540172234536927,1.1692522212916892,1.1326318051971291,1.384308518140926,1.0407911367658558,1.0312592486581307,1.045440862599985
2010-11-30,0.539431403514876,0.847182862914983,0.6263979865312698,0.9719024978605304,0.6439250351975527,1.0,1.0177524223668586,0.6758863512299955,0.41419973232382,1.2970143367569729,1.0843415738335207,1.019385195480276,0.8285719487274655,1.3022161689732399,0.878967033835417,0.9897359228583467,1.3882790953667556,0.9755932905407281,0.9711598314414872,1.014781730022196,0.6284554257329964,0.9045022389937036,0.8880199352635099,0.8913657217227416,0.9611999387704712,1.3396010085037067,0.6018001081750798,1.0576091415109494,0.9715055643864823,1.0,1.0059544338940256,0.7249537049729072,0.9371015636573922,1.0384898389285468,0.9922750658121631,0.7164128936574772,0.958297424391216,0.7713801050872918,0.916887782622794,1.2691113625005832,0.9994813996424718,1.101237059106304,1.2331121983131168,0.7580723699137356,0.6599264955982576,1.1516504470052977,0.6187872329409535,0.5421038424449889,0.7598795875216285,1.2449163418162876,0.9019694919782106,0.6067176133609578,0.5497756843288837,1.03978153467334,1.0247860450799529,0.9658509484578198,0.9350093230640819,1.0669166055333494,1.5600836291459947,0.6749681956670948,1.0552354137559325,1.0721861057294284,0.9964364506155761,1.0382508174529899,0.9082356273992063,1.0404477895590216,1.1963101230152964,1.0206875678958511,1.192854338509179,0.6766725901715815,0.9904792111581953,0.9994511055943495,0.8307621406703415,0.7871498490309311,0.7213156902117582,1.0044881248276334,0.9230634160685648,0.8193316252828184,1.002996480911092,0.9825279302230776,0.5530183698331136,1.192168345063324,1.1616785853898894,1.0,0.958302715376934,1.0,1.065699512466794,0.9588813218453753,0.7658555215485814,0.5467329616005985,0.7456847059632625,1.2960234169225149,0.9816544094303502,1.446197026143586,0.9910621772053868,0.9440821881255874,0.8526304608569707,0.9497639891111075,1.095892730444573,0.8392005616960515,1.0311362557559163,1.4151552028793133,0.9919600533344528,0.9013620814709485,1.0122365064281813,0.9652968828359977,0.9761797661849805,1.0,1.09197177646564,1.2345630269265944,0.3805003185957839,1.0,0.9729665663317917,0.6520028308032508,0.9564241956106001,1.0454460595156845,1.0442655391095492,1.07948180038293,1.1344660222303744,1.423400626124927,1.2260693088765147,0.8989999864535205,1.1677196728317862,1.2098273644747313,0.7286622278514997,1.0811193063163667,0.892852551542553,0.9849374018670363,1.035995371325022,1.3258979223010212,0.8680922373766109,0.9303318824296941,0.8945182240435523,0.9048751923623416,0.8569129287140151,0.996453265373881,1.1467957095154429,1.0,1.1468604163249423,1.1378776608581629,1.2815967983486565,0.8719480415164957,1.1572513794765082,0.8439383221742718,0.8770236495794504,1.1188858984219783,1.1016641282495334,1.0272062847240566,0.903400097962569,1.050789375604152,0.8209037322814781,0.842512220756264,0.955458441863587,0.9164442741457596,0.7817001915634127,1.0986030847051897,1.0758841587209902,1.1165775911959614,1.3470176679994015,1.0260340538904689,1.015603162903216,1.0347768052810995
2010-12-31,0.5453140154000393,0.8416593088818825,0.6239160238959072,0.9448810922767359,0.6325853322080637,1.0,0.9736415824006566,0.6902133096779534,0.4170209630324724,1.21378643423443,1.0847555895619652,1.0035054646906618,0.7397692759558805,1.2992319286506784,0.8849950550667729,0.9663780784266778,1.384936112037356,0.9807403316027017,0.9210263975768647,1.0169364216876329,0.6290811629947061,0.8926077665018988,0.9012186630647229,0.8484370423212857,0.9652997684489306,1.329555659553296,0.6073194583021249,1.0149457396035442,0.9711620579119035,1.0,1.0335007549285058,0.7174778742874188,0.938273758994608,1.0330455717830858,0.9704836547874904,0.6724124814535293,0.8731574535526158,0.7574266158608853,0.9267907130655689,1.1327307014192483,0.9992396962650018,1.0946408837576374,1.194443107088436,0.7604499265604051,0.6587368914225669,1.0812301470123122,0.6133862975506101,0.520636104334812,0.7348296764252444,1.1532447319904227,0.8983813387898814,0.5914015188317454,0.5511277689505123,1.1250513617770257,1.0165076208939066,0.9329582601428551,0.8577719892671717,1.0666785752429881,1.56624052267349,0.6404502912255486,0.8341962952670032,1.0864410748706237,0.9360348519181168,1.0075357160689242,0.8648157139282283,1.02933291023229,1.2013487473767124,0.9987405659083383,1.204930506392188,0.6419265711782633,0.9889465020944986,0.9966813154408655,0.8557098281644934,0.788722445873178,0.7533287668085902,1.0046810244845692,0.8778426664374647,0.8014058793604447,1.0012895071962935,0.9641805704009322,0.5762997393333453,1.0841512060888148,1.1645742804493342,1.0,0.9250818579622346,1.0,1.0177075631456565,0.9576162267562096,0.7559740875016049,0.5493603774858395,0.7378669096090644,1.2383851637411027,0.9558302076767445,1.4188581510828127,0.9775329390867734,0.9604872255426649,0.5651260530595688,0.9286346732515918,1.056833465055795,0.9058931231956887,1.0950876034139065,1.4126920146543303,0.9756862539735499,0.8667290905026187,1.0107424835728829,0.9579193842541063,0.9726020406929113,1.0,1.0935900621585215,1.180426874135386,0.37678257005735927,1.0,0.9630815571819641,0.6505957642537985,0.9816701758267414,1.0448775036112188,0.9347706347941428,0.9991394482096465,1.0553587750475513,1.4203123164838218,1.1579268302107093,0.8583884861822921,1.140658612852769,1.0874367839533985,0.7018016271292186,1.0864623967019313,0.8899562036419675,0.9675648235042869,0.9718808592750462,1.32744399262232,0.8681244154502278,0.9104351774911459,0.8899186164864722,0.9013640414063433,0.8332182612034842,0.9945285737732901,1.022542852708752,1.0,1.09576870849423,1.1723211154547142,1.20046495769981,0.8677868937717519,1.0805946761880634,0.803953417483749,0.8750164889382239,1.090559704610639,1.0811788878356179,0.9853738290343982,0.9029940340540812,1.032860590918144,0.8169608347113637,0.8642599799991122,0.9567626723806973,0.9451074252543002,0.7714357636493421,1.0541452733538272,1.2123311763233804,1.1056139228871167,1.321080541949834,1.0170818063434302,1.0006626601061732,1.0279143935522843
2011-01-31,0.500189342129145,0.8234821149038494,0.6162419720221,0.928690858551882,0.616195429412548,1.0,0.9300372911730077,0.6246603824019036,0.40991406158797095,1.1721316993769069,1.094698908670264,0.9656930927177644,0.6819073330959505,1.3102821576878954,0.8564606085155538,0.9249032965810461,1.3606031459732273,0.9287779533624623,0.8469281224635519,1.0341948962762262,0.6218852035258629,0.8930184725074923,0.8459621420054784,0.823793718770955,0.9701493377578102,1.2602648345277234,0.5919153926204179,0.9489572660202445,0.9710515844261611,1.0,0.9958211941100922,0.7158833794333457,0.9463153173636892,1.0165607788797366,0.9432553550550102,0.6548936952720018,0.7624519902061396,0.7301639623212274,0.9175739252271102,1.1330951807882148,0.9967206929885093,1.0995965575572226,1.2627099137594613,0.7699488736182578,0.6589619955608297,0.876734587431079,0.6079458967354288,0.4878791039530712,0.7294166220675494,1.2109719080583956,0.8709081196475016,0.5825358392791165,0.5449984096328888,0.9596036353480409,1.0181574384082326,0.9430243538818939,0.8207373041627111,1.023694701663998,1.578833573559748,0.6899418879963692,0.9424862189118399,1.108872508707928,1.0791167114815823,1.0331062681617695,0.9039294014280639,1.0321645715465442,1.195616824541625,1.0220621817664397,1.0874396105181594,0.6261967466397835,0.9958410562354989,0.9961169135218756,0.7553019258291507,0.7631294834659295,0.6694599244157768,0.9941169095237146,0.8807123860496662,0.7847667094703582,1.0012823754812203,0.9515192115062988,0.5112249192159387,1.0467774431393093,1.1536256482504124,1.0,0.8839710812387225,1.0,0.9684861683832084,0.9579208372853084,0.7542604932529654,0.5580634298828704,0.6849107404982591,1.0978577883448084,0.9452719237050846,1.152263744679448,0.9122036169108324,0.9791263352298328,0.5660573139130969,0.9107718289175111,1.0796686646751106,0.8526991902121519,0.8688520355793719,1.291295843243386,0.9392441892118395,0.7131957662821791,0.9978207630489154,0.9551696474029223,0.9631490998727382,1.0,1.0899694527558363,1.1527588783485616,0.3769721063028918,1.0,0.9593477901000164,0.5773417674257784,0.9468122098757178,0.9444233831393052,0.6228490085498881,0.7692671901126981,0.694213993102841,1.1259472701901945,1.1763743318599282,0.7592158445553842,1.0959791517686275,0.9929192134703598,0.6424198739858128,1.0649780548133452,0.8823030976291688,0.8193543344474763,0.9444909309252421,1.3271082023856073,0.8680328054596309,0.8116526763812046,0.8812937531610265,0.889005235227269,0.7622644622565056,0.9698471620760565,1.0349436355020456,1.0,0.9439010216921238,1.1750429802943874,1.0598471205208946,0.8552551574674966,0.858055494568532,0.7765822258612369,0.8694213242403264,1.0028539408399182,0.9907376816818372,0.7608155831378935,0.8654936013004672,0.7831308248065157,0.8103191208518533,0.8426594692374798,0.95387535503808,0.82213052102367,0.7651586059221742,1.050029945488338,1.1969838775646462,1.0749040593190284,0.958557831009769,0.9856313043705558,0.958314011572208,0.9843448262727879
2011-02-28,0.49758149921395867,0.827435699083152,0.6252504852014338,0.9235947222506696,0.6069918067781148,1.0,0.9498993259083452,0.6012465115807926,0.407292861201192,1.1381695545419128,1.0699026988825153,0.9413018528121975,0.6887515949810329,1.3074959426488437,0.8086530529822116,0.9086784855172365,1.3660079430289065,0.872566215468215,0.8375775505158635,1.0353933140769582,0.6167461053608625,0.8926957754598221,0.8475408127253381,0.8503779062838018,0.9699031141729832,1.22747198675204,0.5956511189433945,1.0175348355285168,0.9707626076536539,1.0,0.9646958065999572,0.7094528808794721,0.9476628671497209,0.9894058421679569,0.8616342049985704,0.6672181418731031,0.7554586520051844,0.7306495941056458,0.9177654849718916,1.1480337134039837,0.9965751778289045,1.0404476878884248,1.280972019669429,0.7731907468312229,0.657320536466375,0.9032783349358167,0.6025333165153142,0.47568504710495596,0.7496989111979602,1.1868344268862425,0.8961508136841371,0.5693773077306501,0.5450223064265929,1.1469935566907976,1.0115312988615577,0.9562134816796839,0.8147709445517272,0.959931251465382,1.5897613175304461,0.7509679003859228,0.9630079664188925,1.1205517343551885,1.0955499025931337,1.104893934583087,0.9563937949146252,1.0171730958684069,1.1820325098133342,1.0309600379640151,1.065119004223572,0.6393066506775051,1.0295793323948992,0.9911335662106286,0.7077221296613538,0.7584235849302713,0.6646983928970274,0.9981797679046301,0.9214620400148776,0.7889707967227335,1.0014789891128955,0.9474434852367942,0.5053331014006202,1.0620789606447412,1.110509981117279,1.0,0.870004639728053,1.0,0.9692038354638142,0.9587471135551283,0.7401504537823886,0.5521311483529676,0.6923915495723676,1.1474239152238583,0.9408606759999312,1.115597164890853,0.9499509618510281,1.0226408282152206,0.4929484575101727,0.8819596209023401,1.08962649485441,0.81790069936423,0.9242649852553148,1.129164518096885,0.913376395463734,0.6843941423575202,1.0037336430169588,0.9526548944932984,0.9624389467602278,1.0,1.0800016853976087,1.0983902592908992,0.3732453429532888,1.0,0.9603771232263058,0.5571147857731445,0.986423212978115,0.9516746178901437,0.6311917662575672,0.7684027726156013,0.6888984283295965,1.1239818854564008,1.0387288407782027,0.766961101209272,1.0820422889598633,0.9490214893781781,0.6323646617322481,1.0371128385062227,0.8817443492152077,0.800744711650347,0.9356490511060978,1.327837522499101,0.8683007754788342,0.7802266945909356,0.8803423401386952,0.8878573164968022,0.7550354832986705,0.969436458573651,1.0696301224183837,1.0,0.9589553843792501,1.185041017823195,1.0617285909160714,0.8494604870475329,0.867715779491306,0.7750255207238039,0.8677851480847436,1.0037756424419944,0.9727066720401847,0.7425585630129959,0.8620711851240372,0.7815550465163855,0.8149875657113217,0.8410947334710253,0.9523106469763535,0.8421810406643121,0.7645341646795066,1.0409771616876948,1.231171984466546,1.0612899251513748,0.9578536520730333,0.9822646036130427,0.9555890335055636,0.9819804993881855
2011-03-31,0.48674428890094945,0.7846258352566757,0.6388752069792576,0.9161901560642635,0.597931963746059,1.0,0.913951129488269,0.5596649610713342,0.40390430428422763,1.1092516029298276,1.0285295379276358,0.944364468230722,0.7223994385639173,1.2927800090506139,0.7162809965214827,0.9039493021048416,1.3505903680399327,0.871835042788969,0.7593240667780716,1.0347276106836532,0.6128778241047884,0.8954012286761908,0.8262310630074814,0.8116577323455978,0.964998174846913,1.0546710522000777,0.5985923020799657,0.9830719661588729,0.970886760078263,1.0,0.855108047862285,0.7076082338875437,0.9490353983145196,0.9761702908474619,0.851672452753717,0.6515139637774372,0.7488102829815008,0.7261246828355187,0.9179861129264657,1.146999039495459,0.9963681582310376,0.9594080453486324,1.2884671860279713,0.7737626900585611,0.6568300725675074,0.8813126294725884,0.6017114777902681,0.469296484621468,0.7474617968142535,1.2535123592810822,0.862719290206057,0.5631387358931128,0.5450650027005595,1.0599620976107738,1.014766613596572,0.9697778181457171,0.816093702765159,0.8834495296909306,1.5752995790957338,0.7671749660566848,1.028066021106963,1.1157717068282116,1.0392654473546652,1.1349896257087932,0.98131116505827,1.005760526822739,1.118256796257679,1.0451136176123264,1.0192400972601778,0.6474999525493939,1.0259588257523777,0.9900879577770914,0.6673295554086035,0.7412368123476429,0.6372647621631207,0.971647089061219,0.8667278974910434,0.7702430180464127,1.0006419592192746,0.8611886221573649,0.49324837184793746,1.0239391099026247,0.9682155383767417,1.0,0.8534031612612257,1.0,0.9570119359049213,0.9590316672247841,0.691526254569917,0.5690176969006893,0.6518513001167469,1.0430718508381007,0.9471355958646593,0.9954846852868504,0.8930067562487639,1.002942457420488,0.4616726375479532,0.7703591523913923,1.1090793872175364,0.8316503905924949,0.6500106853926039,1.1861468239011217,0.9101199787713116,0.6775939392337742,0.997821905746134,0.9540324489911369,0.9627447521350767,1.0,1.0784003806448248,1.101964241723818,0.37425581297291566,1.0,0.9564309300599118,0.44117795800013127,0.9864366860859932,0.8854150734145974,0.6245063719419837,0.7646874394742655,0.6538585528035554,1.1115091326440956,0.914411779277486,0.7373041838621608,1.0985464269398713,0.952597066309072,0.6481307815691988,1.0144935459298567,0.8897399127549227,0.7910469054428582,0.9025124464815044,1.324499736167431,0.8680968115883112,0.7235052557991934,0.8761542715567944,0.8880367010344901,0.7485655642263653,0.9720105344049157,1.0866294372379823,1.0,0.9295273156626725,1.1847486158559197,1.1061623576380695,0.8461388648826442,0.7656841188006929,0.7763505642041488,0.8636115289596004,0.9965198056266581,0.9720830836264102,0.7354319364392234,0.8510107698841669,0.7747773813665862,0.8110259690363639,0.8273426914151756,0.9490541309270886,0.7950565081154206,0.7648598989312138,1.0315229623559559,1.126582269939534,1.0617882128438396,0.9142982132733857,0.9806420634832914,0.9557232289815697,0.9852889986942014
2011-04-29,0.47558421361546166,0.7801065285069219,0.6374249302020045,0.908019091502787,0.6189712830819614,1.0,0.8403166702085879,0.5273799106657522,0.3999104223107056,1.2132861014345404,0.9041298515969418,0.8979335780840862,0.6601503732315354,0.8661599444415048,0.6827246711612933,0.9143726495953253,1.043349489155712,0.858196228024557,0.7378492097811686,1.0355832127954694,0.608702485685971,0.8966061286698204,0.7088290542035445,0.7606504375898909,0.9626061986581177,0.8725692702268941,0.5955431259248041,0.7868242367049744,0.969468213917108,1.0,0.7689930962368007,0.687766183700224,0.9275203124741771,0.9464996652472661,0.861469392922529,0.6192106718699468,0.7357036803790511,0.7157709478448113,0.9229430929099443,1.10746739955583,0.9963191215393215,0.9715271203513468,1.2857744715327912,0.7757709631530292,0.658354449141384,0.7908830708020775,0.6005968150381373,0.44646709040458055,0.728460499665643,1.2832178718761948,0.8039222345080715,0.5585344207969101,0.5454536851807379,0.9663577512455239,0.9969162440953392,0.8109620129903483,0.9023139402790872,0.9519698719695864,1.551484363500457,0.752596100589015,1.0694630715494617,1.075759867577414,0.934902024288856,0.9194027336877582,0.8291947942087075,0.9573949275894997,0.8492230103716866,1.0460913515289854,0.9656510705696111,0.5799068557865442,1.0154269118827315,0.9897884057865637,0.5315346587899383,0.6693761203696056,0.6211724985251097,0.7770647158180307,0.8113466259906555,0.7495771992834259,0.998898563456364,0.7463411428956386,0.47875590097083265,0.9755985925152315,0.8988026675257753,1.0,0.8257373556355625,1.0,0.8900142521238638,0.962114974535525,0.6411391754235866,0.5935903850177031,0.6307792614654495,0.901506538989046,0.9105310127842252,0.9589244880693664,0.7489078910877042,1.0055896357945469,0.45621333501188754,0.7502932702593935,0.6690843848229083,0.5839976547183106,0.5805499942377381,1.0037060049279023,0.9259480812404557,0.6613371640825644,0.8804232974568316,0.9409843228583563,0.961558059379669,1.0,1.0592925958587216,1.071779514952982,0.3768264546375324,1.0,0.9565912325002924,0.43969247954905777,0.935181099962604,0.7274905209506103,0.5818321241207595,0.7634740134131122,0.6353392883284261,1.0081765938350415,0.7805115987752465,0.7312765510184424,1.0596966634566438,0.8460743620598741,0.6180426102055001,0.8873497763205911,0.841316473724245,0.7284031120904293,0.8846615435776375,1.1061481646460996,0.8683769421449786,0.46519606315919804,0.8761475283891449,0.8895439939018404,0.7598498420113864,0.9755100511474077,0.8793960223204131,1.0,0.7984117062755114,1.1771481447317365,0.9135713871489941,0.8459313627858435,0.7355590441419765,0.6462855537100599,0.8597296020526936,0.8980150290365914,0.8970642104117793,0.6069086892127344,0.850981915697631,0.7617052937508418,0.7951794806042166,0.8141778459660544,0.9175305612195213,0.7286538194182969,0.7760083988333093,0.955012742082403,0.7270255585079266,1.0230124606559252,0.8953261780762314,0.9208999767957698,0.9070113913258412,0.9420367238237173
2011-05-31,0.47610388044067664,0.7673808077265923,0.6358411536706832,0.9081857722063179,0.6157844609014564,1.0,0.8212815531993451,0.5275677880007075,0.4002556244837703,1.2736194492122763,0.9147253779408271,0.8922313032174152,0.6569423911298703,0.870271969525975,0.6826120747661597,0.9081654083718793,0.9351208037621239,0.8724468856577774,0.7364295443481386,1.0356256766733638,0.608672945796856,0.9178315871206917,0.7172625374555124,0.7270024505080748,0.9626834322689661,0.918095844821096,0.5943410912220708,0.7687290653727745,0.9696765110276518,1.0,0.7511714066249018,0.6875311798089088,0.9269721730592537,0.9463948207874485,0.8591206268575462,0.6174897794994649,0.7063864769171071,0.7157404274906055,0.9254554822034984,1.080024146633498,0.9962578250603379,0.9728675340417497,1.2892253085559595,0.7749215710471424,0.6570866323283516,0.7514588391627215,0.5988530783140471,0.44642425917068995,0.7065783682246425,1.2643187849326591,0.8035887619568608,0.5581224847765067,0.5453555838731616,0.968822033287322,0.9728873167298523,0.7895873086143215,0.9475982303266511,0.9640888684401202,1.2768105074504619,0.7369130680524602,1.0022412043322424,1.069080198142554,0.8502832720172522,0.9104526399872724,0.8270024421469165,0.9361492028721711,0.8354411432128661,1.0438298637747407,0.9616248242832216,0.5755855165333915,1.003765101576802,0.9889612679299938,0.5317568004412463,0.6675362806588634,0.6126303630563671,0.793609565517436,0.805267851360297,0.744489744235246,0.9981637661886413,0.7380881100950014,0.4799987803810891,0.9765553249640482,0.8971987510158956,1.0,0.8228504365498241,1.0,0.8779726170222891,0.9624509442690401,0.6443031155610064,0.5952188668471403,0.5839047912018964,1.0137954800691582,0.9109129481807741,0.8714170504322106,0.7477660102370411,1.0032834364822756,0.45267702589146763,0.7522633850394633,0.632736259201182,0.5593038948833085,0.5488333320255083,0.9876220752082138,0.8798637659626617,0.6320231464468191,0.8670276537964328,0.9393067031734387,0.9617507360309783,1.0,1.0691561461185572,0.9932972242957842,0.3777939024195929,1.0,0.9549874740551658,0.4400583580796089,0.9020562868424664,0.6747074491504976,0.5783738125983934,0.763586544796885,0.6382493676099568,0.9919813854942792,0.8343820064865961,0.7301752725540067,0.9870409620943378,0.7126168535361621,0.5921042429195035,0.8827841170504861,0.7555538882974743,0.7363120081243522,0.8501928534189015,1.0654657641781866,0.8683112589536925,0.4647060370965216,0.8761327592694255,0.8842965131946635,0.7344621463666181,0.9670990510176232,0.9437280271289594,1.0,0.7361417183089671,1.1528838528055538,0.9007938006466227,0.8520711299961801,0.7375905346268257,0.6316673616175605,0.859739245454054,0.8932153817628528,0.906398968889008,0.6013810636805055,0.8430085936189211,0.7559218458698681,0.8002428428712656,0.8121558543788285,0.8925746229585512,0.7314411442168349,0.7643788106445342,0.8332033808081456,0.6999911044587689,1.0203674618404992,0.8410793020474456,0.9149866220185847,0.9062041583273819,0.9442092362241162
2011-06-30,0.47747389413453556,0.769537440189127,0.6519256807025217,0.9082536455157058,0.6071701220071954,1.0,0.8378352756876896,0.5352765664628109,0.4010521230365066,1.2337733458622595,0.9376005002500816,0.8846021807439698,0.6536672784776683,0.9139644860261978,0.6833790203958678,0.8870237049034873,0.8332624608445532,0.8698594331633169,0.7287386807565988,1.0350403252182878,0.6086826613962336,0.9070446323173291,0.749399112471801,0.7776902064207711,0.9633009882267832,0.9324081423606895,0.5942161983874567,0.7463822626837627,0.9700275779390798,1.0,0.7583096403372296,0.6871108391376404,0.925569133004679,0.9461715315116164,0.8367180169085835,0.629251532031502,0.707056703285577,0.7168433503113772,0.9270444939830664,1.0648055990907688,0.9962300676579174,0.8939396717205838,1.2873720768050039,0.7666595245394476,0.6556364183750298,0.7211868435655422,0.608627321216155,0.446030597441637,0.6996650674687341,1.2334344548345098,0.8038185022774618,0.5610785202188839,0.5457313047825378,0.9628592484861266,0.9728817211496114,0.8109902217693329,0.92513760497592,1.0249538746675486,1.2648756681957243,0.6742630810840706,0.9293800736647833,1.088021904897351,0.8244400601710495,0.8773452909554633,0.8045948209020856,0.9332439877141093,0.8234020347647422,1.0363947598836964,0.9558216677691497,0.5789853845408016,1.00040748756276,0.9894598241174087,0.5330788148066652,0.668621821211721,0.6255238817557147,0.8365813208210718,0.8122855907573837,0.7522316109368947,0.9979828426955158,0.7720099514866815,0.48175729132295253,0.9961673929383829,0.8945629176555997,1.0,0.8239358793448579,1.0,0.8770956025299806,0.9620533029557441,0.6437877934492948,0.5756786086052551,0.5823830735649269,1.0438368688236328,0.9104420182519526,0.8094655691396405,0.7061769727826633,1.0141458865156756,0.4355350121012611,0.7654374019685475,0.6313523401979433,0.5790347571737975,0.5520740668446595,0.9694080997057698,0.8798723873765314,0.6344383793599356,0.8738747248782583,0.9339493281711135,0.9629860796475413,1.0,1.0711859274043736,0.9902912315268254,0.3732699998332263,1.0,0.9544339721440532,0.44077773243924634,0.9102252592671963,0.6783065741436751,0.5782383341588927,0.7639848590664771,0.6451090275452845,0.986275924079812,0.8304791037753487,0.7342271160798214,0.9401348141354975,0.6667310927025352,0.5823270629736121,0.8665565984872378,0.749882277832139,0.7203882460724389,0.8437457158250539,1.0807464638419106,0.871023366652709,0.4787840763409271,0.876262843569483,0.88436755893904,0.7341577411622511,0.966136445548104,0.8718224759500272,1.0,0.720243408065217,1.1372733087624707,0.8496734877377623,0.8479944370041237,0.7474568749496291,0.6689753866008608,0.8603494652385102,0.879609889138805,0.8716068748471668,0.5771262992505208,0.8424845183297722,0.7457534263445122,0.8064668578499604,0.8120524652724794,0.8964803589122483,0.7460466124762647,0.7642743873214017,0.8375230291996418,0.674601804367374,1.0160750426891738,0.840955740611723,0.9005458945552446,0.9031933200945352,0.9322217631309029
2011-07-29,0.47841381186077614,0.7538659171164801,0.633255343541524,0.9082109339682912,0.6070620707857949,1.0,0.8514008195511055,0.5349460233138288,0.40177685402221464,1.1865709998682994,0.9056367192472432,0.8897098530859581,0.6455157681283845,0.8439098612929382,0.6835959441601676,0.896893870777609,0.9866456583426916,0.8853312976810713,0.7228703104045836,1.0350200314105342,0.6087299117614546,0.9172774135819071,0.7644810374571229,0.7539862154330667,0.9693248275783113,1.0197467472926374,0.5948583658257058,0.7264796299755091,0.9701170819079757,1.0,0.806334014498387,0.6862618903709261,0.9251569343958135,0.9461633535918795,0.8580630723200123,0.6158840208492983,0.7076757683998751,0.7165537180817954,0.925657134899068,1.080369820801545,0.9961823188657065,0.8526051474873378,1.2456562494456054,0.7725029360029168,0.6554372274593395,0.7778598592551846,0.6078835050627367,0.44375551322821893,0.6863880746282629,1.232884666848769,0.8034155922596615,0.559492916005476,0.5453822863957136,1.0022119987688496,0.9724459910673936,0.8159580033786685,0.9092213550752662,1.0292740731737158,1.204816917586796,0.7005569174293597,0.8733271718915141,1.0770509918875697,0.8353896951074944,0.8762729462903992,0.8020443469888161,0.9372247144050372,0.8407214649214996,1.0370027418066523,0.9603322428507645,0.5830463913507042,1.0058155401866826,0.9885614648036765,0.5315953433997286,0.6627474851755439,0.6139169079221036,0.812291065174542,0.8317891011374092,0.7313130926959976,0.9973973913415715,0.7756713750752883,0.48182644634782956,1.0263860112693959,0.8970759014231964,1.0,0.8229213791034637,1.0,0.8782005576256501,0.9618201768728986,0.6398530488917606,0.576836964883867,0.5841106250258143,0.9955146826214945,0.9102768493640404,0.6781944920104512,0.6731564375298564,1.0038056737918746,0.4318131488405095,0.7344066019081297,0.6514827814127888,0.5819844422335056,0.6024441345675935,0.9925855317956558,0.8783930960908052,0.630541421503757,0.8457372120149893,0.928823615277291,0.9617479750427375,1.0,1.076597502992192,0.8849270171768983,0.3740334477459548,1.0,0.9542882131939989,0.44078636746780164,0.8835207904450988,0.7006064216334607,0.603577115142947,0.7642299864748019,0.6540047836309324,0.9853627953947414,0.7412391806145983,0.7331411956145268,0.9531697508308168,0.6704549355652157,0.5757461485428965,0.8832640611389796,0.7686250064466497,0.70821589894964,0.8528141266052562,0.9965919834867616,0.870876385437459,0.4775079395203625,0.8762140624505994,0.8845461185553114,0.7329149261292762,0.965371910239154,0.8326024775476306,1.0,0.8089042152677758,1.148153372032434,0.8326463481418045,0.8465259087221271,0.7374245486666491,0.6292272924341289,0.8600419252427787,0.9215029490752149,0.893278459302352,0.5836737858682028,0.8424802351934699,0.7420059861294017,0.8033563648617434,0.8123350027645238,0.9064479537633279,0.7379417088337561,0.7625461815617018,0.8309140643742654,0.6583985715848688,1.0176625704676159,0.8394545499442314,0.9099865036624528,0.9055168501889816,0.940035812826992
2011-08-31,0.47071817252642656,0.731341944481307,0.6636906884024993,0.9078492749073269,0.6200956128637467,1.0,0.7488198573537501,0.5228908953515918,0.40007875495589396,1.1921944684140497,0.9003053768687985,0.8911390654664297,0.6296483346928984,0.8762735970684644,0.6829060581028576,0.8961234234939592,0.9831850370761747,0.9186294166629384,0.6956899386785369,1.0351904751341887,0.6084717971777562,0.9097597837724121,0.6519253494589685,0.6745048898573877,0.9682251018991437,0.961439452149209,0.5977753024919104,0.733335894125408,0.9714000977366427,1.0,0.7929240118942021,0.6857954030512688,0.9207771177427175,0.9480104045677236,0.8818693161414958,0.6121861536110933,0.7056567923208139,0.7140580212802918,0.9386828595985145,1.0715342614603358,0.9961870573176795,0.8124948606341656,1.2220980781714639,0.7644131044312272,0.6550198607297195,0.744961167127695,0.6190917409753725,0.4438363311013036,0.6906554378226168,1.2150474464164764,0.8034831884630287,0.5556784742425536,0.545041669561181,0.9909277909598222,0.9832556255539072,0.8152283432263422,0.9766548127744715,1.0944145493199156,1.192452376874637,0.707300557423203,0.858598580483976,1.067165864579143,0.7731358572323126,0.779653649315219,0.7499644076390466,0.9266262751423789,0.826441517681533,1.000649368245373,0.963810193135168,0.5840209927332707,1.0024118057249476,0.9883228722020495,0.5206531526590737,0.6566389280303959,0.6072044228900659,0.6720606201767074,0.8221585979269178,0.6981799137053909,0.9973691072725818,0.6797873529971925,0.47254761833478076,0.9367959292308391,0.8979806421570372,1.0,0.8213988780628882,1.0,0.8788945489652027,0.961380412228066,0.6288195775675234,0.5452359105722719,0.5748025932345846,0.9296523851748926,0.9097113457157143,0.6388528618342355,0.6378536502006955,0.9602761865786628,0.4311485121926478,0.8223205634577637,0.6520749190565638,0.5632971737851853,0.4430508841447657,0.9385045527600254,0.8913993559706748,0.6325573567567423,0.8478527313421715,0.9310516289252211,0.960998362436081,1.0,1.0886397732265791,0.858084358265643,0.3756404198055272,1.0,0.9535204514549948,0.4398327007392512,0.8556546830915945,0.6464447550845065,0.610192987481546,0.7635314906403812,0.644866168049445,0.9760020906269847,0.8125069733933782,0.7309435357427587,1.0052537640397436,0.6725166562684322,0.5778756342153561,0.8648788664064966,0.7679237152866508,0.6988551298330247,0.8640005694138247,1.039306155993106,0.8672214661345833,0.44363863802916925,0.8762152051935679,0.8862138870904452,0.7401812181180492,0.9666613684926969,0.8227147000335154,1.0,0.73624834927163,1.1426427605180127,0.796404650859589,0.844265484736072,0.7137552672502889,0.6151165356312194,0.8589402796979179,0.9598151493774828,0.8982219551536924,0.5801817545708599,0.8428124908178739,0.7418309291340655,0.7714923420808455,0.811671451111537,0.9047203702668462,0.7025535734735222,0.7622175232346245,0.8513788055961031,0.6421708775198993,1.0166902408796266,0.8405071534993998,0.9087451467970834,0.9080400094746341,0.9452887613239211
2011-09-30,0.472319788791428,0.7021650056484664,0.6191905541145516,0.9079280033668694,0.6210930678520994,1.0,0.7302817597565541,0.528501591244861,0.4019182530653018,1.2084283283590476,0.8199254504180639,0.9175667960301682,0.6254413866430617,0.7601987889408007,0.6820942273128654,0.8695926677538671,0.9754003162834353,0.9464290888280437,0.6946949744629073,1.0337155506300129,0.6086030581291358,0.9111890701493727,0.6515091120240728,0.6703854084870915,0.9619274472783247,0.9400586686341872,0.5948566877461574,0.7168540876714865,0.9733622033488092,1.0,0.8928070627062505,0.6852654557887563,0.9241798561424786,0.9470730223722327,0.8910061868100543,0.6100923783194523,0.7057417112942532,0.7140292382870062,0.9402888601474437,1.0191903137355112,0.9963905845802756,0.7965693487137002,1.140548256861308,0.7611751455314576,0.6614333684343654,0.8433450242647325,0.6556225969005157,0.4462677513824066,0.6733451656514472,1.2262721775206336,0.8033108861625727,0.555712348228579,0.545106429847056,0.9773751783595807,1.0079269877271886,0.8138289536111574,0.9754985952356227,1.1088676670092381,1.1682499339046064,0.6975016986916187,0.7854364564940645,1.0680287418862588,0.7995637249326976,0.7908359871036168,0.7559319577363544,0.9416703706956373,0.9386174386295418,1.047631424800594,0.9908152762887653,0.5490314977041131,0.9461017645105287,0.9876926451029089,0.5212773946288445,0.6524533324322783,0.6104145958665657,0.6535126331977162,0.7955559120645614,0.6994565946499289,0.9963853818253009,0.6579451298340777,0.4745368544160051,0.9509503350216065,0.9090289797634071,1.0,0.8215465186540751,1.0,0.8807498718115803,0.9603820196122456,0.630047232825045,0.5618113452443607,0.575216609450633,0.8869042825736612,0.9099584860705978,0.7237418816952335,0.6564315564237797,0.9345443023135084,0.43110511882966485,0.7598242446933833,0.6600869656208053,0.5638653429954379,0.5281935086895144,0.9557503909402366,0.9157943684613703,0.6360791712739868,0.836339656170116,0.9135727489661193,0.9620292280964123,1.0,1.0954111694254176,0.84707117994137,0.37511646626119677,1.0,0.9534597768912393,0.44037862718346565,0.7997078792358632,0.6181696798963323,0.6700078853998873,0.7676423640182973,0.7086995047140537,0.9660971811423127,1.14291073780231,0.7259537094070412,0.9772132579371482,0.684427968110955,0.5840471944769582,0.9401431896234111,0.7809596916965345,0.7070423276365321,0.8800545048320364,0.8804139436435017,0.867388026829834,0.44315947886741913,0.8763269314147232,0.8884785305914931,0.7571596270201693,0.9684495748058151,0.8817993862872823,1.0,0.7601936125751716,1.1323572514675273,0.7909610748860648,0.8448843802424959,0.7111359415291505,0.5715562941646652,0.8588494559036435,1.0508041295982848,0.9754397086367919,0.594873823702301,0.8433256019200495,0.7422076142417049,0.7711247184324108,0.8114497233738457,0.8994801956283967,0.7025349741629168,0.791770196629067,0.8558741933295957,0.6243338193640476,1.028560692275349,0.8389666421823206,0.9595287220441397,0.931189980552975,1.0004141625217327
2011-10-31,0.4722943002724015,0.7056540082176718,0.6747602604914245,0.9079279362619317,0.6205044532250965,1.0,0.7217661954495413,0.5211030024784156,0.40080373821569804,1.1192602107833416,0.8752869701400727,0.9122931641314883,0.6282168932659957,0.909346132693351,0.6820303827274681,0.8602351572259533,0.8718335872609816,0.9279855170703246,0.695849559303517,1.0304218372376985,0.6086449646681609,1.0751498351150743,0.6374133386564265,0.6661728034638599,0.9622011116314598,1.010559607107927,0.6145329100994388,0.808726278003574,0.9735026573958524,1.0,0.8722752098891344,0.6879016072101887,0.9126334118049507,0.9476058622254316,0.8796833493484251,0.6067110106821032,0.7064863731267542,0.7140007548562671,0.9367156247319574,0.9973923519151128,0.9965881985599376,0.8011256935695662,1.1425315703026355,0.7688446408793418,0.6595273710597697,0.7967899008120373,0.6391988799405546,0.44668373873824985,0.6831533907903112,1.1037402134507848,0.8033934189531424,0.5556056958213931,0.5457531076718899,0.9958358974678022,1.0105680727618431,0.8115701211155067,0.9770251047416467,1.0649891053879237,1.1648555364217688,0.6792281895416497,0.8019545903726659,1.0659800240400148,0.8039080763437371,0.8043610132437408,0.7555260062754687,0.9451406590121918,0.8964084816910426,1.0336235361101513,0.9832146909954702,0.5491043872844872,0.9220975292281065,0.9887313820855612,0.5259395574360111,0.6707136420979498,0.6107643872273494,0.6296499549026788,0.7918639294104745,0.6992335899331996,0.9965268747222699,0.6438049762939297,0.47494611979254053,0.9325132718232185,0.9026776725706455,1.0,0.8214930324726221,1.0,0.8764889317946231,0.9608245582443096,0.6305791563978376,0.5448058998946491,0.5824151568434632,0.8535731068015157,0.9107292734906636,0.7417484887908231,0.665980077325363,0.9308462336799894,0.43024883491316834,0.7863088409938312,0.6497492566267251,0.5455525706492177,0.543817351280548,0.9369525991594582,0.9154728285433706,0.6352886026415674,0.944162492094164,0.9135075127354136,0.9635363444225435,1.0,1.0862620875432836,0.8575099298470434,0.3806301659838769,1.0,0.9562475312554313,0.44002741823069713,0.8247634745278666,0.6021337148401668,0.6464562701102317,0.7660922562681508,0.6886717326781606,0.9541307895096327,1.208902575580301,0.722932611165322,0.9599823229987672,0.6868469499639087,0.5865673463543382,0.9138815029200217,0.7803720749681262,0.7082988628158166,0.8750164212668197,0.888485558108044,0.8681124998710822,0.44278832281765146,0.8785201695616232,0.8881467055848766,0.7549360169951586,0.9702088693220148,0.8696486952775604,1.0,0.6987619970048891,1.1678045882246781,0.7977908010410978,0.8445354323918257,0.7091826075831051,0.5507668540323034,0.8588430546102446,1.0411909157842278,0.9659136340485197,0.5843828214420638,0.843752592137072,0.7447415068107281,0.7706472347433035,0.8115848275716565,0.9000985213841867,0.699560687097474,0.7687831513632262,0.8816860067392825,0.6171883816222602,1.0274177918574023,0.824725772595191,0.9532250867760905,0.9267229288218221,0.9955392007248056
2011-11-30,0.4727227072069201,0.6929033040008911,0.6417382333285978,0.9079049600888066,0.6216680235661128,1.0,0.7246012136811202,0.5200521373647868,0.4022780476431007,1.089262931166552,0.844652609296149,0.9235092123921029,0.6304043699978616,0.8532357694153007,0.681850635335544,0.8318232219083392,0.7737205362772521,0.9553403365469944,0.6944614045327542,1.0309323568864202,0.6086113209961548,1.0052793679622818,0.6420775764705489,0.6482402295755403,0.9628073243074288,1.037454069503289,0.6065848398546754,0.7866996643256128,0.9763095880643847,1.0,0.92949267745803,0.6883608895993509,0.924003373708477,0.9476882153654062,0.8919600414663882,0.6018927580179888,0.7059607658199735,0.7140083463577537,0.936398478755758,1.0000286334823734,0.996368692657102,0.7880557864286959,1.0948196245301223,0.7670830997269347,0.6617053365717593,0.7860220469757386,0.6518920463201914,0.4487579648781691,0.6771722972994432,1.1027120780939028,0.8033845095121732,0.5561788440007067,0.5454948548308387,1.0280069112603794,1.0244305285077904,0.8096976789832513,0.9772965794037908,1.0778609271046944,1.1270759651856488,0.6232728422342262,0.7660931095302003,1.065612165688264,0.8051366217582602,0.7721705855387649,0.7544915203856237,0.9508148745403487,0.9436557019157208,1.0524319065069518,0.9788505268456854,0.5500497584479156,0.92949493488122,0.9875184162597951,0.5231486121173314,0.6674199616847362,0.6120072931991287,0.6408479357486305,0.7940197057484095,0.6987343930338519,0.9960181857624365,0.6408891504483651,0.4757581249688454,0.9485741997306578,0.9091195513006527,1.0,0.8215392378846549,1.0,0.8744067792940461,0.9604143828101752,0.6323841441483802,0.5759228807346268,0.5783694803429359,0.5872668793660043,0.9107499468520731,0.8622396553858895,0.6400880415014596,0.9520684808937458,0.4340149689950835,0.7763885365200351,0.6551119098616132,0.5600455480484027,0.5264309328094818,0.9366926057116339,0.9316808344330684,0.6403804046310219,0.9188601632756741,0.9084510202847529,0.9696535859305805,1.0,1.0947797291732089,0.8776815661679528,0.3840536032541553,1.0,0.9551786383951353,0.4401035164328476,0.7681619064562237,0.5982029635744921,0.6598053896105909,0.7667655921310836,0.7004247952536939,0.9587507456138541,1.262606010542949,0.7233927028865397,1.0776803310568692,0.6526052517739719,0.650760186780114,0.951758737363759,0.7932342828905565,0.7204447472034565,0.886955068712831,0.8600905765190924,0.8669600782511091,0.44319413792266127,0.8779729780674741,0.8906828312034668,0.7703923429360137,0.9724155827193969,0.942614665063423,1.0,0.6937857271701031,1.1456741211733035,0.7905344034162349,0.8454425319961278,0.7093529081570087,0.5658607293933846,0.8588351949166559,1.0551958480263832,0.9870468506653598,0.583279470694298,0.8438201790798272,0.746327438442346,0.7704900208472198,0.8117128615889979,0.9087417645675984,0.6991674175858351,0.7948973261102725,0.8751824973297431,0.6081690292318576,1.0304385201485529,0.8262396062598304,0.9682242866391862,0.9371725521315866,1.011157903314201
2011-12-30,0.47351149706391193,0.6802381695241813,0.6323489033554195,0.9079044748980584,0.6199320425164432,1.0,0.7151799466906781,0.5182780263857238,0.40386322129354,0.8823869338364019,0.8021096031930081,0.9414066307377884,0.6287406104899874,0.7960477584163423,0.6817012853126705,0.8190371230237855,0.7211151404310994,0.9659373246482519,0.6943079949683388,1.0273271151634173,0.6087407630829089,1.0344091006632656,0.6345278679175446,0.6520673756213254,0.9603916204812559,0.9938872921593,0.6033219603005695,0.8121435029090738,0.977184090304619,1.0,0.9767635425676369,0.6890295427625284,0.9219551399754741,0.9474500921958998,0.8822585600202852,0.5998935501184453,0.7053767505312731,0.7139933662370432,0.9407255856484081,0.9858248615588862,0.9962647996926796,0.8166580343997052,0.984493674422573,0.764737354683501,0.6650132284028507,0.793637634371464,0.6411549857925115,0.4489662594307672,0.6753853478651919,1.0903754350569699,0.8032962881953831,0.5559666717052054,0.5461552805351693,0.9690448397020344,1.036045568301679,0.8172937401864309,0.9744311741498853,1.0654375313250561,1.0950823294183119,0.6476453099506607,0.7670816893509367,1.0570757361254597,0.7568004220774985,0.7472538918463207,0.7384879791029675,0.964971576513773,0.9633613961546964,1.0687451003825432,1.0140402297127034,0.5491313715736651,0.9233408730624764,0.9870939741259643,0.520303193889457,0.6691299170918836,0.6193798008385197,0.6306208302139785,0.8191491038569682,0.6983877533704117,0.9958211818522205,0.6309566960693922,0.47713868013499394,0.9360621777072998,0.9155704238861581,1.0,0.8215966165616897,1.0,0.8800866400344056,0.960052470114763,0.6304284825984301,0.7288069593237423,0.5759918429745715,0.5850738563700488,0.9103528696955414,0.8862639361255229,0.5791606253291912,0.9505275822378455,0.43144413473499466,0.7595531754730043,0.6648483748551918,0.5273668856579821,0.5465048295040698,0.9264419354853951,0.9479104363574297,0.6582025214398016,0.9145958954110547,0.9018881073233629,0.9678879930934212,1.0,1.09665535916414,0.858036652904931,0.38149736167139225,1.0,0.9558407983667147,0.44003246152870845,0.7508447377348801,0.5865809375741456,0.7109226035610633,0.7748481835036792,0.789488149914415,0.9388806024517701,1.2893135896101244,0.7220981457131015,1.048834105203419,0.6534863866743836,0.6828532738341975,0.9694208078904067,0.8021095258630342,0.768770652676988,0.9427528652889653,0.8494930409384255,0.8664755716001751,0.44551478770961606,0.8774125413157106,0.8945404851742029,0.7943418400473713,0.9749499551628588,0.9359292096729828,1.0,0.684035693060817,1.1106754707135909,0.7866380439842116,0.8472186795827368,0.7080902873085516,0.5517708365299339,0.8588220839667264,1.0814788694318809,1.020391389549627,0.5865916437456304,0.844928695669056,0.7525105419415734,0.7703156036322304,0.8112126726267461,0.8838960309379215,0.6981672989559131,0.790401434057452,0.909172889991536,0.5903896285197686,1.0373568597935896,0.8182243587094014,0.9885163066399285,0.9561635570628577,1.02398128677792
2012-01-31,0.46987062063675855,0.6866110206483,0.6279631983758991,0.9078449087645559,0.6228788460182577,1.0,0.7179232060198613,0.5172940199255838,0.4007919266156178,0.9694156969503493,0.844118449555161,0.9362640287648404,0.6276349271952326,0.8637220198964741,0.6818476506204585,0.801284675590187,1.0055105035539325,0.9813584108353234,0.695217420743391,1.0343242967821409,0.6084261381244638,1.1394936713582873,0.6227390448676167,0.6452270521004442,0.9602719126462055,1.0572789801841562,0.605135226991979,0.825078945194897,0.9766608261025741,1.0,0.9461258314467305,0.6880214387007134,0.9099241297083344,0.9474694659540392,0.9341591624702278,0.5975703492042594,0.7047287403491698,0.713978420557142,0.9365541322027732,0.9591423051492787,0.9962984850567997,0.8203700111956275,0.9323126025283521,0.7498953050638035,0.6628967071874303,0.7435429598887477,0.6503131953313633,0.445269882236794,0.6677580544661876,1.0458211359353302,0.8032608401832699,0.555525458673974,0.5458357038408628,0.8464181323958526,1.0288291239846292,0.8065133250604068,0.9829026285970954,1.1030716406188763,1.0526798011673557,0.6339469172385026,0.7650324865819558,1.0705504722525794,0.7179947916763976,0.7004837911761586,0.7278983699378716,0.9577796486217104,0.9324088585152848,1.0590571459145013,1.0366682106778249,0.5543536261334217,0.8914404529399919,0.9860322747028478,0.5178413674661413,0.6825753479860717,0.6117718168565848,0.6152584500086113,0.838614893304066,0.6975485813228143,0.999697066956031,0.5999130692067141,0.47096427323144796,0.8942439251197462,0.9087005909950525,1.0,0.8214410177261869,1.0,0.8786431096505755,0.9606710197724297,0.6279535376222263,0.710478104474537,0.5816294037041811,0.5714337072898421,0.9112618217530606,0.9644715052198903,0.5942478897058904,1.022107556652364,0.4346656940161151,0.7356781904378757,0.6476023935833659,0.6026709938662804,0.5800351294832311,0.9379356324428251,0.9390357275726904,0.6589310658478654,0.9019915902245231,0.8985059422358479,0.970638093877936,1.0,1.099482566738285,0.8822282989426677,0.3777237244555771,1.0,0.9590126802158971,0.4396708476457881,0.7494823121846668,0.5991374473951114,0.6487063663382062,0.7687011470618017,0.7310224287719296,0.9594288560657062,1.258329811782721,0.7227537920599292,1.0604446714904763,0.6503334660271749,0.6723190171796607,0.9515731680474884,0.8098123144301781,0.7705398738326195,0.9446466847884138,0.832931792155865,0.8666239638938834,0.4422628340110675,0.879676649166699,0.8939204476639353,0.7858335083308288,0.9768464343191191,0.9177938518897788,1.0,0.6810860758745783,1.1325124034366005,0.861155249328267,0.8484897809163888,0.7082606206869637,0.5310766804773908,0.8588639231004995,1.0754599644694403,1.0192975381788296,0.5766144203695346,0.8446755098666444,0.75248610849588,0.7699905654043536,0.8112862353593764,0.8977623552905367,0.696466947564089,0.8134700736001814,0.8916930204372718,0.6108200434423774,1.0376532345443361,0.83691698481567,0.981676737770867,0.9485351824331104,1.0194087435728973
2012-02-29,0.4703422605516425,0.6738277359181688,0.6221785851295281,0.9078211115559691,0.620461928476284,1.0,0.7123995202529769,0.5181994549662029,0.40136051150610164,0.9763131295262011,0.8379992258658431,0.9377127389211765,0.6357547931681236,0.856119903564354,0.681852746486403,0.7874342279984053,0.8732079405954094,1.0034543659603297,0.6954525569769938,1.0343338257381771,0.6084559204981936,1.1408080985791784,0.6252244751276756,0.6367194575301404,0.9643439028407544,1.060220176853921,0.5992248235953248,0.8199720377552518,0.9812119374965173,1.0,0.9834062211324914,0.6935019817776558,0.908414313415538,0.947401547758034,0.9224058223661374,0.5965642835825062,0.704580924983055,0.7139823258571054,0.9349046105674521,0.9768914675175383,0.9962747831150405,0.8092783491406429,0.8532428625038411,0.7493361934754821,0.6639617939424253,0.7538308646229349,0.6450453977127671,0.44551215252875787,0.6675964901915468,1.0679272480252997,0.8033016564991258,0.5550654582394299,0.5469087115112211,0.663788381883694,1.0239901502315982,0.7988264614963042,0.9827419940845691,1.1227075872745174,1.0144840284567664,0.6572935641338926,0.7638225609035356,1.055684510302319,0.7319192599954581,0.6957217212505931,0.7268308580249243,0.953067250371386,0.9235492077523509,1.0553144619662684,1.0262374340687528,0.5484819153599144,0.8619566825529894,0.986196494781444,0.5198535528017436,0.6830500722445723,0.612904256233633,0.6321220613046454,0.7970562720735379,0.6972740403667645,0.9996451606304091,0.5984395099879167,0.47148653351759395,0.8871919944257709,0.9063945986024405,1.0,0.8214931805620755,1.0,0.8733866564054986,0.9612153559593615,0.6286547146784294,0.7204292895818909,0.5778798181101481,0.5280781222814257,0.9112494555462348,0.9294204836691863,0.5700764011281363,0.971669198884617,0.44842324900353336,0.7550914994247513,0.6455857760632893,0.7068935522627242,0.5738456496791509,0.9355164813880861,0.9479461229639036,0.6595387142814322,0.8918318496162116,0.8965713682933542,0.9718316688740758,1.0,1.1008131253816793,0.8269228422190116,0.43516413472153614,1.0,0.9570692025964151,0.4401053365656378,0.7243618536070071,0.604908737518542,0.653844670127012,0.7697391525096773,0.7406257573331766,0.9541986987332931,1.2427639004064748,0.7227364226363975,1.030720669458119,0.6499362079014166,0.6625065646167011,0.9445217958427261,0.810343457627277,0.7722463534521878,0.9492597152743365,0.8310870193184153,0.8664469495451044,0.4427806393238274,0.8796736570388375,0.8942232442648703,0.7796198007253287,0.9747720348826401,0.8715446536310714,1.0,0.6892471783935663,1.0994693215805074,0.8412561015854043,0.8477250978159268,0.7081932407229148,0.541748141440705,0.858898755267518,1.071976706459562,1.0219287678251199,0.5779399806551071,0.8451207829141757,0.7543410688711607,0.7700077587373194,0.811582731620203,0.9227482473426897,0.6962523480492873,0.8376205889530295,0.8883103958853269,0.6056909211075221,1.0377743370351473,0.8377225208909497,0.9769722859075756,0.9403935853504451,1.0154490885856813
2012-03-30,0.4733406059896993,0.6714946559377352,0.6092834882603161,0.9078269977754806,0.6179118781062871,1.0,0.7285108736802619,0.5201296156300839,0.40413234732369596,1.0311496391354789,0.839684492491134,0.9361533083979071,0.6297647346860727,0.8449304099712883,0.681944410309302,0.7866374531437821,0.9518289563298835,1.0361382696483754,0.6960524796769734,1.0342087320457127,0.6085246872370264,1.1305648470181844,0.6342550905686423,0.6339671492710811,0.96462301129149,1.132365468474815,0.5990030689190955,0.7970826625131244,0.9816673432649793,1.0,1.0610852836039537,0.6931330980415801,0.9035785064617953,0.9479773372641793,0.9397939395434596,0.5967622925509228,0.7051584811205018,0.7140006217644337,0.9254696289650632,0.9788922379594553,0.9967422731254167,0.7914119203804691,0.7726962550318359,0.7487850944898145,0.6630692574878045,0.7923014917671445,0.7166025887956808,0.4476016488571456,0.6641632611155872,1.004691096456204,0.8033414854684041,0.5553221899698317,0.549476828501971,0.657695753519576,1.019470070952138,0.798737885746782,0.9794530512953507,1.1796854632746914,1.0373535901148774,0.6189129446529893,0.7632824948980397,1.0536820942976521,0.7372264788457981,0.7075809691053668,0.7486619230190763,0.9498475621212158,0.9303814541635317,1.050253725632888,1.0152674584862493,0.5433776549064022,0.8612825883216396,0.98649317671717,0.5216574661464641,0.6934982373500495,0.6210142193178856,0.6885853666784467,0.74868793780364,0.6987389078923933,1.0016701823828449,0.6047766905369028,0.47662367826686813,0.867891129001342,0.9053679979593562,1.0,0.8215405240612725,1.0,0.8719307289462829,0.9610132730921906,0.6305799554785815,0.8015475925398807,0.5727270924464468,0.44756482863681357,0.910964778447553,0.9587088805529124,0.5493118687655394,0.9626035688197173,0.4497839444854561,0.7443724558715539,0.6303474956481633,0.7986862964783683,0.8821492441812506,0.9250592919434739,0.9511665710884474,0.6623925362050233,0.8998239509512651,0.8909604436369831,0.9716158937934495,1.0,1.103092192362897,0.8901604664030816,0.423487333421122,1.0,0.95937127581994,0.4414876657862773,0.703499224242863,0.618491292458882,0.6538725857734473,0.773688401430076,0.7716360793910992,0.9552959730638982,1.256874074050017,0.7247688981504825,0.9463495200490107,0.6484664988821225,0.6746480815258186,0.9453747062226977,0.813370293690918,0.7662690959331537,0.9544835460118977,0.8041737694057534,0.8666439922476697,0.4460413917985582,0.8797868074991728,0.8945408455095611,0.7829410287846919,0.9741600116968439,0.9363896822498771,1.0,0.7675110260625796,1.0893519713011806,0.8336578786771085,0.8474627894381584,0.708889553060779,0.5341828497570511,0.8589524305355665,1.0748675211017653,1.0137637369999442,0.5830340046172946,0.8456815714435997,0.766660055196544,0.7706438479054132,0.811962539414929,0.9506366100584724,0.695986130156841,1.182035344313311,0.8942593747308093,0.5927800930064465,1.0348472442046233,0.8361069169964686,0.9719162955726538,0.9362433970408982,1.0121355330700221
2012-04-30,0.47397384272922616,0.6679447888463805,0.6019954389008046,0.9078541166952045,0.6180304008661297,1.0,0.7449504073433273,0.5197052239082487,0.40622228631206125,0.899147972364813,0.8235798206287478,0.9427102932047847,0.6302087071776921,0.819999565223827,0.68182960694038,0.7532701732685083,0.9748458023353677,1.020841919747092,0.6969048370949087,1.0328157652549046,0.6084289591153971,1.1295246339010787,0.6394327078668249,0.6319613083447657,0.972033244231546,1.0944068079741702,0.605296172291174,0.7936050903436983,0.9821331824642447,1.0,1.1266637554264396,0.6925223853393829,0.8972905259651384,0.9477040447977663,0.9286619045734311,0.5978564357583238,0.7073498419808344,0.714002642166323,0.9250029184149546,0.9811921034403093,0.9971194879582123,0.7403342235923678,0.815327865922624,0.7494577764870094,0.6643894085975058,0.8413445350827073,0.7316430780574806,0.4483793895275813,0.674350325669226,0.9635432855610279,0.8035389635989687,0.5600167952342987,0.5475909544760325,0.7211149918888453,1.0170925905499875,0.8197917302284415,0.9781914028798412,1.1700048569576813,1.063375003251175,0.5976809159032395,0.7630001201443734,1.0613232117835008,0.7277097610947617,0.6869471740020184,0.7522521282907225,0.9473580943979474,0.9533094282106648,1.04585853658619,1.0300772590725669,0.5396017736270876,0.8798912940383253,0.9884170697437299,0.5206287883573765,0.6883055876091505,0.6130204061872011,0.6694789419869821,0.7494196883624378,0.70007104161661,1.0015282974446396,0.5987069315811113,0.4783305155537205,0.8336403842982006,0.910279999313492,1.0,0.8216002208749371,1.0,0.8676891461719645,0.9608010502354541,0.6306528285040114,0.8194239595475917,0.5716140978520223,0.43182173354773934,0.9098084217432999,0.9293691664192377,0.557230559520665,0.9462214888274243,0.4432714273351026,0.7650721526493157,0.6301583534138941,0.8015639496093081,0.9228341958878767,0.9062382503977114,0.9486102279895351,0.6752159843241792,0.9052912835411666,0.8887948847494153,0.973543982611267,1.0,1.1020853875644436,0.865602479604729,0.40757799498326286,1.0,0.9594662369053099,0.4410989571481243,0.6657878502841341,0.6071134276789042,0.710711297171617,0.793959292519665,0.8686065111888381,0.9508735943775352,1.2496328879441507,0.723943616905385,0.8966804863192808,0.6473751089736814,0.6784778529653228,0.9641067741769412,0.8340529016027286,0.7495890620328243,0.9591514966442671,0.8481819271298365,0.8672898957366524,0.4475221715170121,0.8804363154288126,0.8942649515744767,0.7751711988560173,0.9721285735932594,0.8138551534616109,1.0,0.7814599810105689,1.0718476652569817,0.8430147172975322,0.8488613735103631,0.708288359319481,0.5283686605027957,0.8588999557217925,1.0889357654117977,1.0246518803035685,0.5838920637698588,0.8465996463578556,0.767021293708706,0.7704222169893152,0.8125871072971832,0.9576179708041971,0.6958017453254832,1.3394800338788047,0.8662050011175809,0.5850102448222458,1.0344093189618164,0.8251821082364386,0.9721788275899255,0.9404859495375537,1.0128001415527734
2012-05-31,0.4771037042242423,0.6676748291791825,0.6015406041251415,0.9078137648051805,0.6114384433081739,1.0,0.7650987810876431,0.5193280756990251,0.40897172142769467,0.8128287355950192,0.8034480985364287,0.9599420815114059,0.6304031756594506,0.8059969277147625,0.6817932880714974,0.7482990129749929,1.0480940963737049,1.0071927234529336,0.6967307127488696,1.0334033889318226,0.6084558731928975,1.1389429131022335,0.6453190859496588,0.6343369635401324,0.9732006343348507,1.10810276311062,0.6039127638068507,0.8381694122443932,0.9843001639716431,1.0,1.2077733065859462,0.6914857419826339,0.9035464718034281,0.9471779498899352,0.9364605622279045,0.6066597418416448,0.7159366888812754,0.7140380698364035,0.9192584024463599,0.9690683371246401,0.9974720176864041,0.7677449157209935,0.8500030291895406,0.746486610015414,0.6776033021461092,0.8895155279969397,0.8543507245134274,0.4477975925218194,0.6870625804476383,0.9639184836584469,0.8037525368557042,0.5612783527280143,0.5473070028188753,0.7191626534075207,1.0496938282454302,0.8560289370869261,0.9789154619529927,1.1422137660104275,1.0922428221238696,0.5985321181111439,0.7629583380254283,1.0658117815679864,0.7238474581434354,0.7095175042583575,0.7703978580994812,0.9671577369854434,1.0115490003087722,1.0600529940651127,1.0801931157782683,0.5469688531819339,0.9074022128770312,0.9922020814929889,0.5190919355054414,0.6811949613478181,0.6250666361157466,0.6803328675047575,0.789601673939658,0.7050237265251851,1.0009310282356438,0.6114654408419642,0.4824205840932715,0.8198773663950785,0.9194171667402747,1.0,0.8214154589034912,1.0,0.8668893068376493,0.9594341663517589,0.6307003910464073,0.9103808311994402,0.5707299020742057,0.42807240342241415,0.9083739459390912,0.8915853188785597,0.5366304537873292,0.9426115456507016,0.437355475996679,0.8090334236043748,0.6704691666092973,0.8467133906428392,1.0784953706180904,0.9458744727686003,0.9522981442331483,0.678542684334704,0.9060356549129736,0.8879008256319177,0.975171825193811,1.0,1.1016263299827778,0.9537139455815781,0.38608135273113087,1.0,0.9610424486516188,0.4408215373076144,0.6848782225048193,0.6043247446265163,0.7437329867905689,0.8083523919827682,0.908729648909691,0.9549953070426197,1.2378994224928677,0.7249365542446307,0.9520044232401522,0.6913133867831984,0.7395187592653623,0.9680312205061551,0.8743110576165157,0.7893327698591216,0.9695706759647835,0.9686557339890639,0.8678562699116296,0.44805980140638246,0.8803448628060347,0.8959899716608086,0.7807896186559617,0.97215858899128,0.7970637014717651,1.0,0.8254878123212813,1.0541437045253228,0.8340974097809117,0.8508917076382329,0.7089437617253191,0.53542195715257,0.8588825091192585,1.1120671733566785,1.0444467734475604,0.6333393521588209,0.8466899955458655,0.7671456569277966,0.7713714199784991,0.8131472828993422,0.9685660653977044,0.697916631920046,1.1839140024128514,0.8605966625390364,0.5900644822070414,1.039988823170598,0.8373437581969676,0.9900984245444512,0.9660556512824909,1.023392950769952
2012-06-29,0.47628603542109405,0.6790621163825167,0.598156700087493,0.9077936892942167,0.618414686289634,1.0,0.7618227579826917,0.5198250340038221,0.4074497667072364,0.8024154316252601,0.8088948954641817,0.9471411665030065,0.6293093597175585,0.7963299910934809,0.6817540469748591,0.740521120317509,0.9577378209602373,0.9827371945688709,0.6968857488623068,1.0344941250788182,0.6084280919892118,1.1347048118289118,0.6347362648502464,0.6245128245161271,0.973371023264989,1.1042373772870289,0.6023063647311273,0.8889461887296519,0.9849252316306775,1.0,1.1724283607569173,0.6895633813359798,0.9025114371652511,0.9480260726330891,0.9216209839134546,0.6056046476777746,0.7299089924967419,0.7140119733523818,0.9226474629057902,0.9876333566092355,0.9981470915034087,0.7805104352762683,0.8690233721928236,0.744222086293828,0.6791673461704515,0.838971687879154,0.8318614398290038,0.4480456776494749,0.6899555566144564,0.9437155094631998,0.803778584500481,0.558329961228943,0.5468007277438629,0.7004191897797007,1.0643345559975632,0.855602966813681,0.9871184907447818,1.0975312826841876,1.0983815938252284,0.6213000199938992,0.7629345321569434,1.0689120362469986,0.7029381217780043,0.6926251906643407,0.7633833193169673,0.9692252356214451,1.0111572645349247,1.0610083329913713,1.0546629250134274,0.5575874951374173,0.9270310164925196,0.9919880897949154,0.5235104161049369,0.7018621683835521,0.6260589548282088,0.6677660554330951,0.8136969589548008,0.7019934129052752,1.0006419940410116,0.5953566416206324,0.4820335791570476,0.7909379915437084,0.9185686643937301,1.0,0.8215316179934444,1.0,0.871375116866075,0.9593174316819031,0.6299538445572948,0.9144669771707546,0.571291724888309,0.43049918494422335,0.9068035205112706,0.6592033896744729,0.5730234147524256,0.9424659946994731,0.43188649200931195,0.8208183365023018,0.6639474747505676,0.8415780230903481,1.111119729256555,0.932670763359229,0.9432318775545537,0.667241698450787,0.8956029468735038,0.8866092640440635,0.97752952771145,1.0,1.0993785495573383,0.9438323320909229,0.3807634364129502,1.0,0.9628155822585699,0.440328869412175,0.6841754763615168,0.597729091788255,0.6999961327632434,0.7908427453639096,0.8662559510035219,0.9563925061612911,1.2108501502093716,0.7237072577261459,1.0381532389520556,0.6860985185763799,0.7667290326886442,0.9630406847905721,0.8694538293816926,0.8016253808778002,0.9766669077357386,1.0487597237359887,0.8711806917397016,0.44495780380095284,0.8793120419541158,0.8952864900173673,0.7740811943505191,0.9709642558405254,0.7941691347071439,1.0,0.8021524149103881,1.0776641158704816,0.8765031530563456,0.8499912469952138,0.7079852733896006,0.5252047610334851,0.8588583675432733,1.0977651651368552,1.0118173579039111,0.6229476889404956,0.8471451827870025,0.7698730411960393,0.7708026957418862,0.8122781240889614,0.9714461432918892,0.6964189785126884,1.0449442909740192,0.8424947666723391,0.5788328722158502,1.0364669745732906,0.8311021350754721,0.9718952086387166,0.9523199159151898,1.0096061474423457
2012-07-31,0.4757107811812593,0.6800319487811022,0.5967149399677762,0.9077817346661111,0.6186424319806774,1.0,0.7655619617775921,0.5176716214241857,0.405516747374708,0.8450362534198573,0.7998029838665784,0.9547303649602715,0.6290128688196397,0.8019604052695033,0.6817048912346537,0.7280040282198446,0.8060765515637296,0.9802893739072377,0.6969470334994166,1.0345605826222695,0.6084574209775007,1.1350199227709639,0.6349138275567985,0.6218701313462938,0.9651914878888173,1.0861567626653224,0.6064794501657472,0.965367040789052,0.9819766809595449,1.0,1.195326815604957,0.6952372805755864,0.9076086923859903,0.9477873985014519,0.9124677814279716,0.6032963361806708,0.7247422284856095,0.7140227848012715,0.9223359657042501,0.9696920738561671,0.9981355268685461,0.7697597922256567,0.9179352643100924,0.7480466482238861,0.6791242792283132,0.8084600210351908,0.811139649944215,0.4492886134342058,0.7158468154737523,0.9367605386953148,0.8041485176745451,0.5572484276254037,0.5472008545259781,0.7301922291230128,1.074205972909968,0.875268870697236,0.9915530853004741,1.085128352609324,1.1666910105410788,0.5924088252202547,0.7629274292821691,1.0696915906894766,0.7173852606996329,0.7097205181969278,0.7752996887219146,0.9760633784459245,1.0485531515109618,1.069911827968587,1.0452924561134376,0.5560023924466402,0.9289540176128805,0.992127447001771,0.518759484612489,0.6989168062764197,0.6294403952456618,0.6645610520341194,0.7712921664899863,0.7022013603705477,1.0014877025609201,0.5917166461015106,0.4820240084268378,0.7524811858088892,0.9353359093702474,1.0,0.8219841193943036,1.0,0.8732995980219085,0.9592246902309375,0.6302171057457479,0.8922316236532589,0.5705997198179451,0.4173163367747158,0.9064104353439127,0.7219292230660119,0.5964034041417146,0.9615000449070965,0.4358805788877467,0.8172569448427485,0.7032815388239629,0.8621232683667364,1.0826805237313593,0.9423296765715008,0.9492398259626292,0.6683560931327313,0.9207196587397778,0.8864385269580459,0.9780865034454154,1.0,1.0997110318068632,0.9436352066475467,0.39367023014854574,1.0,0.966955329860267,0.4400855668200768,0.624581961825438,0.5902933456496162,0.6728749335821853,0.7958214980567653,0.8855355240259863,0.9595392630062458,1.2565450759459096,0.7228786700302414,1.0252535309590571,0.6930818452798242,0.7651943574030372,0.963194561215287,0.8698363422658617,0.8225221602594817,1.0122498960592543,1.1577093060169783,0.8695842737268138,0.4441719889254311,0.8793405664520035,0.8943907602692927,0.768937083446615,0.9725449108231848,0.7949793776717519,1.0,0.7439693053430243,1.1126563862426602,0.8826075031614903,0.8524551071310228,0.7080740788266738,0.5293729519428618,0.8588526332055489,1.1014585713155545,1.0232094654007087,0.6126252124378471,0.8483880056106279,0.7698093251420383,0.770847731036491,0.8120825286101097,0.9687696179446639,0.6961729065563347,1.1855228842244003,0.8515670635689995,0.5719160908851806,1.0424569604555702,0.8428413820884482,0.9837507172322884,0.9668767479792175,1.0169832356498942
2012-08-31,0.47821444056361095,0.7026682716081407,0.5957036434960368,0.9077669154104464,0.6181172085450208,1.0,0.7654317914245092,0.5195144575241712,0.40678945133022515,1.010160908623236,0.8512440128141832,0.9342076030496025,0.6337959556778865,0.914661643475728,0.6818238160670423,0.7185895884311961,0.8256225386672198,0.9429093570327883,0.6971679027261043,1.0348057024076749,0.6085016502648661,1.1379654187369295,0.6348471670286726,0.6210029009708118,0.9695540104032901,1.0640128052948878,0.6016790897936033,0.968199460757971,0.9774396658048768,1.0,1.130198262994979,0.7048091845827216,0.8961780908206447,0.9482114094847348,0.8976040718418903,0.5983942196452465,0.7242006616029132,0.7140322089443345,0.9237875904002042,0.9934041112621002,0.9979749776364483,0.7634545429181668,0.9272790930299261,0.7430258223279633,0.666629032933675,0.7725126582010856,0.9157124598025707,0.4481237330762893,0.7124233919790057,0.8948227839959724,0.803818908937076,0.556683451031933,0.5504560544662459,0.6658675376199246,1.0365007327233398,0.8618039175477413,0.9907656637079894,1.0685899880233323,1.1700476779810298,0.6402660803066618,0.7629229008392908,1.0702210384167463,0.7483840972244222,0.7243450157610947,0.7905309372511642,0.9635728820442944,0.9967675678153515,1.0530682950380037,1.0253450148830796,0.5630320992595201,0.9182481754708856,0.9917302844868805,0.5374179908048142,0.7256380201670815,0.6554219250394018,0.7201499593026213,0.6974440679273809,0.6995336840318839,1.0022003715800651,0.5949704295974995,0.48632755465086763,0.74482093628233,0.9174147811320453,1.0,0.8219904151371941,1.0,0.8748114916434384,0.9588186606393975,0.6303477144107277,0.8762249219815885,0.5701125720006692,0.4133336880056868,0.9066978319180833,0.7731014408010877,0.5879675503249767,0.9866051789114963,0.45306161984481486,0.7613461437827747,0.7583437233160855,0.8937586498312458,1.0898690525460384,0.9331236824921385,0.9317840982942616,0.6487690701851042,0.9101679670246213,0.8867507248856487,0.9749086381660222,1.0,1.0974333548739665,0.9820767718506699,0.3946800682889334,1.0,0.9710840417309639,0.43941412895070486,0.6369650517711218,0.5982743164594295,0.6396802779022102,0.7804303592846153,0.8302915727963853,0.961673454314295,1.2159653596173865,0.7232660470741471,1.0908406257265821,0.7542012537136044,0.7837381809508189,0.9247363803936224,0.8627569212456596,0.7881138981754257,0.9770912488405602,1.2091355745914412,0.8767098837683283,0.44557270706684904,0.8797762958614083,0.8910864687209661,0.7541232028293254,0.9699555238364929,0.7947853704045966,1.0,0.749754576507306,1.1471532388092969,0.8828661728798775,0.8479696617309558,0.7081366848819015,0.5231225410500597,0.8589058687760969,1.0801014311824984,0.9802695235920991,0.608822258182714,0.8472178105078915,0.7750477709166493,0.770445072234886,0.8122828060640963,0.9681331696332915,0.6958169148482434,1.192365762157327,0.8251756010915461,0.571633318392389,1.0357139398104815,0.8515147019949912,0.9577278702341717,0.9434062114604351,0.9959406631521824
2012-09-28,0.4771309149459513,0.7140153056219016,0.5960170736420132,0.9077620350897947,0.6155559365553189,1.0,0.7602872864962471,0.5170607751728789,0.4024144815418307,0.8587931239996109,0.8857989362488135,0.9172705716496729,0.6393095595192178,0.9025941464172387,0.6820158460991015,0.706769391673211,0.8620713612915469,0.9193407240516971,0.6987098430276022,1.0346742977831145,0.6084385149699649,1.1334500784248376,0.6368918550738498,0.6258986883094458,0.9863737197372655,1.0628121037584517,0.6165401204023445,1.1770563253406465,0.9738426303676074,1.0,1.0170334714325955,0.7064657541524628,0.8921775029401838,0.9478895527094511,0.8681227967299173,0.5982956547468461,0.7254937204511459,0.7140772656578176,0.9205819667540197,1.000090783546506,0.9976294883590547,0.7473539437675815,1.0525181927767422,0.7443564242280669,0.6655005833499532,0.7246864717316801,0.8109496864635584,0.44353685729147374,0.7340492179887501,0.874800534141779,0.8046743337392099,0.5552843428968468,0.5526416728709482,0.591649968168463,1.0243340772452987,0.8525471448960046,0.992004959548405,1.0264634043449932,1.1657623800131365,0.6200589489362702,0.762922017106785,1.0926413069951906,0.8969432137344453,0.9713693308671051,0.9197341066035829,0.9586936307961725,0.9409454238986376,1.0315083346813407,1.0166496369196047,0.5551414989236438,0.8666717949044734,0.9955683177606753,0.5338058840670675,0.7321802264624246,0.6632231832263423,0.7508998166468126,0.6716976682990687,0.6994879932571239,1.0042344389695697,0.5983576850549046,0.4886135350900487,0.7339977365705614,0.9074906437197273,1.0,0.8224950565209043,1.0,0.8735149207310376,0.9599765441594784,0.6286116204405962,0.7890596851684191,0.5698884141735205,0.4459271298226546,0.9035243426681918,0.7261337385894152,0.589968241195471,1.032450558841234,0.44410830161560866,0.7955852268336714,0.7473859187759068,0.880444494390508,0.9814633951608233,0.9195510545622196,0.9030596419022133,0.6380438386990366,0.9377522475477507,0.8827692441125968,0.9788208755697373,1.0,1.0929387307029803,0.9694271849204193,0.4468597526876994,1.0,0.9723530355543916,0.43919497697460774,0.6135261348320429,0.6105112512725241,0.5920452447560265,0.7666403138625923,0.706487242158466,0.9664277139721308,0.9181331970091535,0.7228854382688039,1.1371512140088198,0.7226092798806559,0.7570371921579511,0.8907427196137332,0.8417982311775603,0.7972416649816482,0.9476107673643474,1.291233635466391,0.8784688254368221,0.4448900010035238,0.88100225147462,0.8879181832672289,0.7399951305732914,0.9673256155090241,0.8464006017821982,1.0,0.7330262360055234,1.164692213962919,0.879627742129388,0.8499768444987896,0.7090553113063657,0.5269434056241586,0.8589517874513347,1.0550953980203062,0.9654355260552974,0.5875732533709265,0.8455165018590267,0.7695730495015989,0.7703161442036859,0.8129991386621349,0.9716672758911251,0.6944794381715513,0.9358708020523454,0.8154671711998792,0.5837963391317111,1.0344169703297779,0.8558975120091159,0.9537674131057894,0.9372622196640813,0.9952645549500263
2012-10-31,0.4851727800887473,0.6943958325367601,0.5944693915217413,0.9078291396953047,0.6144801871663603,1.0,0.7609067141373151,0.5174331319554012,0.42676772904511906,0.8311068214846384,0.8193685424136571,0.9383708090256481,0.6318392984344606,0.7648763974202883,0.6818233202932086,0.7036804104021139,0.9611943798303973,0.9261576605419777,0.6979123317598518,1.0368406678082411,0.6085303895329743,1.0884767704098788,0.6359103614632796,0.6241303606369555,0.9760206761893768,1.045803305113542,0.6065176431730908,1.255841433084035,0.9838003613064227,1.0,1.0708952940453096,0.6977326121826051,0.8966081083245386,0.9469974474127963,0.8951819275645589,0.5985997872348857,0.73764094144482,0.7140619789016837,0.922025527573492,0.9907424420084859,0.9976111604222826,0.8861626717753351,1.082089824634652,0.7439762182352531,0.673722825931909,0.835738996796804,0.8425053282728592,0.4450069320675848,0.7133763305983376,0.9009691359746871,0.8044878027766946,0.6538788335406873,0.5666242807456718,0.5882319718200381,1.0374821899900184,0.9228039298622315,0.9838144633507884,1.0094314558559228,1.1691672238907735,0.6389808591749075,0.7629180315799761,1.095894552359187,0.8805475976409821,0.991220260996328,0.9238161370538648,0.97130579180726,1.0076236616663028,1.0437379385982808,1.0513410083285737,0.5814514560496548,0.8829494203275909,0.9924566032903677,0.5170744106560812,0.715989205395068,0.6615252758037851,0.735871468818729,0.6871778205864818,0.6988528097704092,1.002769739237242,0.5879735757649114,0.5019227245277262,0.7515002086100959,0.9201447826994945,1.0,0.8244514532963472,1.0,0.8854884568134123,0.9560959460725487,0.6276879321068511,0.9114073474579208,0.5692214456870122,0.42480996601682786,0.899493828165448,0.8739465635217812,0.5815776979477913,1.0095640643085926,0.5086706912818869,0.7482257145122105,0.8688610940731797,0.8531880847219909,0.952959005900011,0.9207068912588943,0.9205725430496234,0.6527388612877694,0.920286739770214,0.8819756380468626,0.9765544310022924,1.0,1.0949276262848,0.91707432104005,0.5289757272763567,1.0,0.9761241722782247,0.43948241706153335,0.5895270048655887,0.6069932077625204,0.6687155692963228,0.7822249675883426,0.8324614160960842,0.9728048518436831,0.9099451875958051,0.7240574135600462,1.0967081379289718,0.7269299538044702,0.7418252185202386,0.9265522759604764,0.8681103216766151,0.8219625754736958,0.954441284468296,1.3073735437821785,0.8764778425764105,0.45773480891920093,0.8785284244071484,0.8899366109104832,0.7527649549515814,0.9679041274236785,0.9843304046206891,1.0,0.8092724655559103,1.137110953384196,0.8847339086594148,0.8531727827289866,0.7091956962703189,0.5796499571057543,0.858910510239149,1.080163554120391,0.9903099349101827,0.611983302380507,0.8493150767672515,0.8371118593806766,0.7701871120378397,0.8122102622808616,0.9684846426353974,0.6945568584947428,0.9405704334365886,0.8665060460022859,0.5764599873012641,1.0390335836420797,0.8593785466266404,0.9769546402075132,0.9536583158583583,1.012546676727311
2012-11-30,0.4801274320004373,0.701301589834979,0.5941781440686337,0.9078114501355121,0.6125233115235708,1.0,0.7669991724447542,0.5178041616906587,0.4243660150758395,0.9141868490355161,0.8324242501725108,0.9330938678085756,0.6282322006495065,0.8115415405282703,0.6818895500435682,0.7036150684665473,0.9960487842797427,0.9205625366531491,0.698721507944168,1.0353043233459949,0.6084416974349347,1.122266867997801,0.6396195056169114,0.6234293809209008,0.9723731046776757,1.0474848874394067,0.6132057204591099,1.291626326321814,0.9875635698214846,1.0,1.0202977746004247,0.7060607318715121,0.8896009013889526,0.9458546275612053,0.9303033257277163,0.5979433133973434,0.71840263554154,0.7140847634494776,0.9231214551758409,1.015629952696798,0.997924394130597,0.8954780493564332,1.0585371787431075,0.7437861565743156,0.6713738177357067,0.8248711592893956,0.8152624089833148,0.4428541085784474,0.7238749060565388,0.897066899258907,0.8052355150122958,0.7367641893517431,0.5712551248232842,0.5540946996270977,1.0359472423694476,0.9352719458088776,0.9801717515868938,1.0207545631992956,1.151049532867397,0.5937928254074236,0.7629292468045122,1.1069452829864783,0.8844613773565896,1.0030099960604817,0.948520764387886,0.9721495913139608,0.9655758943658829,1.0278408384721958,1.0652693334714696,0.6360393580385038,0.9149216639849737,0.9950363842221541,0.5122381157286917,0.7188729513464189,0.6608618614485267,0.7298480306942136,0.7000414145792189,0.6979099837386754,1.0043192474555498,0.5854962993968433,0.491873885432938,0.7415025293343078,0.9126304491823075,1.0,0.8253233401263553,1.0,0.8865042996306165,0.9558710166303257,0.6269291089636295,0.8954891077742835,0.5694015967714541,0.5587915102730461,0.899284764299872,0.8176149374636588,0.5791269729531845,1.052320546002439,0.5525519348364748,0.7733706850282006,0.884826638952979,0.9134043004786723,0.961393620915487,1.0037972915339946,0.921857558746952,0.6566549499530063,0.9458584272609408,0.882849922183412,0.974218290910629,1.0,1.0913303204030824,0.9690430352943046,0.8715553777855001,1.0,0.97156477094252,0.4393810364834533,0.5928701648855399,0.6092029894938518,0.6678345203224311,0.7804638100988905,0.8222896310658117,0.9723434965900198,0.8819897059603679,0.7242484542179752,1.0210771499393587,0.7193738433058602,0.7123250046339574,0.8995701380206905,0.871561419607061,0.8189228366954628,0.9346961713579006,1.309219413981535,0.8751996489305516,0.461407792155081,0.8783849573595763,0.8898536085349217,0.7475624566945805,0.9684996730355536,0.9253546858551854,1.0,0.7966567778266013,1.1342139705888938,0.8961715940871777,0.8499006672568059,0.7087645959288214,0.6171102611367729,0.8589480760480679,1.0688034724233892,0.978990538398572,0.6037573905314728,0.8511517612484629,0.8253962192023889,0.7700679546395357,0.8115844570909693,0.9658058863557283,0.6944150704228598,0.9010862638580043,0.8748947913327771,0.5735290775939763,1.0367465700406613,0.8495751262383063,0.9681576976758648,0.9447201538954717,1.0054937123269188
2012-12-31,0.4828014419639788,0.681879324296158,0.5942995871868575,0.9081449005750935,0.613582102911462,1.0,0.7641187780210176,0.5202386573610318,0.4389348314783731,0.9557815072519338,0.8570438225380735,0.9198823068930947,0.6337508012662647,0.8657295224937519,0.6818954341933297,0.708143760582208,0.9331799286287881,0.9067837596406438,0.6999985522651273,1.0362593586896214,0.6085308081931186,1.1087202015254312,0.6400950406043321,0.6255651722820056,0.9718356914555489,1.0265332012070478,0.6175933186626128,1.2495864695670162,0.9861192764392629,1.0,0.9562806121506855,0.7025470897219328,0.8912596033022745,0.9459232896945174,0.9354037288792916,0.5980334049572991,0.7151350164457487,0.7140852043610191,0.9285740635230357,1.0152980393553726,0.9979422392889402,0.8962207047762639,1.0994674166490026,0.745052058337911,0.6681098544912216,0.8186872026970456,0.8743906359975446,0.4433861769992481,0.7346035611656507,0.9020678093295482,0.8053188303925747,0.7179677400268112,0.5914966633892595,0.5504115608424792,1.0367533021394768,0.9291878988312596,0.9744657771525016,1.0190533205015821,1.1460134350840256,0.6104877890625001,0.7629372675935889,1.1111851744240433,0.880653515471315,1.0200916340757646,0.9434823944485219,0.961933767260791,0.9429727288025582,1.0031038213303278,1.0335682561230093,0.6327976230992962,0.9231371525104443,0.9948586759493987,0.5201664904052081,0.7438203471303843,0.7047659042866867,0.7545502315487542,0.6906283170939849,0.6976394143770832,1.0039740499850662,0.5844585681125731,0.49602786341070493,0.7476709646545435,0.9086342666197035,1.0,0.8244797851349258,1.0,0.8821184724867097,0.9561676620825086,0.6281743536258129,0.7788953325398886,0.5708553056402256,0.567867001466226,0.8990579457423787,0.978962237846816,0.6809523749695174,1.053015658443529,0.638714153432769,0.7842026761761192,0.8725809276271739,0.8931256782401562,0.8953596331925944,0.9879688397418136,0.9129060799814352,0.6518003151566625,0.9472039028791849,0.8829534470462619,0.970763103651019,1.0,1.0842426525457993,0.9985347514111853,0.9204571905714721,1.0,0.9710406299567163,0.4392709929642211,0.6002524969946723,0.6101028464933327,0.6421844348126271,0.7709437676249749,0.7558954241508429,0.9700871857926998,0.8171757576697428,0.7242278759070288,1.034537038406583,0.6895330152557957,0.6969575281116858,0.8847684403731372,0.8601857111748039,0.7987746329277352,0.8817605187304899,1.3049278563421975,0.8780274648265928,0.47919321467535814,0.8787274569241397,0.8882065064628688,0.7418375029335428,0.9683817608303704,0.9357026892281641,1.0,0.7868481196696261,1.1200368377120018,0.9120173514755269,0.8576085288020658,0.7081432067810426,0.616070144313476,0.8589474400290371,1.0431592075804197,0.9466159241341087,0.6773845600330042,0.8495515821398519,0.8490025373628693,0.7698873550167397,0.8118993858179118,0.9653932728576853,0.6941553533504228,0.8768053659808035,0.8484608498192084,0.6073541904753186,1.0316554353001426,0.8472033430430754,0.9449589485955484,0.9266993451381942,0.9915559443867163
2013-01-31,0.4902119228682117,0.6791183192827708,0.5946769296673116,0.9081304791710856,0.6061373071624019,1.0,0.7729505510967452,0.52289479393572,0.4707177812881801,0.8919715609095221,0.8507848708985432,0.9235879926687104,0.6369302564248376,0.8240089447572521,0.6820090166988177,0.7007808713101438,0.7189999815014336,0.9055982415686853,0.7097577725159914,1.0373678592510507,0.6087777207275262,1.0577881821560544,0.6424185321077885,0.6364777862100004,0.9648126850003569,1.0311982849876231,0.6079688875950856,1.276186822110486,0.9908625714377177,1.0,1.0072918888162987,0.7180154240533645,0.9037041192076418,0.9457355893203394,0.8985989178104288,0.5980284530842607,0.7185999077365404,0.7141344551525386,0.9297919517507938,1.0119394573575968,0.9980903358404689,0.9040697791163037,1.0041857110317096,0.7450637732493304,0.6669218579974037,0.823589681456006,0.916828694066669,0.44602760472913705,0.7559140188696505,0.9148399978089827,0.8058262134126177,0.7567643652237751,0.5970023327115668,0.5889755609040161,1.061815326018499,0.9890254975031568,0.9612460592724811,0.9679097257775687,1.1546920294978298,0.6783959663127697,0.762926418960368,1.078449421871215,0.8114784146963208,1.0341427274360868,0.9448035527055227,0.9755843494553843,0.9790018284372654,1.0315245975979228,1.0169605243874116,0.6566873329090626,0.9530830524887618,0.9947858404614127,0.520727764497636,0.7424436696817254,0.7811148128841954,0.8013219515891888,0.7797182281407691,0.6980566892106138,1.0011094736491866,0.5923494793374777,0.511388398730687,0.736474346899294,0.9127273980697489,1.0,0.8284496151386572,1.0,0.8904085593092644,0.9546920536568007,0.6302622236762426,0.9974536234867998,0.569668112649586,0.5883514658357949,0.9011522642957768,0.9785686339453735,0.6621472509331604,1.0338230509180653,0.6172943456356417,0.8297879540564564,0.9095062877047932,0.9172770106864987,0.9984532332946128,0.9645954051251024,0.930619844141622,0.6677070547175764,0.9542233721615301,0.8826945981140885,0.9614064855335565,1.0,1.0838835958045,0.9998871167880187,1.137695691299394,1.0,0.9745189510278749,0.4397996833487904,0.6026632642226734,0.6163141751008965,0.6594005978170234,0.7803264851545045,0.8191594218708516,0.9873792180546002,0.9285509026988409,0.7247562979304636,1.0686514323560332,0.6925644462332198,0.7613682643752522,0.9049066122469364,0.8854274362728166,0.7955757077065073,0.8788125876610653,1.3195319436423105,0.8769509754171542,0.5197454210970585,0.8782590732191033,0.8910277885963691,0.7531002348964031,0.9719849957672713,0.9206889851797988,1.0,0.7810775139840844,1.1060798429225547,0.8726738052107391,0.8570181642722314,0.7088851805168022,0.6672370092346194,0.8590754161981269,1.0558946772785456,0.9522963703760414,0.7003567636066097,0.8544980702953043,0.8745462804894428,0.7700604552808498,0.8112649206340452,0.9559404900168637,0.6945180210799412,0.851003303985314,0.8704363915956247,0.5884537111001583,1.033421054110094,0.8463280784918431,0.9550406946625623,0.9285761502486616,1.000088238099879
2013-02-28,0.5032433062515704,0.6750372916791303,0.5945904756938347,0.9083013411371694,0.6082034794876668,1.0,0.7724953218980625,0.521592672924081,0.4797872234076924,0.8299459051782012,0.8321422652333303,0.9252341045017569,0.6277497476171189,0.784111315894213,0.6819891423482489,0.6923783422390958,0.7977697666014293,0.8947313885985549,0.7259004972233356,1.0375146695057034,0.6088492656030968,1.0728993833080882,0.649661368810651,0.6511268856317303,0.9611811892454883,1.047436535731696,0.6053773052511442,1.3805543541864056,0.9890648256680243,1.0,1.0034091053759004,0.7074173127372707,0.9051192605865839,0.9452617355274723,0.9155440712479191,0.5983202250892963,0.7277460038179302,0.7141542118604396,0.9256433398407007,0.9883759080726934,0.9996042534870251,0.9699446021423913,0.9506100096511555,0.7491211963519411,0.6716087285624863,0.8298370182389103,0.964842719644292,0.44440193510412584,0.7644907111801534,0.9065795218526732,0.8107635002792796,0.8984506327231996,0.5795161284084278,0.6245835367262706,1.0908562029235171,1.0029727501410308,0.9495989724688634,0.9225908181231777,1.1548782426298543,0.638323373804563,0.7629255706255501,1.0721945871179956,0.796488170236181,1.0097174073049517,0.9558814983513703,0.9848828099013208,1.0185222480723382,1.040421268383167,1.066504007384103,0.6549263864965904,0.9948550946222521,0.9947901549718843,0.518475765082222,0.739510707284435,0.8312645770291673,0.794534836582408,0.8174398599383332,0.6984335891692891,1.001022664381064,0.5924557973059301,0.5351215171760277,0.7489480873740781,0.9179213546322152,1.0,0.8354763719191989,1.0,0.8965417105518796,0.9540124483253424,0.629593256685479,1.0933582264455521,0.5694702826407442,0.521071992218845,0.9215443632264979,0.9859533230426023,0.6536676169398541,1.0301616025444107,0.5594623487797017,0.8284358408329131,0.9450273377275324,0.917109133009925,1.059264156443968,1.0740345647201124,0.9285161249130219,0.6748207438390921,0.9742638719137593,0.882489407071573,0.9594115330162784,1.0,1.073015196239127,0.9983551037961953,1.1387558427973272,1.0,0.9789947491312796,0.4400648183251966,0.6037817181128663,0.6040940391552851,0.6708877689241561,0.7817060846125818,0.830525421291983,0.9935720025995005,0.8954497222999351,0.7254513917358292,1.1237776797248922,0.7213957153855732,0.7919830509784545,0.9210422116530133,0.8963692273889999,0.7893945940485585,0.8634978597962244,1.323368977205733,0.8782086166429692,0.5439873104768678,0.8776870216239812,0.8919549200388533,0.7641010475926402,0.977261924906317,0.9022992722201759,1.0,0.7644761350223576,1.1001371799080286,0.8783581290349577,0.8525266459806813,0.7088365929870624,0.6568752026690695,0.85902740821026,1.0743136160245303,0.9593536615396339,0.7746738408334217,0.8546738547653606,0.8905517299741423,0.7701501013815263,0.8112212194433089,0.9531093065809456,0.6951147868185632,0.8148769434346467,0.8771533275342749,0.583755945596838,1.0345008324677714,0.8419448392787443,0.9606470734428234,0.9324927477939832,1.0024497957127352
2013-03-28,0.494101459014355,0.6754294773625079,0.5945205395650262,0.9082784525424389,0.6078310968114555,1.0,0.7509758866550289,0.5234281111521684,0.4498466168620412,0.7880001906081017,0.8354419795750958,0.9228324911136965,0.6323697801229186,0.8149436873666416,0.6820166108190872,0.691948680412833,0.8008520424148454,0.8772786580431602,0.7342005376659191,1.038022549660176,0.6087101350253707,1.0106274616536006,0.643970842381629,0.6593743078022127,0.9606876493648913,1.0610311362504687,0.5993338922796634,1.3981779417528228,0.9866975858981318,1.0,0.9510722744366278,0.7007394356186536,0.9085746558692129,0.9457741695319969,0.8843777120418523,0.5974326496358303,0.7165188912644138,0.7141639115200806,0.9227118948620538,0.9767778112955682,0.99933319326557,0.9979144980245954,0.9458854408715177,0.748765543967838,0.6763462820099264,0.7847855860756008,0.932726090965692,0.4445111642414985,0.8036159454036612,0.902189595296502,0.8117169705764574,0.8612843591226365,0.5612918801238309,0.6489190574239769,1.0884911714814778,1.009840193253532,0.962078885172934,0.8707415120416747,1.1456557132381917,0.6285016628340429,0.7629374530115207,1.0747390289548135,0.8039788260763425,0.9782957292207838,0.9205408338364525,0.9837030024999095,0.9875516123663453,1.0396826042539205,1.0622456614187465,0.6329192296104711,1.0174629688340382,0.9919983023777638,0.5187501414496601,0.7396981651761734,0.8553732320147532,0.7478181403702137,0.8171804789166458,0.6995432585223661,1.0009556871336385,0.5894876708729389,0.5293023708623203,0.7780344201672815,0.9118200580686562,1.0,0.8403849536697485,1.0,0.8979382524022367,0.9540056277103944,0.6296411284178728,1.1705052269514378,0.5696522757761292,0.4838223906381459,0.9142796545329519,0.906393511473322,0.6542636588974685,1.0146433854537946,0.502149711220116,0.829490938227858,0.9104381537549014,0.8944204584691884,1.0987002479400765,1.034132143813042,0.9368171377195361,0.7042042254505929,0.9789722383884206,0.8822183793797927,0.9622543349793531,1.0,1.0631626055182988,0.9507312932892406,1.1443607983685218,1.0,0.978321934849192,0.43991327064209784,0.6086230804864384,0.5960506266770342,0.6553437506580122,0.7724632803899549,0.7631668046003028,0.985985379157245,1.0270117515674604,0.7236395289265312,1.1996464113978977,0.7980375929723124,0.8128716491180494,0.9071861066725608,0.8913371575273542,0.7572604582827164,0.8555011450934367,1.3289697101263387,0.8789833088565511,0.5373947371523407,0.8774902224297503,0.8928178276181843,0.7739346146672459,0.9783699934270593,0.8388391911390208,1.0,0.7098523079233606,1.1329551793521235,0.8575122411824104,0.8516378978989995,0.7093369898125487,0.6360903218644829,0.8589892437880168,1.0705754825871179,0.9605538088295409,0.8464333271386772,0.8594379740672615,0.8956370673794801,0.7702893746953017,0.8113835490360961,0.948425472249104,0.69490681914009,0.7751468350261034,0.866340357717864,0.5832718163729262,1.0368702788486646,0.8294551352364428,0.9624287450654601,0.9297245916621542,1.0039335138865584
2013-04-30,0.4849466077768715,0.6886483891399281,0.5947803110964559,0.9082349161137987,0.5952386029861781,1.0,0.7555013262370487,0.5215512509431448,0.42868946180036194,0.8546848401092355,0.8488402985970014,0.9193336161407022,0.6289025620162262,0.8327352271845041,0.681946452566788,0.6881427474573816,0.7463680177838405,0.882365965730479,0.7707893302086035,1.0365254136909459,0.6086580020552571,1.0700904490586427,0.6399410250177746,0.6787171482543308,0.9597746182773332,1.0409492251250485,0.6044461550467836,1.3842460328449564,0.9896192589328017,1.0,0.910207969603077,0.7062979698957166,0.9127402948862998,0.9455383062036495,0.8835189357423456,0.6007097355319848,0.7141472605319178,0.7141607109769688,0.9225673336586232,0.979479875674696,0.9989834491802946,1.0086483605965988,0.8411344372899308,0.750079196521196,0.6787750998823364,0.7291663519869147,0.9489442309907713,0.44969748681409993,0.7668977443539211,0.9000774712236357,0.8086742271825789,0.7840230076245052,0.5837777037333884,0.7055099518614846,1.1172927612721173,0.9893369800620395,0.9698929563929481,0.9602581398340206,1.137165201260784,0.6052024888697303,0.7629454251402528,1.0678033873969042,0.7980963469461277,1.014084412255292,0.917706184944367,0.9837883737593346,0.9518792531602239,1.03071038695006,1.0448349562802899,0.6434296192844557,1.0431338663899326,0.9900825436836233,0.5193054300240052,0.7416700300359977,0.859818948995907,0.7431428497604066,0.8831540556690798,0.6998541345638336,1.0011132259288114,0.5851638014973113,0.5122395776870505,0.7501988871113375,0.9070918829401663,1.0,0.8615622609960418,1.0,0.906716444075681,0.9540535877473816,0.6294832756458135,1.3189753201987404,0.5693187991612098,0.478086672358379,0.9130468911510585,1.006267415156859,0.6145179134907268,1.020662107990083,0.6169402497442714,0.8440604429306754,0.9814999430591345,0.9682625403196241,1.0701162425157327,1.0322841925913289,0.9365351703502347,0.7176454394047178,0.9750753541940324,0.8823249307545367,0.964089972651755,1.0,1.0673816701699386,1.0442653219566258,1.1284874800876514,1.0,0.9792089314009538,0.44114699294045034,0.6491146925316401,0.5916934892132311,0.6306100001564483,0.7668372565105641,0.7070283841794868,0.9911394522832598,1.0327151429945767,0.7275444611608775,1.1901954405061212,0.8204249833757152,0.8152835178727136,0.8897539752902581,0.8852046605696251,0.7599699922738323,0.849110039642947,1.3280572393712191,0.8793896155532313,0.5203096758002539,0.8774541305194503,0.893989743414352,0.783653606149751,0.9842251115771645,0.864394480106957,1.0,0.6913956933342498,1.1399271198243048,0.8802620828866344,0.8538655170755549,0.7162714911557697,0.6274499977703178,0.8590304940781675,1.0603953033365858,0.9539939267183356,0.8511229700947408,0.8570377834404358,0.9010894501221166,0.7704765394248851,0.811278833187761,0.9483935508863897,0.6962435572515853,0.7738289653136474,0.8536103294387465,0.6247929541417162,1.0352509805426136,0.8508582643586275,0.9616537785761319,0.9254578644549374,1.0045394510391878
2013-05-31,0.4770628123226711,0.7126832507573455,0.5969098895670095,0.9085417139198216,0.599000596097318,1.0,0.7411420109456172,0.5394969446910314,0.42892796618596785,1.0695448539973735,0.9259455229207444,0.8981477876076281,0.6359365893309226,0.9749474679514292,0.6830387916676375,0.7173308086578776,0.7315207890049943,0.9106484934538803,0.7771674829877282,1.035781968968947,0.6085151814410797,1.0792141698670545,0.6258603941103262,0.6674363414755249,0.9596567900394916,0.9823694018385885,0.6037199032367436,1.4035248006821948,0.9923229045708296,1.0,0.821367273863202,0.7153363435099412,0.9013694147664492,0.9453566389521078,0.8993154292564959,0.5960949924752086,0.7075255517031482,0.7140242575686953,0.9278617849108711,1.0542693556347291,0.99853124052533,0.9575592168545303,0.941197059092245,0.7484777900748141,0.6613462660258556,0.6784576371491557,0.8812906535627669,0.4956047290283121,0.7811318243053145,0.8920511526497602,0.8092897045730557,0.8418042536097379,0.6644066616211132,0.7325623804176853,1.0618545861299185,0.9867378012372491,0.9500480690827522,1.025502634690497,1.1025227028212172,0.6217902746622133,0.7629354817310037,1.0686044290259333,0.7727785134853243,0.9628391381108045,0.866637262506145,0.9723885954985957,0.8808229342220322,0.9965417207305354,0.9972880939006085,0.656233045047399,1.027940850188142,0.9888614631240775,0.5225790195082346,0.7448135845819917,0.8860745120917456,0.7405584715131676,0.9008957917110134,0.6974945504705827,0.9998673147184417,0.5779179455783077,0.4906307424243047,0.7906084199898824,0.8978910386855831,1.0,0.8580335475969264,1.0,0.9163616581540796,0.9538674555556838,0.6287435927933744,1.261224797857245,0.5687386509460155,0.5278586010388205,0.9112211389313174,1.0954007878348693,0.6951926073751146,1.059401974580262,0.6820866104203338,0.8216327069340692,1.0000550557710324,0.9182572705771073,0.9816035786565781,0.966021049983142,0.931505354684564,0.7035734054118215,0.9844974555556961,0.8877218348931113,0.9595418940490107,1.0,1.0537102768892945,1.0382460565750926,1.244022225186113,1.0,0.9816168090207548,0.4411196140892383,0.6340024783787961,0.6025369304813991,0.5837091576723292,0.7635087676139345,0.6423131628715817,0.9908500069998996,1.2073453266832308,0.7376810824039879,1.1735180492509125,0.7181178014167493,0.7813103347338625,0.857110661082638,0.8780524169482159,0.7779607861330591,0.875561428804373,1.3275573164776118,0.8788937728512676,0.5298463896378671,0.877638408482173,0.8929126073411469,0.7756539622232375,0.9872030109670455,0.8060391962789941,1.0,0.6549010180397125,1.1381859074949527,1.048947352448121,0.9420149259703663,0.7126717500528936,0.6605852288978844,0.859343011460605,1.010709095751544,0.9029899888303957,0.8767399354295785,0.8584249227495647,0.9002025805208084,0.7700707334581909,0.8110260368937838,0.9282085184000138,0.6943937535491874,0.7745870314316675,0.8749248215029705,0.6567153889573669,1.0284697825646014,0.8451661910623581,0.9235183823037614,0.9068727245159044,0.9781247358821646
2013-06-28,0.48343639995103305,0.6917107936748604,0.5979426833474334,0.9092856902013872,0.5960159894003322,1.0,0.7430424240137781,0.5399620883259578,0.4258719402308332,1.1205114279433015,0.9157237620082278,0.9030784909946762,0.6404745395316748,0.9544739235169157,0.6830831423772515,0.7154239523669907,0.7941246066375484,0.9186752397683625,0.8080773758386829,1.0377114995815668,0.6085834750768069,1.1135386682202557,0.6262981517725266,0.6693907458500272,0.959358614915221,1.0675521996238504,0.6020894036252125,1.3893698890305055,0.9934108964115409,1.0,0.875813824955677,0.7185351760415948,0.915878830267991,0.9465779568313982,0.907672920498413,0.5955734664965304,0.7057241709411974,0.7140429664216592,0.9281726975437103,1.035765645314517,0.9985649621960148,0.9878469878815697,0.9495018460750217,0.7514822045004497,0.6614475529384398,0.7180847936599437,0.9199522635374106,0.49352323557972866,0.8169986823263136,0.8794971457334472,0.8106040797371611,0.9300503268269571,0.6553436433288128,0.7186869289785071,1.038806620566422,1.0393441457252364,0.9377393658579108,1.0486291578948899,1.0979137801700174,0.6099848231159506,0.762925519610621,1.0709592247151896,0.8051893979619464,1.01188910366823,0.8779043887934743,0.9725821333718875,0.876050386627256,0.9947343501846744,0.9974622253742069,0.646673442795854,1.0479641015509011,0.9893342609059658,0.5189160630860803,0.7362067174049844,0.878021755936117,0.7339138109391692,0.9132648814722836,0.6975890182210227,0.9991126442397554,0.5759587467748101,0.5042128538950998,0.7690747748107781,0.89738725271685,1.0,0.8827777749058723,1.0,0.9313382114438463,0.9541560301242309,0.6284807082640419,1.4141286014287342,0.5689879608289637,0.5402621077346992,0.9139708587654363,1.1014973589828956,0.6191120507283022,1.0515090098420465,0.7297852757673637,0.8016170463019294,1.0631266439564608,0.9105365226964633,1.0033963620544148,0.98765832595004,0.94307133724435,0.742013442636789,0.9905168796998683,0.8891692351367024,0.9582887626565426,1.0,1.0560200453479833,1.0717566059108181,1.3665685917378485,1.0,0.9901834452002997,0.44252360329569096,0.6429511000481001,0.5973157473687674,0.5999492134851793,0.7638662162265111,0.6512842098030953,0.9895102451654254,1.2712286944225668,0.735929080013995,1.1807361548968307,0.7653372915061092,0.7800595004505947,0.85537844699592,0.8820865109926171,0.7775107523798623,0.8563574324913169,1.3273109046934812,0.8792317604842668,0.59393515858898,0.8774891056482947,0.8938947466042193,0.7908352839143226,0.9904559733305974,0.9165730014074656,1.0,0.6833929263895597,1.1236794170186275,1.064642228298564,0.9497017755186212,0.713959262229699,0.7165857496262937,0.8593925129125003,1.0322129179867878,0.9062115067567474,0.9256496282969332,0.8654886961891525,0.9729054869840124,0.7700267648712564,0.8110294080129306,0.9231423656910758,0.6944164461694158,0.7786570063308903,0.8877617403612599,0.6458205799024066,1.0307104501488689,0.8400037296681443,0.9396698842297556,0.914142032716533,0.9908731821886938
2013-07-31,0.5140323680198766,0.7133715695687083,0.5973265311926941,0.9113336961584263,0.5942774906063244,1.0,0.7820377195023186,0.5498944970495105,0.4248372656638765,1.238778846289011,0.9572868463001263,0.8861649145586435,0.6355562423634789,0.9899524340775359,0.689341074107644,0.711155449049304,0.7579664412905968,0.8900886070128544,0.7998764795339289,1.0306904212726737,0.6089451497054176,1.1242323102643748,0.6412331996573947,0.7290029743965314,0.9605314360835319,1.126660844764031,0.6008555880218978,1.3542373645362027,0.9880902434462837,1.0,0.8207753915825617,0.6898168698777365,0.9018316967683364,0.9457105157944333,0.9538863998308943,0.5974345243258898,0.7071155978000664,0.7144623859194759,0.9223132708331333,1.0563548214301557,0.9989830468907861,1.0038886936773044,0.8623516261465725,0.7512542378104771,0.6623485138573943,0.7058776924776576,1.0230092120087544,0.5792017301858581,0.766927579317574,0.8568170292688819,0.8065780969660904,0.8307590406556141,0.6629870896868043,0.6925656913241289,1.0329455194695019,1.0337053688842233,0.9359392822649762,1.0769670401976759,0.9757028677830312,0.5969203960366234,0.7629400543539031,1.0969193960742507,0.8039084434112409,1.022670726404811,0.8770845332084759,0.9590691090056253,0.8391537197456869,0.9738977484646885,0.983705213810031,0.6352970780761962,1.0350468603377452,0.9879204725878973,0.531390325179649,0.741059379843279,0.9188624350482006,0.785732666356735,0.9791122082196397,0.7080169182429716,1.0003223253550373,0.5851600747827934,0.5768515293747014,0.8617748220348433,0.8941411473357865,1.0,0.8545922844222453,1.0,0.9189130129857991,0.9539326398146196,0.6290167415893286,1.4459803703051466,0.5686330677013905,0.5270050992365036,0.9068820073789081,1.0803985019720028,0.610160923540523,1.0174028932169707,0.7794160307085614,0.7677111917754134,1.0027936337496597,1.1340732902713133,1.0457950609462012,0.9293904884707778,0.934524944821317,0.7685642072911076,0.9824098109851845,0.8957283647803914,0.9604943947328535,1.0,1.0296789152796448,1.1656579402438336,1.370604765063609,1.0,1.0000484247853982,0.44653113361170316,0.6264720721555106,0.6320946740029806,0.5893571551413687,0.7631796120440476,0.6346956991468559,1.0203910414500494,1.2722830704241535,0.7533591409462245,1.2499775844288514,0.8570960268752849,0.8359275266008173,0.8384949112365018,0.8755530865475964,0.7926826998994901,0.8640511330479352,1.3208612790054213,0.8808516964031561,0.6325417581804751,0.8778432005647392,0.8943246084711463,0.7934595187400677,0.9896530520573632,0.8584997912228497,1.0,0.7007312099798114,1.0851834298323646,1.185483081559576,1.0866735510345737,0.7569285963787823,0.6559533232195058,0.8596650496438991,1.007418061441968,0.8397834630843815,0.9537797030317721,0.8651279055546012,0.9863375392445771,0.7729980476915128,0.8163512023712276,0.9627913884480852,0.6946112284273123,0.779825948424111,0.8640011266856262,0.7412762510185058,1.0188816308693625,0.8500712546954168,0.911779157479413,0.9042502562109016,0.9667707066224692
2013-08-30,0.5057445514915944,0.6900486099594049,0.5987871183714458,0.914529883746718,0.5962210311465999,1.0,0.7952889063444233,0.5512245063049698,0.4407313284492679,1.1697360244922232,0.9378368827409184,0.8877215823698671,0.6588555520363719,0.8947413932258059,0.6895312740280666,0.7738015135093734,1.1380067366027755,0.8830577005133711,0.8054123425862388,1.0305792394715885,0.6088026381007192,1.1179145781466786,0.6447259626146388,0.7647938756410295,0.9619509433554343,1.130334716665331,0.6041551700087462,1.3587902443428979,0.9913888068616943,1.0,0.8167633444887246,0.6869831527756094,0.8973871915667282,0.948874800680371,0.9746381152188218,0.5986876381938819,0.7124538405066752,0.7144957713353538,0.926507298993443,1.1041670618934594,0.9988219809511515,1.0211679062990362,0.8549356473620131,0.7891445199873433,0.6638674022152209,0.8297022474684687,0.8907450355936346,0.567044570397834,0.7820515991940361,0.7973144047781784,0.8092415292665645,1.0804957248288045,0.6128559767687254,0.8226600916249363,1.034925899912078,1.0945478202972305,0.8946704253535246,1.0292272796184663,0.9593109182913165,0.6089671802321877,0.7629455596988068,1.090680028954115,0.7844840305289517,1.0233841780993382,0.8645472696272377,0.9596875116077395,0.8280949510630722,0.9620269562159561,0.9874907732875837,0.6377668270949821,1.0814331358586362,0.988649758853535,0.5198190641544806,0.7283433962712571,0.8948751716781614,0.748923214874239,0.9684302015701516,0.7103520812173754,0.9993580515162624,0.5870381128341091,0.5557979102358368,0.9284283837204574,0.8929833293036096,1.0,0.8460474965674354,1.0,0.9119640018601299,0.9539861033798456,0.6299423563255158,1.4539764548648644,0.5688140502379406,0.7015725077954702,0.9070506636882547,1.1148079781658105,0.5704622094482996,0.9904548826937412,0.7046046385536539,0.7603452508268325,0.967484052205002,1.1406483800197436,0.9669938946551737,0.9437713572621506,0.9223122079567655,0.7634597231063913,0.9865718454658271,0.8978265854573341,0.9630104492484584,1.0,1.016789514894533,1.1397582016950392,1.3817993312745007,1.0,0.9907826705832742,0.4596124050582665,0.6140537022533863,0.6622309124711114,0.6998186314114831,0.766788144544581,0.6969803786474541,1.0287389154048006,1.2813310724329152,0.7724330835790025,1.2207694892981238,0.7437410435560055,0.7989459529010023,0.8322074037982636,0.8770402834429027,0.7864381629526807,0.8435891799913384,1.3130024130830096,0.8840694976187836,0.6199503067848438,0.8774770139839522,0.8919055051798812,0.7910177763701509,0.9869663757361048,0.8694800613966454,1.0,0.8044141001395779,1.0607083787232474,1.2116144555640667,1.0216640602024207,0.7458098152873606,0.6990201893763766,0.8595890487715233,1.0171753069669967,0.8209672827472323,1.0051055866499967,0.8599679769528765,0.9937366690608602,0.7728154759555442,0.8150945915519292,0.9607045477714278,0.6949736543057659,0.7838140284617556,0.8491553892180024,0.8377417124889375,1.0150486294049081,0.8491497398757356,0.9089776036385564,0.908122568996498,0.9609793210904176
2013-09-30,0.5089265330006056,0.6854293628803405,0.6003411810203347,0.9171388751242401,0.601591537049649,1.0,0.7901661358725758,0.5455215509929259,0.4623667050336704,1.1483134660287013,0.9333221669738807,0.8769076594322209,0.6519990136750043,0.9137300274316764,0.6894055538193913,0.7816162949775011,0.973672220779371,0.8794172360772929,0.8456079522444848,1.025318687515352,0.6087918049822811,1.1072322669358456,0.6418337180820823,0.7038620583346594,0.9598600146410009,1.162747534925646,0.6026613565620573,1.3071946141986694,0.989670548502854,1.0,0.8311875093408807,0.6867042112909459,0.9019863059737617,0.9514832999526791,0.9971303405257469,0.5964471406673963,0.7080907687500086,0.7144101781692593,0.9259581078958832,1.0657419978276055,0.9989633594250152,1.0053572337676748,0.972701680678891,0.8669766671825723,0.6602768881153717,0.7985880164466158,0.9206176189683695,0.5644045237359403,0.7783867891171173,0.7792237969619638,0.8085050938224019,1.190262774493164,0.5862208035103875,0.812237375707278,1.0323345612146646,1.1251513715324093,0.9108602039648269,1.1118048532514266,0.9483019255749734,0.6475804632189514,0.7629261901239738,1.0849690159843626,0.771233718234533,1.0125061700012266,0.8476630984449016,0.9598716455167478,0.8055852573254597,0.9373678139116712,1.0393556990666606,0.8830724494549067,1.0798364246669194,0.989190345989053,0.5165331299428648,0.7253116477053031,0.90186808121275,0.6970644909618926,0.9901302715008884,0.7070169564470898,0.9991223777615417,0.5795886142420867,0.5532305021470602,0.9315642921675696,0.8919354692743166,1.0,0.8489068189689943,1.0,0.9284311092898159,0.9540157520792654,0.6298811419566196,1.4387149888876793,0.5686323307344066,0.5992348454275132,0.9064893833540574,1.1494405135681256,0.5788713938592834,0.9669011138360147,0.7646476155989875,0.7458621335777329,1.0625757659002582,1.1596906324760643,0.9884987317279822,0.9888605479600823,0.9376920350299118,0.7702151366768778,0.9845038156265509,0.9138954466946256,0.96125878763298,1.0,1.0158654194382541,1.2309182993878325,1.3888943743163522,1.0,1.012209778984598,0.4682622104831814,0.6197970673547852,0.6431494944270046,0.6570598023837166,0.7676721092972006,0.706261009825891,1.0433776226869367,1.2346445816845713,0.7939149722762111,1.2188976864229801,1.2810620414417482,0.9087210298861979,0.8108879845279948,0.8898379794680995,0.8078498625706195,0.8596410548257761,1.3105996637095645,0.8842077473878824,0.6405237277496656,0.8772409454382508,0.8929876983657344,0.8014979827198159,0.9891228773327742,0.8545676282538711,1.0,0.7789868748870288,0.9971264413727322,1.321274355654098,1.0722741018174007,0.7452043632734551,0.6836880845759856,0.8593982817532122,0.9928345394423406,0.7875804167653144,1.1252319258860615,0.8721618528727615,1.0112951447435874,0.7728847994663709,0.8143367055036931,0.9555685008640407,0.694558556970375,0.783290479519712,0.8597806369639293,0.8447542702791786,1.0078803298672876,0.8490165856561268,0.8901377083029548,0.903701462330755,0.9329065019005877
2013-10-31,0.4860552843860426,0.7009575170950295,0.6072271945974925,0.9145585643123475,0.6094014013721338,1.0,0.8044832993442038,0.5433148243783794,0.43119886367369353,1.2365647209685138,0.9397663534270987,0.8686596051506981,0.6547823830077804,0.8479457389112248,0.6931593662388398,0.8180880233733491,1.1076626508335625,0.9102739690002726,0.8636671022100672,1.0114933159089043,0.6086259787836727,1.0814447747638911,0.6451082699847936,0.7339119098621394,0.9618389925461898,1.154518224950269,0.6482430641521503,1.379309552071556,0.9963451387074107,1.0,0.7974838129662465,0.6893576555465357,0.8924958193745596,0.9532592575935732,1.0190907671835716,0.5952152779590637,0.7041175972191397,0.7144271183666075,0.9268474735337262,1.0988477478597451,0.9979642587252537,0.9618677620396627,1.1991620957223463,0.8618389500221262,0.6563426789429373,0.7050399674718066,0.7880913826805993,0.5195645495129733,0.8157542232073013,0.7911007035229536,0.8166924459265646,0.8347643455369748,0.5526121668534338,0.742490253381076,1.0404749825533366,1.0882343272276989,0.862521129261411,1.1259270456723975,1.0491602663384443,0.6772293562550636,0.7629208713705278,1.069301955215793,0.7606195327611631,0.9761779362755421,0.8346868492190513,0.9526956733000055,0.8120241219064841,0.9304219379560852,1.014594559389614,0.9119916917144588,1.041033282556323,0.9884046493291279,0.5122942791231065,0.7232034362577473,0.8096096564864946,0.6817530878050929,1.0076744753652598,0.7011751986665332,0.9998972219914174,0.57750842607251,0.5231750951047458,0.8993951155445375,0.8904775501794037,1.0,0.8419375339862512,1.0,0.9201988051490224,0.95376692339417,0.6309469701160453,1.4091224760205379,0.5689674429810795,0.8327881378552489,0.9063894860283774,1.1303024988132047,0.5632048253594852,0.9896462558758176,0.6278835944804855,0.7714337976944384,1.0229101784337369,1.1743539340229485,0.9304422546852154,1.0988854102596741,0.9420173153448882,0.8126526653143422,0.9587435746478709,0.9342059852180042,0.9586716363245525,1.0,0.9994447207653704,1.2262143321622838,1.4076368943570703,1.0,0.9949382691348332,0.4781067380225549,0.7312462019066077,0.6734520114854246,0.6384884134941137,0.8272347769812415,0.9687992505669647,1.1188327097779756,1.2203998904997275,0.8138218604891324,1.223449411457002,1.23545959522996,0.9096154604959715,0.8097876935360312,0.8941484695263322,0.7970260506942742,0.8429101980023274,1.2946404478521925,0.882993689981538,0.7419420687698641,0.8771715264618933,0.8926785025511172,0.8132931319461367,0.9891809082658153,0.7987357124809058,1.0,0.7497674780194628,0.9784461303039294,1.3451866926671447,1.110569771084494,0.7701079473800909,0.5989633066594806,0.8602101255412566,0.9627836812216624,0.7814088817608846,1.4146396703130104,0.8684527234224545,1.0751219221786323,0.7722755030863799,0.8126243168463991,0.9519663597179947,0.6948150190942974,0.7823702184401322,0.9275279238340115,0.8640462374392888,1.0047879062603975,0.9127918817738151,0.8763371396886925,0.8999967937314215,0.9118722910333662
2013-11-29,0.4811263905417188,0.7567928247486042,0.6462860534673862,0.9222169411733675,0.6011214223808,1.0,0.8481862753390147,0.5794662047273664,0.423623611310589,1.188716157044428,0.9791744264833664,0.8440537235161669,0.6729803787931374,0.881977981608175,0.7426503815154955,0.8245478225434192,1.3260950801202966,0.8861276579087617,0.8256263525516656,1.0185363711645092,0.60878394720533,1.0042695193564743,0.7247691369089035,0.6574817344923658,0.9639815505357625,1.1751143003487472,0.8709857502699659,1.4103028732538119,1.0056129371665465,1.0,0.6826277136011374,0.6849753745064111,0.9205067854908651,0.9500542466550188,0.9539813045225636,0.6027759281758605,0.7034524187269353,0.724476017029428,0.9259413985218722,1.0544710656293101,0.9967153847201706,0.8766376161286711,1.145083155717213,0.80864563926589,0.6537523057622191,0.7023055952371944,0.8390359533029146,0.499806431442924,0.9249584483399929,0.7612907188073195,0.8694188958002156,0.7742782406022779,0.5512094328585556,0.6320116720509573,1.01033301671509,1.1005477008209261,0.8365735788147879,1.140665505686252,1.108915812985028,0.8015432789956439,0.7629158410806962,1.0709495499849633,0.655878281409201,0.7987601291237438,0.7452112878661247,0.9202752046989424,0.7839218866847397,0.9061305275489542,0.9601056461018649,1.0176544640242242,0.955112297105533,0.9857767798005509,0.513154545834389,0.7180624561561277,0.6696934502117068,0.7619889537013992,0.9152091752882678,0.743013988345367,0.9962106917473709,0.5742790395550906,0.516924650682316,0.8587489931412844,0.8886724917775477,1.0,0.8314452901444204,1.0,0.913742236215277,0.9538674192729347,0.633177452520687,1.4108489386177845,0.574276574478948,0.676350501273564,0.9020443536871391,1.1456009295300538,0.5330521766758302,0.9090249468410934,0.4766765371674334,0.8887253206726631,1.0864366855099175,0.9537647671846938,0.814165443422504,0.9301876510570898,0.8742290759910581,0.7547872850835459,0.9707077827772149,0.9806420240257275,0.9574247727005667,1.0,0.9286933268515376,1.2235613158660796,1.3927502520281143,1.0,1.0230798037575823,0.5227824702519865,0.87707844239366,0.7651216596015255,0.6199768452593355,0.9771329354682642,1.0474910152102277,1.1868862315460849,1.2715180982397425,0.8248376950051152,1.2362593536347133,1.293207509477682,0.8656899766773041,0.7973721745024224,0.9087116215523776,0.49038833196578857,0.45689078359421664,1.1924936675061537,0.8853072526213395,0.8666028888393233,0.8768371289460622,0.8854097692323932,0.7722758550439868,0.9794540274901681,0.8110111783039743,1.0,0.8425905657594924,0.9576450059551332,1.3661477217037463,1.1078072577574403,1.0364765586780087,0.5646264554039437,0.8710553196600576,0.9172396697437897,0.6877834987300502,1.348298096044676,0.8531974203381653,1.106167359358093,0.7804699924844233,0.8109889812070884,0.9293671538060351,0.6962335977094053,0.7924466807871973,0.8392589038802521,0.8916471275864871,0.9007412290108866,0.8986690080434814,0.861149219672456,0.896325635157238,0.8905454822710632
2013-12-31,0.48041127673934014,0.7782107989610001,0.6294945656661248,0.9156039720534499,0.5997678194119405,1.0,0.8688970146447377,0.5643688815889989,0.4141052127738326,1.2515793269841073,0.9801864570482308,0.8448172093722213,0.6575260829269494,0.9019454703434145,0.797688305111619,0.8472708566756907,1.3476111297587772,0.8925401786848828,0.7943077975842764,1.0119654381448175,0.6086588805367337,1.0246150769946463,0.7816927591342242,0.6599670577405619,0.9632790232258718,1.2529616992980608,0.8695386407135133,1.4266582624927924,1.0109084665970807,1.0,0.693552474273252,0.6855081936051619,0.9279503932236413,0.9570253088417798,0.9453726161860627,0.6051289472086084,0.7039367341175566,0.7450830244787158,0.9281711965185558,1.0587040731495567,0.9964598841196814,0.8315374367578975,1.055203636729243,0.7921442528960295,0.6537528092387119,0.7297367445100718,0.8914837030360846,0.49345496888759344,0.922019828602248,0.758367258487633,0.9485479964949541,0.787327749189783,0.5480200087116853,0.733492252654798,0.99580200437015,1.0991098679280806,0.8222380541564087,1.1558444522107685,1.1662663787952574,0.7297949459345561,0.7629147520485264,1.0629607499647125,0.6497290479641081,0.780206253020601,0.733493839168371,0.919479148840642,0.7746119735964515,0.9008463936855172,0.9626870844990517,1.0694912853504062,0.9189722259952168,0.9862859196209156,0.5102486991644507,0.6928557945665872,0.6595937098097264,0.8554580468016237,0.9124820717894272,0.7540554392949872,0.9969086595553102,0.5958159484737108,0.5133807953745169,0.8716966910432706,0.8874930662963296,1.0,0.8301361260031177,1.0,0.9181458130185245,0.9539418847864729,0.6315975532079439,1.4107135358509788,0.5731507476643343,0.7466000557870502,0.901019345102883,1.1165107347278622,0.509842689288806,0.9069081362150475,0.45717324785476354,0.8630286119732415,1.1309118237729243,0.9745425910974548,0.7622773825638781,0.919381128550033,0.8454599182554909,0.704846233603327,0.9806730049204324,1.0018076671996652,0.9579423012818984,1.0,0.9239593948181396,1.1832584088685434,1.432568069846482,1.0,1.0260876349828634,0.6025372161889031,0.8792457802542258,0.8233019068637846,0.7110738776109271,1.1186479765925474,1.0838979840709553,1.2549399517016484,1.290359437946123,0.862608460214702,1.2051211689119987,1.3078870189920033,0.8515802276306249,0.7920313800856047,0.9190766634242715,0.480140561678722,0.45404666145538486,1.273392083510008,0.885450252622764,0.8473898770768494,0.8768752817840585,0.8839030949227503,0.7559955084019058,0.9742172713737399,0.8237660844542218,1.0,0.9644961171713474,1.0019391991052091,1.3551532187734463,1.0017111411374404,1.1480866033761223,0.5334253627790637,0.8885070556444441,0.9275198563303697,0.6876068580010353,1.2701136601420475,0.8496618815192172,0.9878778870958995,0.7821162070210033,0.8109558954368784,0.933258480581673,0.6957918610791575,0.7942129384449856,0.8107170440189914,0.8495350008463031,0.9083757152708466,0.9682768872546564,0.861019677675604,0.8965078638496613,0.8902476306701999
2014-01-31,0.47129584101514876,0.7467902200988242,0.619167074062283,0.9121634089989287,0.612222867953045,1.0,0.860891288352947,0.565949459138881,0.4032818108021884,1.3357999371659846,0.9600490921103215,0.8478928903818428,0.6484818671072832,0.8397699843719817,0.8353367047461301,1.05729210989054,1.3583413850962995,0.9101804208626912,0.7768656619571596,1.002796256231757,0.6083899370710679,0.9586601527934481,0.7965370913463364,0.8073577930258378,0.9663843937243832,1.2531434958102818,0.8796405191509287,1.4303151983360987,1.000093644136474,1.0,0.6673801396628217,0.6849934516109581,0.928508213391787,1.0275197447613935,1.0642587898543023,0.6310859839443042,0.7037816373645045,0.7459930027330788,0.931149940083193,1.0349081950308001,0.9969276657602452,0.7799025335468873,1.0809502399751183,0.8498233726736766,0.6539332102452491,0.842200397058669,0.815307632040193,0.48266684063153686,0.9545894282395941,0.7623949277403501,0.9996912556224378,0.8396680020482632,0.5464747853646643,0.77754681433026,0.9689272252469523,1.0542891479816205,0.8651904075547017,1.2021438641104762,1.1571461410642003,0.650743490827288,0.7629277450365979,1.0776186441203044,0.6223626467815229,0.6841385755573113,0.7401436828839767,0.9168854226787555,0.7780942378347445,0.899415392779771,0.9974107281031785,1.074461043928513,0.9624801887821328,0.9899757080289263,0.5085811913241043,0.6844042513410868,0.6235799329754868,0.854098466638185,0.8775831510577949,0.8265942781817592,0.9987805820969126,0.6215426653961487,0.48202516248554594,0.8523014239597111,0.887509780680968,1.0,0.835922758520727,1.0,0.9254963695858966,0.9539553278061514,0.6341881423979898,1.410890366230424,0.5733169725280836,1.0733571291348651,0.9047334926514508,1.4714998402602273,0.5105001077537963,0.9066618667328876,0.6261291539910665,0.7780690076783463,1.1700750468421635,0.9716167690195286,0.654760165052614,1.1018579478241182,0.8336567782320484,0.766991422130229,0.9733037852925638,1.0111763895785084,0.9650267409437455,1.0,0.9251257047024338,1.0788336596861592,1.4012148366113346,1.0,1.0477794722253577,0.501998448148343,0.8967214309627547,0.9594023224797426,0.9423721473438001,1.1993268265798236,1.1714733264079942,1.4187327561039726,1.18540847052863,0.891145899164779,1.240129556862488,1.302302166114544,0.783024406012366,0.7884433744423633,0.9164813486743395,0.48273924877702423,0.4605416653136283,1.2437063835715665,0.8843733251784263,0.6871114649533205,0.8765392029262056,0.883956663020722,0.7675047561329937,0.980550279572957,0.8140069824526848,1.0,1.0892701885657032,0.9474385178323431,1.2511580389255332,0.997982033058944,1.1623235063892903,0.4986852149370117,0.8819911591446348,0.8882612578524297,0.6923596489345683,1.0953689422918758,0.8574720155849614,0.9948497979492195,0.7795017278820615,0.8108890398373971,0.8788701266806184,0.7002536692720783,0.8004729734819398,0.8880430839245563,0.8372172435545211,0.9415664537500883,1.3014092217030044,0.8614669824376728,0.8967434664728922,0.8905074998121932
2014-02-28,0.5000676166813829,0.7496535738708339,0.6025922739958103,0.9086392343290515,0.6106029971418656,1.0,0.8288918320961441,0.5773566061631965,0.4112511582938161,1.3250346013705185,0.9790230349545956,0.8319303860412124,0.6272023784164698,0.8936642915040515,0.8537776149859835,1.0624093769587208,1.3179683931269994,0.8738115350288872,0.8014676296760922,1.0035572798524908,0.6084216059607255,0.9114371640074208,0.7506899019463308,0.7900126345330106,0.96220496410915,1.2641061946850232,0.7589656128412775,1.4282195801457314,1.0028401491981038,1.0,0.6566203849996857,0.6855782541518178,0.921214323283589,1.0015238357011627,1.0083917895443557,0.6475867096540164,0.7094447438379249,0.7235896979237778,0.9316126857054804,1.010929504358413,0.9993839951064578,0.7748314823605077,1.0181166420948877,0.8417254114173753,0.6538685399845658,0.7323547942456696,0.8989376340588364,0.5908731080637853,0.9183817327715937,0.7613163925552477,0.9093849150113201,0.8936324721147688,0.5499850841692853,0.6316285499015015,0.9687458079394914,1.0834035786006986,0.9487461113553362,1.2812930382673589,1.1736684755565832,0.6800734115273049,0.7629298628180533,1.072781292241638,0.6213066163661796,0.7420161978800159,0.7403863350166044,0.9401834168771718,0.7466070556086137,0.9023835678649988,0.9417726794061387,1.1259240613691062,0.8783782256024081,0.987675271930975,0.5081817890004997,0.6776652207834585,0.7932859337286922,0.8640038208265242,0.819771549624722,0.8174245474686411,0.9984353963706495,0.6031171643055139,0.5573764039227675,0.9299058451148883,0.8835613496440201,1.0,0.9128342143503597,1.0,1.0416204349281857,0.9536369955684376,0.6361917655409827,1.3938317983339283,0.569112472226458,0.7718543746236166,0.9228099934154008,1.4395944302398997,0.5072810419901886,0.907004801636589,0.5283252203392397,0.8231000556527128,1.1632520611297332,0.8983659948906404,0.8785915859834336,0.9356159479173536,0.8904033272357958,0.8402280007754173,0.9213501368844581,0.9959795519886813,0.9620102059142638,1.0,0.9205611109085012,1.0150973712769389,1.3711903446735638,1.0,1.0164056749952817,0.5059341856618077,0.8768702661308648,0.8735129663956535,0.7555345404186193,1.1660808620921463,1.132846922140584,1.3408529935944586,0.7988220614307336,0.8021128662863428,1.2480469685798048,1.3280797838883953,0.8531503168357054,0.7854782600483563,0.9439660797242015,0.7747317621630427,0.4876947011737406,1.2625667562630998,0.8840494878091274,0.7555657283179975,0.8776980727476115,0.8875911646230333,0.7832262042465453,0.9818031117781834,0.8017546450506102,1.0,1.012244417561929,0.9551214613400348,1.1447432852897765,1.0586275996659804,1.0140245121831213,0.5023249962137124,0.8770107635886246,0.7613898430958222,0.6851378257008162,0.983598202593781,0.9041776497551623,1.0811919093009426,0.7793269184577315,0.811012547481873,0.851078273208709,0.7123761792621797,0.7962163082820546,0.896038990035652,0.8483016878977456,0.8718924260433439,1.1179562565739278,0.859996086221438,0.8963485791527734,0.8894426516681166
2014-03-31,0.6766574089329187,0.7381075714804347,0.6023736253516567,0.910335046631294,0.6093784380762797,1.0,0.8245007183459678,0.6052503428031686,0.4645805208928765,1.2966368222432818,0.9757394448495949,0.8351948103213521,0.6244719880107632,0.853803975009354,0.8369271568655765,1.0061726188659055,1.2520845839368793,0.8801322134951609,0.8178680321563208,1.0042889949044373,0.6163708449186276,0.9174050388915175,0.7683818432816256,0.8708174804233142,0.965961671759105,1.1840426350835616,0.8109362444916018,1.4167980373500384,0.9961792655853892,1.0,0.6709817403185736,0.6890260514605032,0.9227268346801951,0.9884340473337856,0.9845029525584486,0.7724766131530576,0.7454828282459474,0.7265263007693572,0.9348943816184042,0.9808929524919618,0.9986805955934779,0.7854043851975074,0.8939134849690178,0.810854026293763,0.654825918740798,0.7969765495623999,0.9324654946128427,0.7428839565769383,0.9221364724909628,0.7607320900325226,0.9038044606947593,1.1891411451371199,0.5985517340224311,0.702822479835201,0.9899013405181667,1.0470840512607567,0.8757370291148711,1.1939203936932465,1.1828737163080787,0.7100299665656262,0.7629197232544178,1.0703554661825694,0.641118938387767,0.7857732710403794,0.7667534089027588,0.9314675437001729,0.7927354923434591,0.900021952817718,0.9445273345961485,1.1012305090324679,0.834460616091147,0.9866108894117378,0.5244787521882168,0.704862791317937,0.8977570058847409,0.8836089352491515,0.9017618350361704,0.8236495258038398,0.9972293183579245,0.6185805176926469,0.8290777353403826,0.9554653934562803,0.887822554211206,1.0,0.8780382150983669,1.0,1.0140866235273958,0.9540464282366554,0.6354264752199756,1.3321771072443969,0.5714764789991655,1.0913757292478776,0.9191824865286484,1.4248417878626045,0.5172273147634414,0.9218458402798485,0.7322912059752793,0.8016076763206794,1.2096404748286098,0.8531922052307469,0.7214083989139914,0.9384041497764394,0.8864238114001309,0.8234801184518629,0.930624002616333,0.9814748666632566,0.9601992890418584,1.0,0.9157589030564565,1.0658459141404564,1.3496995896933943,1.0,1.028775517562143,0.537273882209614,0.9030234800873135,0.8884838677095386,0.7364154334128163,1.1459237288796578,1.1217354612087362,1.3613818339228723,1.254189023957189,0.8039286515616745,1.1935584778321795,1.3331433988941892,0.8890761672231291,0.7908069710235512,0.9357734817011223,0.7666079503320831,0.5140744565723447,1.163031152861497,0.8822979845155767,0.9640017278461201,0.8771878248690936,0.8883242361811438,0.7869092304141116,0.9828647407114303,0.805447718947835,1.0,1.0128798343477516,0.9087346608499622,1.08393906473864,1.096101296571308,0.9704608468273918,0.5108147337428788,0.8753597702373517,0.7991391331325366,0.6851771832388529,0.9700075648728947,0.9116022398343622,1.1643651662978747,0.7778562873017189,0.8109451531133054,0.8499372920278008,0.7275584130720003,0.8005745668919585,0.9580150517257581,0.9093829961346748,0.8643409254928001,1.0780043806877422,0.8600266458209752,0.8963494762340203,0.8894459375422379
2014-04-30,0.984727637080672,0.754550986355013,0.6039447240066935,0.9185383645673172,0.6029247473351504,1.0,0.7760776566905471,0.6194505904265424,0.5814892769414168,1.2742233038746138,0.9861866915963041,0.8354991870827684,0.6244193986549627,0.8491810456982003,0.9562872254881846,0.9771855984329648,1.3053089237353492,0.8900055194295479,0.7259348455504546,1.007991785798169,0.7507826586510631,0.9151999410690647,0.7724512494471176,0.8037204706358115,0.9685915568066948,1.150523338250191,0.8044624572256696,1.3821202048649752,0.9879453929258659,1.0,0.6335468748394709,0.6977991618451397,0.9186532329662779,0.9752327925191802,0.8942362331459806,0.7214764394182791,0.7624777756601531,0.7264401264906141,0.9400155484786926,0.9925113818993246,0.9979879646497692,0.7528690202318539,0.8502713638949925,0.8149367421675353,0.6582414821602216,0.871885072215915,0.942355081298873,0.8246885951486086,0.9310555358262945,0.7725550890660877,0.8574349749751964,1.3622944624931217,0.6461975306133287,0.5989917081178556,1.0179110253034211,1.0061339181704656,0.8320525702465721,1.1542958595110298,1.233899730575967,0.699025082386437,0.7629218252585789,1.0881418317242186,0.642274361196831,0.7074355008277835,0.7613295287650839,0.9029046369640489,0.8328395290362742,0.9102608824811551,0.8222950512233775,1.0180126141951675,0.8968597304293215,0.9813840719734348,0.6588638512509497,0.7516394991213762,0.9843622224925623,0.9118230217799022,0.8494376137538747,0.7764766057677166,0.9967561298936427,0.7712270121307947,1.0286741208728454,1.0279995754988582,0.8905917806367738,1.0,0.8254732576651392,1.0,0.9445412588683845,0.9549032405187075,0.6471673980082848,1.2266995266859377,0.5739547120486428,1.2053258656443249,0.9027102251856052,1.2810878335051095,0.5333555249761718,0.9108537349537182,1.0037593166344188,0.6766288165821681,1.1521698486462664,0.8034173648911733,0.6451913299021269,0.9081046278690255,0.904396792534728,0.8392097674752922,0.91432923825441,0.9770886352948508,0.9898083223336002,1.0,0.918616484964951,0.9809173775270786,1.403268656508959,1.0,1.0070071635967204,1.034330581543451,0.9310190913788019,0.946533105913559,0.6838920902288916,0.9690920961971419,1.0558449551536575,1.3855610244138148,1.299369017664913,0.8581166315543244,1.2004169254364792,1.321765814751534,0.8779536689555923,0.8049214740295545,0.9150573614416305,0.9069450636672518,0.7371718903656428,0.9109335476759236,0.8725992630114824,1.095564283046335,0.8764171584031712,0.8920348962538226,0.8051939346492691,0.987172034516959,0.8082282955545764,1.0,1.0303336605825386,0.8998493622835373,1.077365377395383,1.1987718388742827,1.1198935416719134,0.5527602809022372,0.8821572264770675,0.7485093688789333,0.684607682179917,0.9585085744261245,0.8994425381389982,1.2929141976909562,0.7766418622872571,0.8108746021859037,0.8335397601125388,0.7088438612205186,0.7812518782391333,1.0150656130842675,0.740840003782608,0.8437100706957964,1.0406518905727822,0.8598635084240355,0.8964081744321839,0.8893731871037573
2014-05-30,1.0111307697794103,0.730252135372743,0.599062772147549,0.993199689524214,0.7725954831225943,1.0,0.8951866804652284,0.5525119076519294,0.8856621777090796,1.1643920096007416,1.005443959230241,0.8206614961573397,0.6227840967502803,0.8434296600558678,1.1284983176400187,0.9328152520468115,1.1396442244897633,0.8500989117196527,0.7640441906039712,1.0139729836907492,1.1564398553955504,0.8936447744407734,0.9576567759438249,0.9410326550434882,0.9728880519703684,1.180855912663813,0.84823198758642,1.1532254944442302,1.0126866520373765,1.0,0.5788796935804015,0.7553200564453294,0.9541364595377783,0.9658082443098523,0.8159821217527877,0.9119134073153699,0.8308357009487175,1.0736213955499707,0.9384387466841679,0.8033488234914496,0.9988375418226687,0.7176110574390743,0.7624105511006378,0.839117670511839,0.6690783768273046,0.8906631945793511,0.8835583307016416,0.9724062754689309,0.8803749327258783,0.7771644110484996,0.8122523104205743,1.3982704010639775,0.596023101905172,0.6981067046469351,1.0041487232629907,0.9288632585667593,0.8135916917782212,1.1499013958006086,1.3388373669980553,0.801454546800015,0.7629139347635305,1.0691712447568829,0.5997684802490858,0.5253341621419874,0.6233827277739052,0.8404858904702351,0.7450664400136131,0.8963182026697987,0.695505031380803,0.9859905051430634,0.9175476200155323,0.9801450057708498,0.9920050051888296,0.8478409867225086,0.9235968064373083,1.0225488964701515,0.7951043543217589,0.7649259456569494,0.9963141295992834,0.9368352829731282,1.0465949231040086,0.9990545944187965,0.8797213933208137,1.0,0.8214144979827519,1.0,0.8923800955814984,0.9582993830108945,0.8250745412845742,1.3231093765561437,0.5812970887746731,1.318185673634773,0.899126056124398,1.2847605420783226,0.5318138081015135,0.9045221336677352,1.0346415980129862,0.6866855683520061,1.0045166210664593,0.5576481974064027,0.6031312454062756,0.8324347495752382,0.9000839757926771,0.883485926963854,0.8396538154728467,0.9864824919983347,0.9995833211658869,1.0,0.9039806390718301,1.0110790029378298,1.3235556256209686,1.0,1.019964528974809,1.1622869611281503,0.9729794963201481,0.998190447643202,0.6306095219951373,1.0036484653087907,1.0679828205179465,1.2500373415344386,1.2933621201203378,0.8333290563971654,1.2149750891168711,1.2828431257067883,0.9772387136585253,0.7956789475802852,0.8739256056713234,0.579414711186548,0.5148306062376256,0.6769996502707163,0.8689338087044632,1.2154256899948839,0.8762438890404989,0.8915074490633228,0.8100736765422398,0.9849780474086196,0.796850788144915,1.0,0.9926459158004536,0.8680068631271673,0.7373188068471823,1.1183018321068756,1.155922371869885,0.7515449726602709,0.9314752163849525,0.681606146736869,0.6843274349215298,0.8677138735399206,0.9161321232244518,1.3280775819143205,0.7930814787138057,0.8111490541511881,0.838669693087367,0.7870773854867809,0.7925865225679237,0.979119364044858,0.8650021399137163,0.785510251877435,0.9638657149375287,0.8597272390749316,0.8967045462755455,0.8893058996518167
2014-06-30,1.0186163705496325,0.7430452381285434,0.603494462903807,0.9949978672960269,0.7907948436821719,1.0,0.8703781316712478,0.6305906199834556,1.0093842091343626,1.235343464919018,1.053197273456524,0.8145906261063658,0.6234192798720084,0.9151968399436663,1.2699342295063862,1.018304541498597,1.1860547522549592,0.8327479257184783,0.7338391194554479,1.0074314645830318,1.2420587248739616,0.8887640335040687,0.9574143658171838,0.8965451141972519,1.0017149105582461,1.140777658807002,0.9447122730481717,1.042813125851621,1.0085576463451476,1.0,0.5695598861766867,0.7734183494447968,0.9514387808325593,0.9557241955199667,0.85789525628575,0.878747785412067,0.7597988459949582,1.0455183095507996,0.9443199466164657,0.8096410490757323,0.9974411369678114,0.6718263455314437,0.7598393153984339,0.8271144923316331,0.669310466304099,0.9768990656952712,0.8602983830587637,1.0084691029019666,0.8912606347269025,0.7709587354352586,0.8082326605379886,1.3749258465231247,0.6065235183895303,0.6745588413500516,0.952359116734284,0.8616136697902622,0.8899704330412984,1.101841007045915,1.2306538521778698,0.7986833598840827,0.7629137925572942,1.0759927806292908,0.6882211537893097,0.5866507998825028,0.6672731325465155,0.7768801952499539,0.7175968577702524,0.8970171920786361,0.6602651898906431,1.0206649396308292,0.8163144193870489,0.9778758339515662,1.0219031032309283,0.8625822906481073,0.8887046149637201,1.052443465960378,0.7286497746857261,0.7507026808291721,0.9963166110257502,1.117706658828761,1.0251584332820443,1.105949401666279,0.8760794413366855,1.0,0.8233549043730759,1.0,0.8669129231257574,0.9610202147228518,0.9171386074789242,1.1995261329985856,0.5844846836962891,1.3375456705466002,0.8987810584471948,1.1778394015330984,0.5669013042895248,0.9043606506485294,1.0799474401797162,0.6908075305922793,0.9660658274365598,0.6935747511537412,0.5947349421779484,0.8464372559720358,0.8065615641584987,0.8002505586100304,0.8296827343637463,0.9827115755486997,0.9822044845251112,1.0,0.9035170577592277,0.9853410440057053,1.2886389274182832,1.0,0.9919857903743069,1.1554776984829866,0.9648619540097473,1.1280959129857338,0.7687094821248737,1.1550283944132826,1.1291961009806701,1.3856418303868212,1.296052800435841,0.9424940779054636,1.215412681347152,1.2007429708312742,0.8644532681909094,0.8090226285887814,0.8403250843509927,0.5131683522392146,0.4658477579828776,0.6774440867900153,0.8696015238243558,1.1914288691414696,0.8764321205706691,0.885389138481979,0.7651805141874426,0.9747233414034556,0.7924080820728854,1.0,1.0749504644924115,0.9408783339557181,0.7994954734852384,1.0331260072894868,1.1597443452002678,0.9566405287327258,1.0313081291723352,0.6472919064028131,0.6843184123666259,0.8138417138666373,0.8614270821278578,1.2018026728225693,0.7980214792303736,0.8109512808236037,0.7816151649703231,0.7781186958070005,0.7982621804841429,0.9238470735936363,0.9256193165097533,0.779992900424721,1.1912390928475585,0.8597226211583937,0.8967407999689703,0.8893044237925347
2014-07-31,1.0819875185970136,0.7195495755102749,0.6018753179659733,0.9914540144738978,0.8836169583818603,1.0,0.8671938670455186,0.6036643616449888,1.1029594368688354,0.9843826244645044,1.011983515395783,0.8223175690365333,0.6260394655456596,0.8776140946149339,1.1056901802192551,0.9430629492601043,1.1383095242877501,0.8803634437769764,0.7553139032497647,1.0203359418510403,1.3171289157434893,0.8886877704291571,0.9603992106030254,0.9212269517204918,0.9717871310202215,1.1407904266065576,0.8703424900293453,1.00792348885444,1.0235451584168667,1.0,0.5827175049761601,0.8045458228702196,0.9540815947885904,0.9564018901611687,0.7969648458852825,0.8971044145456948,0.7382910596365191,1.0190810208416154,0.9440855479191737,0.7516792773710874,0.9981578478282547,0.6892953516294513,0.7577200266326795,0.8677694384106827,0.6709755252717073,1.0036427669919614,0.8819188765344027,1.0343976507993076,0.9083395729873656,0.7765115778351426,0.8088002727020531,1.407981919511545,0.631083586395289,0.67667092822876,0.9794709251294778,0.8729409403160056,0.9370994906982838,1.1395090584236682,1.3010147344551837,0.8366754830952511,0.762914021093817,1.0715232651880147,0.6334613498935331,0.523502978063062,0.6119968311638575,0.7839398358647736,0.7507363055932554,0.8986382887051452,0.6382468432939636,0.9767304560073938,0.8799162046366218,0.9772306097263773,1.0849489439449247,0.8934047074920272,0.9284057105780579,1.0368379285292721,0.8460020724149608,0.7420691339262286,0.9958208253365094,1.0091749976843132,1.1188008060940575,1.0109099186732542,0.8810897267525128,1.0,0.8230831279431041,1.0,0.8618247115947979,0.9609450876073139,0.836402451595297,1.1332165992938985,0.6699157262533845,1.3106545850244395,0.901268836457086,1.239728568737,0.5456481543026221,0.9093729654213523,1.131475237117078,0.7307442889642004,0.9158594660261414,0.5700761449385907,0.6142071780900562,0.8384708245781936,0.9096635987548294,0.8806136290736919,0.831228019810808,0.9684205487523097,1.0072171453778531,1.0,0.9077930875500185,0.865878733841006,1.2441370203883844,1.0,0.9853140176696307,1.1926997531166037,0.9741459842174384,1.059332133517322,0.7274079576190368,1.1809445588385297,1.1567010658232126,1.2606642030465935,1.2806366613291091,0.8691864167480143,1.0579125400925995,1.1844746651148312,0.8528058501126632,0.7953323479293619,0.8346788582815841,0.5233021606564077,0.4652568806909446,0.6733427189684917,0.8662126402467326,1.24465770125962,0.8764472013600381,0.8919519682978724,0.8181077568584902,0.9832997500362689,0.7939629506220393,1.0,1.0417408307901213,0.888617233844448,0.7098247416600567,1.0179997914818173,0.9731633344144711,0.7284424585828156,0.9699070829012876,0.6580025821838493,0.6843348488821469,0.8611696639099193,0.9363549417539277,1.3114382727781086,0.7926500100634554,0.8109636111897316,0.7450064456253671,0.7893397045952385,0.7773828716217135,0.9596756128080686,0.8444553225226104,0.782706215779361,1.039970918943767,0.8597251063159095,0.8967236847221476,0.8893059492027249
2014-08-29,1.078527099082433,0.7236504764383649,0.6013542371481795,0.9880788522969329,0.8604688570313821,1.0,0.8515616650921273,0.5632166982395432,1.0778521357090198,1.01695156718597,1.0154588762471186,0.8222134558157609,0.6261110046489878,0.8852472611113397,1.0705932311116937,0.9204792043630334,1.0161413678450908,0.8799687455839079,0.746271311254959,1.020854982498658,1.3317363646046778,0.8996033465798302,0.9553549112716029,0.9016472296004008,0.97171696965648,1.1596949998671433,0.8757234755203406,1.0643052261471049,1.0198424134596562,1.0,0.5866439568553223,0.8236199528672747,0.954685427219471,0.9550825072367832,0.7981835775252969,0.8925932170486547,0.7194748560292714,1.0059018185458033,0.9440832125695707,0.6889539229711132,0.9991234773988777,0.6901306759982515,0.8633582339591526,0.7485046284628513,0.6684769784902025,0.9340036234070751,0.8829507075173706,1.0428001461887149,0.9112380016248697,0.7812948772106042,0.8156132294335905,1.3493867800810586,0.6452685856780253,0.5902548604858237,0.9969229009834676,0.8558521239205266,0.9160235201191982,1.1354418416731424,1.3464304352958174,0.7886960153573643,0.762914055485205,1.0718527582330433,0.6227750526144553,0.5127097182956977,0.5994132774652792,0.7941739294648827,0.7758685378497345,0.9006762387175942,0.62572585339981,0.9927838322939113,0.8075467589059936,0.9771693733374505,1.0569645600944892,0.8947518654007186,0.9413126680161875,1.0351825709138307,0.8503338775547514,0.7431127473760932,0.9962571208189775,0.9690887561537241,1.128496216748656,0.9626229520740706,0.882933429561595,1.0,0.8224269034423388,1.0,0.8686620239126899,0.9604012511117664,0.7855539173817916,1.1685478119103954,0.6572657119852288,1.2862727843261659,0.9009464487940663,1.2032974263865417,0.5507219607242149,0.9151139003822567,1.1632769759562023,0.7183557970766111,0.979236740760385,0.5556007873149775,0.6300298874951098,0.8355017282147431,0.9211950042070332,0.8864836583091151,0.8433738487358498,0.9766583138647996,1.0049808693903417,1.0,0.9081672564511519,0.889014543129663,1.2444570002926423,1.0,0.9935538934778935,1.1780882681787088,0.9944366962887381,1.0219865015907668,0.6584230188368725,1.1318750374085556,1.121885947588212,1.2314027089172306,1.2988543802430224,0.8301137172428142,1.0748663025115366,1.2318051917658395,0.8762343735796423,0.7933131075578111,0.8452343940740452,0.533978385712192,0.46816713169135415,0.6740030616083657,0.8662689851428617,1.2448140434391173,0.8766832204057368,0.8938525642593751,0.8287930020305314,0.9869179290293542,0.7933758926589272,1.0,1.0033745943487267,0.8506843564319074,0.7152003805989352,0.9747713938117132,0.9587096034465851,0.6990947382918461,0.9483024720143487,0.6560963301309788,0.6843376518079114,0.8490618427943711,0.9531470204251158,1.2750215870104546,0.7939651491356017,0.8109401873103566,0.7443088733848549,0.7814986246647795,0.7763404639478879,0.9607831103470265,0.7657919168318101,0.7834416598660067,1.0342261835434086,0.8597260364838402,0.8967220205660603,0.889306844808584
2014-09-30,1.0703342647820615,0.6847313310680582,0.5966901204502844,0.9496212360425272,0.7152407654262098,1.0,0.7766864484884353,0.5282780893163497,1.007106573716696,1.0796061356432904,0.9361003571497944,0.8596472522201688,0.6345464162256427,0.7863139147938034,0.8025569768816364,0.8778045946824757,1.0779047952989285,0.9844287288775918,0.9330607256620458,1.028268086682263,1.3268031707710135,0.8940910113490353,0.8805538622212296,0.7973998384217615,0.961409269522366,1.1134186091509555,0.8159907924012115,0.9866913833195308,1.0239190891998153,1.0,0.7486077739127988,0.8100988419674316,0.9574523429949358,0.9594359148061085,0.8093961307496631,0.7518740987591144,0.716711634301872,0.7742983659505933,0.9500059847775479,0.609719852030609,0.9983222703695639,0.7358957106937476,0.7259928510528453,0.7477956835376538,0.7249288473700648,0.9540570483594877,0.9004879559495366,1.0604851847940782,0.8650895724795598,0.8775103247496326,0.8084074737688476,1.274997844520649,0.7529851583768368,0.6009589293552571,1.03907308360162,0.8343222685011824,0.8208324012658651,1.1888842805523014,1.3673695991749857,0.8429427176295995,0.7629147220011793,1.0327287818313717,0.6702781216928384,0.6329398088814984,0.6658915111023089,0.8611165868097389,0.933662501692766,0.9938904196640119,0.6254406330423273,0.9225162014025245,0.7512258303107933,0.9781182770522967,1.0559250231364081,0.8815188964987491,1.0051421403828744,0.9857417250886257,0.7427649387125107,0.7008243786745723,0.9960389381719288,0.8513201729277129,1.1146564217982782,0.8379173142390561,0.8924258350389499,1.0,0.8218212923601698,1.0,0.8804715295022272,0.9609512910135466,0.6731447487473355,1.1673344143111521,0.8351255450680867,1.2423969720664922,0.8972336133680993,1.220616954828745,0.7776066065532388,0.9054637152953671,1.0602277861259335,0.7963706396457146,0.9799980834869352,0.5137981779595524,0.5698884553817294,0.9647527616048913,0.9996506977389169,0.926122331763279,0.8451159686822795,0.9494060552038204,1.0088282507907549,1.0,0.9214201822142655,0.7913751984940536,1.251245135239711,1.0,1.0078799457788996,1.1311941303875825,0.9233184390234415,0.9489760517754308,0.6574121927628731,1.0420692996745218,1.0898299577321189,1.0994313611997222,1.2993518322904334,0.769011666151888,1.0129120162551368,1.1073034080149107,0.8959081123274631,0.8389917239299933,0.844715906275236,0.6258622812411843,0.5037945889373777,0.6833931868338763,0.8698815162353801,1.2082603041749858,0.8765798152861762,0.9050367515325908,0.8593667812577697,0.9947945926265543,0.793218221222437,1.0,0.9451871794091324,0.9547004894580132,0.7615458737780645,1.0079683882192862,0.7459338671337113,0.5554552063883591,0.8657700560584985,0.7980325403863602,0.6856558415354972,0.8185948336850364,0.9796230009923101,1.362448821683062,0.7793114113090972,0.8108689063041693,0.696482079235966,0.7441338247135404,0.816552998763679,1.0241854399769534,0.6959901311008834,0.8583660151101977,0.9260702840928225,0.8600922129445023,0.8963383936249367,0.889461169154945
2014-10-31,1.0460176871400384,0.6836654189508811,0.5968405366301476,0.9283014824373621,0.6814596307260397,1.0,0.7535631661006756,0.5172082551765849,0.7752922103246905,1.2661683187356283,0.9120033100689378,0.8663566499956767,0.6833704688460109,0.7638548156671908,0.7675847579842451,0.8710484794375808,0.9794114973535454,0.9791930071984551,0.9346339463842479,1.0216243873595836,1.2546084660247,0.8977897738995453,0.8676576190230348,0.7632558834990577,0.9599669840816674,1.1183354100132041,0.7682415250912453,1.0302728922054805,1.0349501806589494,1.0,0.8057730333008751,0.8184937308260112,0.9536638221000144,0.9678225890234976,0.8543411841754054,0.6892287216886548,0.7091819436647236,0.7693437732424442,0.9482362170214361,0.6006254593747542,1.0009061316515737,0.7207744648212357,0.7438663177387153,0.7524817695594709,0.7271908661195963,0.9188728553583421,0.9085117232504479,1.0670608201185914,0.7990716694526393,0.9899108458235275,0.8059348144779365,0.777879364695821,0.6741479824888497,0.6827008919404336,1.0760287013656138,0.8205772465868666,0.773095534312942,1.2165401894148165,1.3291765150089563,0.8208139760648079,0.7629474920190967,1.0041516798887373,0.678810203332318,0.6328136779602622,0.6606659995225468,0.869802629613417,0.9509661732718309,0.9876079492212974,0.6351767726973705,0.9321820693362212,0.9540488757579946,0.9786099273785541,1.0020075875819574,0.8395910724071187,1.0374946088510093,0.9736399768020417,0.6742486103048457,0.7018002330027762,0.9975501002892652,0.8498996285766109,1.0743264450890742,0.8288345121019763,0.8917310575452427,1.0,0.8249933695694793,1.0,0.8915769967002382,0.9608642293629197,0.6425478096720832,1.3484700933772429,0.7956636501653579,1.196848176895265,0.8962970838269502,1.2439988908621507,0.953769178921203,0.9055093439783293,1.0079811743771472,0.7923043288031512,0.9693873085625907,0.5569988603476099,0.7340034309441987,0.9458149022459162,0.9940535796901488,0.9012558494542516,0.8436732996540767,0.941595390574295,0.9944003694826044,1.0,0.9592923435955693,0.9347637707505323,1.2772798329367379,1.0,1.0519146332216516,1.044293955101152,0.8604403405860616,0.9226144919386684,0.6385334215694204,1.0176026286894575,1.0825861729276636,1.066246293653706,1.3011098767843001,0.7592590860302737,1.0861776096547935,1.2509277661181268,1.2169621317508856,0.8379558880862013,0.831021846574989,0.6222723819890235,0.5008184349375635,0.6815847309961662,0.8719901081423135,1.1651816119866432,0.8768529462402544,0.9060952189333991,0.8793003589732868,1.0029493143110304,0.7934801953390609,1.0,0.924915763416027,0.8965977590981608,0.7959268935439262,0.9975060157010726,0.738338045891179,0.5357490358605583,0.8646644990477002,0.88332226783789,0.6874615217686287,0.7564502242270715,0.9572983157530818,1.2682828528640553,0.778885855598856,0.8108663366534105,0.6976611717378696,0.7159948116657606,0.8969012045579161,0.988869385388662,0.7035635890551817,0.8971405387643849,0.9743735627709589,0.8605168410667907,0.8961943152872016,0.889596514487957
2014-11-28,1.050282549654794,0.6683819537374149,0.6027010641700126,0.9366885251071182,0.7424278410108844,1.0,0.7418074748106089,0.5175018224503212,0.864138504640263,1.276798576759527,0.8845838446903604,0.8757722192291754,0.6838089555972995,0.7457993795505846,0.7411900699765707,0.8963794887563359,0.7629131272363934,1.0225096097533382,0.9032312118243607,1.0264312181614967,1.2534956086486795,0.8914668661396147,0.8294753134403587,0.7928510108620302,0.9605690755995708,1.1054440870878421,0.7789774632367248,1.1493517799499688,1.0374379481200926,1.0,0.7953467298184285,0.8577260609290275,0.9457401011230364,0.9659391259687438,0.8498922755131708,0.6602862758936273,0.7088906163382416,0.736815097400972,0.9489864255761453,0.6284492959895748,1.0005688771063117,0.7308863827867988,0.7764361581634054,0.7500481308028645,0.7352662116738489,0.8935564437888395,0.9168213792172473,1.0410028422106004,0.8659565665562237,0.9873977205034961,0.8259502410087918,0.7868139553833761,0.617332836043276,1.0086937738347188,1.0683363426217092,0.891525140064224,0.7994672311900672,1.2915510594301989,1.2769252017706578,0.7634306094286086,0.7629296286111376,1.0045249267252419,0.6762590222312628,0.6636752789307279,0.6581151992737833,0.8597571821074702,0.9724696832150421,0.9898682601373137,0.6092080364426227,0.9016524715412209,0.9575535213031058,0.978147342542192,0.9358490565020336,0.8219241423358759,1.0183685418843758,0.9852428994452317,0.6610035561072845,0.7011574665000078,0.9983413064362363,0.8481177027812727,1.0743452704623984,0.8963962766676195,0.8936389081259759,1.0,0.8227263665624829,1.0,0.8915103352507208,0.9562185184157659,0.6463473744061512,1.349667882952842,1.0010485555013438,1.2219813635587207,0.8965810994778702,1.3040857710084814,1.0232996156845298,0.9073239503791748,1.1972293601492472,0.8100906939878252,0.9805732370380806,0.5039671240065253,0.8754294296909059,0.9041567982784968,1.0179422731236882,0.9539317110796675,0.8579485731456872,0.9406846340746302,1.0019212221086629,1.0,0.9810664405866526,1.0410483311393521,1.2050487556219562,1.0,1.0168966245215783,1.0973574658818381,0.8785880850026724,0.9022722080975645,0.6446158786674195,1.072781283754334,1.1016193723242347,1.0538242248423446,1.3018828148571302,0.7765265605007057,1.049881346834728,1.3563677226614088,0.9668131413550892,0.8723465547175672,0.8361779686177748,0.6538408045619858,0.49948453152063854,0.68580391662652,0.8724604876373776,1.1844939877791965,0.8770986684517594,0.9097586951735266,0.9012808445691963,1.004382682626737,0.7944309550212498,1.0,0.8718280802814321,0.8751298818643297,0.7750179112167649,0.9518120262151815,0.7272164589068337,0.5504625739754818,0.8643062062137303,0.7952945822167247,0.6859998196325267,0.7879277348043552,0.971452041293343,1.3189268418379094,0.7782915558191268,0.810867220703314,0.6978037546583629,0.7238107540711294,1.0885595113651318,1.0081715210585922,0.6882387545438815,0.9039223284310944,0.9291108969523894,0.8606094733975805,0.8962057036594784,0.8896571705181078
2014-12-31,1.0290986504207789,0.6744696150126518,0.5984258105772963,0.9280272966086663,0.8884228927100416,1.0,0.7209031015045552,0.5187006896032387,0.7341018661041787,1.314828818078404,0.8535974731659303,0.8866249880896104,0.6786001635094021,0.685547127426229,0.7101684575695999,0.8833290445615694,0.7332221468230158,1.0242752704396962,0.9042043397312944,1.025381062444901,1.1754075946149454,0.8961690831287464,0.7871459332040447,0.7347104458610128,0.9601844962008029,1.0967718607407246,0.7428692582371877,1.2244314658592628,1.038406930934689,1.0,0.8427185223616557,0.8675772890267965,0.9461534428042613,0.9637709757874933,0.8986041936740065,0.6117821670512256,0.7053949565663382,0.7224261404876731,0.9476112926335851,0.6145408191892536,1.0009219183068978,0.7586987248682449,0.8061584864043099,0.7503950473358689,0.732229866227465,0.8678031094143532,0.8674675429163496,1.0432805707455053,0.9057143854260525,1.0699529579077578,0.8238995531392099,0.8288279799146132,0.6387777039900187,0.9999753248577161,1.1335087831591437,0.9472061303073069,0.7846116835871172,1.3370605315017747,1.4540785145677004,0.7383719385904757,0.7629342187477047,0.9102461809048473,0.6583224567921935,0.5333936601452408,0.6070846511630461,0.8620232021179812,1.0265091911829691,1.0026152597172335,0.5902233432249449,0.8661865653769965,0.99908026233808,0.977616906906493,0.7527130673497644,0.7623823507364929,1.0168656762804036,0.9386179101099181,0.6468164622191901,0.7003209900137991,0.9992462110419135,0.7648264161516004,1.0490608999194462,0.8368419617733373,0.8943410964700164,1.0,0.8228253544406547,1.0,0.8964547377731436,0.9543712693284799,0.6414752088956288,1.409102970509706,1.0764906796081766,1.1920304253711147,0.8963171503991461,1.4260182319867611,1.0617284637554327,0.9100868731034362,1.2587867628650196,0.8115448120120807,0.9328201897800455,0.501847207512363,0.9568489561414136,0.9478669903079769,1.0524154603368279,1.018344822191601,0.866027796840059,0.9514339982814235,0.9966234344746672,1.0,1.011040958976332,1.2312242609389676,1.1543196284262547,1.0,1.0139317578921307,1.0637329329442735,0.8609977632889712,0.8408595785458118,0.6051348046772977,0.9955865160330544,1.075203048340776,1.028458083942967,1.301912716315572,0.7584513102289537,1.1684394437114927,1.3658720263224398,1.3425439609315755,0.9122889163499144,0.8471244570067739,0.7236501722608459,0.5200812096791375,0.6759112329878442,0.8720430332679563,1.1839626019410092,0.8772036453921515,0.9172837142565307,0.9244647894749213,1.0070482617958525,0.7932582833181541,1.0,0.8208683755308052,0.7919931991601984,0.8047646738407253,0.9958182523925285,0.7162444399464492,0.5032852755209771,0.8610518129817628,0.876256717541445,0.6865375422694249,0.7554834714305236,0.9890902899397372,1.3414793769161344,0.7757991037698501,0.8108634869704607,0.6860566006488296,0.7129127929145684,1.1611620103111944,1.0270780590096469,0.6446596762877094,0.9534942224785999,0.8976214623575178,0.8620154700562138,0.8963043583490249,0.8905695540123185
2015-01-30,1.0416028380902058,0.6758448006157876,0.5991728824928889,0.9212067598489012,0.8780206546997882,1.0,0.6996814720343786,0.516766388114843,0.7123122698406337,1.2372411065958908,0.835327286954346,0.9004306080394224,0.6615011534415745,0.6688417139149951,0.6868733802078881,0.8534358494806589,0.6579906939803009,1.0468129859996413,0.9889894701173623,1.0316895379599553,1.1147671691251309,0.9256125029421964,0.7401666263576896,0.655042190916451,0.9612495157004872,1.1337809494094875,0.7167650396694436,1.251291544488758,1.020590884533944,1.0,0.8540800146644874,0.899654303025124,0.9335751945643178,1.0233737489886874,0.8410826846762899,0.59947183761685,0.7047539132272024,0.7163486863820432,0.9457176719426694,0.6022248883834248,1.0011312449882264,0.786540923408499,1.1077709229975554,0.7571665970033696,0.6939597755944467,0.7854545507482686,0.8342319842353219,1.0755572691127488,0.8915897103684237,1.1269349090627558,0.8231326497967169,0.8947872809071495,0.6556517155974124,1.052121422635925,1.2399808908283378,0.9691650489490817,0.7561248215037003,1.4356828990406116,1.4546654454463515,0.679832264354065,0.7629239228306882,0.803410234209846,0.651584100402826,0.5135441553820055,0.5910057148988908,0.8886134903138377,1.025996217182225,1.0190290228075638,0.5966638805292058,0.8923823898135528,1.045781444233419,0.9769194039544865,0.7164573425091412,0.723168334228901,0.979166806646685,0.8409164902338156,0.5899829877641779,0.6978058539830225,0.9993168648709501,0.6760519874799324,1.0833865745307,0.8128701958373166,0.897070315278223,1.0,0.8335862279746242,1.0,0.9130105347363372,0.9548483824055076,0.6328501829502513,1.3429569057984267,1.1245776438558828,1.251439477103781,0.8962988768220275,1.3002860848458764,1.1197466637678204,0.9142778246257487,1.285107496324446,1.0978566702570953,0.9758769206205526,0.4806893467816683,0.867307628583277,0.9873981846460872,1.1049393093557174,1.2134140705041732,0.8850859629413843,0.9524557797294342,0.9986351625029611,1.0,1.0172030849326754,1.3156599984139485,1.1182039394397942,1.0,1.0064727346219573,1.1538319097056193,0.8956793475311119,0.7093459538333644,0.5792817054867235,0.936042187623215,1.0591241378086782,0.9768228743628298,1.3018691397919129,0.7353608101756426,1.1319055168912122,1.3656247702441262,1.3234712441703609,0.9099922202942322,0.8493540384333634,0.7768251836163115,0.5664610287257743,0.6723361932589499,0.8993623332799527,1.2063686523062085,0.8771378409948098,0.9375878803195767,1.0010809945346502,1.0095539531410553,0.8018370674346809,1.0,0.6815038481510608,0.8321459800300044,0.7694447761724197,1.104524195180418,0.7094597772479452,0.5152382591987553,0.8593914228822854,0.8610076930108449,0.6897197437075472,0.7946656206169098,1.0189969199854085,1.3962809715518067,0.7735734398970328,0.8108620654633291,0.6825312163189581,0.6990557554817618,1.133318086523827,1.1078056854581455,0.6201625920128819,0.989550601675031,0.8587487803628131,0.8645513383892722,0.8966174241256114,0.892294270727284
2015-02-27,0.9675639687463126,0.6682275910386721,0.6074338652322042,0.91612015480794,0.8114246173287151,1.0,0.6961308440555425,0.5162832160976911,0.5854210470130256,1.2741066086767663,0.9346957179459618,0.8979036851184001,0.6649316635323707,0.7476140393726938,0.6921590958350625,0.8605473781752243,0.6334768506228154,1.0567956557984508,0.9841343428378359,1.0263907036300557,1.010933447921911,0.9676635906744068,0.6969978304393937,0.6519052651181219,0.9641587990911678,1.0873007126569993,0.8229395576120353,1.1674358917436751,1.0246263171207697,1.0,0.8534616705060757,0.9655599869073748,0.9473089044423242,1.0069800222241927,0.8672068201496299,0.5992896493150639,0.70480571650465,0.7154676398668203,0.9469409000653929,0.6073689954545564,1.0011194429156491,0.7884445476921937,1.1670969524308237,0.7609096559728331,0.7382654537140272,0.7834306523912768,0.8402624508186005,1.0499808805003912,0.9235489857935971,1.1667151154755149,0.8159857258241228,0.8296167238189991,0.6703153916234329,1.0623020057849721,1.1804464802140067,0.9490517583045696,0.7586486071619759,1.4952050257352774,1.4804015598072904,0.6901246835981412,0.7629397231284298,0.8585922159267615,0.6749694101536574,0.5727460529201749,0.6171669268614586,0.890423837725641,1.0179091479191342,1.026242068551716,0.588736027278906,0.9018070053443892,1.0722688735434822,0.9770193553325038,0.7260907687398728,0.7288393500119712,0.9432244832495492,0.7789738345939483,0.6057050070179363,0.6974767305294091,0.9992849040864634,0.6530889886963539,1.0448363580148592,0.7845085039393725,0.8996943052527395,1.0,0.8330031655299776,1.0,0.9121092158045411,0.9553892101310362,0.6325345374970541,1.3616090491250752,1.1465172368970575,1.2502734103105255,0.8958023544329136,1.260050879029749,1.0727670652939068,0.9312585140298807,1.2923965268472344,1.1360583044505057,0.9859147545713083,0.4964039150520724,0.8990830631268105,0.9893455303397396,1.1084070447821757,1.1821977005751252,0.8988686665466884,0.9556961065248541,1.0045087732582876,1.0,1.0150062656636174,1.352739978875351,1.1358144369844598,1.0,1.028186551149904,1.1993406124795913,0.888955960055319,0.7517875826256897,0.5634212438370979,0.8220995911128487,0.9910006309190263,0.9823207437434588,1.3018764511643863,0.7292960923846734,1.0813978944911584,1.3656032778457985,1.3555611130123524,0.9073110796578485,0.8459158586920256,0.7556891708137993,0.5936900060919542,0.6765732516829573,0.9061930444890001,1.1899274887605928,0.8819995328409511,0.9323662820785504,1.0103297282621577,1.0095649010643124,0.8153355938828496,1.0,0.648050386483485,0.8373976917653264,0.7725510557595588,1.1519539621452197,0.7100082196590026,0.5042133265588292,0.8593827358246301,0.8646052952034341,0.688497863880545,0.6994396296169605,1.0178411685972655,1.393822001203509,0.7726856813489297,0.8108616279295466,0.6822036810710488,0.6958568447434044,1.059072178342837,1.1128622124625354,0.5974781566925775,0.9793976790291284,0.8702183631489018,0.8649512630082881,0.896177972379755,0.8921706437885621
2015-03-31,0.9200294202284809,0.6757897997220363,0.5981649230645816,0.9134209473270816,0.8940480120178775,1.0,0.6922283927449009,0.5155357171864658,0.4925099762402695,1.2832213440573614,0.8935014913826065,0.9228187841025984,0.7837599048535842,0.7456163197968563,0.6860857382837156,0.8723700617942499,0.6375829347354972,1.0119509119902488,1.0285987753558263,1.0238800994277717,0.756719470458422,0.9617766428248311,0.672578059286332,0.640990429316122,0.9602939522599787,1.0693677097411944,0.6677823863622616,1.0661636570129287,1.014724057699004,1.0,0.9089069956622222,0.8736316150963476,0.9382813855655956,1.0307419775437738,0.9063351487607294,0.5967263511794988,0.7045511899682971,0.7144684517796605,0.9479397533046288,0.5946517771016915,1.0016153028433057,0.7759141350049062,1.151205938849183,0.7801008474431133,0.6668763582233179,0.7305901146159536,0.8383232276032926,1.0295180044329406,0.8173850660885165,1.2156708005582928,0.8228091179668424,0.7770373843406287,0.583670949325992,1.0581843080058975,1.1360706309892872,1.0016700038887862,0.8016060801669894,1.4915006152436479,1.5012455341525301,0.6071668832752324,0.76293412182928,0.8380836055687765,0.7011059111808696,0.5158056936881779,0.5889770883295589,0.9523849210867689,0.9885069086975065,0.9968211967688084,0.6859296461490496,0.92097089003228,1.106127684096494,0.977755822773942,0.5617302674543514,0.6781186196781004,0.9316176643525548,0.7303672634229644,0.5570346293190409,0.6967595198877683,1.0013079093040063,0.6152342949153977,1.0151544105107386,0.6991046297455883,0.8955633177528958,1.0,0.9916429999721369,1.0,1.0676997873914693,1.0005388609733878,0.6293244085420998,1.4263467220751918,1.0508341733638686,1.2151181089362897,0.8948643330196255,1.3823145422354715,1.1041050334422033,0.91765484516313,1.238826393398177,1.1723611068169335,1.059255963816851,0.4742677975325944,0.8059646169469838,0.9922391372413495,1.1325497831564943,1.2595096533496288,0.8909972353577877,0.9544969058365628,0.993980745615638,1.0,1.0266360954216742,1.4457229925066242,1.0952442978564478,1.0,1.0150808267585036,1.1260161993075646,0.8687552211730809,0.6658526708219672,0.5721465893029055,0.8989532812907968,1.0492431195643386,0.9442189044262276,1.301440042960933,0.7299626315645482,1.1866128471274853,1.3659298036558691,1.4520400192983391,0.9071421723803613,0.8910212664849957,0.8522948793558991,0.6079393881510697,0.6693212635088659,0.8951826259377132,1.182652980247448,0.8788027420071411,0.9490118377432856,1.0727749487227558,1.0113994931430292,0.7987370504903966,1.0,0.6463391995698458,0.8309414415057939,0.749471139499349,1.088638441343528,0.7077186405087776,0.5192014032699763,0.8590327751183443,0.948202989300219,0.7110944407730602,0.6784659091327716,1.019649472338778,1.3889076233265687,0.7721128459287215,0.8108615192609661,0.6684426499674003,0.6962627196920353,1.0001348914290693,1.0810235262588115,0.6125790191858256,1.0174666289902676,0.8639642633071286,0.8822676902212355,0.8989258699716,0.9041523446803398
2015-04-30,0.9728756618097135,0.6721082343780971,0.6138960093225516,0.9257506187627822,0.7748219780343136,1.0,0.7119486170122284,0.5202532939260258,0.7471140091425943,1.3316620963660935,0.9538338385689669,0.8999928536401105,0.8391501903652481,0.7599742454305775,0.7015315015585758,0.8916869713726024,0.6599960522417434,1.033260284995687,0.9472087445267005,1.015674980468893,0.9271514272256245,0.9372577636317894,0.795395819235253,0.689156406015043,0.960830446583941,1.0620124685221939,0.6966021317906567,1.0775604928349662,1.0221535253857743,1.0,0.889784454427031,0.8553260339186973,0.9466448943181883,1.043333529414533,0.9619573187946655,0.6023382612569765,0.7048336920909506,0.7178538510080188,0.9460705362681175,0.6003842666571757,1.0014353245953904,0.7590420274609363,1.2120120418160187,0.7719151294087001,0.7458960280280571,0.8306696343580109,0.8500715720581659,1.0232057138321444,0.8053345819614619,1.1835292552574017,0.8278428018123273,0.8366273983852659,0.5785861861007899,1.047099630620241,1.0352612485697064,1.0115664154269135,0.7740749522956486,1.490955549811013,1.4603391438017674,0.6317969798872931,0.762944875297528,0.7024959333880668,0.7253364926792656,0.5905259177655063,0.6277396600052938,0.9296397643828257,0.9082657557579369,0.9882416556246049,0.6852618758887322,0.9203738463388962,1.0280294703775334,0.9788265871886992,0.6799725072893092,0.714992043338238,0.9123440221975095,0.7911963651774301,0.5707323465790284,0.6972718000054519,1.0004464294515305,0.7148036670524109,1.0012073023443364,0.8317871978107941,0.8939100410205532,1.0,0.9266588571389726,1.0,1.0075926862629212,0.9953846700615534,0.6363715932841755,1.4385377753227013,0.9925074474666258,1.216408707397625,0.8955946548228688,1.3489359488984611,1.0699169103799688,0.9114572696547701,1.3075456102437437,1.2342622296487713,1.015006561136801,0.5291395109328632,0.954094245183263,1.0625645709978442,1.111144994061626,1.1441329998746816,0.8763505088327079,0.9630437243478486,0.9862882472905555,1.0,1.013514496079883,1.488834822688449,1.032533386547146,1.0,1.0148413993567327,1.0533992024548708,0.89068701718908,0.8276546452570326,0.5977381438425605,0.9631841452441163,1.0729846795438491,0.9831862692439313,1.301822461424051,0.7456171155169501,1.176839275020574,1.3662312600846986,1.4286777646771687,0.8611386379251682,0.8914397766034443,0.7288061447272942,0.5639205700458629,0.6728315160484732,0.8787940976045776,1.1441818264966912,0.8832787827404336,0.9276251009159044,0.987786625354732,1.0082389028295453,0.796283919557428,1.0,0.7257424973585829,0.8240927548209056,0.7783093529988766,1.0482890776640243,0.7081275484107231,0.5000563958634262,0.8601010638461921,0.9082718236155354,0.6972814997415635,0.8410962720742461,1.0200783842597492,1.3647849300137644,0.7755841268635417,0.8108647458692955,0.6818143826768812,0.6979848902908885,0.8672489530380489,1.0245070988287264,0.6245943970451029,0.9958831570644212,0.8938454356336639,0.8727705620617479,0.8964645365969894,0.8970685130001478
2015-05-29,0.6387060791237027,0.6664042980551304,0.6005065392053996,0.9135917464354568,0.7324459101466938,1.0,0.6973153689132379,0.5172059867196264,0.49165234729847396,1.3464459789911918,0.9331771294033828,0.9148121473152477,0.9842178441300374,0.7401585253358371,0.6961856458439533,0.9329838264150936,0.6745179308280187,1.0083053001383848,0.9699349937082323,1.0059971325401826,0.6984280016031968,0.9704446825736601,0.7029620960920868,0.6474830070379496,0.9607343891811038,1.1194635885550328,0.6514983375010261,1.0448368329507847,1.016338881212385,1.0,0.9029206720781802,0.8517315719546105,0.940766052189184,1.0632692607942442,1.0339290466389284,0.5941096177012901,0.7039186968019264,0.7146689732782407,0.9465506851002916,0.5948150638431491,1.0016413636927202,0.7478714977816789,1.2281064582323045,0.7753313930714758,0.6834401769846586,0.7483507853519041,0.8145768292189937,0.9919685015658309,0.9059730839589636,1.218562452903981,0.8470581239346171,0.7227457559430439,0.5801324057490851,1.1650861276705227,1.0282470861684208,1.1109704473820399,0.8287357161911318,1.488467125477654,1.3537964768998298,0.573441319301606,0.7630811167490601,0.7260505723407176,0.7421889278974012,0.5448215786283302,0.6105739080702706,0.9655544748140549,0.9516735302877743,0.9891678370023462,0.6213908597578203,0.9626172234824479,1.0940436930006712,0.977949360787027,0.5485350679621666,0.6519565004203112,0.8607558758353802,0.6965855008513095,0.55333933237189,0.7033739345266266,1.004352140921201,0.63461279880867,0.8452849287370863,0.7439824456955966,0.8932896079169892,1.0,1.0752946820269924,1.0,1.1436727861939604,1.0710029799786973,0.6369439640362422,1.4419351366066888,0.9607841948099219,1.1374785233475815,0.8961044968235783,1.388175752652519,1.060667170488824,0.9245681760101876,1.2389844482461714,1.2094786351692814,1.1688648310636842,0.6506094619764682,0.9736871963754044,1.2865617470089512,1.1277721760616233,1.1450553831089698,0.8848113126084329,0.9789635631588414,0.9754935159994065,1.0,1.0306276600141229,1.4877084699547072,1.222733903284964,1.0,1.0140490689766346,1.0344998539235581,0.8036923191517646,0.7647008153997674,0.5748379729311537,0.9193303726741716,1.0529717347954177,0.9811421122798556,1.3017414863769352,0.7321918765349861,1.2013815352255426,1.3666143603768826,1.5012517966196732,0.8793880305618869,0.9263668878581843,0.8326504654631752,0.6975122083584717,0.7383181698169705,0.8766495598359876,1.1200914818860241,0.8862700965491686,0.9316651838581482,1.0013447863686324,1.0097902640495202,0.7943353336905636,1.0,0.6998307365916762,0.7954021392141148,0.8377112971290269,0.9953075495431527,0.7083693109565674,0.499367454879893,0.8591533810041279,0.9028035804124217,0.7084818797403314,0.6564140146401385,1.0174246027731417,1.3279539593796617,0.7724919677432217,0.8108615239373281,0.667648766516875,0.6942182667633501,0.8253443941167324,1.014448651552915,0.6139978004175015,1.0204655872814379,0.9620035323645344,0.894431828960332,0.9017759267823697,0.9169229622998911
2015-06-30,0.6436777962622635,0.666411631084471,0.5980687478852695,0.9118526945033287,0.7375240348538981,1.0,0.6982832844895334,0.5160391892822582,0.49273160906696456,1.3480139230634478,0.9037808491325745,0.9371503538930414,1.1706502971611525,0.7124413146187112,0.6887509800971123,0.8877304120749631,0.6829161130174372,1.0541861539598014,1.0201454907855425,1.0067494639221026,0.6854788416724478,1.0056617790055844,0.6902031621549718,0.6447346400837032,0.9596254367710894,1.1314455346612047,0.6336446337588733,1.0368225844396173,1.0146143760674151,1.0,0.981182783191527,0.8619612632141948,0.9443190292020707,1.069295292855949,1.0446123980676607,0.5938580520509831,0.7034728646118991,0.7144886919931188,0.9384467881104119,0.5920450638222254,1.0021889737272283,0.7910627290845027,1.2026096958938977,0.7700809149255707,0.6870357008722459,0.8083330115344388,0.8292230997230582,1.0013147092211054,0.9536444237536562,1.2774869305545038,0.8348083678513454,0.8128455355891204,0.5875290790047567,1.2351114951161812,1.0661384829371483,1.1183671230237002,0.8645011518268,1.5609737025210593,1.3604649643254363,0.5520501519427443,0.7632861670626763,0.8131420425377529,0.7527156176801371,0.5348164996167188,0.605176090341349,0.9720046121300268,1.0281342662669033,1.0003420159912542,0.6266910698425714,0.9721891558724348,1.1892369097614177,0.9785806447100363,0.532548363814817,0.6392409073985479,0.8840349099992988,0.656293691592146,0.5476567893577424,0.7025743047829944,1.0047013744016826,0.6139144415951665,0.8726078183321514,0.6910978157205645,0.8975324472574385,1.0,1.1030600392740229,1.0,1.1462874308300464,1.0700644963702453,0.6316337863559545,1.4319027976676488,0.9715293203525757,1.1353925444837067,0.89540029356895,1.4338796130695532,1.0369655273272684,0.9240440330428712,1.2111990092668221,1.2303425840047892,1.1488288880896649,0.7097469443856641,1.0862768225336374,1.296053911659215,1.1477040725718743,1.1880815198784411,0.8936962734228338,0.982752171031936,0.9777394019547302,1.0,1.0372615842241,1.4156811192252519,1.2238373736893355,1.0,1.0278935004539476,1.003005138041476,0.7473447657535728,0.7191442146829258,0.5736804210606774,0.93654261444504,1.0602061206534323,0.9643648831389283,1.3013265448683904,0.7269710729167541,1.2221823647041408,1.367153945217965,1.566589228808926,0.9195379643044228,0.9365791440373503,0.8101792273543752,0.6517799465604126,0.7460796912690126,0.8857460598438777,1.1414273717206203,0.8835307086629698,0.9417763318998615,1.0640836059573624,1.0130929028604865,0.7929165756156887,1.0,0.738048517785145,0.7871569418815891,0.7969060614906547,1.0855813320313386,0.7076446726519461,0.49143285887146926,0.8589823358701006,0.9415466976764639,0.7249619854573335,0.6957163897987442,1.0218066653407296,1.3244643410267194,0.7735991840288016,0.8108616503741628,0.6667964344437325,0.6939007954943623,0.8660023071251232,1.0451410382268602,0.6710143859510385,1.0260830613435068,0.9293359525613725,0.9089848649923868,0.9060715014372043,0.9317372464259542
2015-07-31,0.5232382796272359,0.6651382618295887,0.5987168060790442,0.9099027338599186,0.6924539941947966,1.0,0.6861540274140752,0.5152101587011944,0.422901741183749,1.3502052019939415,0.8658712886086308,0.9875237219678875,1.1169615142943123,0.6857345272818092,0.6851959495373052,0.8992849365556177,0.6837630875901743,1.0473434991317514,1.0163376614565607,1.0047558596790949,0.6402382346063127,1.0690700216678093,0.6411711514054337,0.6293492278015724,0.9596275208605769,1.0628960556664453,0.7072282487261358,1.4062442997083557,1.007276606568651,1.0,0.9891844838677347,0.8630985316537307,0.9466943145880374,1.0896711489853983,1.0453756490010926,0.5936958205046637,0.7033640812257667,0.7140643212945588,0.9442770562322426,0.5900538699143199,1.0024155055023427,0.7451741055150182,1.2257155254640832,0.7776459391838455,0.6945447806384745,0.7373206192607311,0.758218143787252,0.9698373604105079,1.0214473790197365,1.3011839334463229,0.9301669694714023,0.8470440481875434,0.5686293947995302,1.2052962955177753,1.1238011421056024,1.2118137919072975,0.9279015958420738,1.5642530689887066,1.2908663755131657,0.546612116892286,0.7634007422796735,0.9572836067976802,0.7776981588954353,0.5375510375479703,0.6099804352814772,1.071543379793,1.1466352589111561,1.0604723544960302,0.6098703240393717,1.0105999156624386,1.3403802953799018,1.006104484094557,0.5118065030898029,0.6235344814685336,0.7770887171775196,0.6006141028247274,0.5413667958418464,0.7000241751416003,1.0039118814465908,0.5955980339846909,0.6974172313427986,0.6706419234096854,0.898558271372817,1.0,1.2613378182063735,1.0,1.2017425506636499,1.079892465155385,0.6295418234846505,1.4478044394046625,0.9623481427490669,1.1187386925395695,0.8955133042465507,1.4374879106488563,1.090558868004953,0.9515958196103018,1.2080706162163222,1.2947304628552279,1.229234435998435,0.6431881741706087,1.0804296370180004,1.408478295410349,1.1590414399275664,1.1713588401781756,0.9271872956974737,0.9794322404032437,0.9748948327920488,1.0,1.0542655648493655,1.4598180729982306,1.2563076689269428,1.0,1.0254108333247647,0.7983742386840196,0.6800391943338739,0.666993276299902,0.5667451138025692,0.9436275156518432,1.062194005276437,0.949494159882622,1.3015648284626804,0.7283622558986287,1.2352929468736902,1.3672720547234551,1.580567149339764,0.9748124717895932,0.9768538918884814,0.8634296192172483,0.6999800278562621,0.9260169039644796,0.8921567973489887,1.039638112431924,0.880664604394048,0.9528561363149822,1.1336694629053774,1.0168646194626143,0.7950615733018576,1.0,0.6666557208428866,0.9848688070502797,0.7990429413847934,1.0277086152607906,0.7068988415733509,0.4924720666671284,0.8589119174882978,1.0832011096674476,0.788931087882067,0.692571524771046,1.0212060976026174,1.2531911408419745,0.7711673497597662,0.8108614584298252,0.662202293238868,0.6934878672762738,0.9910527404229407,1.0976661265281087,0.6593972694076061,1.0487434765065649,0.9140513125073064,0.9964608177608182,0.960893402968954,1.0232989031711344
2015-08-31,0.6383660919028822,0.6660025253561754,0.5975762455542089,0.9097262854691687,0.6893205650948623,1.0,0.6894652384953641,0.518740335652721,0.4626923197556101,1.3471606771493643,0.8347647432334583,0.9972864926783281,0.9810373456550685,0.6473043301820519,0.6841143569556978,0.8646072018530716,0.6287553700472925,1.091125899277006,0.9880946356034763,1.0059529168974666,0.7268844254434154,0.9912064255500392,0.6532039271826621,0.6351244695194567,0.9591069012260068,1.025214020191028,0.694978080520277,1.3977017710996842,1.007505342185431,1.0,1.009016733051446,0.8395110439187443,0.9475687224042765,1.0888845429285816,1.0331898003644433,0.5938210045698316,0.7051263726399544,0.7142258281737122,0.9424280393631129,0.5924647376806171,1.0021327479770623,0.7808151916523636,1.2398140699192777,0.7740843053026063,0.702252326824431,0.8518258574275033,0.7584596209257229,1.0464580857816463,1.0039351904349956,1.3011709189646543,0.8752147565947078,1.1704740853484925,0.574727087150701,1.2819537999558426,1.1712181206948886,1.1824472701523778,0.9474241105484614,1.567894065474082,1.3560266143873316,0.5523561375088823,0.763906914178258,1.007781084305391,0.7992969826308907,0.5533979095744398,0.6324614637923589,1.0538997986135166,1.1106087418263622,1.068938522806356,0.6036077629689519,0.9673121125389007,1.3349457717978868,1.0065865588092346,0.5244057038902618,0.6309713307554774,0.8146768208909765,0.5953147694851555,0.549252800156083,0.70494884276661,1.0023698070750593,0.6088560255958194,0.8293273576813537,0.7065174839096847,0.8995427471305919,1.0,1.2034780613686824,1.0,1.1716322793461498,1.0759963501765069,0.6410411001590901,1.4194223197924254,0.9930288071724102,1.3839306094056874,0.8988506794776818,1.4252879417477786,1.0572600616674601,0.9576710394166985,1.1781836339932723,1.3248734994809666,1.164443760727665,0.6272758199669856,1.0352193038292559,1.41806986252638,1.1607920542636725,1.194177395092268,0.949317131097931,0.9666854177360074,0.9854330902875874,1.0,1.0723359824397125,1.3977713028471432,1.2273151478242728,1.0,1.0190728228646253,0.7191538519950207,0.6753585826426425,0.7146638041516584,0.5931838672403973,1.1277520504143412,1.1409112045799137,0.9451455233244276,1.30074248450624,0.7269274025830619,1.2395241074501002,1.3671518380265937,1.578864597066369,0.9617878473340329,0.9619196152764785,0.8813426263106154,0.733162131303726,0.8864618824808408,0.9085875641636871,1.0900294955980365,0.888089990920086,0.966587759227664,1.138945860492651,1.0177275101882495,0.8037954472203104,1.0,0.7140002248468628,1.0279039330388082,0.7646211610515126,1.031826343272613,0.7069153099323471,0.4932625996013481,0.8588995337101198,1.111946377508905,0.813250796770725,0.7518389842062474,1.022789167101413,1.2888284555337304,0.7714985523219697,0.8108621463640342,0.6628589007409865,0.6940076022716662,1.048922166643529,1.1244285837944237,0.727205699129879,1.045268932965327,0.9203392260690239,0.9834423068460966,0.9489334234173353,1.0090593246775366
2015-09-30,0.8022950285437203,0.6660988867298755,0.5960183168814357,0.9112560603392071,0.6895938662188017,1.0,0.6937559278846197,0.523467767266339,0.5087455449150966,1.3321766680965923,0.8119145344766958,1.0726585324409055,0.7893126835576968,0.6451971941591704,0.6829983427548437,0.871568330231026,0.6245532963539504,1.1299744601776742,0.9019291171254102,1.0084743944952927,0.7913466453900068,0.9708637663562867,0.6610250217075644,0.6309057573370156,0.9590645160339301,1.0300531039829177,0.6995059064585486,1.3942052844704087,1.0075683629126821,1.0,1.098467558079081,0.8876656353144409,0.9471720386179824,1.090161805570401,1.026691189627565,0.594064158120808,0.710799676787794,0.7142758150116587,0.9387086100306594,0.5911549980317217,1.002331928046605,0.8811267285878621,1.2921097120812917,0.7854474775672841,0.7141572193447432,0.9290928332535733,0.7774712605321995,1.0566889405518713,1.0616597318476986,1.3014582896491746,0.9252355312766085,1.1648750985119591,0.5804877895374538,1.3516845916171225,1.2690568117867058,1.2443120441920978,0.9270213392947292,1.5697931246951393,1.3323385587891725,0.5359485990430929,0.7658789868854183,1.0549902364438821,0.7688109523302088,0.554930350901778,0.6458418771476386,1.109101279032816,1.2192503931296697,1.102278837934054,0.6337585412365333,0.9242003668217174,1.2818742027997023,1.013095232383025,0.5391132412735675,0.6294435854661837,0.7904670389063575,0.5943743831916339,0.5699567035715666,0.7148152488460932,0.9999609675471157,0.6274459074125631,0.9393699477841521,0.739876473065914,0.9619941455353904,1.0,1.172883439031701,1.0,1.1288099759016756,1.0847674160819327,0.6641519023841067,1.3867287808201034,1.0026708184140305,1.4280414645195787,0.902099848575066,1.4216887445009085,0.9056279983410163,0.9575910207548676,1.1915960449015475,1.3411808603140865,1.1065194326404666,0.5513514295177729,0.9622808411066682,1.4448917067056135,1.1671670918183437,1.1641686012788295,1.0729723215013816,0.958118030007941,1.0028378345810378,1.0,1.1004035167756214,1.3166671569505768,1.2192061040985613,1.0,0.9936284367309733,0.7021740048767571,0.6462010127119934,0.7289045569655626,0.6524905074042169,1.2081773456012375,1.2306958829645724,0.9453462049338874,1.3007553716036322,0.7257274975361734,1.232298385624615,1.3648321804098684,1.5692068799563437,1.0905096080855674,1.0491877739578142,1.034030783719183,0.8584117324323506,0.8691022887362385,0.9712058281743032,1.0903958541353118,0.8957432502867188,0.9858767167582552,1.1682359441237944,1.0212632393211905,0.801910266563495,1.0,0.7512114500748177,0.983820375937517,0.7338917025725015,1.0369271403784317,0.7068428817195012,0.6042594155905018,0.8588757656424568,1.3023138548699134,1.00679847762235,0.8373557210319746,1.030589884883994,1.2909701994363292,0.7723130072810501,0.810868416717425,0.6700135461442919,0.6966194433936135,1.2055111196510642,1.1945056504055693,0.7629216731864304,1.0523155250233236,0.9208473645699714,1.0397805211162425,0.9971320567928231,1.0485786289560097
2015-10-30,0.8676324171514368,0.6658511072668297,0.6123080224049817,0.91088899087088,0.6534991937530839,1.0,0.6982310141419801,0.5268895045875471,0.6128744047920589,1.2675503937775645,0.8536764842831891,1.0726669131526043,0.648758619988715,0.6676257092362097,0.6825552983281868,0.856481237538747,0.6225287572806992,1.2019438800773687,0.8081593194452696,1.0194835328593725,0.7641409795955438,0.9905182793521755,0.6988388658005997,0.6256368998329926,0.9590770718973165,1.1072006992664765,0.9245628806574447,1.3906776403912129,1.0080137548201122,1.0,1.0894956716970723,1.0927862124159031,0.954599867973782,1.0896850008433618,1.0260592383431915,0.5961793869140888,0.7147775129695717,0.7145511493112745,0.9297975072428328,0.5922057195022206,1.0020468540632748,0.9960907846807946,1.2939101830613882,0.7949379187227663,0.730090189845665,0.9604057803321449,0.7991704459821642,1.0578995331833847,1.1119406093568711,1.3001465589906969,1.0238437605002646,0.870958427102286,0.5816213442218245,1.2741939935579225,1.24551487709072,1.2676429919905985,0.9290764032641718,1.5741647983313878,1.3212829851186743,0.5534361428342078,0.7701187973675828,1.056078364992019,0.7473238971627483,0.567488670411912,0.6662241968922896,1.1102173889259086,1.2846809506411097,1.109788373198729,0.6340135685045847,0.902379954824934,1.1186628869943278,1.0203645930872938,0.53015007056886,0.6326359452079166,0.6893403020740356,0.5574459853207232,0.6252658916100946,0.7491196907534337,0.996770460358609,0.6761370016050134,0.9663004053809958,0.8447977788804084,1.0852810962810713,1.0,1.1461021794601265,1.0,1.0759897665787388,1.0877319712929485,0.735661070915107,1.1996651669136507,1.0777282584821943,1.4055433069186196,0.9190931941360535,1.4325050511097994,0.7547831956002461,0.9820484917753632,1.1571847593178315,1.3672664691741332,1.1938291866121729,0.5364496295537106,1.018831766146721,1.456540552789606,1.1712227799220574,1.1046273955559036,1.1494754031704573,0.9422162931939893,1.006592723659911,1.0,1.1035597495607061,1.163528839732853,1.2633033603726846,1.0,0.9730573972531736,0.9730121758679874,0.7432017569039812,0.7699627864658255,0.6424493347213249,1.2183939985159926,1.25984468972135,0.9469255732441375,1.3018456297988683,0.7217653882173336,1.1313773355942012,1.345998125582893,1.5159777776812766,1.1285058708184414,1.16353197411412,1.2994576546600307,0.913328274408388,1.0513904214408585,1.0455570704896917,1.0051161725300501,0.9086170013004402,0.9901272237442864,1.1443203990476083,1.0232789172556562,0.8030568748334084,1.0,0.6954194003602219,1.0467050560354618,0.7013511154987677,1.0663389750554524,0.7074800827629266,1.0092520258694129,0.858866691953529,1.3203210869416326,1.0439935013962798,0.8731325815521446,1.0377759041791064,1.2700363384143336,0.7776302352997635,0.8109036102330024,0.6794485878246055,0.7034179765989794,1.543022667745242,1.1991461595462298,0.8535957918017412,1.0577248580736958,0.8100693642866064,1.0530449389642347,1.0191993226289793,1.0551171149895198
2015-11-30,0.8285266201541873,0.6655870857478225,0.6149952000841391,0.911014724110971,0.6224014321558823,1.0,0.7069358762432282,0.526056287892159,0.5597330201649863,1.3328221079017584,0.8843740434607951,1.0510395647026638,0.7085442536019506,0.6703891923944885,0.683985525582903,0.8926858573015695,0.6647678188619492,1.117408487432087,0.7842883959564685,1.005465189353058,0.7882136874691287,0.9539813451267706,0.7209065230632352,0.627254991477327,0.9593321530595509,1.1900466491365531,0.9039387679908507,1.2994987255500319,1.0129939852478258,1.0,1.139095908678271,0.9985840994731201,0.9591563778091268,1.0904008736122996,1.0349533660515817,0.5954957340434877,0.7203981727260709,0.7146064308225412,0.9405814882416937,0.5897456434671877,1.0024916630920455,0.9737846555527423,1.294422920305412,0.7885822814084812,0.7298101734448166,0.9891121293306343,0.8671410210717159,0.9877290903922435,1.1102729892008418,1.3005196695612273,0.9327772840549725,0.8063875539921683,0.5862578126811155,1.0861956480493802,1.1830587039803306,1.195539407094418,0.9406100035004141,1.5629950139015563,1.2762348620427537,0.552315793323356,0.7797494083326937,1.0851638399453138,1.3158765921888989,0.7839243835414713,0.9985459292919421,1.1261984731701815,1.2419203724995298,1.1066680486317284,0.6877283054009193,0.9265530482686213,1.049733191997794,1.0229489042999937,0.5635415048937034,0.6440153807351945,0.6920780705146377,0.5555166144849414,0.6439949709404336,0.825377570798942,0.9960625984923485,0.6908855572608781,0.9372871273031638,0.9011056776137084,1.0579727311451173,1.0,1.1402357150740925,1.0,1.0470344900755277,1.0838304796928488,0.699596944782853,1.226141503330557,1.0227593825981047,1.3610233759249746,0.9199190638229355,1.3867002281886918,0.7101253648905226,0.9155365692273876,1.0816234793336352,1.3486463046720134,1.1840115716266795,0.6505180900035333,0.923869776380131,1.4634474538846787,1.163919225163231,1.0187628193140812,1.12079949960754,0.9280802459503684,1.000019750688216,1.0,1.1021522195771443,0.9852961638643565,1.2560232629533012,1.0,0.9769366830268602,0.6597980338125164,0.7683838558918178,0.8150690375452768,0.7307584827181016,1.2124680477750385,1.236618357677513,1.0212072953300062,1.3012360209140734,0.7235986459959018,1.164910031820023,1.2877051568043725,1.5267286319547144,1.0914090377519772,1.212577911859182,1.239031048194374,0.9216507282788201,1.094268412735141,0.9994824862220187,0.8687489871469549,0.9172765071438805,0.9644961766487581,1.060799716484394,1.0195436503046988,0.7977146697340689,1.0,0.7558729441669234,1.0499792545272344,0.7201416823556777,0.9549046657205339,0.7068555483932126,1.0684890489247807,0.8588512828679673,1.3286289647893708,1.0539713913184356,0.8270087327393988,1.0255573062776426,1.1557661235971357,0.7720682057325432,0.8109153260837434,0.6822503634259967,0.7008175334802239,1.3489003525401946,1.1357745271503925,0.8558559101210664,1.0548859796352834,1.0877012283246479,1.0427098149805605,1.002728713551034,1.047181099457765
2015-12-31,0.7647309944659615,0.6634445111623739,0.6301476026991166,0.9105954265495664,0.6108870365971554,1.0,0.7117801511061708,0.5200842844935107,0.5651103983639038,1.3010610704002639,0.8502389851786216,1.0936520003501393,0.7063121771406446,0.6243973493675189,0.6828609490304272,0.8921764054811983,0.6523625323938833,1.1569716606210592,0.7783121831188549,1.0067185573570026,0.7018305847823114,0.9352533228845412,0.7135607807472606,0.6282895957746328,0.95942420713836,1.1567743902610164,0.9727988542040141,1.3641112128534565,1.0095095382179158,1.0,1.056742120649795,1.1356524028685773,0.960495487294342,1.0904831360977552,1.0395009009364673,0.5964362161544857,0.7173713294650075,0.7146442684311531,0.9295936451514178,0.5934430776156804,1.0025687692797172,1.0650986722083593,1.2954460978346691,0.7828209621846234,0.7106823294667476,0.9827927237706484,0.8252886592475173,0.9474899406589616,1.1574304805394018,1.2972315251731419,1.0018152518514996,0.7373827441454424,0.5627452441472875,1.1907571822281298,1.1613434938101508,1.146486256508091,0.956671003617505,1.5708582214623015,1.1315869687512765,0.5568918068600179,0.7798014491426347,1.1794241846409081,1.333555528134309,0.7899220480077109,0.9679714031945332,1.1764053539664787,1.2410111390405862,1.1175113474853402,0.6811476644479946,0.9337770592186106,1.0399682481370975,1.0279052432763036,0.5462077149922369,0.6313571448190186,0.6384565250334073,0.5384326764827235,0.7109885959786164,0.754811474651316,0.9948994225813932,0.6676167797723531,0.9034105654480312,0.9212960080232877,1.0746476552036084,1.0,1.2140735709813348,1.0,1.0768103506694577,1.0852656836246337,0.6783736131012996,1.0975915691388516,1.0510411278634653,1.3827096502978382,0.9123054890252899,1.2952008778092168,0.7735352963631401,0.9173670703191387,1.1063649503162605,1.3730039737295527,1.2335051195445161,0.5909170763000631,0.9866313292906723,1.4634014944282783,1.166381168421934,1.0002972276915718,1.1371625141765818,0.9126688390567606,1.0041188431996413,1.0,1.1026946803953328,0.922900346337863,1.386821668373965,1.0,0.9803348507576684,0.5818678185515449,0.7623716608934163,0.7930327416690142,0.7352661926711914,1.2140677890176335,1.2407889809397958,0.9908127274187343,1.2993274094929994,0.7217904520796509,1.0593233014359553,1.142173226862956,1.4445482124510338,1.0926921692776759,1.1440449492291678,1.4260303680990907,0.9816685209112853,1.2355277962440465,1.0130633652841918,0.7597632437771793,0.9245070062976279,0.9721985227348527,1.0888691043186782,1.0174889771370845,0.8179603680276546,1.0,0.7028175086981576,1.1016241019923958,0.7125656833747311,0.9473988025702548,0.7066692971183153,1.0995285548891776,0.8588242992162339,1.3289643682231742,1.0765302297274932,0.932775905600072,1.0304023328564758,1.1361493832078466,0.7732969514081058,0.8109761222110743,0.6789827673817159,0.70413516763108,1.583771488359813,1.1849478257523876,0.928221345154807,1.052145942477278,1.0487104402948564,1.0777612011167226,1.018283784614495,1.0543965955037906
2016-01-29,0.9731283847791972,0.6637160779692317,0.6550776703451251,0.9120561527004691,0.6117902944525018,1.0,0.7148897163263997,0.5180029526446874,0.7318722454869709,1.2536660962428015,0.842237759957705,1.1491412082559669,0.6766145230656906,0.62648252979468,0.6819033788006648,0.7171425230970638,0.6355368832871653,1.2575763307358598,0.7407121913007225,1.0253558757932981,0.8080637722683848,0.9027699487806768,0.7281097422105541,0.620224217702328,0.9590256670247351,1.1885192673926612,1.0596776673033816,1.4112808942030401,1.011479540248084,1.0,1.3381028124045313,1.2387113689330038,0.9633927796163666,1.0875648103511415,0.9711477018032155,0.5952351569008772,0.7609908594074025,0.7146229934177947,0.918978313333002,0.605732084205779,1.0026107583173849,1.1380050401048414,1.2954136831432235,0.7804035544555914,0.7606801637274921,0.9261706409819906,0.832250445786594,0.852057969909899,1.1920068467857985,1.2925664404451782,1.107902088974188,0.854623907264608,0.6494814556745605,1.0944013373009862,1.3279073073895042,1.155366676714536,0.9627561944683005,1.539134686092742,1.2937926381159894,0.5661789375585056,0.7911100629454313,1.2107183117433746,1.289205997102346,0.7821804998108122,0.8854606567023351,1.2171373868318787,1.33798338396677,1.1382653489547268,0.6712453472686055,0.9540896193818462,0.9739971596134981,1.0272872035797314,0.5797903781850795,0.6501858522979842,0.7396436467725225,0.52446929711848,0.8641522860756221,0.762518073524962,0.9942010908952331,0.5989628625404795,0.9935692924128708,0.8520401236306956,1.2212752410742125,1.0,1.1814569172596043,1.0,1.0881351175406617,1.0851397749315128,0.6604296680014085,1.0155418196763355,1.077328885362595,1.2921978038129973,0.9045432030529343,1.0255484375754567,0.7125999673961793,0.9059041735685608,1.0310235704305946,1.345257440876376,1.2462056761409661,0.5529905158963708,1.0953308628021141,1.4633629908168515,1.1722520564388879,0.8976067348751289,1.1697158050725642,0.9104158002384706,1.0296352991388555,1.0,1.1034787803891437,0.9016172998819282,1.4467417003487517,1.0,0.9951327042425456,0.5801283736005132,0.750071982118675,0.6309790825749684,0.6068745660958867,1.2147880718581547,1.2338634143254572,0.8633663470046965,1.3011541342203192,0.7202778858535377,0.9903837690280946,1.2626302095561028,1.4212024872037006,1.1929825077289475,1.1006567117347896,1.5192995247632008,1.0943003717475739,1.2792600647456442,1.089781332308092,0.9833164674914239,0.9248893636611103,0.99026267225604,1.0829553031638979,1.0160426944142562,0.7939974879764801,1.0,0.589491565141919,1.1139204132005278,0.7095435731290185,0.9749559617499113,0.7064505161416099,1.1166110258336825,0.8587931427810674,1.3483543602296058,1.108221511734495,1.02826865682862,1.0293209090495177,1.0569213107122744,0.7877592870060155,0.8119348423847854,0.6967142557358081,0.7331450791185525,1.6899075405749193,1.2506182243163064,0.9372142889380027,1.0534254359976623,0.823159370771832,1.103608501087821,1.0537709363050847,1.0665101646395767
2016-02-29,1.0912852199573946,0.6638322966569778,0.6533989544007681,0.91434053192451,0.6246329436296165,1.0,0.7640998137468702,0.5186111287846258,0.9857802210656248,0.9138559473868897,0.7457099395157223,1.25684819337242,0.6713249005592237,0.5456952010516638,0.6816006519147628,0.7224744923615559,0.6347101078094848,1.278977949229437,0.7131755191307592,1.0368364039929625,0.8585065419377176,0.8905141272374372,0.7938835117500461,0.6225062603364704,0.9589492731706624,1.2257253147808755,1.0237635080839973,1.4215138029834902,1.0096940932761385,1.0,1.4935757291944785,1.2648303467237985,0.9503229972714323,1.090085091059856,0.9446532430734198,0.6076087965090897,1.030490347796307,0.715759813667262,0.9423258103048214,0.6190870179512836,1.0026740963615912,1.196644351493266,1.295371418389152,0.7943554897319407,0.813072201431948,0.9381234472110923,0.7414679487733944,0.8037642216308024,1.1311568925876527,1.2944370911569574,1.1465036952566234,1.0960661757921044,0.6773372663659321,1.1700168846468455,1.3828092674555885,1.175346489671421,0.963561847941791,1.502073003140036,1.3463942604949724,0.5456122657057965,0.7944662717520123,1.2133852069075315,0.8346938586051345,0.5740349184982878,0.6596699931606387,1.2663206658539068,1.369189740425882,1.1400828484448418,0.8786273917175693,1.0237321945692925,0.9876551317460969,1.0264023306964474,0.6522450614242639,0.686833684901845,0.9362608217166158,0.5257660287568959,0.9622686568187145,0.8015514621058698,0.994732761266792,0.590139534853339,1.0388201511953308,0.8081479054449184,1.2420966474631292,1.0,1.2713596838995236,1.0,1.200150721395146,1.0897707421872287,0.6762506630827245,0.9302249651961669,1.0966454081898709,1.3736968468669188,0.9256494333859642,1.0069478488144399,0.9802077417176773,0.9043633603151779,0.835925081418476,1.3591727177030808,1.3005178094998868,0.4673975181685286,1.1568788905029934,1.4634053506242344,1.1769098682251222,0.9509505593821153,1.1714633833335573,0.9301968575103052,1.0476574878149638,1.0,1.1032945529632827,0.9500631943540364,1.4615096417208344,1.0,0.9809993787303741,0.4952542823535264,0.7873876528342103,0.5935021837100463,0.653089434193707,1.2251868243245474,1.301275110533833,0.7244840614828081,1.3019338872869872,0.7200211817745439,0.9025123306596876,1.3087044278580928,1.2407849336965993,1.2489024694914403,1.114719711985692,1.5937198904156542,1.2648369401627844,1.271727867309236,1.1883253356673835,1.1511158009288203,0.9079797500896315,1.0504804132819279,1.2010194064469755,1.0231350948559905,0.793090921670858,1.0,0.5764137025301372,1.114367137296631,0.6851892600638841,1.1314808913451937,0.70639172413657,1.1149502469880797,0.8587841721948585,1.353965266798403,1.1937229578126498,1.331576772137647,1.0675588956353983,1.2226155617179577,0.8240671313867554,0.8168919562313102,0.7435933728936136,0.8112949072048905,1.6987184935377773,1.3353732174694533,0.8442691900696755,1.081498102652816,0.7035203303353699,1.1368711472513466,1.1273892642032817,1.0839883970400566
2016-03-31,1.0954897996339321,0.6631414802693262,0.7263582685109267,0.9151905247934513,0.6530471993004695,1.0,0.7727522883934701,0.5365664046824812,1.0649567506807096,0.968238442415102,0.8468205719445554,1.2125955310124878,0.6619729105965686,0.5719135665204269,0.6817985826392928,0.7485911644243899,0.6269456438883796,1.28914566384109,0.7662794865856062,1.03810743792149,0.9454819862427737,0.8868258138408682,0.8097534081658682,0.6245038704332483,0.959034894205411,1.2258839326753557,1.0535533822164842,1.420833706799638,1.0137763251208192,1.0,1.466474871647962,1.2392698313461137,0.951154753596958,1.087589804334227,0.9234622496365017,0.6248264573855888,1.0417476958804945,0.7168848030117856,0.9401842845414615,0.6928781822414314,1.0025278064834122,1.1811603928160643,1.2953380615798555,0.7911992812436772,0.8278732980980589,0.9124784607145439,0.8087031363669768,0.9644516940112755,1.1449380664402986,1.2874291962758395,1.1364390347741569,1.4071007741822736,0.6725457218437582,1.162758357522713,1.3833542410391895,1.1038181620731091,0.9434320345938567,1.4710787319278256,1.2898476206033325,0.6026087109030038,0.7841776551088608,1.2120496260209617,0.7813899983360133,0.5915996198576814,0.6838459356009259,1.2071436786061802,1.3588514826292295,1.139788685061574,0.7349093443067884,0.9747268943697316,0.9438431721405487,1.0251085790944434,1.0417001833064767,0.7885471933700835,1.011324583614709,0.6111066515743344,0.9734730886890319,0.816477390298979,0.9952036036702439,0.6504368178361224,1.0252520636281073,0.8470808780857839,1.2382837054675786,1.0,1.1584686826342094,1.0,1.0840399271558818,1.0831882707054619,0.8676589826659845,0.7993337282720044,1.072378129406884,1.4184114622623076,0.9064144496010798,0.9472356832902498,1.1419380253501776,0.9064214044379116,1.1251114958375985,1.3397597158640455,1.2325011449712795,0.45429638090627034,1.1295059954731812,1.463306136815548,1.1782441056029227,0.935375811047631,1.1703175234950574,0.9295981708767093,1.0434570613231036,1.0,1.1032914248362522,0.8982696645864235,1.4592146803130825,1.0,0.9741359981891222,0.5893810391545924,0.8327914329142504,0.6670592700593498,0.6372038477860441,1.2246765601638283,1.2956459611998121,0.77733336710518,1.3019226199637832,0.7200975727304813,0.8400597869211901,1.277318445644353,1.0712616162465707,1.233717673188268,0.9978183963141537,1.5919175133425507,1.2941116474654517,1.2273644691490961,1.1888211922823766,1.1518928986585126,0.918700489956911,1.0325331501125912,1.1409863237593394,1.0221023455999605,0.793667322325542,1.0,0.5746112085999255,1.111597908738587,0.6862721363902481,1.1203601195705308,0.7064205491540372,1.0795003145330935,0.8587910151575984,1.3488064931688415,1.142527294487824,1.3027151104818437,1.0617638579700348,1.2378640625395287,0.8313037563748723,0.864584875817665,0.8447084980810574,0.8348528782678054,1.70153397810094,1.3093830247539189,0.8496550062041556,1.065944268093514,0.7055277405012692,1.1299549487457103,1.095696783841532,1.078312581134186
2016-04-29,1.0140397906706935,0.6733594598431987,0.7010180329288744,0.9196068821891851,0.6141726292142083,1.0,0.7396711422364279,0.5367142702052521,1.0390883449870911,0.9112667022759212,0.8622582588484905,1.2423543165188844,0.7105798805111354,0.5728273201742545,0.6819957746484824,0.7742339739388131,0.6455139227692825,1.2715264890848323,0.7537620033993023,1.0380898331253527,0.9707934398479124,0.9085245766066209,0.755727581050613,0.6236613061196818,0.959605823989685,1.2667642928114076,0.9787618684439631,1.4331475665229234,1.0108557203270927,1.0,1.5067641233796338,1.2870423564620852,0.9590710223260158,1.0904120448594097,0.9090309619131904,0.6059048554153825,1.070806544283834,0.7153305590174275,0.9289652783979908,0.6907175651659336,1.0025593364292835,1.1680368879975171,1.2952713136231748,0.7945127293624852,0.7336385250524897,0.9205176236430613,0.7915892103240181,0.9447789605992731,1.1896482156791937,1.288922756982414,1.1666627797413063,1.2892412040937207,0.6927621534281585,1.4160194418431655,1.3894975973034431,1.2111824661173185,0.9624082893942015,1.4775718083828757,1.3633728437546977,0.5816887153249989,0.8014572510962018,1.215877527217301,0.7940819196374009,0.5931593554638748,0.7173857524442822,1.2501462037624402,1.3779673056919501,1.1385333866709761,0.8285441166174909,1.0040677730585807,1.0644767816737246,1.0224743911692915,0.9949501158822401,0.7555674335595717,1.0048481809547671,0.6096905620743518,0.9755412916191185,0.7964732555468479,1.0002178301227074,0.7020923814568821,0.933174839494956,0.7426392364497916,1.2242949549529611,1.0,1.2810985575434966,1.0,1.2161130753839555,1.0903286511008166,0.9730174530541923,0.9271155631592748,1.117764113715826,1.407610090567794,0.9671817535971795,0.993391816936199,1.1053609162777118,0.9096068219438824,1.001629759394391,1.3754321426035236,1.306108089838215,0.42940656224819773,1.054246225450632,1.4632361117939985,1.1748660316342963,0.9210015870791789,1.1713243280348897,0.936552849052608,1.033432006419997,1.0,1.1032725307150295,0.8812007794782901,1.4578729044638667,1.0,0.9743025855081278,0.5437124339840559,0.8373905147800116,0.7161464392551414,0.7207886150349101,1.2250431727656468,1.2986168981412085,0.7299878752213376,1.3018756070691047,0.7204072937882195,0.9302677279866196,1.3116552004675115,1.2104843807528358,1.2425920665837331,1.0280688485458445,1.59566124448409,1.3076569486593748,1.3182763294355744,1.1690269844824257,1.1037032514064118,0.9050395820967438,1.0195704008619213,1.1579696118104221,1.0243709034248438,0.7959154863396902,1.0,0.5884013782428735,1.1018167120406324,0.6987863994877911,1.1330729784236664,0.7064105840040982,1.137450574320642,0.8587972268585523,1.353144400219494,1.1612475994235596,1.0841688654826676,1.0467847107937145,1.1554975551900388,0.8112725342404868,0.8246986562869387,0.831377599421578,0.7939120663946678,1.6992731447908422,1.2909222409518915,0.8629168030805944,1.085208121407729,0.7153368649354437,1.1356616687043495,1.1235085901308821,1.0837343124002217
2016-05-31,0.8952067794503488,0.6790793846178713,0.7308865027463682,0.9147963107284449,0.6301039059959743,1.0,0.7351692971037364,0.5262162622893094,0.8728683915114043,0.9678535979544142,0.8445577501063873,1.2472053544740809,0.6558575132527886,0.5843336333395177,0.681767798555018,0.7682832845836498,0.6657954017240668,1.2859655834541355,0.7378137977527062,1.039107948918266,0.8619832187217621,0.8956481015473063,0.7487127580126813,0.6229164680365746,0.9591815162450433,1.2052443538292108,1.0370843351844619,1.4360019655174003,1.0117091416805846,1.0,1.4938180175189526,1.3737503754498113,0.9571866651252855,1.0902236873618956,0.921602001689491,0.6028825685663586,1.0566033230128327,0.7151847416420687,0.9272093784653118,0.6970883247158934,1.0026012007592584,1.1421098956252682,1.295163935246894,0.7953633967758489,0.754922164556172,0.851311284989168,0.8150900677066834,0.8324034413041655,1.1931377326972918,1.2951608245103017,1.165060371192764,1.215147840115399,0.6527509045658924,1.3049117849972978,1.388378814795583,1.1202379248566923,0.9345843986852181,1.5016639580356843,1.4091666368735944,0.612415282922727,0.7931972569794183,1.2178760114935103,0.7619836762972001,0.5733811765069671,0.6844131068516859,1.2566901240496302,1.375837843027857,1.1406254774248885,0.8598398336311591,1.0428200890513046,1.0546391555349657,1.0270638560202026,0.9492924652786927,0.7584581686045615,0.9616594105039101,0.5713999418138132,0.9713281635818233,0.7572063447124622,0.9963142280536021,0.6411427609652836,0.9008544651140541,0.767020399214585,1.2264054626092542,1.0,1.290196293033873,1.0,1.2041762232421391,1.087226653328157,0.9066661513095414,0.9194844554780576,1.3927407304255262,1.353385235659224,0.8996123189691334,1.122482358526201,1.1320934578238653,0.9397893174340246,1.044873657597743,1.3478798559821004,1.2720292947910126,0.42243789315328484,1.0322394646032116,1.4632852164377612,1.1752017352662172,0.9207223295775758,1.1721883809085194,0.935603061017365,1.0401343629870419,1.0,1.103261596141214,0.8784151717624682,1.451445323051401,1.0,0.9705845061085485,0.6010386962322809,0.8580399082073417,0.6726283427874941,0.6190665209962282,1.2250051775632633,1.2996844178683755,0.7140780741667062,1.301722687092005,0.7203101015299331,0.8865138124845678,1.3510541405841834,1.3450850773499217,1.243943875982285,1.0185486568008735,1.5933382841293735,1.3174066373967637,1.314301746052083,1.1907653051835265,1.1110302455667542,0.9023792160146081,1.0259717655138134,1.1779581337592577,1.025580342325007,0.7977989064147751,1.0,0.571971885005623,1.1153720180068003,0.69455019628833,1.1327102140877063,0.7063839684194837,1.1160434429948007,0.8587929560200231,1.357816681811482,1.184200727523086,1.1390587697336787,1.052678734912889,1.17735090101369,0.807326289502138,0.8146928082917803,0.7319817317117212,0.8292432892665709,1.7001675047752973,1.3313771245753834,0.8993799137203442,1.0972298917237178,0.6960984022824885,1.1369919735211442,1.1349609235775167,1.084667197093376
2016-06-30,0.9549186719193913,0.6738032591522527,0.7579707554998427,0.9401660528225901,0.6807894791830147,1.0,0.7666692852974238,0.5440618547402616,1.0899189538045173,0.764504751694804,0.8333234499849468,1.219641507982602,0.6548102296738794,0.5501412273923678,0.6817610546680368,0.8116696540134859,0.6909941698241213,1.2751524563083008,0.7176304349726246,1.038948135969966,0.8814645184542442,0.8928695846525153,0.8238895214434125,0.6252818828345812,0.9597159069921235,1.1798684297878923,1.0692341786840038,1.4385572043064032,1.0103333114607034,1.0,1.4287570279863324,1.3365183363712339,0.9451557857217108,1.089138133704172,0.9061276330621679,0.6143197977831445,1.0791960461149617,0.7215472443000319,0.9183142663914844,0.7980000108320253,1.0023843670536936,1.1454968160436387,1.2951095513809152,0.7954241845889107,0.753455799061186,0.8597467223306472,0.7562769735470497,0.8792993461465564,1.1286919371684467,1.2779806121557682,1.179909044394377,1.2138685524216863,0.6250640358472674,1.4107198597055626,1.3868400169842374,1.1961410617975474,0.8468091872187875,1.3553994799093754,1.4507243741779217,0.6567891288634904,0.7800378419473694,1.2117007444542387,0.7228947816645935,0.5539295380672294,0.6536407628799327,1.2391582080229322,1.3541261876043338,1.1401328046513142,0.9058441360240894,1.0070043843460474,0.9995528453908546,1.0244109258380043,0.9888092313938991,0.7772813196486272,0.9339246949264786,0.6167998869923659,1.0055345299235074,0.7641692983652955,0.9967640300392309,0.6856450092743215,0.8801761692991383,0.7963832776032851,1.2310979442934435,1.0,1.271228576655127,1.0,1.185214760906683,1.0881459454461146,1.042594186969528,0.8835312550871784,1.361610021301075,1.3956705199556536,0.9154725383106997,1.066249418529406,1.1689926645238193,0.9272425427079388,1.0286773837620216,1.339460322797028,1.2979130250792679,0.4109245420438089,0.8622640665318979,1.463215701666941,1.1789351859994421,0.9094589716022838,1.1722051463185752,0.9449732621346443,1.0465172950665518,1.0,1.1032792210161344,0.8644216290639262,1.4390294444425937,1.0,0.9622707600142386,0.5796662308267498,0.9208760934728207,0.7326236522431642,0.7159644242910717,1.2256350103218883,1.3102184052198549,0.7025689508168083,1.3017274733551552,0.7204940993747151,0.8522382967406233,1.3212916571320494,1.0817264134687934,1.2249079913101009,1.1147302556347343,1.60647881583425,1.4252800738289884,1.3049925411234344,1.182340448937058,1.1499712530688422,0.9128596730472462,1.0139188970639434,1.1216336370985258,1.0225799170256424,0.8046390394708403,1.0,0.5748295837401783,1.1119531050179723,0.6901876286278334,1.0819273726563392,0.7064189306402394,1.1178761564538138,0.8588032533383773,1.3563743265184887,1.1680961202203666,1.1073449982845383,1.0572146531360984,1.2474558837246954,0.8215454261142113,0.8321122413633817,0.7986715408720335,1.0785710408305076,1.699408472972197,1.3286632596074974,0.8515129359658068,1.0863477191426802,0.6915999312123018,1.1341518138610898,1.1211786919066982,1.082594397287962
2016-07-29,1.0589147623482544,0.6902752208651459,0.7911104328818007,0.9817188115029082,0.8846140174443324,1.0,0.8030830951745002,0.6476583603117426,1.1936422954244752,0.8151593158956997,0.9330506055429131,1.1040353850050555,0.6585246426935054,0.6740914812026507,0.6829618952828527,0.8794014657605909,0.851633103166402,1.260993248953747,0.7127795360420759,1.0376186529262732,1.0375394888948208,0.8903196798852478,0.8677473089307713,0.6288072329314838,0.9605133856717385,1.2668539038403313,0.9696285883112816,1.4057468220175866,1.0217693653556248,1.0,1.34752889047473,1.3098837877648257,0.9450381685900876,1.0808975761701483,0.9225578683872782,0.6209129048797648,1.0825616160822797,0.7323984333117053,0.9203192683059405,0.9884868248718885,1.002050500148428,1.1598134290821602,1.2948425645066892,0.7961729586368149,0.7203614615593055,0.9529656122072951,0.8735777061567411,0.9591120869505676,1.0901523404248292,1.2004625347309663,1.1640536498988636,1.4211418744976223,0.6348199061284734,1.4251729676589528,1.3654729615085652,1.1148597757778558,0.7817746501575702,1.3126449465430592,1.4458201330993248,0.7365810853405397,0.7835690220435094,1.1920715366577843,0.7150591288655532,0.5673150358294479,0.6792054204246383,1.123229595874301,1.2978406800934643,1.1345286854340528,1.174326986908814,0.9848001983874435,0.8917883364711464,1.0043619795167817,1.1765662490481574,0.8553492960431661,1.1767235165594139,0.9592106573043906,1.0101822362061976,0.8252906502439297,1.000444075384025,0.7416387417702305,0.8855454517196556,0.8358468524228013,1.21470433041366,1.0,1.131596863221279,1.0,1.1013460059733156,1.0843300593314618,1.147426719692523,0.76015857321779,1.2538214197280244,1.422324048785129,0.9062792920533762,1.1904747411324792,1.1142488513742623,0.9058218999571275,0.9986763805360633,1.2891008755619686,1.2534220556895883,0.4067811139877133,0.8831200021828429,1.4626411540946642,1.17862047402786,0.8891026130174076,1.170433875373483,0.9634463332966386,1.0474133000810066,1.0,1.1033173857259408,1.018848263007092,1.4422566407603434,1.0,0.9579591643663536,0.506594054311533,0.9480024618523223,0.9050942565782101,0.8428575664745821,1.2255114708929158,1.308190236031008,0.7400266824888255,1.301889261354785,0.7226923872750161,0.9124002416526353,1.2782133893448964,0.9185898323714325,1.1680928300323727,1.0020613619894607,1.6044012157595313,1.3934951692621371,1.2847088442316528,1.159090621902644,1.1986686968329388,0.9230847253552504,0.9875443372703118,1.0121239167473854,1.017403055186937,0.8012608114472561,1.0,0.6164523468987035,1.0441085344843906,0.6984743775993871,1.0861830849132652,0.7065256703267355,1.124675601964195,0.8590675373587242,1.3417050788397415,1.1208188832495543,1.0420041147179235,1.050035183161382,1.243775150975132,0.8366032265779202,0.8798067940285837,0.9097855244493914,1.2629757945588578,1.6924661431700767,1.2865333580262246,0.8750138055519309,1.0599302395036017,0.6989669523204123,1.1037425383951265,1.0444890600398646,1.0636216691898155
2016-08-31,1.0025459158062677,0.7800674584234908,0.8155445918995453,0.9742399624587176,0.8462587988512178,1.0,0.7894870782470658,0.5449120331968862,1.1375477990820322,0.9097228323197819,0.9734878712664303,1.0666195520248833,0.672788993313054,0.7498751951579712,0.6835127090744317,0.8630483709229444,1.0400198260494677,1.2349195793726606,0.7181992906230352,1.038728770668009,0.932388799671616,0.898127963705715,0.8560217254225455,0.6262137558023897,0.9619708005477104,1.2840336183123,1.0242928132541382,1.3988864356778263,1.0198813629836854,1.0,1.3030807122386925,1.3746450339203888,0.9523686291641881,1.0867271020661655,0.9190491750957692,0.6235204782526812,1.0671796827956246,0.7269064710652136,0.9182367338681241,0.8699913254919914,1.0021614683124695,1.101910947919381,1.2941925639667304,0.7961043113054798,0.728661018918531,0.8845041466819475,0.882040801159204,0.9057183958874946,1.1198443824823359,1.2053918380895194,1.1586828083215936,1.34882355523336,0.7158845842162409,1.400018307189724,1.3244268339452838,1.1031609929656845,0.7786279776135826,1.2976119362143055,1.390294223233391,0.725227408693923,0.7765848114397369,1.1946931668626801,0.7228393330045486,0.575124715214496,0.6934222508493253,1.1096806449051473,1.2952897068904825,1.1309989003577847,1.1969436646944536,0.9918942176416712,0.9248185953691205,1.0069081417137722,1.1762535712572633,0.8512247700155909,1.1852194582970377,0.9580556692539454,0.986395819967414,0.8042921593927743,1.001751383125483,0.7380678806396361,0.8782580826713965,0.7822002331611595,1.2029094613925486,1.0,1.1449916786767427,1.0,1.1298408916214324,1.0828071677351627,1.0390454443711568,0.8073403304836834,1.35840944925922,1.3050358614943725,0.9003053545348291,1.2011901532233291,1.1366548416160662,0.9034671025723913,0.9836462792596394,1.2609098464389643,1.2706203683238728,0.41686706957876785,0.9055927558092253,1.4625148026350674,1.176592774310147,0.8779594506976236,1.164391601650454,0.9618876479206827,1.0399004953714233,1.0,1.1034019397908337,1.0018708792791107,1.4647628862005504,1.0,0.9593734188565309,0.5386359324963201,0.9430898906661689,0.8873853405140423,0.6754847795066964,1.2248805257231867,1.2991150718105222,0.7575499439789276,1.3015220395833444,0.7241708026890075,0.8507509217372736,1.3379679839797447,0.9942614098270122,1.154533082317466,0.9712642752356128,1.5989016486246188,1.3582121403598832,1.3002330578235526,1.131457261000532,1.1708597543617048,0.9154050057284076,0.9734275491433209,0.9854097323963442,1.0161905197823569,0.8071627979224185,1.0,0.6100257795272017,1.057530268610323,0.7273197100331836,1.0779885706789907,0.7065018268846179,1.1385726744918718,0.8591143952448884,1.3094508367109041,1.1087333617991544,0.9985978857670391,1.0440044816996812,1.2071298964818014,0.824608499644292,0.8279563192875573,0.8907423255999389,1.1162129206696096,1.6878169026248857,1.2623844130323363,0.8561269362611783,1.0583669576291324,0.6965698415388291,1.1030055761307338,1.034278837064366,1.0634368741617204
2016-09-30,0.8528548679067575,0.8137664549140559,0.857658333795895,0.9693232527911114,0.8319026077474861,1.0,0.7744873300690107,0.5765068743108608,1.0814127691329132,1.1953489714961016,1.022059112173647,0.9832743143022796,0.7444467744399552,0.8864513274699011,0.6904679562133609,0.9717349483274415,1.0104548341059028,1.1493428777670323,0.7398857286208562,1.0386587736373072,0.9750030949412363,0.8906629266470573,0.8507370917646286,0.6263657314147437,0.9742988478434154,1.225504590215563,0.9804608293615865,1.3617863146993363,1.030266708423674,1.0,1.166565480702269,1.287907131914287,0.9529037800371902,1.0784607938636541,0.9126025269608766,0.6128073328185102,1.035398964700451,0.7272086956056114,0.918386010304038,1.0568940252647434,1.0019243593940501,1.0302004039578827,1.2896239690154039,0.7951398541483414,0.7250255761025717,0.8214557871923907,0.8770456854965267,0.936811071330433,1.0791820730649437,1.1357234064087112,1.157921038893424,1.3728244698838148,0.6446886868870758,1.3863423424372099,1.2405765972499274,1.0735717515441814,0.7723073040272018,1.1915072862751523,1.3703302033551292,0.7700328390507678,0.766755563105987,1.170562730320933,0.7632459561111522,0.6366274963021268,0.7936362762647913,1.0608767460035142,1.2260351019499067,1.1160999626994963,1.2120778904589637,1.0278803783250592,0.9214676000306943,0.9970897726156137,1.204820292818149,0.8989629939152137,1.2295064641711797,1.0249212837559665,0.9418539580766853,0.743821889372373,1.0028898560805461,0.7493278544868329,0.7510748694909402,0.7611362716542126,1.1169869167934203,1.0,1.0845799228229793,1.0,1.0991309311498272,1.0754848731883877,1.0244460884176767,0.7773423432607124,1.2962237942129549,1.3366447710888638,0.8975795595723224,1.181459829583164,1.132306499220004,0.9038921562472312,0.9680443144641712,1.2099910709217716,1.2378684391345172,0.42794294288738743,0.8692884182338718,1.4601530572184473,1.162393970947914,0.844502136727304,1.1027642538834745,0.9735439141437712,1.0271606636424497,1.0,1.1037699547172688,1.0468922964303558,1.4571302937678272,1.0,0.9556201303504457,0.5003058254494263,0.9775284936247064,0.9337257917954511,0.6727136257433355,1.2209231760454986,1.2693603354515304,0.8316553523293287,1.2998176107470718,0.7314584674138127,1.0211350337281206,1.3495731112180362,0.9679387830851043,1.0803688521106107,0.9332011847153072,1.5728892627296274,1.333859710026955,1.261178339383962,1.0772688380422026,1.1501565030940313,0.9141124769313066,0.9484081908260881,0.9304411903220609,1.009845206986277,0.796686418590632,1.0,0.6619198308816064,1.083181737604511,0.8437568945262026,1.0013600500254454,0.7066288313019462,1.0589850466106014,0.8599073320438444,1.2094914387600326,1.0492430661519445,0.9642470216312831,1.0311223629901916,1.1165229313596883,0.8178988863995565,0.8226767466992135,0.850777836624996,0.9330003475845942,1.6225927824170707,1.1562164648558304,0.9813498531517283,1.0435994016449934,0.7583321044830134,1.0503765044871851,0.9797400704725505,1.04139929046495
2016-10-31,0.9935124931018557,0.8079644035994089,0.7696304066487731,0.9876653121268009,0.8435181989058607,1.0,0.7514766934212798,0.55278037475464,1.0814765279994647,1.0584138009836699,0.9836576982097771,1.0246458070229019,0.7498228854379011,0.8000367537674492,0.6864488963936066,0.94026606644341,1.119522897186149,1.1540494567099056,0.7285342622404214,1.0396476251698035,1.0075779845013988,0.8860365555971805,0.7820353307015009,0.6325589491715286,0.9669662231621705,1.1930554042913213,0.9659380711849077,1.3993494832930653,1.030507218804702,1.0,1.2898514095122458,1.2970497537596617,0.9476563466098205,1.084091517388771,0.8924913214422198,0.6147271808531262,1.055116028546825,0.7163845004743061,0.9181427287561814,0.9440186878077909,1.001578210395685,1.0293916581791593,1.2906004643273472,0.7954746479263586,0.7422440194735664,0.8833011123753358,1.0077836301839624,0.8454964549624087,1.0704389419339253,1.1211777942526273,1.1710448658623298,1.4032923009178138,1.0597113650485692,1.42025994656461,1.2266141288511505,1.113960653797906,0.7725799384872196,1.1818445578635033,1.4170363159645372,0.7799295402748363,0.7646947081749007,1.1779012952362133,0.7525134834588465,0.6028621154417264,0.7407787166300766,1.0881865920240632,1.209631688247735,1.1203115914063524,1.2098218959887896,1.0354197150165145,0.8353137174699369,1.0126947755096032,1.207791821553082,0.8776866012581318,1.186817513405613,0.9784260306695355,0.9507388205991686,0.7647861907311395,1.0035612085570282,0.642130431513463,0.901955652469494,0.6872005469184823,1.1306328249816213,1.0,1.1482082502641184,1.0,1.1377839236762695,1.0742845818740945,0.9351323144282135,0.7637057110936074,1.2802892095639717,1.3291070864818464,0.8988434197131029,1.1607093217399171,1.1714392002555598,0.9062100278707297,1.0668369655133845,1.2610986598824625,1.228602792853321,0.42370522136249644,0.7173320333372755,1.4599797541742277,1.1748661910656633,0.8770188209789813,1.124116642494971,0.9681743830400776,1.039782188959489,1.0,1.103796355398422,0.9838521742916071,1.4642170912922494,1.0,0.9583670404818471,0.4750510634860974,0.9169111447958154,0.8834207830545765,0.6782946259247595,1.2226808517819339,1.282840443578522,0.8021263810279666,1.2988449136269085,0.7342763870302105,1.024080806027112,1.3509927394008678,0.8826345706698118,1.1065898801412866,0.9486155798376129,1.580080380059948,1.3893463920827338,1.294622771149891,1.104209670956575,1.1807958336912936,0.907817422882666,0.9709218718648427,0.9447322099638027,1.0107735012154129,0.8668049262226947,1.0,0.6464967579279727,1.0557018939401173,0.7839839512816663,1.0329676345346797,0.7064107999556294,1.091961666556519,0.8592423217713998,1.2728302110115721,1.0783704804835852,1.0037257369025556,1.0415647844293496,1.2321125883774555,0.8064079545570513,0.829052974169454,0.8553251832438395,0.9258018208156382,1.5100447541764055,1.2224394094878193,0.8632853479561152,1.0488060804004642,0.7402876385495933,1.087948758262275,1.0157235691191744,1.0599702338134553
2016-11-30,1.2989432093649675,0.8120942104960733,0.8198334891479592,1.0159839619387638,0.9873957315443898,1.0,0.7220764025360104,0.6049103589244529,1.1469718604590347,0.7851548337832014,1.0146847920322013,0.9842886503213282,0.8815982161369911,0.94320817798552,0.6876151099377812,0.8939306075787665,0.8578228541304124,1.1397195975587717,0.7297493137299687,1.0372502196911633,1.3039924130836953,0.9318243030546085,0.7326127264887599,0.6643949998691975,0.962150678110127,1.1374849415554482,1.0782840095847825,1.3806007861728555,1.0345432225599163,1.0,1.3088632868444205,1.3705032343696817,0.9688264029703134,1.0746980802841544,0.8133810505248573,0.6776970534433076,1.0963109647419662,0.715176860018782,0.9323927523983934,0.9440606404651831,1.0011998510444282,1.169980384308637,1.2840678484730732,0.7971051077193195,0.7264529957127744,0.8038620103144161,1.4071761233330609,1.0675239932563536,1.065984602647689,1.1324082516946823,1.1683761049667711,1.448406857487962,1.229378959928319,1.4343154923164576,1.2664675662697291,1.1169515785212192,0.7866183736189457,1.108235125932624,1.4623567616778508,0.8793402685438967,0.7644128289579992,1.17529866887596,0.6793016199191887,0.5425706506256804,0.6467054832122185,1.0592053088563664,1.2141163846723921,1.1195540937871877,1.1071587619337664,0.9780592126888855,0.8106291499159458,1.0135220688077569,1.2317616341685995,0.9263046790869162,1.3304295037807663,0.993932904553154,0.9835448736002231,0.7121148107069636,1.0039677017717838,0.6577047406698098,1.159218236225892,0.6629084813797657,1.1295530083000063,1.0,1.174557708657183,1.0,1.1658931520417566,1.056858164518856,0.992227119301915,0.6499701114789522,1.1799508588719683,1.3686301705806965,0.8989730654462704,1.0826112596044728,1.1390643962142133,0.9221681278792775,0.7673492779445368,1.2734812475108257,1.2211161038307494,0.4022217355160118,1.0511831189672562,1.4078764947612885,1.1775710247832203,0.8730525783310739,1.148059130185775,0.9575238655546007,1.0487172283669868,1.0,1.1038947201302247,0.9382576372204867,1.4661182449195793,1.0,0.9569587047068339,0.5277937806757422,0.9200987086907835,0.8512167590543149,0.5650396441454709,1.218740853052119,1.2691207591717415,0.6914357510315093,1.3001544130035554,0.7316422534157366,1.1008964863296358,1.3501562208902222,0.9300831470319242,1.1040621044235759,0.9132617808555719,1.5728122115832863,1.4072360471434708,1.2801165807945336,1.1492439726460912,1.2826946188734574,0.9066475034269178,0.9780366610743696,0.9358502694630753,1.0164792974794792,0.9282161161872586,1.0,0.6023628012272153,1.0589736682778654,0.7436420555633293,1.1064656842769753,0.7063841305241132,1.1010907405470576,0.8596553768975339,1.2363321608699498,1.0395379667819113,1.0034330435154952,1.0589065196915566,1.3810524493780827,0.8163095090761747,0.8255672544470798,0.8163778393883382,1.1969114898846376,1.3482830225578428,1.3073932999535454,0.8608189815424697,1.0394898177473204,0.6841885238967615,1.0616858106484128,0.9941846767396184,1.0479408289665089
2016-12-30,1.4055478989453927,0.8046283391585018,0.7984680010655216,1.0278425018784338,0.8789723161633287,1.0,0.726228149356674,0.6865400519943292,1.1862231878019964,0.7359102900904737,1.052200888789694,0.9464258091530457,0.9425497944218301,1.0237605369633458,0.6935084480378023,0.871705762578971,0.8192174511648003,1.1094641218691015,0.7592318814333199,1.035829105828181,1.3757655728321663,0.9938480171831056,0.7335846189694106,0.6971348931345929,0.9625174723029513,1.0547321263092668,0.9967316872529581,1.2677496519094031,1.0372472667745134,1.0,1.3680830885922646,1.3585290756614334,0.9710813230988268,1.0634306071183612,0.7689360308352291,0.7763523346932305,1.140467552148053,0.7152103144382385,0.9222045999546398,0.8975737684172931,1.0010295618310059,1.356935930912131,1.227094299669155,0.797810382215584,0.7016437645001145,0.7714585706409807,1.4724030885351191,1.252774821616779,1.024761644641019,1.1956936790654331,1.1522516979368678,1.4512978028354522,1.3633603497481595,1.4122462764064982,1.2539936776438958,1.1110786176862193,0.8624322250868711,1.07371730477752,1.3891078633759504,0.919705895834658,0.7655556096267886,1.1288340990562424,0.6795924736340397,0.557795568778094,0.6772034090047048,1.0403386985556216,1.2052119626369624,1.1116879949776828,1.1015054580951957,0.9651019076414843,0.888701799619384,1.0050815046746648,1.260048269321484,0.9876616202629623,1.359874598173418,1.024328677991412,0.9875377043148384,0.7163668815834527,1.0042959710199135,0.6834767622640168,1.298387000355639,0.6646776772899363,1.1086619084952911,1.0,1.1321106208234406,1.0,1.1511138678352006,1.0347817434833086,1.022880052659383,0.6048569478067224,1.1818092305497896,1.3483087664186604,0.9005018946446774,1.0552764262081171,1.0792191697006142,0.9629222915215829,0.7030925761253437,1.222212480329438,1.178101054396938,0.40006099646806426,1.0534557531154034,1.3212742850801038,1.1791426231365099,0.9032077335825685,1.1411486273928177,0.9498689797980352,1.0503693967781864,1.0,1.1041395248252697,0.9896701974408708,1.44218869676663,1.0,0.9589479245173261,0.5866132455074073,0.912043054150077,0.8747378394586109,0.5568416033325865,1.2086947489518929,1.2434416125179322,0.6896545589197874,1.3004081177782345,0.7449606109524184,1.1113908737621803,1.347341803521815,0.8959394054791305,1.0902227438788967,0.9049755658376752,1.5083813129559438,1.343646646679936,1.170573737353199,1.160926088080808,1.3165536854171296,0.9000570248946314,0.9848303585128563,0.9258877631274782,1.01895605101901,0.8371645989139134,1.0,0.6077947013939607,0.9978856096867537,0.7288339865734392,1.097828961795312,0.7063677818440062,1.0828370962626166,0.8600989238596496,1.2501150558370744,0.9611314744896811,0.9537435088449299,1.0683856779848595,1.4033780444661508,0.8105994216244344,0.8207412601020155,0.818712124231175,1.230649195212234,1.018283850868347,1.3131951167557514,0.8224934612694579,1.0253900024431162,0.6897344399709849,1.0108522255580736,0.9388579668515616,1.0153723616430554
2017-01-31,1.3096271901564491,0.8237369061464151,0.797567045982289,1.037185352101092,0.8025771927175485,1.0,0.740405967057127,0.8065859746723932,1.1461043539891347,1.0705603150379726,1.1127290011872877,0.9135807758381672,1.2447614856326856,1.1760271791733405,0.7472116533966531,0.9191406088538616,0.811559095553225,1.0263315207044266,0.7564108469885107,1.0388751336547835,1.3514662995400168,0.9707118218886897,0.758587541666625,0.6862171751800109,0.9811085636678909,1.0954192913546323,0.9863626589457287,1.2313022343970281,1.0425570851173305,1.0,1.1732400811084007,1.3464312177333375,0.9753330695492296,0.988800992995911,0.7806234867537997,0.7253071937412937,1.109818035279797,0.7170299970428673,0.9179618873112319,0.9255921658627573,1.000861823115506,1.2156936786536832,1.1663665628912547,0.7976403741067398,0.6777940886511465,0.7490368503539893,1.4706801088969406,1.29376245054859,1.0275322659800392,1.1594375267425074,1.1380620980674718,1.4498756312498342,1.1311345287200574,1.380910256422979,1.0802329645289541,1.079869162475087,0.8205192571052302,1.0636382884898066,1.3306934203291032,0.8848407124587125,0.7638929082639574,1.1127570682544607,0.7306301463634276,0.5890758539955263,0.7432928422403353,1.0051988788158825,1.101790548964753,1.0831563981576222,1.111363103519347,0.9353932837760709,0.8510696541678167,1.0077870775920472,1.254265481358658,0.9692471483094268,1.2882660132063042,1.0672936769536947,0.9416860140204938,0.709071273086018,1.0042405081265344,0.7300103523376931,1.157936725181473,0.6850934183323811,0.9703558418647437,1.0,1.085779039365863,1.0,1.0707803390042012,1.0060776263684006,1.0903519626934632,0.6011301272194665,1.078060473620819,1.3748818664579692,0.8998542702106045,1.144797488376867,1.0314429831359313,0.9600279677786031,0.9164017563385594,1.070480973726915,1.1069423683424648,0.40420213408756966,0.9985363585112947,1.198857969761027,1.1610255596026124,0.8665488189446948,1.0770011966981994,0.9489855728429234,1.035411507027732,1.0,1.1041841348990733,0.9127711274390506,1.4142080788439337,1.0,0.9552293391074299,0.5642839930704542,0.926962999153005,0.9496506503345763,0.5575359573495617,1.1555360539845545,1.1726941373903403,0.7960387322250386,1.2998255130332241,0.778231344066499,1.1455140511483894,1.3237346900636329,0.8980824769248469,1.0254661066616257,0.9040522757510698,1.4213854100478314,1.1981101926409519,1.1570531244069742,1.056446537401702,1.2597302064831601,0.9080685725939976,0.9473746410554778,0.8761802351231676,1.010571428758052,0.830394611266476,1.0,0.6316975593954177,0.9746848820740568,0.8121579217768438,0.9267205688406466,0.7067794183112153,1.0691135739300244,0.8667802249505486,1.1816412038345745,0.860136718864906,0.8726373851201845,1.0404569472243184,1.3754300268126456,0.8081636981278728,0.8166166321452007,0.8159741715170152,0.9899618814631067,0.8229374608925648,1.2009541503040932,0.879112117230959,1.003602430075356,0.7175795209977641,0.9775300216265461,0.912216036518974,0.9761765343061254
2017-02-28,1.2756897999714096,0.8227986149192656,0.7528662302806253,1.0214860547300977,0.7069808913102548,1.0,0.7185058740437889,0.7648306387074455,1.0543352200474843,1.2397511689174792,1.0972497295147066,0.9021997242639674,1.1039136460866068,1.1593661053426632,0.7413502898448063,0.8870602830180393,0.8253734225642635,1.075309923257746,0.8173025794961521,1.0397310865863747,1.3369527667571797,1.0156308763713746,0.7060390118846382,0.6678693890573026,0.982310850283044,1.0845316800172025,0.9259038496243769,1.179334038735402,1.0427272251218045,1.0,1.0859508151138972,1.3596473972592642,0.994146303214859,0.9910701064050335,0.7988984036517923,0.6485596262386404,1.0832055510502487,0.7150566326549177,0.9200867635140708,0.7849781461566858,1.0008104505963207,1.201922293988607,1.2129548190349435,0.7914254058793786,0.6685478937312646,0.741964402124232,1.4681286917360665,1.2842384029044966,0.9974885881069072,1.1583611062500365,1.1371113345839605,1.4473876817564348,1.170218125091445,1.3270442446250055,1.050845044305842,1.093984580773673,0.8186389005238526,1.0986649557764632,1.263872266019729,0.846121202964393,0.7648698146418701,1.1189012061356056,0.7631779343254956,0.6105469091535375,0.7970866495108412,1.0008371488341083,1.0822853336411293,1.0905965214762559,0.9538058744826647,0.9334180972460421,0.8016788784439869,1.009925249829819,1.2261111937274631,0.8848185200385487,1.1597387705974935,1.0457662394294027,0.9031194403217049,0.710881508139596,1.0042013771856277,0.6855985351463008,1.1379799828662411,0.6664902020656137,0.9419056252388252,1.0,1.0148695489040052,1.0,1.0462890803528302,0.9839179214253396,0.9992536596829084,0.6513351141060306,1.2040422242544104,1.2754437363146527,0.8983894591676134,1.2454786062982197,0.8486253000578257,0.9854712337887519,0.8608955118481794,1.115429432603987,1.103368635695598,0.4071765002073472,0.8168585959679688,1.2735108174982046,1.1419352524934154,0.8163827321546739,1.0732255287518893,0.9294668508456424,1.026140486294094,1.0,1.1042719159104035,0.8741794804688661,1.415951690938054,1.0,0.9599872495866819,0.8371866919682265,0.9170193108808223,0.933796467573937,0.5533457882997117,1.0450880849341029,1.1027113397310553,0.8497029387646443,1.2742477609149405,0.7811862580063743,1.16838484507774,1.3234392669306803,0.9255738613213538,1.0044563299840517,0.9086179420116597,1.3229431508517986,1.1516579525857695,1.0791347574927894,1.018278872530717,1.2131247094641966,0.9014513677874803,0.928177726839473,0.8584535871900069,1.0072947590455752,0.8219278005019153,1.0,0.6414842295618519,1.0296860534985954,0.920682420924026,0.8791263486222431,0.7065122179309592,1.0921700109999484,0.8638927794727469,1.1665873252203423,0.840262043885383,0.8049086208943604,1.0275146902972077,1.3187745989516293,0.7966333879489327,0.8154916151193337,0.7759451632918805,0.8736149695234638,0.9482996744006368,1.1297371295994008,0.9821500307850569,1.001396548198068,0.749221884513846,0.9478852191097654,0.9076503738489382,0.957584878837512
2017-03-31,1.2298039951184252,0.8272178361875853,0.7256619419076906,1.0248610348095453,0.6800359054575631,1.0,0.7261127324743928,0.6554123564542195,1.0029186543569637,1.254774470010874,1.063482789399664,0.9233161009964068,1.1281963944480926,1.121685872941726,0.7059349560891186,0.9301767166729401,0.918016407003168,1.0642184176927174,0.7487626528301101,1.0395514050738528,1.2599253478933226,1.030692372338818,0.7120387734633833,0.6770215311655898,0.9742027424168828,1.0909589079074922,0.9369684327158985,1.345659755150466,1.0418350516732577,1.0,1.086734295517185,1.3782965467111912,0.9867712127451361,1.0371586045872083,0.8398769069697979,0.641785030663613,1.0810713259585056,0.7151935581272958,0.9196754356986272,0.7608231722424948,1.0008012841419687,1.320568759348409,1.2359337917485385,0.7963658561668,0.6625739968173827,0.8216716931990093,1.4363772307254015,1.1714963236658216,1.0271924526683627,1.1631141796534448,1.1712819757583832,1.4242886509076733,1.0831250468166833,1.4245013889315734,1.0518368488002159,1.104956971839044,0.7863265754449285,1.1104348588363542,1.3079385646296176,0.8547697143906376,0.7706447004677319,1.153894142345549,0.7765646284252964,0.6139678954388178,0.8075169950209142,1.015610641375803,1.1068480017998596,1.092116761221999,1.1957962090600913,0.9424240787498597,0.8650672914689062,1.0158783689777542,1.165939581821911,0.8374437231773963,1.1178961371022604,0.9959983695061956,0.8945423507878977,0.7133752348043507,1.0041315066960106,0.6537785008562738,1.0949793348552745,0.6701291167973202,0.9694318947973188,1.0,1.0895670245938924,1.0,1.062251693015473,0.9817187232285665,0.8663100754633402,0.5785258609080417,1.2405381238352013,1.207602881649395,0.8979854300204405,1.2104607245313082,0.7409621851289687,0.9904027127281851,0.5918818439303812,1.1263672661888622,1.1625490677771095,0.4125587844186587,0.8584729166990434,1.427176362457346,1.1449290585085676,0.8030960732850558,1.0891663831153167,0.9424279145759045,1.0310152566049309,1.0,1.1039499203278291,0.9470601294566968,1.4533466080844928,1.0,0.9604426704241985,0.6254921747939197,0.894526247417887,0.8965722939887188,0.5563877331301355,1.106142765257323,1.1285610506992207,0.8308927180977499,1.25156984564396,0.793403184355868,1.1598074688331033,1.3064748914403066,0.9145285008214981,1.0138660071714745,0.9182066660681024,1.3353903235496056,1.1262145917651214,1.2870673393669587,1.0152523765859238,1.1884956735793144,0.894711507838664,0.9361049096556748,0.8717746915219249,1.0114561170006282,0.9428564480804577,1.0,0.7156016071444249,1.056816487307239,0.9638276405933285,0.8919986525633158,0.7066927843223292,1.1139422288129182,0.8624025087609573,1.2121403012723726,0.8936107361766741,0.8232519085138676,1.0300723026931753,1.2803849666102118,0.7983537501020515,0.8128274026549323,0.7578564310766934,0.8581888971373219,0.9531639524594749,1.17001224903375,1.17128024012859,1.0081290663472027,0.7483344061549564,0.9753557741894674,0.9166625803729149,0.9803992883443334
2017-04-28,1.077690076015438,0.8150488163207459,0.643491344892037,0.9614891952389143,0.7040651900175253,1.0,0.7130805810059555,0.5415413801647111,0.625008872719906,1.2205648689387454,1.025038214193696,0.9466571102420932,0.933167945742204,1.1348549723652146,0.6867359976261074,0.9062201784214479,0.8117404559040019,1.1045954681302665,0.7691871659765677,1.0394842955098018,0.9067955984237857,1.0181753561700073,0.6520843978845952,0.6445708869776094,0.9635799408144254,1.0276505256211845,0.9115131085863553,1.3621490032899342,1.041791671287482,1.0,1.012539763872365,1.3834405635291525,0.9738606407919587,1.037418992064602,0.8375217607032197,0.6138040389511348,1.0543720927478426,0.7142393189809567,0.9173690856272783,0.6935946162155446,1.000905506312012,1.4084515256064383,1.245165461889622,0.797068327223045,0.6564063442054259,0.7348063043966744,1.3947259745689728,1.0704398538034563,1.061988381866732,1.253893818282169,1.1776576870814974,1.383297788517919,1.0127066587181237,1.3309826865935706,1.0572201017134464,1.0491540645995812,0.7727914310730972,1.1985389076592283,1.2717807272047001,0.8206667538007728,0.7750724440799808,1.1668661533586224,0.7478288767399037,0.5525062109075832,0.6806458762864791,1.0320682898996132,1.2346811091885084,1.1090491356349517,1.1726210354115125,0.9539826911178202,0.7161431599045062,1.0202546632792595,1.0115688913867302,0.7522653368984897,1.0271391907493124,0.8493826510809633,0.8742301874055596,0.7119784946222227,0.9997942774708717,0.5852765610185686,1.0337873658401862,0.644778699165574,1.0893700083575686,1.0,1.1018730142955329,1.0,0.9823454573028214,0.9577847338109926,0.6980128073804844,0.6056195338211454,1.2906711756670126,1.1881065954970038,0.9009089303535439,1.2042733663790968,0.7156686981693832,1.0073052175833739,0.518730149797292,1.0070767200038182,1.14672107982661,0.4130342308606363,0.8709282053090301,1.4471074730821483,1.172095027197536,0.8614997106128334,1.1159579532681674,0.9534480719255664,1.0332037334148971,1.0,1.1039334459696106,0.9668223038863288,1.4661815569942152,1.0,0.9652187773440558,0.6581168562931263,0.8039748894980729,0.7209246957517985,0.5521568071536271,1.0294010579787614,1.1024739728869417,0.7948607370604421,1.2688469812323169,0.7488264140882323,1.1245278469867783,1.3322347876861753,1.0211710519429282,1.1041052939227738,0.9348182895409833,1.3523314619151097,1.2601592397933137,1.2941969096982224,1.0557642608713513,1.195890559616892,0.8940218452335154,0.960162609480696,0.911621973266087,1.019151878102321,1.1266402782110614,1.0,0.6179156747763167,1.0941854256209589,0.8721009691080468,0.9463075018185503,0.7067400630309031,1.0711181676589734,0.8593498133326611,1.2202503677325975,0.972149431579709,0.872589559418378,1.0392625881451032,1.2576757962395422,0.798078623630252,0.8112651535405633,0.6931932784983911,0.8451718393115304,1.2955786291090474,1.267385217161754,1.1505828566150162,1.0201708685153783,0.7145646343737115,0.9948253407097355,0.9274742739686118,0.9960931656190773
2017-05-31,1.070161061986482,0.8133501231192343,0.6530584909965518,0.9580020482939559,0.6923596397788194,1.0,0.7132260643126742,0.5489817048211552,0.6893822283181505,1.0922121876732047,1.026991208020563,0.9465984918971233,0.8435464851944442,1.1094193257205274,0.6870929200946784,0.8978891625862855,0.6871953384341338,1.1496399039919385,0.8389053546764522,1.0382427488609938,0.9264854589797379,1.0508715278380871,0.6548003723606385,0.6512566469133874,0.9713796046102344,1.0462663147033213,0.8970639491795549,1.3546548466547481,1.0407283923407065,1.0,0.9969162215958287,1.3686744299681557,0.9721355423170593,1.0172493229678123,0.811796892956945,0.617021748198871,1.0536146715148849,0.7142366330294376,0.9173922511709176,0.7303384554953856,1.000910955658182,1.4247109819764354,1.2478825033401848,0.7945370203092298,0.6568816466874219,0.771531471374289,1.3423749230924114,1.1570640295496788,1.0443438149805766,1.232810376857191,1.1780722415820466,1.3999735320112678,1.0525478105233594,1.3613260398369091,1.0617675088954832,1.0264511875455948,0.7660307652737843,1.2623123163070187,1.2180683564709576,0.7897705815132646,0.7673341741566612,1.1596466337940705,0.7484612300576339,0.5587451885365248,0.6842551308767602,1.0197583421349383,1.2346267373371775,1.1117390520261834,1.045292670746065,0.9317539859358899,0.7391192545107796,1.0177915257422367,1.0150657884564527,0.7547349639461612,1.0473486078612264,0.9060786465872854,0.8714067728721799,0.7086585057920601,1.0018542001849369,0.5922626704503475,1.0261918233332716,0.6421413796020583,1.065921746798316,1.0,1.0405628831421372,1.0,0.9689551062478426,0.9550029446097086,0.7038401966922937,0.597977741556724,1.120694605566463,1.207997388983446,0.8989863204487387,1.1437829504602597,0.8269405598880796,1.0068595420530457,0.5007194358394911,1.042198739479901,1.0982160994530024,0.40938591512033806,0.9065707407932698,1.4417467037637575,1.177483234778435,0.8803524859115894,1.107002661217981,0.9564476939949331,1.03010932377152,1.0,1.1037910945381673,0.9464240007038157,1.4590842786686977,1.0,0.9658685409659922,0.5795994740667624,0.8010098421058975,0.7432391736184911,0.5528832493467049,0.9999876642026182,1.090846460786316,0.7956079829067014,1.2301278391854975,0.7520391983761878,1.136892281018694,1.2864220533798905,0.9223736568881198,1.1109842248950528,0.9346049428380395,1.2710421117762087,1.2158321313781308,1.2796765067280607,1.0658331259998475,1.210171586316178,0.8897684517010692,0.9671878677153558,0.9251320973768182,1.0180994857095835,1.1746006052442413,1.0,0.6345916221297441,1.1057212629722344,0.8361538666792918,1.019744884522146,0.706844334593983,1.0939307366781588,0.8594642159112482,1.1814921973323496,0.9397421714073692,0.9051362459405006,1.0444133034027354,1.2944904124083818,0.7999410179983508,0.8115314432123422,0.7205512976490425,0.8206531160851189,1.4112446797504652,1.2704135381497654,1.2089961087435916,1.0145398205145473,0.7150414815261918,0.9795970139276318,0.9159617408217812,0.9755251378569784
2017-06-30,1.0226465846017136,0.8184028529621741,0.6413246216813075,0.9582302200224762,0.6399580147143678,1.0,0.7008270573474213,0.5403247842108322,0.5484861499647526,1.2503217988549724,1.0603500494448528,0.9300879832675821,0.8082367525536028,1.2344680035849533,0.6942745345613188,0.8823428769649296,0.6851914576818678,1.1155684682613833,0.8706011031700855,1.0386657339871326,0.9788949684519052,1.0467190003100388,0.6278467180447409,0.6409808020029568,0.9660217481802721,1.095747672411467,0.8834744868129965,1.3195850240352995,1.0410844802360741,1.0,0.9378960825513271,1.383736798096285,1.0159259550264017,1.0218937425885408,0.8405988848575668,0.6023601735329019,0.988124638321317,0.7140405230042868,0.9174310403966931,0.668014712700669,1.0008802814960625,1.3807624985278797,1.274030752833057,0.7954656986684893,0.6553146589532237,0.7104673302917617,1.4143000211268175,1.2561329851241583,1.052309294859749,1.255533454583611,1.1691501789669367,1.3840839510703709,1.1475871909174349,1.244696953247446,1.0429917482997424,0.9817770217744303,0.8415361900307003,1.2749740558134535,1.2118668379780366,0.716288865541917,0.9051649527172012,1.1855737817397234,0.7732334416144229,0.5714069628537601,0.7020462057308337,1.0122164126222024,1.2320399100676906,1.1049223538915514,0.8890834455096198,0.9300033725768395,0.7119557779824255,1.0114750580941332,1.1063601881406577,0.7887849561211968,1.0443955888237073,0.8876390659165225,0.7887050658248363,0.7030916964997587,1.000643865896787,0.5867683656187668,1.0215229287589056,0.6382259540335644,1.0134120950723122,1.0,0.9684793523350127,1.0,0.9468062607260416,0.9555958311577974,0.659762177664231,0.5898094565365097,1.1779276315967284,1.1798950044940482,0.9029172013917254,1.1151470131698271,0.7788730234119664,1.0415184943156461,0.6192293353919819,1.0197236601200437,1.03738235710145,0.4353260122635073,0.8441250607385643,1.4422832157845322,1.1704235661479099,0.8717060389351193,1.0964948554601595,0.9483864298370991,1.022790363936576,1.0,1.1038322756159737,0.9199720443831367,1.4670303750319746,1.0,0.9670397441810336,0.5742577722673563,0.7050873417646311,0.7708531590805048,0.5511716694784887,0.9156114352754382,1.0598148263596567,0.8462445920391729,1.24839030383598,0.7639226256683629,1.1408604566831988,1.278604685175212,0.933349523038538,1.093588252192784,0.8979537190798823,1.1103596635663813,1.1268695604064065,1.2777474498612564,1.035030638020016,1.1823878358869453,0.8942112578932614,0.9546161281180046,0.9115048649907583,1.0186061351785727,1.1735781980895494,1.0,0.6547315666585112,1.1043322168821321,1.160121496896734,0.9884741100061961,0.7066184738139525,1.077904920013277,0.8599193360149846,1.162503984174186,0.8888100279881315,0.8888956264628495,1.0324184600511528,1.213525781496942,0.7891249482751812,0.8110543345505539,0.6996005922214463,0.7567951201158272,1.33243360133344,1.2233689163737085,1.2359733797304933,1.0042536909147608,0.7500188758849606,0.9701559593233562,0.9089406381018446,0.9600048062129078
2017-07-31,0.9038023557712338,0.8096923135558913,0.6550370202087521,0.9305920865050804,0.612391510568981,1.0,0.692266538956914,0.5266035133586581,0.5067435405078614,1.1677006511548123,1.0275195723699333,0.9250493312913667,0.7744301056479288,1.1884477449776203,0.6845671186075528,0.8505111514546634,0.6329910975955109,1.1020959192463273,0.9161199247199351,1.0389548787798355,0.8003318171793832,1.0595977014562945,0.6161333926320784,0.6291709893515385,0.9646587250341858,0.982642687750068,0.8575849559131471,1.0100307329035692,1.0378478856273878,1.0,0.9784973337403062,1.3807506820234476,0.9998660229574056,0.9731482670157237,0.7976146788411498,0.6060946788399464,1.0342856781670169,0.7139940723545961,0.9183186777636964,0.633105667907528,1.0008823751324825,1.3884683824286017,1.2759237976229927,0.7943197685273415,0.6553385485877995,0.6472182449806478,1.2863272031981057,1.2152028141287976,1.0253476540368556,1.2565728644657208,1.1800123094316488,1.037210450572494,1.1217910050474684,1.1983841472529158,1.060895550840917,0.9906412793839413,0.7706780478799515,1.2158078858335362,1.1801738351231772,0.6921249909291138,0.810772398057985,1.1830125770411088,0.7639541026093803,0.565210007771135,0.6912154667873824,1.0017010095184071,1.2331744780535052,1.1003798801089553,0.7074310726667993,0.9238526232696124,0.641430462503783,0.9909526175884357,0.8974110051747859,0.7525385446661401,0.892079668660072,0.6098825885993147,0.7661914995775145,0.7008610748633126,0.9991933247311338,0.5802834402590595,0.9948635409720381,0.636970682330622,1.037728461601137,1.0,0.9721793649358137,1.0,0.9686902145434574,0.9549718258251632,0.6460466307291299,0.5752083708559035,1.2231076775404863,1.148629862112807,0.9001390732939509,1.0450829989659813,0.8029427790601436,1.013418890687248,0.5624766049687184,0.9998991480671633,1.0147570930345051,0.42138005037693993,0.8259842994406343,1.4327443900369465,1.1703555621753712,0.8729876510737549,1.1189118460058263,0.9332986674872094,1.0245827297659513,1.0,1.103891712767984,0.8157369773367199,1.4586957501838023,1.0,0.9724921995697616,0.6267016678715713,0.6942338509053309,0.6416103147208043,0.5502313297789245,0.8724381031066994,1.0361863381435474,0.799085267551113,1.203056909246637,0.725360193652252,1.0658435617998487,1.2112097854154253,0.8637635059192464,1.1021413095962573,0.9231295952497233,1.1104301168073045,1.157923844296879,1.2656378069208167,1.0394688088754498,1.1326392514889883,0.8872737791559525,0.959696573066609,0.9178360463691182,1.0195682955761631,1.1554613051944302,1.0,0.5839181157954428,1.0968144762797811,1.0527481185674865,0.9800128816067875,0.7065070230837727,1.0782992881968154,0.8589311192113325,1.144474800851404,0.8827684148666187,0.8936024729798795,1.0338696959638718,1.2582946095710226,0.784732293247682,0.8109906626320987,0.6737203407742449,0.7458440968491007,1.1804748413373367,1.26168853107774,1.2888336119713313,0.9922772140831203,0.7197272892303879,0.9552853062475234,0.90262783575503,0.9414538331893039
2017-08-31,0.6828358135505084,0.7788934396433151,0.63784335595255,0.9313577558258124,0.611969394098907,1.0,0.6880002039763169,0.5230984715619293,0.4825367342449083,1.1850280139858125,1.0098099320097578,0.9339188272483412,0.758175020592468,1.1608764609923152,0.6836607253862692,0.8904967598087165,0.6263022161367435,1.1376772383996858,0.9101702539825063,1.03880559480976,0.6887058995331113,1.0541686768691862,0.6143908537581528,0.6292702761279103,0.9623806537523566,1.0417041547784769,0.8304976467841592,1.0900615685543926,1.040459921860017,1.0,1.0379649212801618,1.3722335729006483,0.9952610400923574,0.9700050602060336,0.82223094657117,0.6009378017554727,0.9227925553503419,0.7139829306001566,0.9176603445362868,0.6233571531940028,1.0008157789211083,1.4039746912323374,1.266555563110983,0.7919287516236269,0.6548983664080001,0.6125289375016395,1.2201857612742584,1.1225344909630266,1.012736042537336,1.2331022604193635,1.177370649376026,0.8644565002762505,1.0408818641408215,1.2927397136425898,1.059698805110901,1.0099043613353444,0.7727378509273091,1.2153695567760578,1.2530709910344169,0.6826358389863113,0.8364842373931721,1.1765928065763926,0.7565496784593292,0.5570393912707932,0.6670185586013236,1.0210677366032808,1.2408547394541138,1.0959336190186701,0.6747510223356177,0.9356070673792448,0.6292699949806788,0.9909865677055301,0.7635068414804895,0.7318737250069006,0.8046127279733305,0.5720980328504683,0.7497604451349573,0.7002292996812849,0.9977905658000149,0.5754438979804022,0.8904079729875722,0.6353631124476392,1.0650832946627793,1.0,1.0323829321793876,1.0,0.9974903199029036,0.9566202318845978,0.6434810312085092,0.5794072559097615,1.0928107744739743,0.993636068758416,0.8981013187560026,1.038791879499076,0.8620539806347678,1.047442841034452,0.5385878246300517,1.0376254290371019,1.0766705405181023,0.423935842187943,0.80079873609988,1.443523750353378,1.1737386006669097,0.8780998544136832,1.115153040164289,0.9395960484030242,1.0213833712474283,1.0,1.1037613714228554,0.8334299842264556,1.4461726210321868,1.0,0.9760824601153116,0.5557324128478986,0.7283634253368807,0.6167786449419963,0.5500077069021125,0.8321158215078241,1.0158354627820483,0.7922852972607649,1.2458859092300232,0.7237205101145554,1.1029136176572059,1.117465436094272,0.8302015860298446,1.1185379010525656,0.9434007930341592,1.1514746972718624,1.1948685724193062,1.2270942864735372,1.0404732272613009,1.0996601106990054,0.881011098153223,0.9599758030767963,0.9301176660227235,1.0189218929492772,1.1180528036098032,1.0,0.5725399557402482,1.0762593463088572,1.005437319166474,0.9643602499580635,0.7064952751582328,1.083871658278777,0.8588760905513954,1.1396834102721227,0.9210656023760236,0.9349116786119963,1.036086499631523,1.2291590794118226,0.7829392517908039,0.8109254130922438,0.6660307654179569,0.7258898992416076,1.2410368114938417,1.249474932440848,1.285159320121829,1.0025560835605472,0.7249781382021621,0.9702349312289091,0.9054295529388448,0.9542817669073078
2017-09-29,0.7910665636297358,0.7356491361487761,0.6258078640038021,0.9351878099347487,0.617689159952152,1.0,0.6974367226792542,0.522000216570861,0.5081430348998914,1.1057853602260799,1.0078090546170677,0.9125873494976225,0.7194770710312693,1.120384851727846,0.6855561237959504,0.8228914222844828,0.649428288247881,1.108249320461055,0.888982994998329,1.0389327149347247,0.7147227634303437,1.0957795629962481,0.6271069119009082,0.6332139064904188,0.9601517610623111,1.0118391488965306,0.8113898551035792,1.1136032738880473,1.0388524256016776,1.0,1.0355366094472174,1.344454243565241,0.9964016669464675,0.9594119610000589,0.8109694774630106,0.6138601300499913,1.0019622437928015,0.7140500127038489,0.9189373613568187,0.6078765679673264,1.00044149179764,1.3554110250467635,1.1804103020087613,0.797221357386363,0.6546971166126296,0.6074685768207739,1.2908515164753511,1.1797502987136814,1.007950957117572,1.217669677494934,1.1624559783765123,0.9500222686218027,1.1320327170687932,1.2474836164646932,1.0512967934519533,0.9829789258089586,0.7782674356476926,1.1932258567345477,1.3996645838856105,0.6625080556394185,0.8123162853857555,1.1477493146234719,0.7365947799253274,0.543758029821548,0.6442034171915303,1.00114598984787,1.1888348389822134,1.083997613509634,0.6397977538523922,0.9224727568250988,0.6261669857025323,0.9892323337277947,0.8275351239835169,0.7410846705119231,0.8570421786879011,0.5831546678022416,0.7873833078201258,0.7023524131794132,0.9982690659696885,0.5861442256374756,0.9760219579229872,0.65077649554339,0.9953758011802506,1.0,0.9781735203266978,1.0,0.9797818142932062,0.95484030900209,0.6433402443480294,0.5582182227644854,1.0747736847312117,0.9091045521845421,0.901070495692431,1.0368110342000962,0.8228043541544009,1.0371698543043728,0.5556093979755585,0.9970745769084578,1.0355278372269738,0.4314309432460257,0.9287937898412701,1.4354224444999533,1.1747437990524292,0.8828686317342779,1.0475717886682356,0.9484598193382394,1.0247880811055388,1.0,1.1038673417045453,0.8142245159939179,1.430129531680381,1.0,0.9708001817542611,0.5203638282058681,0.6965747634461416,0.6503301566539913,0.5497948206407438,0.7853128495797226,0.9451452632077619,0.7821994839347226,1.290743373757665,0.7256865123757954,1.0180272823659466,1.0591062301306302,0.8492020661830095,1.0505959754070902,0.9202269234023936,0.9728944047189831,1.143980807827058,1.2791378380725296,1.0400336379849424,1.1368864757998494,0.8829986690676161,0.9593039992735404,0.9190131666570963,1.0184820728034418,1.0789880996936536,1.0,0.5835304415673271,1.076122542649342,0.8627002794053946,1.0620128521627061,0.707801531765559,0.9294780488218071,0.8588968623261368,1.0651198542910942,0.8150002913319461,0.9039566612940511,1.0407911152765208,1.2414478866733283,0.783896079676933,0.8109483627679211,0.669271891509956,0.7446579048298415,1.1609690723966992,1.2349393717948067,1.0456749931951457,0.9802877942148989,0.699417722015429,0.9282281530036081,0.8980552197707521,0.9219083802959898
2017-10-31,0.7228811577086507,0.7316618265318484,0.6139083082687422,0.9249481867069655,0.6155135742937372,1.0,0.6927731774365051,0.5231978841796161,0.5070457955109607,1.1858386565564152,1.0210467916882515,0.9054542567585381,0.6973646740917065,1.1501990745509867,0.6887587169904523,0.8685632504816327,0.6359310788164207,1.0966706667555475,0.8445649416477414,1.0383143415167182,0.6827334547038597,1.1209953278021614,0.6293409992147074,0.629966359384531,0.9598608880825135,0.9993901816022587,0.7408730673288892,1.1095694349694765,1.0407513866176341,1.0,1.0693398068484994,1.3543926785836327,1.00389661236325,0.9582303669145045,0.8451251799018596,0.6019954333560744,0.9469401150977932,0.7140308198916492,0.925677950005857,0.6015802122058463,1.0004843987727183,1.3512905112664595,1.2150405503619879,0.796273801692767,0.654335414348314,0.5915452440199347,1.1383425365800877,1.115259628927468,1.0218092232992875,1.2050652519942795,1.1567773270265496,0.8096619372630014,1.003004798019281,1.2153768951154198,1.0395386917777911,0.9924904481679326,0.770653007123656,1.235179916483018,1.3405023701850756,0.6396964365247838,0.8118243945420286,1.1544173202748693,0.7422196055651495,0.548368911736828,0.6506576287585784,0.9990110141405764,1.1717944198368415,1.0789339640018598,0.6333702684207381,0.9257341997065691,0.6701686643027445,0.9886858129678844,0.735239446362328,0.727761755052664,0.8357243680546483,0.6082143588362656,0.741279484658799,0.7007988323530472,0.9981948948345647,0.5868024156981027,0.9091529066314561,0.6440025515765412,0.9751425030196083,1.0,0.9699910228906412,1.0,0.9926452254398935,0.9554523206836313,0.6401834872702863,0.5562410240321647,1.0569325472470543,0.9111272912163352,0.8985249928727628,1.0409081171387407,0.7440966270042737,1.021679609657616,0.49173078254913494,1.00523283573328,1.0481346082759309,0.4459791110413014,0.8123564990841647,1.4465167474485214,1.1690235610923148,0.8519242369646152,1.0488420346833516,0.9549091859525359,1.0191388785242197,1.0,1.1038940969607347,0.8119366344557044,1.416532349704048,1.0,0.9664860275423085,0.48530726016933046,0.6484955740913319,0.6685779470887412,0.5498249944710826,0.7895001643002799,0.9620948966589558,0.8280470746512848,1.2881395185100537,0.7263170159433588,1.028156724112789,0.9416447399361231,0.847512563865237,1.0434123306616963,0.9250991563924349,0.9805624614710152,1.107806236796022,1.2898309016747094,1.0026775988532508,1.1018554314573126,0.8825451089987892,0.9498658601453257,0.9039024577755311,1.01521309762205,0.972461617032211,1.0,0.5828723954474557,1.0604854775565,0.9085537051826104,1.0577609441940725,0.707397034356666,0.8875866945464043,0.8589834205613394,1.0457370224967555,0.8124720986721379,0.8748596964913322,1.0319602927751386,1.1330790310929504,0.7810358996431851,0.8109256114525716,0.6680096371811861,0.7340679063849236,1.0924748468876442,1.220735514328798,1.0919918794368753,0.9797829944880077,0.7186743919573364,0.9120935133381665,0.8965414649370703,0.9127908848469899
2017-11-30,0.5621163818856902,0.7744439939172226,0.6130603895274263,0.9197602466001487,0.612435354399945,1.0,0.6964192741654918,0.5189379473836387,0.4652220292377971,1.037138265479277,0.9981362708469357,0.918200748435787,0.6408045487169965,1.0819874760343648,0.6863155731804265,0.9023117887625886,0.6279013958934965,1.1538304363174532,0.8690041414307339,1.0332985117592355,0.6309084738440371,1.061782529909363,0.6353117088565505,0.6308172390154956,0.9602403840378738,1.0245961177463658,0.79690111437886,1.141025151094003,1.0404902247817571,1.0,1.0492351361767045,1.295817915549212,0.9736252709825225,0.9641576681377819,0.8715221050147132,0.5983743310799876,0.8080187144357516,0.7140544754707944,0.9341412768104859,0.6050689403698843,0.9982442333341418,1.3242918296890984,1.1529899189509119,0.7971174742317211,0.6549015439045031,0.6033917274350509,0.868654113164462,0.9989098382907642,1.0248149093388799,1.1452855616642672,1.1546363076087713,0.6917769484170039,0.9322910820008132,1.1042601251132003,1.0403018149496932,0.9591701159878576,0.8020557380265761,1.3337223178054054,1.3261420852998567,0.6359731839245302,0.8045471889188776,1.1459662519782148,0.6437942973227473,0.5157222183135213,0.6022017742194771,1.0096195184959322,1.1679795826871135,1.0902842517458116,0.6311063812740263,0.9114068768307693,0.6361452817816641,0.9892420616174001,0.6578308119345362,0.7235761311485709,0.7906099502185451,0.6087459363412775,0.7385668927325997,0.6970704762162192,0.996921751193621,0.5841585186427096,0.7419571124068733,0.6424976849580626,0.9628041378138705,1.0,0.9356680611239309,1.0,0.956177805468681,0.9550118178749133,0.6342779983445542,0.5468007945190709,1.0744442307201525,0.8059009967781164,0.902026763812107,1.0640809663991742,0.7824414281484053,1.0025406819585283,0.5462983714127154,1.0158567076455873,1.0404259937262441,0.4247556855348522,0.5480141397157452,1.398790857164042,1.166475925780266,0.8496801137984954,1.041452770752654,0.9652766689588639,1.0145973986986025,1.0,1.1036769421291346,1.0047006847809428,1.4273075282918024,1.0,0.9617553249043019,0.5464614285635763,0.6772680413311626,0.6942846929788874,0.5499478154206725,0.8195318484164287,0.9822726244106282,0.7833186790500765,1.2785621606818176,0.7262675719136478,0.9253764922901352,0.9518476517143352,0.8117569093043118,1.035751051767019,0.9404057434762338,0.9871838781446249,1.0894790305669018,1.2817501008879053,0.9908583677448675,0.9407898374428136,0.8817256320211186,0.9427633074682504,0.9115195478383342,1.0111131881786297,0.884708629228347,1.0,0.5860267373492921,1.0705275161773493,0.8448977941939981,1.0242167597684535,0.709105411538818,0.8120023291791073,0.8589531803612808,1.0479170011688734,0.8643168724033135,0.925846050675245,1.0280288046705794,0.9871563954625945,0.7787192685326566,0.8110052051782044,0.669992537461598,0.7150910278010468,1.3612722786130909,1.1685166522421964,1.3760141824330565,0.9915447062291136,0.6512543670769972,0.9361650231655368,0.8993455872825932,0.9255927975924015
2017-12-29,0.5099726795943806,0.7723351739659503,0.6249386504914578,0.9170398281934038,0.6151935606373797,1.0,0.6926243658135214,0.5182694957030842,0.4469986580309503,1.121985584799797,0.998146684425384,0.9114339014765875,0.7200196558054397,1.0853169715810085,0.687956723811119,0.9836651659827201,0.6300687972384319,1.1045278430888898,0.8326254790293077,1.035165761958,0.6165579822839085,1.0185023198432728,0.6421199920690546,0.6312924996787475,0.9618121391707991,1.0590421319224876,0.7810109740741222,1.1534153138354957,1.0361075311202483,1.0,1.0297696439211514,1.2893842005781735,0.9717971006606453,0.9614929192341792,0.8950185966343335,0.5974805821109985,0.7512645105395245,0.7141055688563578,0.9291102155297153,0.6036766142071338,0.9978133848673623,1.1752484709658004,0.8440326227199108,0.7955978683191637,0.6561848020276435,0.6045827996732455,0.7756559379558878,0.9492078898212779,1.0456356109889096,1.0662207301648494,1.1342621469645682,0.6323227122958449,0.8293024927245481,1.0794618052601943,1.0237839273807432,0.9496593512016968,0.8286693782422664,1.293449354537366,1.3370749147268362,0.6281050802200467,0.7839173630369368,1.1372771939867958,0.6425150134231226,0.5157874532610975,0.5999152527007372,0.9928470460029495,1.1353775193622693,1.0778117510579694,0.6090422964711253,0.9099695000742277,0.6144010795944549,0.987449604484455,0.6457703086411903,0.7517414070548125,0.8353631552292217,0.6772567755373593,0.7129796469914451,0.6981346084956499,0.9969496925300915,0.5923445301846024,0.6285781897414666,0.6425599252083524,0.9499796161597568,1.0,0.9132137690369215,1.0,0.9504883226876992,0.9547721586475453,0.6335121180575987,0.5452512116507398,1.0179517302998986,0.919788999754666,0.9007583060200943,1.004761811659422,0.7578037588570631,0.9772245469362467,0.5482948793848966,1.0203288307589695,1.0513806837205304,0.43706976163464994,0.4961042509992081,1.4022936161638468,1.1615875979306969,0.8142926682068518,1.0241849871940565,0.9884735932721117,1.0074060192469743,1.0,1.103851109115063,0.9634407616585178,1.4518083981482688,1.0,0.9574858022379698,0.5314065878791515,0.7080780087252381,0.7422463430776285,0.5503445023069138,0.8092093172890256,0.9702158177306548,0.7943032515372255,1.259030105576244,0.7266358758839231,0.9310156113901176,0.9394992247100105,0.800076314309322,1.013911146468219,0.947708658892095,0.9717875066950984,1.0570150199343233,1.2925205072283876,0.9700529379598758,0.8632284131738808,0.8824224184978297,0.9299171635116144,0.8914678574231777,1.007222381615501,0.9018872356546391,1.0,0.5887918386432749,1.0411638131831704,0.8930352110508971,1.024320565963483,0.7132131349248724,0.8326151441358706,0.8592396939803442,0.9446078774550948,0.8024332212847459,0.9094438830282633,1.0223769834894851,0.9143131286663914,0.7812558174292151,0.8115156187716621,0.7059433599511192,0.7169406016318352,1.2532851723375908,1.1030110556711643,1.4290252513525594,0.9806358140055627,0.6576736876248874,0.8999886262458134,0.8961738505919616,0.9098901009606414
2018-01-31,0.506075251336088,0.7272589678844397,0.6309457496078289,0.9154580864896464,0.6177221293529087,1.0,0.6857232754568323,0.5171191646756527,0.43517958076229624,0.759012576070455,0.9616381359808175,0.8973652868135182,0.7223462161672995,0.906692485003664,0.684070142457069,0.9524010795287007,0.628041773856411,1.0683859244483331,0.8656562718714378,1.0296765236960763,0.616307016377841,1.1157294302829894,0.6310005823762116,0.6351778167000998,0.9594990279793881,0.959649559876251,0.79004619839989,1.0727883569751064,1.0374366211960742,1.0,0.9847976944564751,1.276864449270331,0.9742928211969247,0.953790805107462,0.904994687714684,0.5978599372366304,0.7233247393785528,0.7140610767491934,0.9332035320577151,0.5951781794483639,0.9980450340442545,1.1886210103058283,0.8590382365838902,0.7963945326545838,0.6555158887306152,0.5901740323553886,0.7335607649245368,0.9253106213324211,1.0458915599603469,1.0577436302817127,1.0706895906435052,0.6325550995886882,0.8712236792430095,1.151919206554155,0.9800419044259852,0.9558101283573249,0.8149218499858465,1.4207539123532413,1.2265262574770603,0.6286726593006406,0.8233645835378715,1.1272809393019863,0.5926778104473929,0.5073991400850777,0.5945744963945809,0.984498037886313,1.0988159329159304,1.0338270275083636,0.5920221379576489,0.8898394272987941,0.617801415465896,0.9881418322288701,0.6020777053279504,0.7359864879371176,0.7703445880295858,0.6276698496921899,0.7232646396312334,0.6986869931832775,0.9973016667541399,0.5845392352606567,0.6172587812500345,0.6487715321887895,0.9103333192943797,1.0,0.924394547491297,1.0,0.9527989003317164,0.9545936385891685,0.6309364002450277,0.5462927095212793,1.0123146748586624,0.8219649906351778,0.9025966061892028,0.9196019144163787,0.7927138623599204,0.959824378331137,0.4800350678979417,0.9789783100499078,1.0453716542752136,0.46495043281258785,0.5638267401658701,1.406653709111125,1.1315540268847837,0.7955431046405277,0.9964754433145966,1.0009967917873104,0.9926515953480705,1.0,1.102465823933622,1.0155583374721324,1.4435280212117874,1.0,0.9591266568297209,0.4781097078212757,0.6954011852635837,0.67981785882778,0.549806102141847,0.7725430898715702,0.8594663771219642,0.7434173053913269,1.260841564870415,0.72419764528702,0.9086733254991769,0.9780698793836224,0.8621559145128286,0.9631539696682283,0.9579141597086837,0.939636763720964,1.0025391245794721,1.2962800580575444,0.8795884314708647,0.8067762297889323,0.8820576630542446,0.9222682220070846,0.874130310050827,1.0039812880840484,0.9014354120073341,1.0,0.581261681675405,1.0293547790379936,0.8686144015827072,1.0142509988734152,0.7115758832173483,0.8477463666255058,0.8589383278190827,0.8798319965544977,0.7524195168328014,0.8248431117027062,1.0117395484405909,0.9157146414392234,0.7754088061283444,0.8110220687428937,0.6831992583260721,0.7069253226642,1.2062099698340514,1.044783492587311,1.324991508911602,0.9630153468391722,0.6267348181587341,0.8774735031839921,0.8954911867013334,0.898293183108235
2018-02-28,0.5059734611661186,0.7275231015137122,0.6390627559034676,0.9194992000015347,0.6238529750715374,1.0,0.6868855180656126,0.5176811684246398,0.4373505938875063,0.7075467381467064,0.9443776246666519,0.9042986635411511,0.8361567831740905,0.8692863519470644,0.6829857698539261,0.9544455596375966,0.628848548501397,1.0880725264726028,0.8241887982644385,1.0254137198720363,0.6146845166674972,1.1035645073243543,0.6315576111193321,0.6390677492656935,0.9593941427348937,0.9396936780028096,0.7983253991660364,1.023526595440738,1.0389151030874821,1.0,0.9826171889894334,1.2781044772034624,0.9705105537347098,0.9519781910558469,0.9169202323219324,0.5996633951577912,0.7256459067264942,0.7141296005252086,0.933275708425839,0.5964134837591739,0.9980154054606915,1.194174837232852,0.8275118143993783,0.7973992653592483,0.6554517062424262,0.5973232215016289,0.7074233263378705,0.9142126467754879,1.0540964628405016,1.0765029327622293,1.0826266367161423,0.6379663636279884,0.8553106440345004,1.139480219704169,0.9696545120875885,0.9537149203011278,0.8267389334256345,1.4141833756720668,1.2367820905267353,0.6493151546136045,0.8738782392135707,1.1558522835062894,0.5863044097622392,0.49885212196193895,0.5875215869262332,0.9950293190465723,1.074909507384767,1.0251516340683002,0.6100662849485845,0.8894269295587397,0.6154622419836928,0.9907732528803579,0.6040542797124637,0.7348130302699071,0.8036363536550344,0.6185851350267243,0.7724989646063581,0.6979778591334231,0.997556680578383,0.587866125353647,0.6079865445375201,0.654032316355895,0.9052060122665899,1.0,0.9908234120172901,1.0,0.961701992798344,0.9545549511435996,0.6306515218915587,0.5327049740586165,1.0052772849605949,0.6189864030973997,0.9020205676011542,0.7586556006846827,0.7293556047200258,0.9567154036760595,0.4613632839771308,0.9431650131713517,1.041215983567459,0.4615579008751509,0.5475645719446334,1.3990365282058845,1.1498154680470036,0.8373857717448532,0.9980694374843901,1.003904247722266,0.9954083189333898,1.0,1.1028047067779079,1.0113867158064127,1.4232340877908978,1.0,0.9569774110816069,0.4505944638706789,0.7106410861703361,0.6635984114184882,0.549788125547098,0.7721305376739372,0.8505901591739087,0.6781622446203527,1.0107460404435544,0.7253624588299983,0.8819683213476497,0.9839677645232389,0.8802919021417619,0.9502258483882048,0.9630306973477832,0.9963880898552184,1.0462690012556701,1.2861685832569503,0.8772137389553013,0.8141175460923573,0.8810392641007031,0.9375004099817525,0.8977750209371869,1.0102208345416783,0.9259667424024366,1.0,0.5824367686112655,0.9862047890644499,0.863621379029427,1.0674456517895383,0.7160273260367913,0.7899200600928935,0.8588994089717297,0.9034121208367488,0.7921030965508115,0.8505563272349069,1.0169288316936929,0.9483391186482386,0.7765248444186056,0.8112947933110722,0.6876112389495289,0.71123904920833,1.0363264063061286,1.0566423317654572,1.12681093861015,0.9673711165680223,0.6198625262912285,0.8790630867481962,0.8956867045051006,0.8997872403206417
2018-03-29,0.5228841218743503,0.7643925111957282,0.6276096445091724,0.9212354568829747,0.620247873673399,1.0,0.687904072601314,0.5179471294445199,0.43350205339262726,0.6903281883726047,0.9137437642416735,0.8906119921453175,1.0103721042913714,0.8587297355490695,0.6827049664965101,0.916069654559232,0.6506052154261601,1.0531273790273261,0.7902061695769764,1.0221414289739106,0.6155161845241801,1.1185600421655553,0.62929587278902,0.637362801637336,0.9593024086825808,0.9029830384476357,0.7884936707482972,0.8616869830928571,1.0385775529618562,1.0,1.0098394274340539,1.1585663929797276,0.9711119334986227,0.9465288879923186,0.8815153622528792,0.6014441026657971,0.7375446732369216,0.7141277886730304,0.9337494160247127,0.5929369920800311,0.9981525912791578,1.1124837757769912,0.8297630457647767,0.7974888746365678,0.6580120170852224,0.5985172484524106,0.7437779078434823,0.9062926277148853,1.0250275166703402,1.1744401564566762,0.9605058333153104,0.5742255616491434,0.8730260947036728,1.0127450104683906,0.9690949826213889,0.9343178958275697,0.8278436815616996,1.367184900331792,1.1958181598039817,0.6189549571754467,0.8485868732141943,1.1692693371212246,0.5848146894337589,0.5010120961485616,0.5867753627178941,0.9827969011357299,1.0490444219939385,1.0173047664239758,0.5939573581820123,0.8725284857405129,0.5921106337329023,0.9891877120593461,0.5815033352116825,0.7195279213078289,0.8058827566256512,0.586163280822869,0.7780453632383668,0.6979501736798336,0.9971202935865553,0.5824901761167333,0.6677425449905214,0.6579270175606562,0.9037743803937792,1.0,0.9363507908969975,1.0,0.9422893840733058,0.9541970004220686,0.6291311278997984,0.5277611928443884,1.0200238305071179,0.5284456480870368,0.9040645663627412,0.7426437383596847,0.565053467850513,0.9489911548847025,0.43442009111898705,0.9668736210364471,0.9529229360287157,0.4423216800230336,0.5919854940137566,1.1530315160108018,1.1509369674495833,0.864208994092561,0.9976243001760156,0.997486997083337,1.0000231386517597,1.0,1.1013084757401121,1.028097282957044,1.3580013847490848,1.0,0.9556880656609933,0.45799490377079344,0.7001261294207611,0.6586907524635806,0.5500213991780114,0.7732667009118912,0.8444348885021269,0.6549743986619472,1.132576252743807,0.7249504451231947,0.9221464330192969,0.9935503344860708,0.8960506848203458,0.9497718305662256,0.955137793842479,0.9966332463464322,1.0678072226873485,0.9292960746819011,0.8819149609889444,0.8726433015181657,0.8804736690816162,0.9357412536303596,0.8925058776216666,1.0083475026710629,0.8067422353428912,1.0,0.5838558186290632,0.9387718997759894,0.7944553105486715,1.0920351585536114,0.7137105356741256,0.7642064954696098,0.8588699197081585,0.8732064900733056,0.7455296498925218,0.8236017972281646,1.0201992323517277,0.9903155611334192,0.7774722783586047,0.8113660740821249,0.6823998567809386,0.7146479677046649,0.9559111576516579,1.0487828085521973,0.9804364847243199,0.9406613899414227,0.6188210955951988,0.8680856278132936,0.895560572791527,0.89475061259133
2018-04-30,0.526659227224902,0.7628891510421432,0.6583101128526049,0.9200110366853476,0.6279942534176233,1.0,0.6931692494755439,0.5197630778787764,0.430193392722912,0.7051326897426915,0.9253747733692878,0.8743917887081513,1.200979501927768,0.8475482383670198,0.682850948991401,0.9365054404175086,0.6420051748495299,1.0175046306645945,0.7874815660029029,1.0224974898921317,0.6111876762690007,1.0637870751986658,0.6392840929873826,0.6424080726727792,0.9590435229635333,0.9601674654714302,0.7956506807545236,0.8487236649809051,1.0326423382903138,1.0,1.0718118186315468,1.0766157555276128,0.9697243917755984,0.9462019764799499,0.8709629471569821,0.6087851147380026,0.7748620600855515,0.7143434709925891,0.9284803920678393,0.5958794181813203,0.9976272528617558,1.085656292267016,0.8987079674466324,0.7968811886864475,0.6599188143348449,0.5896354989753263,0.8097951053566111,0.9215762724468626,0.9820027701736835,1.0745419046579139,0.869445292689857,0.5813845842697155,0.8601633855973643,0.9055592918349997,0.9594910589069447,0.9252325418056162,0.8030884856234045,1.2338161591928825,1.1467588233213255,0.6693628626044916,0.807452828746654,1.190020027046094,0.5888337422379751,0.5048767457768808,0.5872872055733815,0.9630468031001604,0.8040858326386888,0.9885074975767095,0.5906721564527835,0.7579491563844238,0.5914637264369406,0.9878184926846796,0.5860899476975822,0.734198896081122,0.898176057877496,0.6272386940213455,0.7846320792990016,0.6973155099287385,0.997862695772911,0.5731261252643866,0.689932815421321,0.6637333345565515,0.8920554078613587,1.0,0.8878572820756723,1.0,0.9270105889866045,0.9543804627034115,0.6284785626238875,0.5198607126027452,0.9989461248015309,0.49341567682524035,0.9042641658980619,0.9178921119395298,0.5471542034632316,0.9359641950154828,0.4357228501207604,0.8383309269482302,0.923195480618473,0.4516881778925359,0.8997940581553827,1.013527033260901,1.1126419615559893,0.8317881764378146,0.9924658807606057,0.9731379172380671,0.9943068504607498,1.0,1.09046226860417,1.02389796490919,1.2595995390198897,1.0,0.9532515139923784,0.4522933432242493,0.7626304988697402,0.649579956277132,0.5500614804575773,0.7808292851189219,0.8905591368988843,0.6725510836931612,1.0188043478824025,0.7244496416035768,0.9494398666276133,0.753667802695804,0.7972142658013532,0.823810168809292,0.9360413488490151,0.9886264453266871,0.989345128185799,0.8280174984419135,0.8751984732019372,0.8794406377867396,0.8821500677903733,0.9187581439182038,0.847446943634477,0.9975394272467757,0.7948515753710202,1.0,0.5902124597484791,0.8941694294326986,0.7762531313309688,1.001397763951973,0.7280897034741198,0.7744060239008573,0.8589135877013476,0.8342048406735164,0.7095073927838941,0.7216336300006558,1.0164745264407022,0.9960517052471136,0.7834580860844818,0.8125054076185192,0.7149002482216302,0.7220225381117786,0.8325724217997681,0.9770503511912046,0.9525158962553145,0.8972128746522836,0.6223745857009106,0.863622816295563,0.8957713391508695,0.8917967616311213
2018-05-31,0.5334487498407177,0.7840122836629904,0.6484243109640344,0.9197182142304703,0.6243271825886872,1.0,0.6983842425119617,0.5224194357680716,0.4239222752104276,0.8705386301606468,0.9643574928089831,0.8591917097690938,1.3544553984483314,0.9493953745777349,0.6880105834830725,0.9879297823769535,1.0490041354262711,0.9732752723233088,0.7411242089057715,1.0289119832726121,0.6114502509976546,1.0270048407837826,0.6528822237812217,0.6462968665046729,0.9590165245103909,1.0220160007084222,0.8801784317796176,0.8867895722001714,1.02660520395866,1.0,1.072590275396534,0.963354105780876,0.9694001802731892,0.9461021000900044,0.911130034574119,0.6104644881508249,0.7717215375836624,0.7148436188822052,0.9294812993539494,0.5922782232098345,0.9972891423704379,1.0623393621753445,1.060459420934035,0.7979375586026983,0.6597487915709975,0.5894624193872623,0.9125413083354516,0.9002132997801348,0.962087732799527,1.0543350506619789,0.8754153206051033,0.5814003104883335,0.8166459545127951,0.8433649628344833,0.9547089719471453,0.9467445482641929,0.8028847434518073,1.16833267708123,1.2065777412626675,0.712231210932053,0.8376590665952232,1.198376015465867,0.595282808507514,0.5154240953111031,0.5928536162707224,0.9464396759396124,0.7734065882507112,0.9562318816469749,0.6040181240228726,0.7402651137656318,0.5825160008825423,0.9870544857883883,0.6227994575930718,0.7366298785406642,0.9409261610627937,0.6726696759037856,0.750304077461898,0.6979377973259735,0.9967770224491479,0.5793858425210334,0.6894848457283481,0.7207677098017269,0.889403406296501,1.0,0.87464595603904,1.0,0.9180844942026015,0.954064963961386,0.6287829315292492,0.5196041350951077,0.9159822379359359,0.47204463800033825,0.9016602165257793,0.6989841955884434,0.5064520309474594,0.9345513911100959,0.4327657235186061,0.7958934816493992,0.9243887610626986,0.491513352121427,0.8383489025109006,0.9437010906030827,1.0804139047697123,0.800984458495413,0.9972933387001354,0.9824067393837408,0.9949929678424013,1.0,1.0783644917868354,0.9984681297732817,1.2460308769802888,1.0,0.9524716492911577,0.4491044309043313,0.7347522662350959,0.7054901257763213,0.5506157661118976,0.7910210169237729,0.9334460713682649,0.6972980075848452,1.2404108744249362,0.7306598326115545,1.140392724389947,0.7118120026447845,0.7835760068678883,0.8059747027182589,0.9271364028735567,1.0008767200933157,0.9990549622597787,0.7887961792774605,0.8709110703006384,0.8097167407067982,0.8875423387235387,0.9074355690088031,0.8183768573015644,0.9920983651136862,0.7926813418754344,1.0,0.6162114909600993,0.8397974253706412,0.7830394276714776,0.942670464606467,0.7762239691571139,0.7436071305300366,0.8591290587059294,0.775512634315623,0.6975049868798557,0.6654764956886525,1.0074403239540175,0.9496082243696039,0.7964329081731828,0.8123922204805831,0.7130073754050343,0.7195504043038565,0.8009361200764444,0.9253736433383315,0.9107316417875307,0.8521204889841009,0.6289757252955496,0.8616398650220378,0.896131587233654,0.8906651016715569
2018-06-29,0.5397354459090148,0.7820271766758872,0.6835053905119636,0.911645678608459,0.6563380562522827,1.0,0.6939867220070258,0.5207067147424189,0.4180692028029893,0.713510708260062,0.9353803151540904,0.8682858907206528,1.3075059917585121,0.7958310908531259,0.6855566502534902,0.9642507827393111,0.9262898737632118,0.9883003474825683,0.722754363985678,1.0177178237447113,0.6116005567227274,1.0766343408399193,0.6445803567749906,0.6473350373438451,0.9591338440133067,0.917442454625333,0.8986975706676221,0.867239817661591,1.0315127050224429,1.0,1.0949832669335409,0.8986520002733598,0.9603231943060493,0.9462160827005234,0.8539776515841315,0.6293093140176256,0.8164454960157895,0.7145565204757415,0.926318858044014,0.5943570768865493,0.9972296845562854,1.1029078588682297,0.9574783446694254,0.7960902748835845,0.6815179134401441,0.5911667750134657,0.7868352611029317,0.8417036461623358,0.9749019406444677,1.0327834912844243,0.8810114489803486,0.5892309853936099,0.7470067796161914,0.7724978551301538,0.9552650460617383,0.9167779479222073,0.884541528902984,1.1715780133805949,1.1756612585546142,0.7734138491401927,0.8011029109205958,1.1913814767447577,0.5872448482494332,0.5074548463285897,0.5890676648723743,0.9519676633287981,0.7851896850992943,0.9670544740065463,0.5955486048252683,0.7221157982338302,0.5768665454021109,0.9878915010851975,0.5949938968078631,0.7287285207836065,0.9475122679458344,0.6569482610221878,0.8373249110099268,0.6976399543112761,0.996896645671,0.575980588076746,0.7377656533104415,0.7210863031990011,0.8893475243028239,1.0,0.8908466689530967,1.0,0.9228420721746723,0.9540942961156985,0.6282343420708024,0.519573092149844,0.9059109458869858,0.4191184754091408,0.9035524604967907,0.6778369427656159,0.5019436001151587,0.9170663486351198,0.4279112718279162,0.831816611163214,0.8985235086088389,0.4336516134704964,0.8781483665232536,0.916088515074742,1.1225709984724535,0.8693108020002075,0.9987438377509728,0.9907461561288264,0.9975663282904419,1.0,1.082224244211028,1.0883231096109567,1.2250732161798288,1.0,0.9530720244754366,0.47646960023835927,0.7619836690774193,0.6731124063036882,0.550037272851791,0.780229975083301,0.9150337273658553,0.658980338845448,1.2134253029886128,0.7273052064007585,1.0959313427579769,0.7149730721924843,0.7841290719979026,0.8178905783719261,0.91123968242218,0.97937958095568,0.9779795048731719,0.7712148469925337,0.871856968653862,0.9162848000626821,0.8830450575798315,0.9159344110717577,0.8564419156810372,0.998360215041637,0.7929893424376104,1.0,0.5949682364310394,0.8841314813208009,0.7084449411624751,0.9952021528109884,0.8344014054809673,0.7539607011013869,0.85897429020518,0.7880668435254278,0.6982020866923117,0.6523447200585725,1.0188072264533354,1.0427946476815442,0.7920829859165507,0.8142845415711031,0.7450103034317476,0.7236794716868433,0.810168808962083,0.9761966246010466,0.8880115289989094,0.8773077998321029,0.6207482885675,0.86145562245437,0.8961767109995535,0.8904996096036759
2018-07-31,0.5262704095660947,0.7856489427147757,0.6563294104249984,0.9110606850925272,0.6263079232311821,1.0,0.694071657063795,0.5188279830323544,0.42349956820601153,0.6944354530655168,0.9299071587614299,0.8678123740148783,1.2611736360890689,0.7659136739131528,0.6848531879987443,0.9447322156172705,0.9611571542824392,1.0203880956252134,0.7114849242234081,1.0193110943727988,0.610921120640544,1.0338764566992733,0.650452997101129,0.644707304242262,0.9591318497380629,0.8690381217267856,0.9109314280456343,0.8750093803722976,1.0364329002609955,1.0,1.0823594784313042,0.9658722110820128,0.9612330149907509,0.9466260922847195,0.8621164371133287,0.6213111076333984,0.8053320087526397,0.7145265493773935,0.9297327218482395,0.6004413101728404,0.9971447142972558,1.0805958120189845,0.8996315454850908,0.7973049333525912,0.6803292735703029,0.5888768545357814,0.760021634724908,0.8142833995217461,0.964065298126857,0.9991401349234402,0.8450035165518162,0.5878877344903652,0.86326174197303,0.7633208239825626,0.9778939874668092,0.884893545552662,0.869528496510309,1.2044474905769174,1.2008105994956788,0.7465200059951655,0.7834117881421685,1.184275120312921,0.5861495030403894,0.5043247606598802,0.5869524412325363,0.9513641532105909,0.8089638197760352,0.983656051680819,0.5909470751959465,0.7402709525297623,0.5797076269749624,0.9883139374983655,0.585031060802885,0.724962059605656,0.9184872748227612,0.6248022431340124,0.8391460575265017,0.6975504267210196,0.996248909258398,0.5744964553456833,0.7147450440395043,0.7238715508911235,0.8930184797555664,1.0,0.8870082812265994,1.0,0.9149562793614001,0.9552721784722901,0.6280462825558819,0.5192211692382496,0.8886166938790391,0.42730713441651935,0.9056960138852185,0.7006954205095992,0.5067476174841279,0.9215196699978082,0.43955029023961856,0.8304426892641894,0.8679470133204286,0.43833059511086814,0.8686894822369969,0.9186501464174502,1.1374647608835446,0.8911020631368665,1.001719602455944,0.9860108118842533,0.9994710562317067,1.0,1.0921781384974096,1.0219280301907616,1.2007255409054256,1.0,0.952011088658953,0.5004385894902157,0.7477169866869213,0.6604325112521714,0.5498816670055617,0.7828776677428675,0.9158267774186875,0.6661536724037407,1.2711589965580197,0.7287068301749957,1.0779770755642293,0.858784386450337,0.8192961273229985,0.8418564471933949,0.8880603862222454,1.0530729515678283,1.0013961057141916,0.723019121323169,0.8780545397448198,0.9509411324882575,0.8817306618386884,0.932346934799694,0.8805210465287585,1.004107201371893,0.7924582926948133,1.0,0.5977074038464246,0.8606513344096001,0.7087842296739564,1.0311802648753847,0.8300723789920705,0.7222637940589447,0.8588852171760752,0.7739240090093453,0.6995006387810363,0.6638063332017992,1.0216606601432356,1.0495710900912911,0.7943829643188296,0.8124914759292436,0.7184736529062956,0.7250317616773503,0.8665669773434763,0.9792540507838289,0.9118613059539276,0.8699575939139434,0.6255252018092448,0.8616186979119783,0.8960881583974847,0.8906666344100392
2018-08-31,0.5217983833279065,0.7353764437088167,0.6820547807499692,0.9109243569195989,0.6286237305222195,1.0,0.6949524345539564,0.5184904701869935,0.4143181996222701,0.7002425472018458,0.9358982587178422,0.8654998120777282,1.2360740179132041,0.7507723995414421,0.6869887399403583,0.9605794382178977,1.0300803582378029,1.0034787247436197,0.7078937843500965,1.0212807451271024,0.6114144054483331,0.9879071462286396,0.6514255774937738,0.6978738183833066,0.9594635588215616,0.7311360411918739,0.9603766789802843,0.8591803861092857,1.036257712706502,1.0,1.0473282352968163,0.9101150923968715,0.9609796015161169,0.9465790249437077,0.8867078331001124,0.6380756768258566,0.8357671131830083,0.7144582327744194,0.9255824150963787,0.5999782517585559,0.997147312059637,1.0645206285456608,0.9789654023599278,0.7978116708801435,0.6955050247479081,0.5860118798548619,0.7989951917249364,0.8242690591403241,0.9628125474083136,1.0762094306075873,0.8396262528255212,0.6115207479534841,0.8089337735772789,0.6471903806315139,0.9692545478966907,0.9617524510636347,0.8606656784679022,1.2586967253143788,1.1269865591370465,1.0716060270175742,0.7785320782401458,1.1647434940830461,0.5888589813068336,0.508934296072771,0.5882474962595019,0.9535346700405256,0.7947804133979048,0.9856334962036473,0.5916365165718126,0.8233657175240122,0.5974548341264668,0.9883223224082116,0.5918768657154313,0.7247075296785552,0.9104840350349862,0.6202206127280664,0.868682777656661,0.6989117912011156,0.9958967634067437,0.576003655779846,0.7004937922745771,0.7182555599243845,0.8907512846434286,1.0,0.9289554781361309,1.0,0.9595124594149121,0.9555618904136339,0.628120313575852,0.5192029349659978,0.912248783117364,0.4106903044333162,0.9043700510136182,0.6952824470053742,0.4966301414313109,0.9069463564364599,0.4477755385872185,0.8112219845276386,0.9280211862180352,0.43914438830917324,0.8871978040915691,0.9027359434654896,1.1293047524641329,0.8872258250823485,0.9975918231635321,1.0234765184643475,1.0031455030590697,1.0,1.085854760766402,1.0402275081456267,1.170735897788748,1.0,0.9515984037291124,0.47955108397412494,0.7476020567148258,0.6628793477429079,0.5499862701453742,0.7795605439723047,0.8922569183192087,0.6588776227809412,1.272043327917232,0.7256633597394517,1.2177500990877639,0.8333198219368806,0.8446982933809961,0.8262390375480864,0.88884059303385,1.0321446542052355,0.9911807561217957,0.7329113464578915,0.8763956312442043,0.9463652364460501,0.8827519994853217,0.9276910261749722,0.8811181393141179,1.0049137456254893,0.7923441323116304,1.0,0.6008150442891187,0.8142573634225768,0.6975470656998639,1.0532855698090329,0.8918951036489926,0.8201046068461041,0.8588830621163445,0.7600071242571336,0.7024090145945343,0.6132765221398162,1.0183927189635444,1.0680163441421877,0.801089231041713,0.8153177450116712,0.7645158139372432,0.7249647457679484,0.8210372325345288,0.9715297469944941,0.8420766985506454,0.8871139166333454,0.6242209144958375,0.8611827395813834,0.8961728290720533,0.890369872185091
2018-09-28,0.5247579940155751,0.7023861376888088,0.7188908101085708,0.9103264078577452,0.6344658912803413,1.0,0.6951604701744536,0.5178291291373311,0.41858443996382366,0.6543105833787741,0.8957413234418918,0.8757915563577837,1.26150414420026,0.6893661835660794,0.6833901517865676,0.9422720426940141,0.8219136770731343,1.0506657023588004,0.707180521926686,1.0106109336068405,0.6108483220343605,0.9598396497702216,0.6469692817495079,0.6698942268999616,0.9598384241471157,0.9839621462126167,0.9067552123751874,0.8386446292628467,1.0358460642721037,1.0,0.992489173200724,0.9805735382618723,0.958492615864174,0.9471852389488907,0.8404057123004819,0.6242580583195996,0.7916137464495745,0.7146084544749857,0.9267954202800806,0.6034926443509109,0.9970970605874829,1.1330285759574874,0.9737047137823073,0.7973284182220725,0.6977994153534375,0.5901152553563601,0.7993370132454015,0.7714298644256523,0.9470482289398724,1.0871134677920693,0.827778345076317,0.5935914324430613,0.8062124883282482,0.6841408738311775,0.9800552545457369,0.9429106242915908,0.8553658007027206,1.2456501509270765,1.043636818200643,1.0834628606305192,0.7900363064090727,1.1935621212582976,0.5827506963819733,0.4973055498166117,0.5832916432257383,0.9583751189277627,0.8147082083030731,1.0026886712112462,0.5854526388971435,0.802507006132118,0.5921001787754337,0.9883874224432778,0.5819438723719987,0.7302716056911983,0.9000336055458334,0.6214267677323582,0.8994729780660726,0.69783821004813,0.99598678547511,0.5714492136824348,0.6790799640717557,0.6982909528587222,0.8921822330306088,1.0,0.9156239874685866,1.0,0.952730162963903,0.9546239464083536,0.6292050845715045,0.521917097282079,0.9194013765413631,0.4843406372898508,0.9075503247292218,0.7446690879275202,0.5243796221006838,0.9110718048235947,0.4850608181501802,0.8156114602834051,0.9585296235498135,0.42349949692938627,0.9727949958508108,0.8867487394869775,1.1287099599776462,0.8798557584319323,0.9990205708080029,0.9985967354061246,1.008400644161907,1.0,1.0932981420303791,0.9793253994755575,1.1678219299379966,1.0,0.9532232678599429,0.5819630323143242,0.7997443788157801,0.6298482519302405,0.5501942447633891,0.8168714306531607,0.9747480279028395,0.6244566243698981,1.2202683544114243,0.7256649756710405,1.1722255665661834,0.7844708007496275,0.8045211050130185,0.843071092046445,0.8876368547869601,1.0434482832552043,1.0078879984625504,0.7077918602660183,0.8740793960186879,0.9105089998358378,0.8809288692070273,0.934939168995267,0.885190944501457,1.0035655736691054,0.7925610910214319,1.0,0.5794553571838175,0.8000362538788148,0.6934622311965868,1.028146803453619,0.8273844013370576,0.7969145661823591,0.8588574748168464,0.7730810383101945,0.7027361143811655,0.6707267491270799,1.0150098244462822,1.1182910155250168,0.8095670728913996,0.8218291443533865,0.7964341214989454,0.7242149455399529,0.8594907935294291,0.9958981406103379,0.8454335147171461,0.9178563382751792,0.6152738690046858,0.8621477143772622,0.895956245710792,0.8911040003706103
2018-10-31,0.58747131117228,0.7066222275854086,0.7109331962199423,0.9107554039133294,0.7323625656187925,1.0,0.7030419169251587,0.5181947032640847,0.42604745699114044,0.6464324448453114,0.8561513014043243,0.8984984490362333,1.3289725885259727,0.6520835784641589,0.6824715242741506,0.877458499801079,0.7969215894824195,1.0354157281364724,0.7073052176467313,0.9970468917095406,0.6134054429374503,0.9225371060918099,0.6582579378015196,0.7324305420494186,0.9599367698754988,1.0378346443284896,0.9116420779642993,0.8016902418882926,1.035160372935335,1.0,1.0165334027127926,0.9606594003299477,0.9579466361671531,0.9472140869253555,0.8030232077805926,0.6916333072730105,0.9178953015332392,0.7157378624921097,0.9275808572717995,0.6063182385092608,0.9971895568063206,1.1196688934322407,0.8909433073172739,0.7981572534142474,0.9361073992862495,0.7066288087780552,0.8219697916872599,0.771995195934819,0.9391328764997224,1.0723939950203119,0.8360080746975973,0.6097469337785513,0.7497045925439596,0.6315191992839386,1.0063663552360007,0.9142770598769148,0.8316013134254292,1.2010905954071525,1.117051554047152,1.048241126738176,0.7828764847027461,1.2012619216015206,0.5817981065598902,0.4952502104032177,0.5826601663405746,0.9555228640943376,0.8713259784551757,1.0341378283283273,0.5831959894380682,0.7367104090518557,0.5758508850769353,0.9850970295546794,0.6525139463365017,0.744962775894825,0.9694453999841368,0.613566305852036,0.9712352394885768,0.6995335631778554,0.9959090113082275,0.5704803832284595,0.7692217420773676,0.7132382045591745,0.9256683025252804,1.0,0.8919638322296983,1.0,0.9309190957601087,0.956144908551971,0.6291831705636999,0.5260307976337147,0.9456741063579035,0.5286380352600613,0.910196697503909,0.6788494896365234,0.5396197920642282,0.9073789253897271,0.4930643363249737,0.8063275458272636,0.9094235292995093,0.4132594662886997,1.0437795966659351,0.8722784591831455,1.135427085129865,0.900733594960729,1.0026996904881644,0.9766851534333865,1.0069451170409545,1.0,1.0885088775986416,1.0348458892386572,1.1670208703088487,1.0,0.9525821465903331,0.6368921741626338,0.7936069551865916,0.6349708038709279,0.5512229161336215,0.8282062440196456,0.9787069640662914,0.5892681488783358,1.1102405895281129,0.7227849562709929,1.1539525275219042,0.7709367502278299,0.8003144657155806,0.8845950291026382,0.8685610709888968,1.036602438859504,1.0228632320377298,0.6892603950041603,0.8763204916138689,0.9440796883818735,0.8810526770921722,0.9426443049872443,0.8936480196343549,0.9956553570545801,0.7921799571646502,1.0,0.5839489892326659,0.7788023533942832,0.6892547214341027,0.9816932291923908,0.829380247975184,0.8518283569365503,0.8588192409862337,0.8538259172036182,0.7102809655165879,0.6474346100597314,1.018054344346352,1.1474662313864958,0.8250200202312341,0.8174711681396076,0.8173840344924375,0.7414855987982788,0.857863419629571,0.9949644683279683,0.8022538501161977,0.9683251919722049,0.6108567372955122,0.8671369705541658,0.8955320302322306,0.8939479248110631
2018-11-30,0.5085716446859447,0.6854773305465234,0.6853048451731591,0.9096418476889182,0.669571923775359,1.0,0.6925464193338642,0.5163085945311015,0.419299159016857,0.6485560338450447,0.8071086321432329,0.900411469951597,1.3509965642786976,0.6058694350254132,0.6819680990029975,0.8372091731278525,0.7136580271546515,0.9840482777550968,0.7019736112757742,0.9995720136165683,0.6089876589957763,0.9095093536555804,0.6468725876984327,0.6798993437443943,0.9594077494740549,0.9717221154390813,0.8599893734585331,0.7879589425898856,1.0350679775943206,1.0,0.9913683709119703,0.973641595282962,0.9473715447165398,0.9475368743913123,0.8082992202852992,0.6630862025496173,0.794361283697994,0.7152281691679825,0.9398339245307572,0.5966424773864192,0.9969320228854451,1.1175289184322423,0.9135556051413347,0.7970274426217931,1.034046134179835,0.6737830514364631,0.6966028285301609,0.6309481931961649,0.9687680168391642,1.214999806430052,0.8481557007692769,0.5582994496423469,0.7620404842585492,0.5612431473626812,1.022008791750442,0.9247799607504822,0.9109440294793624,1.13338596617686,1.0440156283117445,1.0156664042043397,0.7799111390293103,1.1976293871003767,0.5825375408314155,0.4948808532494836,0.5820448950270023,0.9572802874650499,0.9128532370455178,1.0290014154487324,0.5849162254129983,0.7503579692084779,0.581381010243611,0.9876641171644709,0.5829492304421824,0.7211517546036301,0.8753930273741304,0.5646429171223661,0.9628151353406939,0.7012696343646185,0.9959695338663205,0.5670023757149534,0.585669220058693,0.6923488168377538,0.9404113520149253,1.0,0.9272722206823695,1.0,0.9434035196930449,0.956312790376459,0.627992193247375,0.5328128304999353,0.9488840949007216,0.5731556558885593,0.9104425008168426,0.7606127556543352,0.5575287957160451,0.9063220503790925,0.603612614844226,0.7942516824461074,0.8889659486949752,0.407635210799422,0.6850751576881797,0.8536539523485014,1.1452234509250685,0.9199688100132635,1.0111671564925027,0.9582402813702078,1.0137101715233967,1.0,1.0693627341262841,0.9312015336512205,1.1884558984744746,1.0,0.9534641377417002,0.4886305975855726,0.7653903864739042,0.6101148546827335,0.5507869175106295,0.8002166323305573,0.962881010202792,0.5914257285864384,1.2116117562641249,0.72130426156876,1.0938129307409317,0.6573129384543768,0.749263063210263,0.9027737993698072,0.8113926025018251,1.1127879370635263,1.0657298932887165,0.6984582595663651,0.8784672152917367,0.7161976285644729,0.8819692015764499,0.9622438313090632,0.9047657289367743,1.0008209140923907,0.7925110281872955,1.0,0.577050463731489,0.773096466048977,0.6912913829667537,0.9864358707623119,0.7641864713141779,0.8701737469310615,0.8587989247532326,0.881687156073487,0.7311375571910881,0.6245634115863632,1.0162139781873896,1.0644030893958347,0.8131142775001883,0.813190545313332,0.7840823187979608,0.7292372527172474,0.813565139561608,1.0129771057286174,0.7334931905580302,1.0021124058035649,0.6116183365859422,0.8718478451823877,0.8956034000756783,0.8980519349186562
2018-12-31,0.48997118167972376,0.6912474321349944,0.7211684579982509,0.9117130253288741,0.6515145603362362,1.0,0.6920601086614251,0.5161200972192332,0.4404260020614782,0.6432876858328067,0.7657027076678422,0.9482291541187923,1.2808817319120716,0.5777217612234151,0.6818111760869823,0.7639724040113327,0.6947019590493837,1.029807519690653,0.705305605956454,0.9906551651913356,0.6085585911117735,0.9100675003866691,0.6410425038455272,0.7164992315015648,0.959182460865578,0.9958538524464475,0.9194916805527587,0.791822134223372,1.040455167067707,1.0,1.031616617374311,0.9707422148249853,0.9449505180274177,0.9465051833155751,0.8027769711069441,0.6376268348594165,0.7318957647277293,0.7147021397247673,0.9424887180153555,0.6108054382049857,0.9984455841404235,0.9921207404636677,0.8300604966606395,0.7982627731168737,0.9819129888601167,0.7464222379464329,0.6881697941932632,0.5583975600020208,0.9577238751647974,1.2743241014779456,0.8539259293557021,0.5558762012423761,0.7046540584610183,0.6233594635195346,1.0552514492965988,0.9651724967119765,0.9304496899185437,1.1397052137232446,1.0000906925672297,1.1110059835486363,0.7876969643016682,1.1884604644909562,0.5846662082252148,0.4944311767190064,0.5822615299529503,0.9825431063380643,1.0039889904506396,1.0559222655771967,0.6368507105101517,0.7389079408288513,0.5752127489983945,0.9873566680646482,0.555113887356594,0.6806290645851147,0.8191705984093446,0.5429984066726598,0.9337578006880375,0.7003860757933736,0.9957799069641493,0.5658409924607333,0.5365880367525817,0.7018481230572775,1.0198912578551251,1.0,1.0381717319669674,1.0,0.9885271135682108,0.9543099860481724,0.6272641939207799,0.5305161989538647,0.970889288616472,0.5010084323569948,0.9108106251364189,0.8649496482010351,0.5678017494355891,0.907404279363341,0.48809202361450377,0.775374352026175,0.9002560691732959,0.40395982346338954,1.0044680221296256,0.867298986733174,1.1683227135584313,0.9771825793120968,1.024294431277254,0.9404987062705472,1.0210171335868032,1.0,1.080538377281063,0.9184808061577763,1.1375313430056662,1.0,0.9552196771327665,0.5029409799262847,0.7230357331971136,0.58637582916168,0.5508448366898977,0.825264972148274,0.9916272492932707,0.5853541763236161,1.2558035028254406,0.7209612764436023,1.088057791729475,0.650625762804893,0.7134748314069514,0.9573773787476428,0.815859994755583,1.1345998500560717,1.082727863206557,0.6934738492995278,0.8764458130399495,0.6735515514021315,0.881115173029006,0.9956466875121394,0.9817025666635182,1.0060245373554078,0.7929336590442547,1.0,0.5725382028174699,0.7890384408095277,0.6894505984445409,1.005619031027729,0.7311028357708991,0.8509329666619474,0.858791141012464,0.9524882715059052,0.8325338564133435,0.7679995151803396,1.0293671657332917,1.1243355699460644,0.8079703476542954,0.8116296634457919,0.7188754514170375,0.7220117146769385,0.8162840542168915,1.0988504548249312,0.7266670079404849,1.0201103032132988,0.6109867391632329,0.9137476985571289,0.8975853184271858,0.9189770786220511
2019-01-31,0.4909712544510849,0.7401592573781901,0.7517526111851898,0.9101077538112254,0.7195371605438297,1.0,0.7058614172631467,0.5159619320721704,0.4317529307058766,0.642790075334392,0.8831801737342918,0.9411499862463433,1.2798261612660946,0.6512485938682899,0.6870360481638087,0.8764139267801847,0.9814658246720394,0.9946700211857002,0.6982532353663978,0.9870784328217763,0.608686682581568,0.8918215458588855,0.6743829582476455,0.6792408875754603,0.9616675740458516,0.9566231191336435,0.9377510504233563,0.811968759714051,1.0371234639610782,1.0,0.978756468522913,0.9078406963047281,0.9480254908165736,0.9465306400302412,0.8347729463121432,0.6194305890597844,0.7436512282623908,0.7177747065547483,0.9433373241628298,0.6369334576705754,0.9982172724592737,0.9774173312595396,0.7808746522343329,0.7981486336091324,1.0145371551486484,0.9285684837736665,1.493141827043383,0.5923361057294835,0.9555602375808763,1.2751749601896178,0.8558719669600651,0.5574648130172373,0.6685156361811495,0.6711628639791485,1.0367838347730485,0.9261334999619198,0.8983851656931069,1.1081050403270323,0.958274219031191,1.1936297847489117,0.7712322033051462,1.1878839622732953,0.5917729747105713,0.506359330586013,0.5870647695743999,0.9920167244970065,0.9794756218723979,1.061010216794443,0.6773259155031905,0.7138575251085775,0.5885146437050268,0.9868444894244676,0.7333974922286556,0.7460132590708275,0.8506393389649209,0.6042463043103821,0.8866493712951219,0.7249504061510277,0.9961607436101008,0.5788939880655943,0.5272915008689795,0.7563406566526156,1.0193910073581145,1.0,0.9876350817467549,1.0,0.9666824068320442,0.9552313582653383,0.6268065840797605,0.5308980802881642,0.9818681077099843,0.6369479210812046,0.911916551871809,0.8196836168396199,0.7908321325397649,0.9069309758261608,0.5141848111746627,0.7701423633429242,0.8855381963718284,0.3987548161095896,0.8870623119112133,0.8608079830121405,1.1667240955463845,1.0160372675144258,1.0200497800259059,0.9637545738807548,1.0220772983174864,1.0,1.0756099417673968,0.8706993480548799,1.1230992419399524,1.0,0.9533324947975269,0.5026011865787205,0.6744491418304273,0.8344783634801707,0.5599366810843303,0.8308101205933165,0.9967144337790863,0.6101091539328876,1.213472396154838,0.7272999226656397,1.1874623429223647,0.6424810715004163,0.6343675891933238,0.9667372179555481,0.7825311123204438,1.1060792751400004,1.0847613339408346,0.6814652880425083,0.8768428373610968,0.6817375674491999,0.923134139038241,0.9864170621911044,0.9663260838713701,1.0070433717615423,0.7926851677372382,1.0,0.6335747557402791,0.7783262501456973,0.6879754894353174,0.978493485661595,0.9667037524457895,0.8410331635732872,0.8589621131392121,0.9604495951220543,0.8137459511359986,0.7624205615238202,1.0266702548766093,1.1141139935485616,0.803998021246524,0.8142398059274336,0.7964886497229107,0.7213034218418981,0.7966241242890924,1.0804820962039936,0.7623173833672143,1.0196657878587498,0.6130369863688496,0.909808180549821,0.8972111491673254,0.9147714837032258
2019-02-28,0.4947503023328005,0.7643965918964194,0.7433853772156409,0.9092832047191914,0.6690225897455004,1.0,0.6953276647404589,0.5158833192414359,0.42544434386263263,0.641439575955089,0.9393980589822641,0.9254502824182115,1.2121597873490353,0.6875864608338162,0.6911436060897302,0.8462729503368015,1.1305167050266303,0.9604426016169694,0.6979808406795305,0.9800274417159267,0.6087299514647107,0.8894228312656332,0.6575647774246525,0.6698878506931365,0.9636497890182093,1.0169372293462822,0.9220076748711687,0.8040718072206127,1.0390482985823244,1.0,0.9983510343905264,0.8902893208936,0.9413486866958167,0.9467169330719516,0.8004517582025235,0.6172679059177313,0.7308917563117567,0.7151432290844807,0.9338521467127878,0.7077249266663002,0.998910267750212,0.9947469407544374,1.2953032796121888,0.798584691099099,1.0015175698561374,0.8391467699216095,1.479936487353942,0.5857362754745749,0.9591865779105473,1.272078448377815,0.8487656054517645,0.5569202972093854,0.6509767634418284,0.5893815770431151,1.05780466132977,0.9069622456399462,0.9277435375187675,1.0952182765953227,0.9915776284346062,1.1797594928008064,0.7656829769418215,1.195212161604969,0.5915024305197073,0.508154881904433,0.5859368565224405,0.9787878223049543,0.9872932743371698,1.061066169312095,0.6469402576936842,0.7098544683623715,0.5772663206711545,0.9844064309790339,0.7097147258309446,0.7426960571729352,0.8048326449957127,0.5784750128571363,0.7853291046124105,0.7051160551791036,0.9967436859197657,0.5727200490969762,0.5699658094921023,0.7220908627266248,1.028377132996575,1.0,0.9694694664939248,1.0,0.952650581233789,0.9554068533087315,0.6268063259911432,0.5281137833585641,0.9843772651541071,0.5940117601853079,0.9121728639393274,0.7998410701607722,0.7704001523291554,0.9070637575538918,0.532316912816177,0.8264686164475278,0.8904072947372643,0.4033143875199622,0.9561046363995489,0.8623561864661301,1.180372147988239,1.060566407307218,1.0206203594843382,0.9634472240739251,1.0255185256461785,1.0,1.058644835294925,0.9109342702102741,1.1400443357099215,1.0,0.9531369591325917,0.4728519328631292,0.705930182492253,0.8286298626445042,0.5554729221002166,0.8527337598656555,1.0138766212681045,0.5805745462578367,1.211755457464496,0.7247636226842114,1.1595661546179397,0.6434181194563281,0.6200471545547885,0.9598815499932514,0.7869889362008105,1.158613517847252,1.1165736332432394,0.6821410808979601,0.8865577827474433,0.6888551525748949,0.9234981158473551,0.9854030246033345,0.9816962222866839,1.0091067595712064,0.7941415836262123,1.0,0.6134035327759537,0.7882066371486014,0.6840697249252063,1.0635078785987622,0.8435864698304237,0.8877752251638766,0.8589598266983776,0.9339501963453284,0.7778529380686713,0.7362417036207571,1.0423335328627183,1.1721682207085535,0.8018362333774484,0.8130784127519024,0.7864309520962083,0.7224623225337604,0.7988018405850628,1.1182283791575853,0.7933133637961944,1.0084093702659698,0.6066573577583136,0.8945519497904398,0.8957211305242143,0.9063993611641037
2019-03-29,0.48409447396756844,0.7236838218703909,0.8128867575912386,0.9088925248495144,0.65658178960829,1.0,0.7084566164578556,0.5158897032281995,0.42442561441613,0.6430277079651021,0.9465104437272701,0.9273997300653064,1.1967857216805584,0.6786801479400463,0.6915743625397666,0.9275639301219758,1.1225125733195407,0.9905837736804626,0.6969523884964726,0.9832130149037219,0.6084993745952284,0.8912668623720292,0.6769441792056732,0.6823951286578684,0.9670345229535544,1.0303131245103359,0.9534369028587717,0.8222332926696132,1.0417254288934008,1.0,0.9602683580531503,0.8940568277646791,0.9381514574378039,0.9459480023245078,0.8247302525894072,0.6226449180188053,0.7416093907425415,0.7155013739238588,0.9321247101928712,0.7008475554840964,0.9985420421906893,0.9969485683821535,1.2951627698501373,0.7985940311427537,0.9563073677433069,0.7990595716449357,1.4575235053618996,0.5690263582842561,0.9448684890523872,1.252190062739543,0.8649814033894965,0.5561181127634721,0.6531752476871254,0.534937250405858,1.0797375411140435,0.9438370213483526,0.9434130854572171,1.110174648437438,0.9983409671321769,1.226250737416947,0.7647570542066001,1.1816997920748238,0.5913354456671661,0.5072989927001041,0.5853172350949692,0.9868502967921441,1.0158982819847397,1.06697348319116,0.6117775476295181,0.8054873648385691,0.5776556771127306,0.9854520996646757,0.6273457488107599,0.7297581220463332,0.7667873864506889,0.5742836970134805,0.831322338599437,0.7211729098487032,0.9965063743815311,0.5772478830857634,0.526096412506633,0.7338460527260946,1.0316007800351517,1.0,0.9852250300612707,1.0,0.9527696727893429,0.9549937729904107,0.6267655162370493,0.5419208363381791,0.9576456550884644,0.5339928132679177,0.9104885933034992,0.8488487760538602,0.751407046680098,0.9067932505209788,0.5473034274334655,0.8195668483885739,0.890005115579448,0.40944945213549366,0.9435199244011954,0.9251940907141996,1.175468876339087,1.004991775025988,1.0143976519820335,0.963053638044892,1.0170306991672198,1.0,1.0767327668718831,0.854024926811443,1.140075889776007,1.0,0.953107192272273,0.4601841961681048,0.7037693159150091,0.8339718466212048,0.5590899780596804,0.912051567381369,1.0411084037049954,0.5970972194067332,1.2560363174877582,0.7262227955913001,1.1224740148087744,0.6406905983158715,0.6163595545795378,0.9664053618484284,0.7881986271199837,1.1902574817406832,1.102997479488576,0.691098671507219,0.8819709330112053,0.6361052953380338,0.920862258874846,0.9747137219871052,0.9703644182460301,1.006154743053812,0.7952604846528131,1.0,0.5977638454978065,0.7978088269592657,0.6867516602532626,1.012757388873229,0.8693095533929472,0.9279694967178916,0.859075119736551,0.9234561030936818,0.7765764258207213,0.7197301012023929,1.0359562210516353,1.086008614520249,0.7979557052229068,0.813373302685544,0.795946325269369,0.728694098753166,0.8087283036937123,1.0866194872314636,0.7644293985959401,1.0203455984249763,0.6072135120257703,0.9090045350673912,0.8962813552712163,0.9084339629772609
2019-04-30,0.48178874990869414,0.7135833853529556,0.7517443903649672,0.9083034248064942,0.6295659301266108,1.0,0.6967557855392865,0.5154618737404335,0.41802672162967436,0.641248999491761,0.9420212145204816,0.9276173884540437,1.0067219400258145,0.7477216440286544,0.6885708662853746,0.9118043175749212,1.0401216134779052,1.000570901119074,0.6963531038549832,0.9869612052419428,0.6084070506710637,0.8894572647464924,0.654963397265548,0.6634754464580039,0.9641504885439055,1.0162851965644246,0.9193919721534578,0.8178943842470173,1.0459186758337609,1.0,0.920151346580909,0.9201908815736964,0.9416104731009601,0.9462595301616924,0.8330252201468015,0.6067539325796116,0.7197206459625023,0.7145774235192014,0.9301983993959833,0.66179582564336,0.9997344490845481,0.9984011126820315,1.2952550739801065,0.7986087329177236,0.8917439404551458,0.7482792148472492,1.4185784452671393,0.5603229451037866,0.9448590925455913,1.292650347049923,0.8770146118119633,0.5551468328944383,0.7165461793291228,0.5415427893625138,1.0746215963507064,0.9793283798816793,0.9632176607449254,1.140116843165173,0.9807445496169479,1.143628865004317,0.7659381191906172,1.1578028539612635,0.5884972652604552,0.5005019979852654,0.5832519651171638,0.9874104415782298,1.0399255935279075,1.072803768770993,0.602612646120092,0.8446609585158242,0.5787081918702752,0.9874324917406463,0.5681302617784783,0.6937953444946673,0.6751524287122515,0.5414615718779281,0.7661907869177143,0.7192524706449714,0.9961134862358539,0.5692738104620793,0.5138352894037552,0.707947002893921,1.0329819070383226,1.0,0.9905588347916492,1.0,0.9560739158313676,0.9547064503065958,0.6262916643729788,0.5375818403704985,1.0046418806075208,0.4827213687738927,0.9116077047975358,0.6955560818703954,1.0168950116591458,0.9065928539157924,0.5159443797534009,0.8451961076591449,0.8824280611744032,0.40865396068786786,0.8810729527970536,0.9429957874399125,1.1814187526576387,0.9923791061771163,1.0235823232676389,0.9641747471454856,1.0320968225907654,1.0,1.081560625481999,0.8479509105390127,1.1560558595054857,1.0,0.9528125058881551,0.4589353354453112,0.6165772499709155,0.7848587262711828,0.5539707614288143,0.8654357319618716,1.0252964231463981,0.5907224682595864,1.2427533015042793,0.7242995134102953,1.098319008456083,0.6368345217892497,0.6213716650907422,0.9619956957369304,0.7934678312955202,1.3442405290822999,1.0885576436391782,0.6992746232873548,0.9143912709581796,0.6461395697124558,0.9186159155165589,0.9954629992555462,0.9984261788353767,1.0119364823290868,0.7940871838441531,1.0,0.5819406312418363,0.8045059546363695,0.6865662610654328,1.072389165437623,0.7832811419725819,0.9097413832068465,0.8589087736787968,0.9344728309019134,0.8037921463026774,0.7430968146582095,1.0379271640831724,1.077679932123939,0.7875736441679287,0.8116555456837456,0.7183553053173939,0.7173323126131135,0.8163993274947863,1.1187242201675505,0.8217828814754624,1.024475861198209,0.6073813770424459,0.916382373377591,0.8966770548732175,0.9089308511863342
2019-05-31,0.4830749226776556,0.6939358409732888,0.738251782378185,0.9083701182582938,0.6340509929553975,1.0,0.6934720422170222,0.5151736013462715,0.4291601753457295,0.6364841519632208,0.8658215690252699,1.0052258430213314,0.816697322726162,0.6567244773046355,0.683107284441568,0.8721236738872977,0.7237757377483365,0.9647632321806121,0.6974619729078536,0.9793087213809248,0.6083630277381509,0.8856201695853182,0.6444105586607307,0.668357227197634,0.9621264767424085,0.9390335276580698,0.8756126203040433,0.8146953729343338,1.0459988785605765,1.0,0.9589586197123363,0.9390451719767539,0.9465099680936262,0.9482385052228329,0.8254064623049846,0.6118455620471314,0.7208214250397978,0.7143882647902335,0.9370906431422145,0.6499893300462629,0.9993828480678371,1.0189339848568197,1.2952294195783756,0.7984993330106999,0.964430166309604,0.8662674931253984,1.3301145955801879,0.52123037067396,0.9564488092285987,1.294017318039545,0.9371108005413493,0.5552119494835992,0.7536289965214369,0.6536267363738089,1.1587293316769989,1.0072191179928156,0.9688150564989256,1.1099226711341708,0.9934127459754544,1.1005668945037133,0.7651358838311307,1.1881457024338773,0.5905084485124563,0.5008927150208727,0.5832644274228903,1.0548677287281667,1.1555706119004927,1.0913534740122661,0.6183943979635891,0.8992626711008769,0.6447962053187786,0.9886885813848514,0.5438595826889832,0.6677970697067189,0.6342369459703341,0.5294147327389958,0.8219817758520418,0.7337849003267518,0.9954300058491022,0.5660218628830358,0.5404772102267283,0.6700223631655003,1.194749501675211,1.0,1.066697779605731,1.0,1.0152089197342964,0.9552842934449942,0.6261370101116777,0.7713027387579177,1.0113198624676962,0.6108840663687736,0.9120573217017733,0.9372473085299351,0.9972374475508724,0.9070304347701532,0.5785078047361525,0.8485261526194761,0.9996028221924761,0.4027703079914452,0.7937897564747565,0.9704575804446534,1.1851352334239644,1.024388751093843,1.0185722648659055,0.9541748702750441,1.0269725283939402,1.0,1.0745314395918872,0.8523986719569621,1.2713999669691907,1.0,0.9531016410050612,0.49239600510223924,0.6881828354395745,0.7203742316057444,0.5584281414055523,1.0508330780190942,1.0761853568561224,0.5857316968227152,1.1408764766254142,0.7218733903080583,1.0110188430949625,0.660124273428711,0.6235232596342709,1.0698006210414452,0.8018725609545441,1.47827590744041,1.1286063774486408,0.7075230234000149,0.9407623630884291,0.6313475022245186,0.9089973672004091,1.008531383236548,1.0130978071538552,1.011877926754259,0.7963594663024878,1.0,0.5806045343643931,0.7890857986762522,0.6846414469280827,1.0698042108755699,0.7533800835278782,0.906646691741589,0.8588327628147789,1.1310132536447872,1.0362530949376034,0.7560525462585888,1.0400815796163843,1.0630397304637456,0.7813317820013106,0.8115550503413573,0.7076109821648484,0.7222798053212848,0.8056248375455078,1.123204996438378,0.7630655903523794,1.0712446201090575,0.606523585888942,0.994985122465213,0.9219464932586985,0.9727237741595907
2019-06-28,0.476798665978596,0.6914163987602597,0.68994118166079,0.907945031724902,0.6140750548450953,1.0,0.6900561603892781,0.514993661611999,0.42589792207713295,0.6359334012911788,0.9158532604068839,0.9866056400796919,0.8114167566281778,0.7377588833577289,0.6825739368276298,0.8575899299739939,0.6768409511595703,0.9582083390146804,0.69706288048926,0.9752495395231264,0.608301639708259,0.8834069804509391,0.6311186971708623,0.6746210964310497,0.9605906423094749,0.9268415157458713,0.8458849627487114,0.8155996028015275,1.0462826866332102,1.0,0.9776029710076749,1.029860006494371,0.948068117038436,0.9493162091898665,0.8011551528768909,0.6065584846408351,0.7140091281397152,0.7142224798032177,0.9418717840147026,0.6296001335988584,0.9998689766453801,1.014746420064371,1.2952634829652614,0.7983995921391311,0.8853124111021802,0.7980360882859684,1.3109085823754243,0.4899425396064174,0.944295930941851,1.296550522658292,0.9370726890119259,0.5546422720605511,0.7721509422360437,0.7423826949235504,1.23380294448319,1.02369796118534,0.9965614215186743,1.0886893915929772,0.9660727883817606,1.041609962632791,0.7629748630185506,1.1908505582467133,0.5910605706866023,0.5041000962535631,0.5838843996655487,1.056470078003511,1.1380254332098763,1.086343913570187,0.6267599200757048,0.9093882136934345,0.6941603662287554,0.988961969876398,0.5325694601841906,0.6661769580903877,0.6085168137613055,0.5207387130907898,0.7391714521657478,0.7587702800959948,0.9957501830353994,0.5635979519742551,0.5249815591857163,0.6557767286012706,1.1674830218874421,1.0,1.1331155963799164,1.0,1.0653091495589435,0.9573869737620782,0.6259047638020157,0.9019011448046819,1.0381089418458207,0.5805058475342729,0.912386987901342,1.073786743715975,1.0062258727126605,0.9066798448907976,0.6885556220345237,0.8176020743737604,1.0295305011786409,0.4025728447071143,0.7077933590292924,1.006318735493973,1.1821568157268507,0.9983536988859917,1.0189433365532616,0.9499693508476993,1.0223068810385172,1.0,1.0713716508195807,0.8136820612504121,1.2611195723331483,1.0,0.9526567354035346,0.4666869015632884,0.6738689043158077,0.670479771565895,0.5562435063985764,0.9962127419272279,1.058824165072942,0.5828975215690042,1.2367391824510205,0.7212353959588117,0.9661600378538555,0.682704333805833,0.6082630381502974,1.0427497966393167,0.7999624323630635,1.5387673962086708,1.1367770184572077,0.7049885899419728,0.956163643011699,0.5627023663037651,0.9048388557725962,1.0176344386489928,0.9925304020284521,1.0133066888637925,0.7936398201095978,1.0,0.5709481398932026,0.7737013954657103,0.6825814675742855,1.045678266609878,0.7295073556355751,0.8639590894044439,0.8588100455573894,1.1203893408929473,1.0335271587568273,0.765662845096422,1.03139106277167,1.031193879587858,0.7762895814309059,0.8110770430786571,0.6816755170410271,0.7084599475121073,0.8039169629410126,1.1011685234316284,0.8091764240896314,1.066530862433523,0.6056981763410405,0.9967612086896824,0.9272011964998408,0.9830009838795404
2019-07-31,0.47845675461440584,0.692767021992164,0.7007041156847424,0.9081038674648978,0.6138547119989171,1.0,0.6917794807934743,0.5150570808832609,0.4245034288787862,0.6367173554192505,0.9036314858555311,0.9993643082633514,0.8411726385184962,0.7037175235685234,0.6832326596691511,0.9023351955689555,0.7491947303022783,0.9341584857310434,0.6998178265937132,0.9835090943181423,0.6083213982425172,0.8817767533716222,0.6388040796824106,0.786879662332324,0.9606519988458868,0.8833394902415218,0.8908807041856079,0.8965900956275118,1.0451590227773928,1.0,0.9143587594364682,0.9597318022756255,0.9418122123284957,0.9502206906164549,0.8548888524832714,0.6278779140427273,0.7401619522195377,0.7145103508702642,0.9463242078521314,0.619633923155293,0.9999301917948882,1.0085397502299243,1.2954216864277857,0.7944732023009657,0.9690435015664108,0.9165782136296702,1.2840035642291092,0.47601442598523347,0.946595665349268,1.3000063560253803,0.8337218357532697,0.5542371736075233,0.7015259384865324,0.6612837700020495,1.1862678567123905,1.0706591454371077,0.9942101774746053,1.1106659841057556,1.0560227462299987,1.061475176652796,0.7634586585707689,1.1800753904542363,0.6095445662845133,0.5205824890640104,0.5893229657242571,1.0674628353905369,1.1373523857661734,1.083305157211286,0.7462044110652044,0.927135009820936,0.6906656994188607,0.9894779491399887,0.5261373272494421,0.6577490566309694,0.6081663964382636,0.5277364230018882,0.8108574163974326,0.8452374775348066,0.9956387470776247,0.5683444768793936,0.5174295667213769,0.6955040157028236,1.1293210702014158,1.0,1.1181413007255911,1.0,1.051486458090509,0.9572873184398462,0.6260096672823519,0.8706241957212941,1.0833873382484995,0.6401427298748585,0.9109852678694772,1.0568834216599146,1.022736355909436,0.9117407507839744,0.6473010933901299,0.8740882557742529,1.058044251526778,0.40797898055541926,0.6769510439248259,1.063786807926987,1.168267902399081,0.9581079953522437,1.016668517252061,0.9435220517687044,1.0247376522191092,1.0,1.0682893233844102,0.7915330009324006,1.3728813665168091,1.0,0.9551801222459242,0.48136754096402257,0.7187719627440174,0.7249778666182223,0.5764767994776199,0.912037792904269,1.0395221224186093,0.6286658868564886,1.1332321672201562,0.721809861925355,0.986827168790929,0.6973274093572871,0.5922343360275768,1.0269884655917092,0.8172649624672145,1.4522529243374125,1.1362181036175942,0.750829461914685,0.9338119474288481,0.5488706177469671,0.906647957791239,0.99639859992341,0.9618570254558865,1.009935598151829,0.7978428566895114,1.0,0.5875541224722896,0.7830955532989419,0.6836653734057194,0.9977215634491826,0.7461983930300096,0.9265408083545691,0.8588435560087859,1.1533956589713765,1.0643931072449098,0.7892111771987167,1.0276502226834756,0.9747314848096907,0.7762880803028733,0.8110789770849336,0.6890592892151166,0.7099977935098214,0.7950298294801641,1.0884523318801749,0.787210418835139,1.0709381874037762,0.6122117766036468,1.0025830167630778,0.9251373616141371,0.9893607959403258
2019-08-30,0.48261130921670614,0.6980094166899986,0.6844087545041856,0.9082111678362638,0.6135454196648643,1.0,0.6917844856536719,0.5150358914031682,0.4317367219265379,0.636045804966811,0.8583508183977556,1.0675685101322783,0.9631201728354006,0.6887147258595655,0.682475878353285,0.8921960668166392,0.6951496159356765,0.9406659032420994,0.6990269303592967,0.9811559164152166,0.6083314278178364,0.8852090653050606,0.6375922232945099,0.7115294290754298,0.9601285476784157,0.98909555329833,0.8710408510562092,0.8879745609839751,1.0452711814893736,1.0,0.9028787889407078,0.9896398029045561,0.9343271833633837,0.9564770863350017,0.8389297266154075,0.6202266693173477,0.7294261539226721,0.714659308780166,0.9441382214390301,0.6091440604846499,0.9999871135338935,0.9984667106739351,1.2954057596379314,0.7906576603185798,0.9473303329741611,0.9911241195506646,1.2821164131238136,0.4729408213762333,0.9944033998400614,1.298371227082676,0.9391837852139664,0.5543617280410247,0.7437665611785933,0.8325966349467732,1.3201722771979656,1.078468892771596,0.9883713806033807,1.0803953424665502,0.9713154759534528,1.0013107291175596,0.7633281509019838,1.2154108454342682,0.6057041186968133,0.5139878987141115,0.5879092343820069,1.0918505418007218,1.1977466846072595,1.0980740900064938,0.7079876667535696,0.9265000568674857,0.6972131182104467,0.994843008543151,0.5219518145263036,0.6478949784087116,0.6076141621063891,0.526663258987382,0.7906790251941765,0.8217399493512709,0.9963440545172624,0.5696280558425442,0.5247862216445394,0.724589200557344,1.1686651788974118,1.0,1.078019973059814,1.0,0.9937889669694676,0.9746969164538003,0.6259943385491276,1.2370226982982355,1.0864560719595766,0.6629301150478832,0.9116216283474851,1.0603661714947947,1.2137775096876842,0.9207176070769765,0.5607301357906582,0.8836204242097705,1.0369803261583221,0.40362686051609065,0.6877912451144254,1.1334484845106645,1.1693349085840834,0.9545755278491028,1.0464269610396122,0.9309883904411047,1.0277469909731833,1.0,1.0679253759300658,0.7777973928517382,1.3569360713179175,1.0,0.9558734435469972,0.5153164243157093,0.6712320831561072,0.728542497038053,0.5968659225979838,1.1272433151203336,1.110715802123404,0.633503232990419,1.2646335670768023,0.7221829278614333,0.7748573237951734,0.6913103692165996,0.5955832590550485,1.074235758713083,0.8172415731697429,1.517204097375679,1.1713602156425167,0.7689961558574123,0.9579399019699205,0.56003468310313,0.9022970039895106,1.002611506595935,0.9620812484548575,1.0089891506834914,0.8255324013699361,1.0,0.5924223587008108,0.7856803355117796,0.6833467387121663,0.961756984657969,0.7365619205761189,0.864578737656169,0.8588486730927626,1.252394724891936,1.0969928255559374,0.8327164549744015,1.0290781546718049,0.9461587440789274,0.7752818099195122,0.8111853888650039,0.6909799587850534,0.7122780106129942,0.7922216923437742,1.1194661412477862,0.8310938503038094,1.0791766361609423,0.614234681260448,1.0226998843841884,0.9581035522591075,1.0127028674899117
2019-09-30,0.5785480985893426,0.6953830371103861,0.6578373556153729,0.9097203443434814,0.6728129218319292,1.0,0.6860046089540175,0.5152353152464224,0.5320870816290948,0.6359288366286564,0.8687638202021504,1.0343140862527433,0.8872134864289796,0.7247651877386505,0.6820873016117028,0.8701640374872756,0.6555454715831006,0.9032169118125837,0.7028496257201791,0.9789868126557463,0.6099154284482313,0.8880137371383872,0.6285683531471891,0.6890871412809787,0.9594267084547107,0.86695716880073,0.8740167558559084,0.8784056291762512,1.0447245231198086,1.0,0.9375362318889563,0.9644355852370878,0.9415953943460625,0.9570345458620227,0.8373939455791577,0.6159988298419738,0.7898600831137419,0.7142213607790928,0.9362927646399898,0.6197645546644003,1.0002793125978546,0.9688399202893089,1.2954316906050962,0.7918142480594067,1.0558093600937553,0.9665494955283787,1.3457238041720816,0.5138380316767373,1.0032172594527073,1.2974562760250024,0.9873515584342224,0.56073985611093,0.8463775855918856,0.7720341872875308,1.3619283852011765,1.0495314999402414,0.8690716784022658,1.0743771285456225,0.9521039645543425,0.982388775450451,0.763095149472218,1.202881155021434,0.597907098217924,0.5034071057307241,0.5849383473222449,1.072982954771995,1.2188902756662647,1.1049442401421847,0.7740194673117307,0.928911047250975,0.678537861947385,0.9931466256760194,0.5680861494134342,0.7022622076565337,0.7120663407945844,0.5364252374428765,0.71331477126752,0.7773704159181102,0.9964302253977799,0.567701877762685,0.7034901459435073,0.7298874644259732,1.1872341791544558,1.0,1.0591955752210884,1.0,0.9720356097087949,0.9650230554945296,0.6266309635798843,1.114231985963842,1.1083297315152625,0.5233555986835381,0.9122391407811349,1.0788491279657437,1.1957105862728923,0.9132786881024969,0.4955857842393957,0.8800311546458396,0.9842125328769341,0.3965516454467547,0.7433329832798421,1.124550079551927,1.175165798099095,1.051128309155752,1.0533734820666394,0.9216084260848242,1.0364666626648364,1.0,1.0629656129628435,0.8536208977352872,1.3902365882490764,1.0,0.9551775792932444,0.8464892866626789,0.6525933648880979,0.7043921639582613,0.5804524467223754,0.9888914601110362,1.0670658609054124,0.6052961864057131,1.2917989792306184,0.7211266683170893,0.7916201922622773,1.059122936142703,0.6539180359634492,1.0828550400959962,0.8072562910648275,1.5655598592417546,1.2603082503850804,0.7589111612096529,1.0265876204119497,0.9538988210375986,0.9082078925253289,1.0309193778862267,1.0231783201781135,1.0175564430616146,0.814413528889165,1.0,0.5801767510778749,0.7981725449490438,0.6825108094182919,0.9605592164808548,0.7134264875069927,1.0057818040619613,0.858827926056902,1.2400616104543836,1.0833947255666172,0.8527304026708251,1.0372954438702597,1.0872643507702198,0.773650212739156,0.810965117620346,0.6770159046841495,0.7318301831623814,0.7892526704101053,1.1242378923889171,0.8194964578886569,1.0598974646010149,0.6130983243898769,1.0087661171591145,0.9425112857427345,0.9971479435440475
2019-10-31,0.5202731162962131,0.7443294859043561,0.6482376565868184,0.9093496864733368,0.6228074186526913,1.0,0.6834158334490793,0.5151788746200423,0.4440325848573635,0.6378247467524297,0.9423849278713801,0.9929840655970985,0.7570575892559332,0.8701670425603187,0.6822708121387542,0.8870423406842184,0.6493241945788726,0.8879767373990158,0.6980908302384675,0.9885220344054457,0.6092959694810954,0.8881942817814128,0.6207663307559259,0.6543753185576162,0.9594066882817335,0.7342259369417402,0.8659521170443424,0.9376363706354053,1.0415464580174714,1.0,0.8175219337377485,0.9694532291645007,0.9409093414344789,0.9576675691264435,0.8172787840641371,0.6041989822938982,0.7528964789194346,0.7140663658300707,0.9339171471306121,0.6317469645133315,1.0010640898777665,0.96786368369263,1.2954663765747036,0.7920628896899395,0.9601196839216735,0.8042044822939549,1.3306798153526176,0.521359385522872,1.00568496962834,1.2988522514570735,0.888807307273915,0.557083797571883,0.752770822376173,0.9705011823281143,1.3211881922144717,1.0636782339007447,0.9070317909195295,1.0668133260956092,0.8077453549766322,0.9820595204876714,0.7630626482030691,1.215756665100587,0.6001453526518751,0.50560047721713,0.5858962668268943,1.068213489944513,1.1750608950398045,1.091327636767041,0.8308855646153497,0.9329359818416367,0.6850604508322796,0.9923143380761917,0.5562133257535483,0.6911847939746025,0.6665871642519772,0.5331478200177991,0.6820582221003566,0.7522682616116763,0.9961392073296109,0.568389530083311,0.6139203513133684,0.7103332924056687,1.1054362942307523,1.0,1.1075946752703083,1.0,1.0118249028246353,0.9772572304457345,0.6267789846280358,1.029327247608549,1.098238197534628,0.5525097792498527,0.9128553131884163,1.0909129867484146,1.1790920716120763,0.913531197852003,0.5462194551027975,0.9005798957012365,1.0332596013884954,0.40051262893755035,0.8364367310192362,1.0906397750492185,1.1658690016158653,1.0150499928438306,1.0263695677875337,0.9268601020663414,1.032975651123357,1.0,1.0679251238132643,0.8385079548593775,1.3466638563562392,1.0,0.9552634047771473,0.6793464766334384,0.6548601038770483,0.6794582297274325,0.5593906682218468,0.7968174754211067,0.9305243219414604,0.6099450278409049,1.2938534955097754,0.7214401822539502,0.8334974821043988,1.124443813503931,0.6626492793386092,1.0490444687457936,0.8080624967064892,1.5762165815124103,1.3208359455677148,0.7502764300379586,0.9740088954075637,0.8510283008182398,0.9105726628450035,0.9959750245879619,1.0082211419507863,1.0173160719180163,0.8058755500787811,1.0,0.5726224175975462,0.8360314304222937,0.6830283152795303,0.9518830541723782,0.7128678612119217,0.991681937165374,0.8588344732484091,1.1821914082377176,1.0501668226463865,0.770926989160956,1.031346257438712,1.0336657454613014,0.771295212654057,0.8110918471650113,0.6811841019882656,0.7212348601946248,0.795360870589621,1.0680169919041254,0.8505651164641834,1.0463614283442495,0.6163503535217683,0.9809477364261106,0.9246326299564296,0.9665139516127706
2019-11-29,0.5099226303850362,0.7492054418244234,0.7846694573021598,0.9092054913228369,0.6309640151500586,1.0,0.6848861876343022,0.5151821445245804,0.4248968328890754,0.6534511748843699,0.9717137848707756,0.9714941723986963,0.7283840627046755,0.9592884451510031,0.682792682693979,0.8960967415196809,0.6697095702245073,0.8838251815027848,0.6998594693527652,1.0061941285448983,0.6092283882226088,0.8881517151069311,0.6303547564615325,0.6468260505300707,0.9594534980459984,0.7841526717662,0.9012244232066544,0.9829653495588766,1.043243210578581,1.0,0.7888117701099118,0.9649788267568149,0.935448922295814,0.9732931273429554,0.8323980080506257,0.599722466458501,0.7547080971432371,0.714142464942104,0.9272405010250203,0.7509154866643745,1.0012006581679314,0.940190193351055,1.2954703644945214,0.7958425530218136,0.8982331856733949,0.8582158450274118,1.3209094215251738,0.5204384543582183,0.9985261306095584,1.2897056433549383,0.877941364799637,0.5549519331305719,0.6930433124142881,0.960155032931362,1.2697282377661074,1.035151486971712,0.8953530682978662,1.0668528030775424,0.8553706272749646,0.9764294280153295,0.7631193398490479,1.206066719329319,0.6174278146542589,0.5184799088712457,0.591073220210734,1.058375999162623,1.1402978053040165,1.084647609555926,0.8684776797698294,0.9543251930730308,0.7745929534217676,0.9905686494502661,0.564782646945754,0.7077249631899982,0.6734823626187161,0.546682533432089,0.6517650304845495,0.7866610403415184,0.9978373715516103,0.567798405777081,0.586600712141172,0.7493069658104982,1.0605212640041335,1.0,1.087596054600042,1.0,0.992017292268783,0.9734074301366897,0.6266969891006716,1.0343172039490873,1.060063825641275,0.5400216198167829,0.9127764865006683,1.0969857126816396,1.2000538007865948,0.9144983612364973,0.48264136061241425,0.95405548700224,1.0239306936732722,0.40813574612132564,0.8958742827397048,1.1229555497037398,1.1608928130096368,0.9926974537685357,1.015071116415673,0.9348959757567152,1.027762266985346,1.0,1.062098250615536,0.779664225976483,1.3474135247914847,1.0,0.955565346583679,0.649083516732275,0.6843170145496686,0.7150861019594401,0.5674443463115983,0.7865276478380294,0.9035646165394575,0.6182368282591965,1.299443092543171,0.72197843985026,0.9428543280725982,1.0511828931981828,0.6704694372530715,1.0250416252437258,0.8152292641034975,1.549300378712822,1.2288227190264018,0.8564514504197948,0.9608432590974331,0.8133996197265045,0.9042093979658643,0.9775264607951013,0.9825166412199379,1.0153574983255456,0.7967910951514603,1.0,0.5827208916867226,0.8517600730576989,0.6847502979199562,0.9278883269462054,0.7126541813963841,0.986857506149334,0.8589007798448983,1.1891407189050855,1.0158414141132917,0.6987952735789813,1.0292842576241799,1.0100921486009895,0.7713193666741348,0.811312178018421,0.6879610980740057,0.727300139788293,0.7997297781999979,1.034961529712737,0.8757463265881275,1.0398679079980448,0.6175380569996864,0.9685104208328947,0.9195175591156725,0.9532100758671909
2019-12-31,0.5643716538752759,0.735860124041754,0.7575460262650722,0.9096159611182714,0.6409653383781918,1.0,0.6932344301208734,0.5211221541325517,0.47275741377824365,0.6772258745386691,1.0669224717514008,0.9214477567469407,0.7000713467313837,1.0418265654090666,0.7011351982986838,0.9546507511467347,0.6965675813831875,0.870553755288228,0.7029974905721885,1.0229671685062858,0.6140989665743306,0.9012629556740153,0.6452526092065092,0.646467818731606,1.0055999015850672,0.8109728861268258,0.8524323741941078,0.9934726155786886,1.037533475621079,1.0,0.7751211392413431,0.9017463943231327,0.9454964283122655,0.9576771274071864,0.849755868509795,0.6098728221069105,0.8325983509989641,0.7145163635017244,0.9248756221446521,0.9226186994479855,1.0006632904711952,0.9629777441751045,1.2954669818037212,0.7899730217401837,0.9644139909230672,0.8639036955164224,1.42961669956039,0.5973641626807571,0.9651125988879165,1.2606830853257764,0.8542786055140603,0.5629230502161386,0.7359210584632871,0.9981887212658747,1.1950829152432725,0.9786034432056296,0.8354480338399363,1.0563211146577647,1.0858105114970573,0.9271583755145568,0.7631754445796147,1.2064260113662553,0.6839270220644802,0.583752982744983,0.6231390029857411,1.0185801202231564,1.0743430842145776,1.0700164184933283,0.8477877530865324,0.9571185541484898,0.6530453988209911,0.9899077347590207,0.6879688696840607,0.7722710499043617,0.7748953121676894,0.6355018219334748,0.713147456409829,0.7745598106321512,0.9968406881318529,0.611359381459307,0.6378767357263577,0.8929269413483435,0.9888048135530182,1.0,0.9348499057169907,1.0,0.9302339971354123,0.9605143972214881,0.6322694761460035,1.1864220712009153,1.0097498328703658,0.5347707625644373,0.9122921223430698,1.0252547296902617,1.1689577706039702,0.9066135335798153,0.4618477231631348,0.8881110304776165,0.990864194220636,0.4356676059201595,0.8706838534874148,1.0393612019176088,1.1281057884054666,0.9096717785840708,1.0013265075851252,0.9401776505665165,1.0219726781858396,1.0,1.0516086134614402,0.7742677302695791,1.3619385835798956,1.0,0.9528704336897224,0.8254734181093744,0.7562661315799569,0.9145891389346361,0.585451564682449,0.7777537518528959,0.8656907937111213,0.7336682985705703,1.2908067716936424,0.7287714952952907,0.9391715306975121,0.9363485671722886,0.6763214332384844,0.9837575260155713,0.8355110219784848,1.5084249843066244,1.2225281826094876,0.7283294737355068,0.9498297048831446,0.7661975140257331,0.9145513217641414,0.9405245195470576,0.9211122000337798,1.0101386752663735,0.7935964427727349,1.0,0.6843247834992785,0.8542137005330196,0.6938142920952519,0.8798783943763531,0.7219850392841904,1.064635037562325,0.8607359592267992,1.131198088417572,0.8968984312506084,0.6438022613403389,1.0189392184491017,0.9431512648826991,0.7722826029295863,0.8114341458463357,0.7021558352819353,0.7345850636060294,0.8058504723296445,0.975832696349803,0.8830070180907005,1.0161553617315664,0.6613737808667195,0.9089969530792139,0.9005143478287496,0.9098432511083634
2020-01-31,0.5384199470780657,0.733991195487779,0.6961474075852865,0.9119310692557706,0.6142151718526269,1.0,0.7171592299537473,0.5176900833288121,0.45341400205710725,0.6585512062231365,0.9735858499262897,0.9800779838576907,0.7796583714070655,0.9027003657239705,0.6863839817944442,1.0423327481585918,0.9645193142949775,0.8903114781134234,0.7045888254277131,1.0282939798781396,0.6117300354877437,0.8856858637294024,0.6497031084246965,0.696931097203384,0.9753466108143712,0.8291169025146587,0.9261345411977202,0.9587277827350295,1.045570353870615,1.0,0.8107411012471298,0.8856781350631886,0.9240095417446792,1.0508033719971408,0.8876003815660424,0.6634399788676546,0.8262067064885935,0.7144667041956948,0.9238514239502915,0.8483462521109325,1.0008600255729527,0.96185931555673,1.2954731975912939,0.7871383676822326,0.9435009361060019,0.9410689935915044,0.8287285068950736,0.5494073667757713,1.0784335482566672,1.270777324737764,1.010566520032448,0.5589351458497167,0.7508463890715412,0.9884557922765826,1.24713321320056,1.0223624813476813,0.8467531301360284,1.0281449866020382,1.0883282822828613,0.8511694217288338,0.7631839071593687,1.2197827602521398,0.688350783505159,0.5754091009268416,0.6131871752167622,1.0931914493904151,1.2076610180360345,1.0765366942710812,0.7927416019731621,0.9896596829472054,0.6305012271259605,0.9893703984556225,0.5536958283489983,0.677833315573777,0.6857344652555453,0.5670718510181465,0.736136975668662,0.8395189025047324,0.9950966487121536,0.5878945828841684,0.6398320271635749,0.8234977727779136,1.1037241221265393,1.0,1.0538150714496293,1.0,0.9881232891377423,0.9976388469384914,0.6338400266434322,1.1822048342563702,1.0159118453216718,0.7618102106665132,0.9113584302131026,1.2771976480256733,1.1142119185732926,0.9052929890970225,0.4586273628548767,0.869732934699272,1.065722306365027,0.498619086756254,0.8580400578711538,1.4449541219469493,1.1469994440674538,0.9532832941045712,1.034556474607554,0.9356749725902241,1.0250222477140745,1.0,1.0594326164465133,0.775051530550853,1.4613417218044908,1.0,0.9534677655121138,0.7855037174896994,0.7219818718299122,0.84861910419085,0.6357165467525407,1.1026454758286266,1.1191807302415129,0.7430857240227422,1.2941056068405614,0.7224883780948823,0.7564424641322758,1.0219686205462775,0.6596258929005858,1.057612352339148,0.8634472720153359,1.5969578927302401,1.3832742839881302,0.9719441203461264,0.9586777354405206,0.7458102783838911,0.9127184524601509,0.9647987381392048,0.9704479247435365,1.0145189054361756,0.8719653852044896,1.0,0.6558481264760359,0.8594297743086673,0.6912264069201677,0.928130687904226,0.7303099168143135,1.1105673053420568,0.8592801813614865,1.2192977314376725,1.0343144135643323,0.6461451412943234,1.023314776657934,1.02761772542408,0.7786289651167067,0.8110672366559806,0.6733786723780659,0.7403055058785384,0.8217545998294604,1.0079309285038671,0.8628662488816095,1.055077826539661,0.6759688352518848,0.9768971009221022,0.9413838359237588,0.9607395668954598
2020-02-28,0.5180841883264814,0.7179886069072864,0.6826682764743118,0.9134290467185575,0.6114895735660206,1.0,0.7149762521238948,0.516463413434434,0.44251382397176553,0.7176594548638799,0.916360524417815,1.0310413006256702,0.8513085030945537,0.8591804406783595,0.6847862837547471,1.0974778706036576,0.8969466213206063,0.9021012392002691,0.698175169228989,1.032105528046938,0.6104890897020181,0.8890098857671913,0.6482832793330642,0.70250329394032,0.9737167841463262,1.0626213183340993,0.9971024821751789,1.040174268655154,1.0459696692636298,1.0,0.7834315801175975,0.8616205543139166,0.9145908801973403,1.0821835351905704,0.9606573668242913,0.6718827493943311,0.8114681642847812,0.7146553372789264,0.9285797050367331,0.725177262227344,1.0005736416217368,0.9250084765527409,1.29542700975036,0.7867709508432909,0.9597947381877652,1.0402258910401643,0.9793694327034411,0.5087519926903481,1.1900416159361027,1.2757811316474275,1.0478256801156882,0.5560372942812345,0.7307125117525444,1.1016317867899108,1.2016532611583397,1.0543800134179862,0.7385500894568203,1.0208618329362675,1.0229393994553404,0.7905712698294125,0.7643125137450797,1.2190308656654145,0.7053097529138349,0.5823899867349143,0.6154107226711331,1.11201838582699,1.2231040021668118,1.075582616273039,0.8764970071723189,1.0078732134457749,0.6206518574855012,0.989497209692793,0.5421469526139868,0.6583948320294843,0.6554782244669028,0.5888025914856432,0.8157820259370765,0.8562656380717555,0.9944368280511804,0.5864788040099038,0.569450883764788,0.8673087120934443,1.134144836980546,1.0,1.0296821280296098,1.0,0.9822882479179519,1.0277564916825321,0.6427102682671693,1.1428141881678546,1.0245187681215155,0.9066815748918684,0.9120285867875249,1.439336586281874,1.0674551893166149,0.9056879027720888,0.44300537314325417,0.8542589172002645,1.1156034083612936,0.519591059483774,0.6977605165750138,1.4456563034560634,1.1352020497373487,0.9256393535873214,1.0287093462664687,0.9390258505040583,1.0235674795934286,1.0,1.0612126734687055,0.7474676782491156,1.457151868648871,1.0,0.9525317378000149,0.9653824239055305,0.6486777885074624,0.8730746001196665,0.7987790535916295,1.1941956107821339,1.2008733442879982,0.7881022217000062,1.2985643793880999,0.7245409114545722,0.8594253070710463,0.9672326556734999,0.6312219432050049,1.0752969804020214,0.8686519232302181,1.590254456121441,1.3279431448487076,1.0813957078773835,0.9527607216803348,0.6633182985625381,0.9108185780446612,0.9606988594278091,0.935776394326463,1.0096596994808267,0.8610860386627092,1.0,0.7290898392603724,0.9002231666561267,0.7133439405523607,0.9166328608235539,0.7366357550017008,1.0924111408498485,0.8595144551151375,1.2335422709346284,1.081999018717612,0.7049153982497174,1.0166951332961764,0.9574350644695349,0.7854117381804467,0.8110222820507227,0.6685263690100194,0.734363898252218,0.8275506750769129,1.0102631795321402,0.8466239733652902,1.0741127836385707,0.7082911647374204,1.0077512504120734,0.9885802603532201,1.0059385298247057
2020-03-31,0.5273192406190936,0.724162889472237,0.6923018096091937,0.9138810584166747,0.61347939065168,1.0,0.7075272478563469,0.5153481228078254,0.42180821231662,0.731859660237557,0.880216467181557,1.2212283583501702,0.751090019148867,0.9217910350157367,0.6835777393715303,1.2088847321127294,0.7594576639047312,1.2355033306212437,0.6975647497361097,1.0353999212344744,0.6114539541539976,0.8838411040706162,0.6331359598305357,0.7062009937447498,0.9666638842301953,1.0451221501622225,1.4576452274958371,1.1622287816672303,1.0419784279132545,1.0,0.7510996733675462,0.9486962702125195,0.9241347256891798,1.0908129503976518,1.04261096807789,0.6665831159897169,0.7496514916906427,0.7145570006005313,0.9157245213744525,0.754034009836138,1.001713792020328,0.9431044163191242,1.2954522888181994,0.7850428095692059,0.9900395530357596,1.0660318721105693,0.8626697072522571,0.5130878560917702,1.342147052051485,1.273029146399728,1.113086298248538,0.5566009092417679,0.6910799448333715,1.1133596940586024,1.288482219786336,1.0185285096592396,0.7375164456751493,1.1386208619134697,1.0500287520450997,0.7305735268607763,0.7645851432023117,1.2242819341193685,0.7140809390503696,0.607763728828814,0.6598775967958783,1.161210326932177,1.2901925019900775,1.100211888474463,0.8005857232343436,1.0154435830003776,0.7062870645971484,0.9935656224871166,0.5358048765333766,0.6338820123049845,0.6211176988476833,0.5642421378255507,0.8577552705711251,0.8308943957822086,0.9940953283604088,0.5793365896404423,0.6035441263982204,0.9034812251718863,1.2053854051541304,1.0,1.026338802724124,1.0,0.9811912407289475,1.002786698311928,0.6360199474878605,1.0730641515262334,1.028425251224791,1.1379181755889438,0.91240752120387,1.3980469114232261,1.0621539845898105,0.90562873402675,0.4325923485320816,1.0119636038635174,1.1892187610517724,0.5942816488527063,0.8041681304603685,1.455704500710354,1.1351175377304965,0.943006598566811,1.1067981097645003,0.958006804522508,1.0253951433333746,1.0,1.0954071631044193,0.7479672310489396,1.4498430973892196,1.0,0.9535772546160609,0.8730225793570549,0.6337605333449887,0.8333653898640203,0.6885543046355498,1.1870704601096298,1.1962083570485094,0.8053463033467869,1.287295914957676,0.7231290163644039,0.8052921133281458,0.8858711080565613,0.6111117192787497,1.193903734399889,0.9233175639663287,1.5740905588493743,1.3681137980807838,1.2478040604999157,0.9696162522695526,0.7046986270208399,0.9167402551327234,0.9592000361907037,0.9339008207894435,1.0098192683078004,1.0356929652146238,1.0,0.6896920671488251,0.850449272204282,0.8073474923739477,1.054965975183265,0.7588732757409833,1.3379020544082016,0.8592038732939888,1.3075495867195883,1.1824272320643288,0.6716010883955092,1.016541293775252,0.9771416280695968,0.7829208474177166,0.8110028775564577,0.6682941997207078,0.726279131723666,1.6851546872297989,1.0673731802081088,0.8451168527160748,1.1122429731403367,0.7047994591833617,1.0610012177994537,1.0884028275828945,1.0422595256403258
2020-04-30,0.4884849868289426,0.8431192056010938,0.8067267200585105,0.912127339197026,0.6794472459279766,1.0,0.7218149010869971,0.5302137731187286,0.41794656997899626,1.0001826918761125,1.1024720951906761,1.1766055767546666,1.0021383171896256,1.1847927125374202,0.755082673408568,1.3009741829850234,0.9112151827322,1.1781824623531552,0.7142903903648302,1.0357757759031248,0.6146228883821052,0.8878634755376819,0.656783423469355,0.7298940265663302,1.0193081751265158,1.0631942958702953,1.462251748752325,1.194406610166589,1.0385101566757386,1.0,0.7131587964600625,1.025906328851084,0.9240676350138132,1.09129177831857,1.060071622975641,0.6989348164673492,0.7325000747678794,0.7149457169543543,0.9247408206071431,0.765204534362144,1.0011196706378096,0.9258766766219078,1.2954302839545218,0.7869325803500073,1.3294594082024656,1.0442862571626836,0.8556837915522366,0.7692364417072822,1.3271829528409798,1.2289432033144114,1.0899050681433256,0.5843480587920705,0.595589602013602,1.0876908840830393,1.2692957600991694,1.0568590963917455,0.7522477060009225,1.1965560716039672,1.1249286377087586,0.9512401295032876,0.7682923688131309,1.2250251833273833,0.7982925997722873,0.6790033856414657,0.6928862320105735,1.1186262704233334,1.281977437275738,1.0948664015264358,0.7745465108468748,1.011848409840835,0.6995615743714891,0.9910316964851086,0.6018640793689589,0.672285354490358,0.6340871072081586,0.8082848839518857,0.9016211610677326,0.8691275804587307,0.9950772018160304,0.6871025818028484,0.5213265349256635,0.9093900905968015,1.1755556414609276,1.0,0.9645451039332253,1.0,0.947299564705535,0.9945177526788981,0.6804616018584523,1.4240871781940352,0.9907603087878406,1.1541937902638222,0.9095447745682275,1.4929435111433789,0.9974713567844974,0.9126957648206725,0.49306913431626687,1.039516717752985,1.1671642420149753,0.6318906479359874,0.6039617853959162,1.451806249628721,1.1180913568836435,0.9324145021975675,1.0685939253948151,1.071477792427638,1.011085048240112,1.0,1.0870255949912961,0.9791209945115028,1.437816638586965,1.0,0.9549341291416767,0.9659558913371812,0.7952768997117112,0.998850681434315,0.7330261961618533,1.1752649018452304,1.1828759751593272,0.8499737282502446,1.2742292163355429,0.7550925219326639,1.0105954478836396,1.1727370047382737,0.6065636500343987,1.154745962396071,0.9210933609466928,1.4950912521379454,1.3236086960100635,1.205286722286863,0.9222823666715676,0.6888204828272633,1.0152773414343197,0.938726010028988,0.9144989702361674,1.0053223217360439,0.9588462052597272,1.0,0.7975348394565153,0.815634575249871,0.969408404948811,0.989743963741173,0.8587379875534054,1.3357006757256995,0.8820127277452319,1.341036644456883,1.1240112681131038,0.6428330328570306,1.0068776829538746,0.9388162821847875,0.7834547955932506,0.8109506694074776,0.665628753528102,0.7250942263278036,1.6495298312938538,1.0125338957200765,0.8232043971124707,1.1013747960123312,0.726836559261714,1.0334417208098854,1.0219743512087132,1.0335113016121882
2020-05-29,0.49176653333579334,0.8424301211777357,0.829345306875964,0.9178051570510867,0.7296870342153446,1.0,0.8060041714062134,0.5219097054457515,0.4230541214428055,1.1296841625106144,1.153108012571111,1.0443373267478893,0.99230848974344,1.2676190301026427,0.8548889947993925,1.333633050591063,0.9403526424257629,1.1906004868896725,0.7023278010471568,1.0313691723205909,0.6150526861552779,0.887518159251969,0.7376673051736631,0.7640157205338898,1.0193476745443777,1.0841364142046397,1.423566840077111,1.3948925926063431,1.0342640489883568,1.0,0.7097363515920836,1.188024382919036,0.9233022738621908,1.0907186526275323,1.101554141052194,0.7468718052279849,0.7324561458629185,0.7176067857862124,0.9192297225609648,0.9714663220123749,1.001012063966166,0.8840318877777701,1.2954370305784457,0.7812212219306328,1.3293957794766569,1.032678680813937,0.9417843465237642,0.7754556571145855,1.3274131619243237,1.1884400789850882,1.1396728507931566,0.6136488847697197,0.5823748713755439,1.0578125949843546,1.1656997035034427,0.9877886319129354,0.7410036395385474,1.172213706437537,1.0048855929716933,0.9198698738696696,0.7649105886513532,1.2245735990816704,0.8623764064111652,0.7368676329174582,0.747460890650706,1.0413729479124243,1.2247400818117538,1.0744173179416656,0.7404631417265639,1.0082559005013907,0.7390288482761773,0.9894765084196651,0.6460441753325739,0.721949084717738,0.6324878540304232,0.7960227404012952,0.8786773312171922,0.8433902319788318,0.9944466440946379,0.7046356958841693,0.5124625731488692,1.0198478706819525,1.0652595241808938,1.0,0.8940075161733649,1.0,0.9288479947105308,0.9791444202922805,0.6647272114075422,1.2628200471981375,0.9778483509315009,1.1909778580577217,0.9111338448251873,1.4910419702971756,0.9551134722935238,0.9061742291296173,0.465481616288438,1.145797425910552,1.1364913289870582,0.8525684238344814,0.6653981727382035,1.4598101998183672,1.0995355125037545,0.9174974947367989,1.0458101525343022,1.1472836481497752,1.0153277154139344,1.0,1.086007900642402,0.9856103713018902,1.3703005577404643,1.0,0.9577276994175169,0.8110052957389856,0.7008519231949173,1.0143045571895994,0.7634634663875872,1.1898564407931203,1.2006516106699983,0.9062195004736334,1.232702018663557,0.7866932397362019,1.0607375572793085,1.1801620024525237,0.6181090390491327,1.0828191734975114,0.9078700399137917,1.387200991829633,1.2558424552249783,1.1883380760831987,0.8971942749014037,0.6448752572676764,0.9896977458543769,0.929641311071837,0.9050371073836498,1.0034272212760857,0.8576080747206178,1.0,0.8342246027283698,1.057838996072905,1.1076723807562936,0.9838903709715202,0.996704757201933,1.3273491432331075,0.9118852739522909,1.2374350180042786,1.0268276112760004,0.6430935607689361,1.0087841322656155,0.9223530760526638,0.7914044850104384,0.8111272702585638,0.668821853828768,0.730841138277823,1.6542174578528148,0.9955750125925256,0.8855769984443317,1.063679650829284,0.8150281213102712,0.9986947064925833,0.9413852895299889,0.9727255720633132
2020-06-30,0.5172077324114404,0.962571730897056,0.8463649768062305,0.9323646061611621,0.829800162795783,1.0,0.8650008219822679,0.5361495112044052,0.49552378550294285,1.2160920408188811,1.158878374942517,1.0628563758195946,1.2107354815641411,1.2774417296684644,1.0972785874499458,1.3404990294276151,1.373591451587433,1.179108592541879,0.6981361031187759,1.0320542976260536,0.623549243254605,0.8822914543670747,0.832239367414071,0.8256478522677712,1.0171750948055864,1.2985072296001885,1.458461928039004,1.4110403001182827,1.0328703747854533,1.0,0.6867932653258964,1.1832074288446919,0.9097288211619332,1.090521215438403,1.1401723283679888,0.7887373827681091,0.885682332979103,0.7621651866792181,0.9226496386319487,0.931614298427629,1.0008796115462077,0.8848784517999511,1.2954401657027512,0.7668773203584104,1.329413064660395,1.2397755402446982,1.0524770946487392,0.8136801682797898,1.321395284743694,1.1474543181524766,1.1206409169269769,0.6301103517410601,0.5747869419068397,1.0075332126444492,1.0889730057922016,0.9869498931649854,0.8632162740371843,1.2077371227548115,0.9365772821938856,0.8982005811955305,0.7640048423494175,1.2247592856908702,0.8966375680004939,0.8044423726846976,0.7914851425445262,1.0276038278174608,1.2326744754754348,1.0733435561498723,0.9021725369751303,1.020984249566364,0.8054018937396943,0.9893564723560346,0.6554994039383242,0.7250281870952417,0.657169031245034,1.0158930598296387,1.1080840049636538,0.9189545982346908,0.9952050782288789,0.8746843035957218,0.533497496577638,1.0439223767652632,1.0888987711718463,1.0,0.8586768983595479,1.0,0.9103635459358621,0.9662052315037054,0.6968064123612174,1.3399812068935304,1.0617624895818867,1.2171075820475479,0.9079212192026949,1.489094737837919,0.93010189718424,0.9200451366197305,0.4444874300102112,1.1798135524407993,1.1286632297286496,0.8556188858077267,0.6769955579003568,1.4573142495235731,1.0613945849737012,0.8806138060302413,1.0462201708427514,1.1495122308501728,1.0219677557766782,1.0,1.0870895166531356,0.959111192219144,1.400184085186603,1.0,0.9665491796662536,0.9975179779987592,0.6860251418198112,1.1611866495926684,1.340039957047857,1.2257152724581895,1.3141533399564045,0.9333395040516813,1.2433264826360209,0.8967285819799584,1.0784701006831028,1.3271112458234575,0.6511745966937689,1.10011783603202,0.9295871656390381,1.3103936539575483,1.2272876504079728,1.2827582246974638,0.8897174032414948,0.6823007492833466,1.0137317481360069,0.9163873036282093,0.88840286640495,0.996901593786651,1.0407049474669958,1.0,1.2577258694599496,1.1109455429853563,1.0854799041887935,1.0123561723468617,1.1503202623475135,1.3286759284718854,1.0340101270834798,1.2798025147100058,1.0452954000376984,0.6506806126056126,1.0046179601992813,0.8723018844494043,0.810369067809921,0.8115007433917066,0.6775310206392339,0.7753796762748286,1.669135436296501,0.9605565597964072,0.8175953565759584,1.059904563346533,0.8100733100462009,1.0037941008026157,0.9475934880096722,0.9831851835073618
2020-07-31,0.5015420100546009,1.0780593577086537,0.9020775753917357,0.9314678928180069,1.042549194032137,1.0,0.9075679778252163,0.5479110825409714,0.5663535063799661,1.2294203544899474,1.1736855971136082,1.038577092450629,1.2827150182591143,1.2941863049877127,1.2272799134246952,1.3446976613388253,1.3870435768883311,1.172644601059675,0.6974922763447049,1.030258680848577,0.6205326801338336,0.8806595830715291,0.8965417070229389,0.8117945133360921,1.0141046670841019,1.3222429200828867,1.4156013412754302,1.4380325916502394,1.024502930993261,1.0,0.617328637918106,1.1809588564983797,0.9048237430599585,1.0905441738467023,1.1527772067690147,0.77798913222604,0.9450073995330428,0.7987796945487119,0.9322157054690479,1.1040564847496552,1.000282499693455,0.8468913663062179,1.2954158486925245,0.7676002638956713,1.329223275807656,1.2638986109468067,1.0091031951176745,0.8434316576184768,1.3341726729165866,1.0510363653575658,1.179554068537938,0.6382268499372108,0.5587766897020423,1.1766574321017338,1.0392531879588103,0.972342473882039,0.9017295018388856,1.5425325081068482,0.5685004770625717,0.841628327161227,0.7643618720915382,1.2243866497041647,0.9422733774773924,0.8617255377316334,0.8164767156732193,1.0076483372868408,1.199127563307803,1.056040555839764,0.8808435327365255,1.1067056927377676,0.9020402430291923,0.9894260474494346,0.657368857432848,0.7079624869126561,0.6422246447761618,1.0717267937832682,1.1286105012130132,0.8967850908333381,0.9973116544708314,0.9640455441673612,0.5119884188045608,1.0772162892566588,1.121892965443302,1.0,0.8388601011191239,1.0,0.9127105109463716,0.9772286002786317,0.7249974730025115,1.4703504850923257,1.045968704992046,1.2144135778329932,0.9022218037810834,1.486457749296173,0.8836383824400436,0.9106004007247804,0.4326998790068355,1.1702689105977455,1.2076265933527515,0.888848144720973,0.6629501660083295,1.4557671666592602,0.9606961378595659,0.7896752999397527,1.0641759880159456,1.1592349231984158,1.0207683341504286,1.0,1.079872767845629,1.1195368016928018,1.417414223412154,1.0,0.9679902413175389,1.1152921131835687,0.7510535906223965,1.2911623132193357,1.377872383703776,1.2257501357381562,1.3147264344428573,0.9898032189174079,1.2633516173857608,1.014982422037539,1.0987042552282151,1.3566935479567537,0.6948869961956229,1.1379481346619411,0.9761545872328049,1.2204877281365132,1.109755334929553,1.2942622510275605,0.8847237291762178,0.6343139791984074,1.0475183882836567,0.8976591388748676,0.8478108517063677,0.982148460225984,1.012692767657186,1.0,1.3328124053967187,1.1805811843493546,1.2571800379868205,1.182053157648988,1.1946069468547662,1.3193592939964758,1.1172772846104275,1.2124805302181747,0.977988223823031,0.5849416102110949,0.9709656114425498,0.8155003571695117,0.8141317751036764,0.8137869512925786,0.7712202949902954,0.8168364827177925,1.6666047947483182,0.9181507765990566,0.8244625242315169,1.040322129968556,0.8304372154733727,0.9858854852337936,0.9265292137114599,0.9528557307283382
2020-08-31,0.529714684511434,1.0568951664299087,0.9737965732541619,0.9406597504516065,1.312813481784307,1.0,0.9197827543980026,0.5814314666817133,0.7284864428405335,1.2772561885297704,1.1832771739490107,0.9707709105841354,1.3696780760264065,1.31650881712954,1.2560934561747419,1.343167138912525,1.3870521543227552,1.1803800411516638,0.6964046411799472,1.0324820016171044,0.6412770140024731,0.8799247187743481,0.9155124248822871,0.8096114415796967,1.0144947021491566,1.2458472511111864,1.4164400535922865,1.437793183411522,1.0260036085013275,1.0,0.5972777554813162,1.19993425316614,0.9135373138718613,1.0888333794024094,1.1254130865089076,0.7701490468971489,0.9327169755605027,0.7920241250671205,0.9373420915160418,1.199996169337943,0.9999222037118842,0.8207999293405133,1.2953848992790755,0.7766413132073555,1.3286081016904556,1.2473652443871486,1.1672420546881808,0.9539006281862803,1.3065227194119,1.0184330110145323,1.1705541680739961,0.7183460337698222,0.5610996840840143,1.153834752408065,1.0006861267315268,0.9073274422979356,0.9369387356678895,1.5652441354154978,0.6073794998846069,0.9493488013495055,0.7660028205122417,1.220475935885628,0.9452058584142766,0.8742950844733703,0.8189900822778053,0.9821227272821553,1.130411336594029,1.0446737664012182,0.9548417227542166,1.077798084099422,0.871256266742544,0.9960520893656455,0.890079551243152,0.8410047612949387,0.7412959006777191,1.0992269922800462,1.1297196968052041,0.8482467577698648,1.0037560463469966,0.9587012970640654,0.5414112043742026,1.0512953316082463,1.0558614549931644,1.0,0.8283136491037384,1.0,0.8943352262825226,0.9591879036256615,0.812599675301869,1.4543582977472145,1.0334070243991595,1.2013915401283646,0.8978062819977621,1.4887127003997942,0.7136803132989753,0.9166295066821258,0.4638872736520666,1.1818366676210565,1.129905553065938,0.8836204702764475,0.6943770215707543,1.4486589327088226,0.9696141051372408,0.8442270056075423,1.0276438438924749,1.1597638054953223,1.0236468880873228,1.0,1.0823887938905545,1.248081568350628,1.4199578138115838,1.0,0.9651490921865541,1.0877905733018898,0.8315361796743318,1.3197883003983557,1.323102050244463,1.2250782774506728,1.3080617206155492,0.9993949447936333,1.1465179724600167,1.0231051247082061,0.9935276465847797,1.350895529909431,0.6742858365136903,1.0823793406681426,0.954122488417422,1.1573248603719695,1.1307427928696494,1.2851684360492746,0.8777295520233432,0.8561410069004458,1.0938944515116449,0.9012201705724483,0.8758989903426482,0.9881758799563991,0.8648448290769065,1.0,1.3352080310661603,1.184547494693805,1.2266298470681474,1.2256352523100924,1.1982746952449794,1.337076939213487,1.1279927968900156,1.1073042394051071,0.863633695196103,0.5749616754589251,0.9768585142857679,0.8547305171451585,0.8176721372156088,0.8123403622049554,0.787368608315491,0.8226274397148645,1.6448060156754138,0.9151432407421425,0.8279252042503948,1.0215389283937284,0.8240495888914593,0.962430285540283,0.9087018588562182,0.9285394886011595
2020-09-30,0.47564599341006697,1.042321561508715,0.9746712745596455,0.9185730998795316,0.9963492929196053,1.0,0.9232105392820599,0.544351316223652,0.49569794994048966,1.330051366334437,1.181690300389872,1.0078123000846078,1.373159136994603,1.3121959989448895,1.2687639892147562,1.3486119989841905,1.3901851201148703,1.1496349737524478,0.6995146905485052,1.0194051223790503,0.6114975993940661,0.8806890629612038,0.9015626121384133,0.8839404225175811,1.0129788906597803,1.2056541557859077,1.524429805752432,1.4425912337637325,1.01843761003943,1.0,0.6213242142836323,1.2550456284942926,0.9128379715188448,1.0912492718748714,1.1868023959356309,0.833239914612837,0.8847685298500549,0.7694937545601859,0.944058749373595,1.1270579627730954,1.000125993302319,0.8076808603775488,1.2954085234643118,0.7674577090844948,1.3246997142283004,1.2536978016964895,1.081536891977806,0.8345798567052471,1.3367764598936493,1.0056077173985085,1.1840364659000733,0.5782801957279315,0.5517953224522165,1.2469014673556265,0.9782327560607181,0.9734067183451365,0.7996039809658185,1.5670720292708336,0.48371441683444816,0.8392973296326995,0.7708783908819244,1.220058456737323,1.165541470736671,1.0376089036089209,0.9317399608111494,0.9987609547223728,1.1372985168415515,1.022732231421046,0.8995267132550882,1.3036089573079062,0.9783042899460297,0.9961697503849948,0.6042924271309633,0.6993349880383927,0.6152085638168854,1.0642026170896253,1.1122204898118868,0.8642799680577465,1.0031624101929315,0.9448959034329892,0.48148727968129224,1.0006638498245415,1.0675723939117203,1.0,0.8580896873612176,1.0,0.9124289124604225,0.9844072525326999,0.6820230643502316,1.4615563163606482,1.1143934335934493,1.1728918643436492,0.9168779265885488,1.4869820645335323,0.846821824890646,0.920283929872953,0.4673506520511076,1.2408631602404507,1.2576256393466434,1.006557659857402,0.6301354092936112,1.458533325680437,0.9036060464962458,0.7621343844736604,1.0324952111663999,1.1601181964483724,1.0059015076945832,1.0,1.0653615228002884,1.1812569196245497,1.4143623929881208,1.0,0.9707754520674722,0.6922701060067343,0.7523432136378917,1.3058293791354658,1.374079975036789,1.2257576851160523,1.315088703671315,1.046997122278279,1.0680463129959106,0.999010319942058,0.972963160494406,1.3394353492097286,0.7083740952506699,1.0848045117493976,0.9952570688685315,1.0494910133782693,1.0443597528385997,1.32296548648705,0.8705176383628721,0.5677482811493326,1.0330199537397344,0.892461054891539,0.8401834082778284,0.9753623376804128,0.8749628554492247,1.0,1.3435349883544259,1.1914087296553708,1.398736576985215,1.208493790901525,1.2337407057474796,1.2457015797997903,1.1286573952685257,1.1208936223377333,0.9565186470038213,0.5601406969653899,0.9364800950590134,0.79645626674083,0.8120285041873223,0.8116924986681514,0.7919905809959453,0.7896115062736594,1.63986586190192,0.898012643592882,0.8495307907698187,1.059039249770844,0.8823801548740153,0.9958283277416611,0.9243143354138942,0.9622640112305442
2020-10-30,0.47833166244767367,1.0243515011841853,1.0842676058966565,0.9341065462479068,1.0817909208792547,1.0,0.9692145127505827,0.5829631841754968,0.5563752940405701,1.3076683292449764,1.1824113441215416,0.9669906759326151,1.3745064222642074,1.3111171940278434,1.2965634729887419,1.3492764866403084,1.390830902527826,1.0759830479251233,0.6979151310196434,1.0250416489472343,0.6181499528285265,0.8817398024286907,0.9468542192486009,0.8901040739436328,1.0124751443351254,1.219482854842295,1.5585431229957756,1.4406469421509864,1.0221137688164503,1.0,0.577360930032415,1.022349891825847,0.9231234885353092,1.0908294213357341,1.176947187806396,0.8853604220138999,0.9843587294875102,0.8591638174888325,0.9455725113668386,1.2010523788460337,0.9992402739728655,0.7369228121119702,1.2945512686139375,0.760299858029132,1.3221030191012657,1.2729234130207563,1.076069783508252,0.8637179225491753,1.3335780866832134,0.9862639566966808,1.1833801924370362,0.622306078341167,0.5496047474897698,1.1326387656775658,0.9730358566493973,0.9179033249781062,0.9246809753793657,1.552494517789178,0.5956967184021852,0.8475766259663278,0.7641192852983694,1.2090060334971686,1.1585165552320125,1.0539246525940347,0.964632442112145,0.965219943908372,1.0905644709461924,1.0081630917498288,0.9023125065465252,1.374894373070463,0.9755378802730417,0.9920453299155416,0.7314894238617229,0.7460652361581145,0.654076565013236,1.1048066165100152,1.0255979444030647,0.7972649236126507,1.0035937819926835,0.9716635120416071,0.4880044497046707,1.0582203553262222,0.9858240635272069,1.0,0.830450765164896,1.0,0.9002645626024521,0.9612836485139524,0.7008986753058419,1.4610466837449474,1.083852995863443,1.1988746720062398,0.9123257331975595,1.4851078050997872,0.9102568247581482,0.9139733986494015,0.44512893507296514,1.141293714359263,1.2046881156695308,0.9388685256470092,0.6138136129757288,1.4532434388668583,0.8668776232698708,0.729101773079545,1.0038663615786956,1.1602979306076096,1.0031104470047456,1.0,1.01889035843029,1.1289852553841537,1.3998786463246062,1.0,0.9670080314287386,0.6664930657680541,0.7533167088040748,1.3662595337260823,1.3917694916580925,1.2257276832732487,1.3148592724211123,1.0461657806679998,0.8431353325104405,1.0431133688074823,1.063466047681988,1.3467178288331578,0.7028313472736377,1.0523297804810785,0.9642536795214995,0.9477515216677063,0.9964001041918581,1.3073726760570403,0.868713899306574,0.6399189943654147,1.0272814695068235,0.8897126950648513,0.8124393432267653,0.9746125226462878,0.8593862507129357,1.0,1.3743572768716548,1.1917420716872837,1.4411568011570963,1.196870360150651,1.233246943352639,1.10924684224276,1.138968367767979,1.0689173699658598,0.8154538053715955,0.5614409659434223,0.9076357104536271,0.7867091229459227,0.8162125096278922,0.8111087370017751,0.7241144885028725,0.7903182584194848,1.61278146279273,0.8812224234340582,0.8352714956688081,1.0329942571751471,0.897061133154256,0.9636742431574281,0.9015987160440762,0.9164220681983644
2020-11-30,0.5186862329881552,1.0965924564307095,0.9991205720447758,1.0621812072251529,1.3672416068340292,1.0,1.018106084215067,0.7111766997621634,0.9804773860064535,1.1982013722408174,1.1821655396297803,0.9479539550843462,1.3759739537443179,1.31841025934314,1.316136049421147,1.3483812941449609,1.3909326603706944,1.0554153319795798,0.6986132030915441,1.0319369597754224,0.6526715919826565,0.926011717527226,1.19738289564374,1.0447231443564435,1.0121648903711333,1.2232527572018435,1.5536677553929705,1.4424426334939267,1.0195184854013928,1.0,0.5840703655096644,1.1875426868563161,0.9626183228865566,1.08824737286596,1.1629350225164583,1.0211014177874849,1.0877213730574042,1.2205006514868364,0.9351888333117276,1.3482898714133917,0.9992548179344237,0.7267946340871934,1.2951176703204121,0.7615994466213436,1.3157942135843768,1.277313529700584,1.2439943874820254,1.0203365657615364,1.3030136619522714,0.9739788706933157,1.1835692735130492,0.8512918695032974,0.5553512538378548,1.2421459380919853,0.9641854507367413,0.9450199146214213,1.1424191291780137,1.5789275923207413,0.953392497571608,0.9468770690571717,0.7660116890115642,1.215825137667993,1.0962428658332612,1.019506247589074,0.9004036440087784,0.9411091660357668,1.0953776591982698,1.0170797626461692,0.9236416346687457,1.3030153407819292,0.9042169109726957,0.9937282959306752,1.039768325382881,0.8765008799242824,0.7625003692982235,1.1839474807624057,1.0593798244625214,0.7684002603361169,1.0036358627090083,1.0853065133331714,0.5615300236222778,1.1961838138081802,0.9760595159525326,1.0,0.8213458702196202,1.0,0.9003766054571717,0.9601630709234699,1.0330132654518414,1.4659772316877353,1.0809286245917904,1.2093525215873755,0.96277763153981,1.4820197745960408,0.7731677286204172,0.9074847200418178,0.4295975349951987,1.1011652523350504,1.1841788698449853,0.8673357784917977,0.7816245088578122,1.4423232745352237,0.848972144405437,0.698333296415077,1.0007892843838926,1.1603015869576676,0.9982255590924628,1.0,1.0351991405943022,1.267535656096623,1.3728002510377144,1.0,0.9619457041711273,1.2235970156160256,0.8144576811407725,1.423126610059239,1.3979465597420453,1.2255807596072275,1.313802320013151,1.0578551350448624,0.7612161762251992,1.1959769748986975,1.154382669843427,1.336186986994154,0.6997012766403932,1.0664580469831528,0.972958008381795,0.9171070819738256,0.9843251518517443,1.2671870192528734,0.8711761094487084,0.9459313842949597,1.1128007585744357,0.8872150622174442,0.7950050884955926,0.971645919600308,0.8326996261136059,1.0,1.404034088514599,1.1935019887739748,1.4185234608973185,1.196831809710441,1.2722819355782633,1.1066567448914564,1.1449503179279472,1.0034225589255457,0.7488413284462525,0.5587427847524615,0.9142233691022252,0.806048976671972,0.8420974633849396,0.8141866690931674,0.9110528551756322,1.0093969461157168,1.5792407896869192,0.894738099069339,0.8418095280482398,0.9990281875470339,0.8726584794154869,0.9295825476558991,0.895706927809136,0.9011235501908359
2020-12-31,0.5225235497545484,1.122117129722164,1.0208911007767476,1.0604615715341068,1.3337514994197603,1.0,1.0151227542052619,0.6499304888508892,0.7802662130555859,1.0835042595031887,1.1856473271285413,0.9398012228047841,1.3760718465284092,1.3166764731849747,1.3108245273695447,1.346136853759215,1.391012572420409,1.051129233169895,0.700548722252863,1.0355037590087215,0.6347043618135666,0.9568460120270506,1.1572892883362131,0.9647289084342161,1.0147384807534503,1.2093488079573698,1.5615991426065363,1.438970262070924,1.0130815383373428,1.0,0.5674454665835333,1.2625251385636393,0.9625294717186573,1.0894783478437124,1.1479262545896352,1.0069303654954862,1.0720091501182805,1.149588960112864,0.9364570174468241,1.299422819803026,0.9992522841912771,0.6764505386574001,1.2951547650632071,0.7609481708188385,1.2980284007187635,1.2896585744589328,1.1987967598775329,0.9948948799070025,1.3422868067404206,0.9665205946768484,1.181467313123709,0.7136288089605112,0.5562193107670854,1.3001734272604182,0.9558669684555281,1.023596023014441,1.1554164296762937,1.5802570985065496,0.7314570587836562,0.8854119122894354,0.7657409263566103,1.219595722615436,0.9213406118281675,0.9242378235309185,0.8152418827454185,0.9359107181752297,1.0548483276393048,1.016720436256816,0.8687879056400061,1.3596875971617284,0.9815821244112664,0.9931543031741424,1.020660561030565,0.8438573099226562,0.7381496396419374,1.1662549143706926,1.0323603255104132,0.8110103856340489,1.0032702689237025,1.0155852285797318,0.5769894911756577,1.1077287424985958,0.9568199212854943,1.0,0.8207712135936711,1.0,0.9105432362760648,0.9604456537144894,0.9261128234102317,1.4623830123514514,1.0550937780425018,1.2179530776026697,0.9595594748851106,1.4864797622126078,0.872332148945201,0.9403446553271543,0.4260347437564963,1.1453243224314502,1.2513618464456109,0.7474187325039731,0.8280757239135543,1.4409758492688807,0.8171725135311116,0.6877360178158443,1.001489062020093,1.1600969827622234,1.0101005071319675,1.0,1.0166633658067814,1.2088915382938283,1.3715555933384247,1.0,0.9604058729211326,1.1087892324055468,0.7887391012219633,1.40394875433897,1.3991354863698304,1.2257073745465843,1.3150695183279781,1.00096257781338,0.7221890939885007,1.1577566482759518,1.22124543626651,1.3518922805239093,0.7572650796120957,1.0544382420270946,0.9828674605263715,0.9186626385052029,0.9697659297077867,1.2213013102391455,0.8716264198449671,1.0293792771915138,1.0779043532135675,0.886912829396244,0.794307727368896,0.9748350755243741,0.8903370053199661,1.0,1.3985770604395842,1.1934104679121904,1.364196210605101,1.2155007646520648,1.2644185905395646,1.1140447495647947,1.1439838322184819,1.009191690096351,0.7594936701075241,0.5499611971882656,0.903729163021842,0.8024422732918934,0.8385005686391827,0.8148950204628805,0.8971839293641917,1.0228368851657006,1.5466561333502424,0.8859272246371684,0.8498699468560278,1.0053796258322234,0.7355102049282825,0.9300699563867035,0.8963285284318137,0.902168352965908
2021-01-29,0.6417689390066974,1.136183982302214,1.0378578757817871,1.0509971708231205,1.5273191833263726,1.0,1.2923997870933563,0.8999296315460614,1.136786259293278,1.2718219436191902,1.1815311463240317,0.9004255939281957,1.3482510282988571,1.3167490604280963,1.3176405407561766,1.3450577366709964,1.3910329899087843,1.0002755815111788,0.6990541255762519,1.0358261981681847,0.6936492650595099,1.0362122062915982,1.4017764841518225,0.9424880054226956,1.0128753548004548,1.2615603606132382,1.547502992319052,1.439505836835356,1.0223054806985585,1.0,0.5535836169345516,1.2308017271312872,0.960620435958263,1.0796699142135715,1.193913532575441,1.074702417918462,1.1110180904961078,1.2729961112421744,0.9413741257436762,1.3926872037960123,0.9989540815660842,0.6625040308679493,1.2945826680691592,0.7627570715433922,1.2814630719608617,1.2449227569503816,0.78730499895641,1.2840915279294216,1.3436133727278132,0.9717074027230519,1.175704984464732,1.3057397564058313,0.5751309201564829,1.3358638127599787,0.9386687564049313,1.0082287735335258,1.276916149523021,1.5772563977578735,0.9222702372009728,0.870584681364447,0.766428455023955,1.2163902565050448,0.9779554523495232,1.1357834482903142,0.832789118175544,0.8823272659554895,0.8925872833300204,0.9932682894011062,1.0838047137644586,1.327991664938105,1.068773642181991,0.9941639455118393,1.1282042103048557,0.8959182775117759,0.9154136485771851,1.2847397469579864,1.0261778088258677,0.7490714782337371,1.0024224001804287,1.332285676975006,0.7517035659958013,1.3887188051466595,0.9108793847269258,1.0,0.8205931449852293,1.0,0.8916589040750001,1.0314750834957533,1.2518590243252665,1.4697829213714229,1.017383567928034,1.3646641537958129,1.162239037085938,1.4601441351717552,0.7798575449485485,1.0349093624121743,0.4229626076692642,1.1355180970553085,1.2834497232563802,0.8002130939246064,0.9553011328120209,1.3877214640074609,0.784116013756045,0.6625862553705111,0.989619942729926,1.1605978915915323,1.0034933441354588,1.0,0.9942286808129213,1.2929211974656791,1.2347280868638397,1.0,0.9566893559117282,1.3865721649347755,0.9615444037075894,1.442464656094042,1.4029138223911946,1.225608757217843,1.3143935505714643,1.0164044350941108,0.7277620984040718,1.2770359866975582,1.2526855207804006,1.3672584000400212,1.479795867587439,0.9780553732382679,1.1600124128074134,0.8427116302275007,0.9027215486364992,1.1161336247059026,0.8710370695896299,1.1541873999366488,0.9680035341463455,0.8845898887863011,0.7613930205269872,0.9750097411498462,0.7992849976690347,1.0,1.4145521287903833,1.1934682241856571,1.489237075922365,1.175080059134714,1.2907245241377634,1.0873106773115715,1.1455679295536765,0.8080385570063159,0.6940213422617675,0.5494355856436735,0.890335766975326,0.8182583945759716,0.8455438824202178,0.9247897008451722,1.3233333274734054,1.4216096007052865,1.2514023684805553,0.8677626717629868,0.829641688407116,0.9001898089577228,0.7690570149931882,0.8734247447587165,0.8954189666202822,0.8910769198611989
2021-02-26,0.8118373620236831,1.4449780862486739,1.0469224713538856,1.068779452566261,1.5479971331163935,1.0,1.3493929840393004,1.1163907920348384,1.210156146267127,1.3294746660166412,1.1723102410800674,0.8626283764623336,1.374093002508375,1.3056410211219431,1.3184772381447805,1.347939669006893,1.3910366690534697,0.8859841503620525,0.6980013008576091,1.0326433683770262,0.9183668808326501,0.9781549474546515,1.408745177829834,1.0850768363199466,1.0120056722684896,1.237772338961161,1.5328266709864,1.4358915080973325,1.009286432002097,1.0,0.534525485170462,1.0075554414479426,0.9943615841237426,1.0395836123474034,1.2030189277924292,1.111266199927588,1.1254534369846794,1.273433259334305,0.9512466869727978,1.4008466557555586,0.9965503883590184,0.6371910329638065,1.180125123856526,0.7676178682888442,1.2481381115252543,1.2339340693050098,0.9642370032853838,1.4085727715703271,1.333832683656335,0.9381771768778302,1.1590033253679466,1.429364332662213,0.6019434185935135,1.3486432279101823,0.8571180223071925,0.9641008471942621,1.2758708618910208,1.566250502814242,1.0878780000835298,0.9089657556618375,0.765177153629695,1.2160229745921325,1.455304726657031,1.4842656183387826,1.0359358980607467,0.7965951949548871,0.7589904662257934,0.9181704013335925,1.0868383350387845,1.1613665812077087,0.9732616327385627,0.9948798891142364,1.222407459591451,0.9936060456783558,1.0107045842050701,1.3381826473697984,1.0741574485524683,0.7482943819181176,1.0021112954254456,1.4576310890357569,0.8906106150769576,1.4074998689812368,0.8929978914461066,1.0,0.8220365571727792,1.0,0.8677593795435428,1.0681119381715165,1.3089707062892666,1.473270279496438,0.9962740112565944,1.4420759461709551,1.2073127934510817,1.3292373262728112,1.017293742145177,1.016917848079651,0.4382846000657018,0.9117039141142071,1.252531087491169,0.8830765591555781,0.9530145607708195,1.3235839689213602,0.7303128228725457,0.6381614495330696,0.9624692952416337,1.1606412260869277,0.97116991362222,1.0,0.9148689735303542,1.3597328870995424,1.19803973149773,1.0,0.9522125683898741,1.3878140825363823,1.0553895514000406,1.4498697970292773,1.4027145880515917,1.2244043220135543,1.309542841030654,1.1810269270837435,1.3006000618641653,1.2777559990915934,1.2635289876172306,1.3673667161581968,1.5847478395772159,0.8753633396651862,1.3043912576584342,0.6090535983278511,0.4816574991769881,0.9823936558448614,0.8738392606027123,1.1855126878567361,1.0357037166714855,0.8814280502230996,0.7309712801543367,0.9695802346566534,0.7941069649564573,1.0,1.414854420088964,1.1925345540309726,1.522897768598671,1.066478518178525,1.2912789101466358,1.25800210314755,1.1456009583832412,0.6452582378676035,0.6844491706166329,0.5461999064609816,0.8420402007211307,0.8037475624478725,0.8350279741282222,0.9847975077512763,1.3703305988489538,1.5584835514124395,1.02346425787955,0.7766631668034717,0.8687140416817765,0.7935377248473987,1.0350266401799528,0.8599173704728221,0.8967334953243613,0.8893119949061022
2021-03-31,1.2413366903284435,1.4633951439197261,0.9772589578931709,1.0737797047114959,1.557617718591907,1.0,1.341820303498039,1.219835032860998,1.2742435783425423,1.301736670225907,1.1698431913227494,0.828667319419232,1.3813476546635943,1.2953106057569088,1.3184949657016034,1.3313639007526537,1.3910365004045044,0.824310892794344,0.7274162279566968,1.0371554814053559,1.363557594464412,0.9760882351104244,1.4101387767895268,1.1849454706275204,1.0119700830248766,1.2545812120790154,1.500878234094801,1.4177129798880552,0.9889356327221852,1.0,0.5372384858656762,0.9828104847974433,1.0603565154312338,0.9731065302017256,1.1329213325794176,1.3195799456131758,1.165738405911882,1.273445619784887,0.9515345614085087,1.4013345149161167,0.996374956266037,0.7185454879817241,1.0533228921226627,0.7808324351853395,1.3100364491862273,1.2066828152612397,1.0875287987835032,1.435138023692889,1.2697624674794916,0.956710976062435,1.132311949038885,1.4510129596177552,0.894465871016148,1.3719600700148875,0.9252360037979509,0.9592664650043707,1.2837781423627226,1.5701058738519393,1.293306317498096,0.9481772218844613,0.7753978036298409,1.1939458959583418,1.3495037227876305,1.4120723527643402,0.9370414611053762,0.7683777789914598,0.780726169034649,0.9115090170138438,1.0694144044935099,1.0534974626156561,0.9035395328188635,0.9847870003341618,1.3069596801277896,1.3158781823165837,1.347784316319073,1.3495195682765326,1.1564396845833107,0.7328677088353761,1.0018602621846184,1.4700150681734294,1.1527521737343818,1.4073301912429617,0.8911250360693797,1.0,0.8230130455186992,1.0,0.8671798236951231,1.0677300540029884,1.3417884554254247,1.4735774162046242,1.0440413418199597,1.418458220749494,1.2073056971459701,1.389103862134766,1.0798445073299394,1.0379082755187667,0.5235869674775719,0.89642063949852,1.2014093285196075,0.780854732382321,0.9146375580979929,1.0184403639135906,0.747161350354717,0.6514439144129316,0.956009109666725,1.160602469726186,0.9796145715900894,1.0,0.9115830162573793,1.3253635962526453,1.2054260912226369,1.0,0.9517113585379082,1.388942152554148,1.2194633774561747,1.450120726861371,1.4022877922416717,1.211880176240518,1.2841532818878378,1.1345271579155478,1.3018986592822415,1.2778312049577822,1.2689592147414852,1.367444603846036,1.5875918614332485,0.8674803219626646,1.1369062505326495,0.606816026760923,0.4854262820506531,0.7380758933599902,0.871219430050503,1.270165057434098,1.05471974877906,0.8829540289963872,0.7424891059245028,0.9814035245858626,0.7928106040266834,1.0,1.41485487699382,1.1927310461399174,1.4006543085794307,0.995612830837241,1.2912601569539708,1.1495637625290422,1.1456015864229023,0.6222768107786347,0.684339693703866,0.546959593057855,0.8430855717607475,0.8626230048281294,0.8328085348429791,1.0296692107755017,1.3722216311306645,1.5876548380378654,0.7983609721584966,0.7821159585031635,0.9095918146755289,0.7816043359856897,1.0289963378791078,0.859762562733708,0.8967491744236618,0.8893072538509252
2021-04-30,1.3328289079632152,1.397354336165471,0.9213566714745792,1.073949995043412,1.5549616519894949,1.0,1.31434667778944,1.1048958084816112,1.2743679609294973,1.0930716939752196,1.1727509269324603,0.8512618465303522,1.3760963835915216,1.301866141191818,1.3184221425066074,1.2791335999088713,1.3910353692496689,0.8573896017865174,0.7059036404236928,1.0380084201079047,1.3801261585650804,0.9764980581915956,1.4082656207404471,1.151270193223495,1.0137559658558146,1.235462805054594,1.5312106864264117,1.402567160014965,0.9847671905621546,1.0,0.547981681297504,0.8957506056429095,1.0749236469055117,1.0328548051782946,1.0851214205449105,1.325146675847542,1.1689234374778705,1.2734321108317166,0.9509332246576798,1.4015828910578059,0.9966829566751656,0.7159268029521229,1.0329150452423268,0.7772941262027053,0.871737688663698,1.243873654925868,1.1177079821518405,1.4279405231876172,1.2971792354426896,0.9623310429508332,1.1591909235340578,1.4505426673814612,1.0104718739041292,1.3870713047794325,0.9772368970481524,0.8458055022355676,1.2794670313404384,1.5639574361211315,1.3185243076245552,0.8208509715133725,0.7669858796139435,1.2143097291038403,0.9833661217546156,1.2001045124923906,0.8013865197739127,0.794012565219971,0.9777188049004063,0.9485177040270929,1.1451958390084411,0.9985226838192452,0.9860211531135562,0.9869749262157175,1.3002164303034154,1.3025497097267336,1.323194432406196,1.3426710313826962,1.151051187415168,0.7700477644518942,1.0020523297316708,1.4510200641131523,1.2969292781369495,1.4069317756935265,0.9161529389401886,1.0,0.8218082086583013,1.0,0.8831071682423624,1.075886629723028,1.3195695169206483,1.470370680985151,1.3038693430613806,1.4448817735987585,1.2021652170622708,1.0428130395658126,1.1853092202389495,1.0294154619078546,0.4875178587207636,1.0075116522472092,1.2615839894033511,0.7138062611427013,1.0899738946053728,1.0112488177377283,0.8135338076043775,0.7125243438162442,0.9892510470296605,1.160209297100522,0.9880921422767452,1.0,0.9260330427444385,1.1563112642933588,1.2300187863637708,1.0,0.952385663182361,1.3888897743200141,1.1983107923243705,1.448889643499619,1.401947766699031,1.2120793876999787,1.2823679659683984,1.0475551037278112,1.3018621873579872,1.2772317342586212,1.2576029981139836,1.367433454772764,1.5877078880297688,0.9470533022732696,1.2675743659197554,0.7438463167453401,0.550673658642335,0.7275009585705454,0.8799277799903694,1.3131718599116526,0.9623343734334594,0.8869852682765166,0.7888431341834773,0.9901019378180276,0.7941842600021561,1.0,1.4147145897003832,1.1928941677423184,1.1525242901812827,1.0261606798415668,1.2910693787822327,1.0902019959190776,1.145600097851463,0.7556220349310953,0.6844761247047318,0.5524452174095295,0.8493961821442391,0.9283050426732531,0.8399237578060007,1.1124575124392133,1.3705667732741806,1.5957062405271314,0.8039961014654337,0.8480011099460447,0.9273721214328337,0.7968481941477781,0.940769946877088,0.8601666746366973,0.8966692748681914,0.8893454971923961
2021-05-28,1.447833791595251,1.3955274520574157,0.9402544676745125,1.079600999305234,1.5542633922660185,1.0,1.2649957779682004,1.2705825887812183,1.3001595617192792,0.8374219133013736,1.1751373210442424,0.8415825310880348,1.3682628016634881,1.3092974086912101,1.3183284559078667,1.1884826890083422,1.3910318836082136,0.8750951586709702,0.7530148064372135,1.0338283077508026,1.3925019298663375,0.9763856945369399,1.4067864815798763,1.273715637483805,1.0144586622685088,1.2081069812721004,1.5514360142256627,1.3332686462963683,0.9762571894618087,1.0,0.5546857260974849,0.8478510638708874,1.115065701974893,0.9841033891634688,1.015491821835397,1.3610716555329294,1.1946739525455605,1.2734274684618223,0.9505988363771963,1.3977855715797292,0.9968569994592668,0.7423002773491432,0.943492216738425,0.8501106907987943,0.9338700089643267,1.2778591502094323,1.0981436012819872,1.4310806157013896,1.2685188973725117,0.960685506318214,1.158153197312231,1.4517121872551595,1.2092923800642637,1.388488705978285,1.007811856430527,0.8583535385807199,1.2874619553339441,1.565118646506781,1.4718342696995834,0.8658675217405961,0.7940433800804192,1.2061881296686385,0.8562606965787565,1.0987495542738697,0.7552386065785757,0.7748677030026445,0.9800411713760494,0.9514553474245203,1.229529675482719,0.9449401034020093,0.9010222931717804,0.9838092771358937,1.3212985144171736,1.347344512915669,1.404038556850401,1.3456307813238717,1.2151402241383877,0.7385247874773102,1.0020735904019464,1.458982504671431,1.4420066471566775,1.403186656556076,0.9169049724564158,1.0,0.8222223312956441,1.0,0.8702231766232631,1.0729910454925102,1.3488188721402692,1.466788104124759,1.3619902260838566,1.4404363724631275,1.2037637313932756,0.8823299372997221,1.2024113550974385,1.0359673156553246,0.5093861725511206,0.9928052667228683,1.2154975663886458,0.5556991841242017,1.1452878474285821,0.902040285050992,0.8653561623046223,0.8070594164020742,0.9952590968831698,1.157719036863479,1.005177430060809,1.0,0.946867058919998,1.1679424369832159,1.2713991795743562,1.0,0.9515093795124767,1.3891959676064534,1.4765775104653858,1.4488500078960693,1.4014375293499162,1.1860168433512754,1.2499787944811285,1.0144206467209016,1.3019545838569482,1.2766707988975288,1.191774631979997,1.3673863335842797,1.5873473151735644,0.9467557322510829,1.2844339704110697,0.7482318519746316,0.531128613236661,0.7002984028804271,0.8985142543127591,1.3662660348523947,0.9544752675892101,0.8929329249407095,0.8152216137702614,0.9984085283301336,0.7935934576815413,1.0,1.4146786726043092,1.1904225646281288,1.010970330688809,1.0441851971207543,1.2905129608726442,1.1519338120790688,1.1455994047076148,0.7297945879235408,0.6843986199012058,0.5609486396693026,0.8578863027675234,1.1248470788348883,0.8380149131736885,1.149480602740136,1.3758686789982646,1.6146567600476698,0.817167025307251,0.8766025076787566,0.8819484016962496,0.7860671171765616,0.8743981464354244,0.8600292564932899,0.8966898675752656,0.8893377041386146
2021-06-30,1.4389099675355501,1.3923708157437757,0.966915468691283,1.0790517091938379,1.5497118529880343,1.0,1.1556099453650557,1.256693440276052,1.291666598809326,0.7810955094624831,1.176694933078306,0.8396918008602896,1.3707261955200551,1.3132453246416729,1.318120983223917,1.1719749867042688,1.3910156048032771,0.8939288051778087,0.838170845476358,1.0343803232174853,1.3923236414791653,0.9760118878424027,1.400413245911077,1.1732178256370092,1.0152044516603265,1.0027681404328033,1.551518491361441,1.282124917174113,0.9750870106786731,1.0,0.5733069819166586,0.7959853467640052,1.1333599471964264,0.9813387628250074,0.9953134298972558,1.3270825668746702,1.1873113257916281,1.2733085111613867,0.9498849863322016,1.4007911109802007,0.9972146384769505,0.7407556945108771,1.043949961715188,0.7987844348140429,0.8900169900500928,1.156477204794632,1.0468955709429646,1.4284103600576394,1.2736121081366951,0.9636909071612343,1.1655723791698944,1.451555760985276,1.2252484880512975,1.3882863369528582,1.0225612073547894,0.855857606784336,1.280558554955927,1.547323815486445,1.5158649571708287,0.9269144083660702,0.9234619999649231,1.198630102956587,0.8456687663922386,1.0542492554157252,0.7327075514156064,0.7930789389284637,0.9859586240792378,0.9662327152440682,1.2179795693798756,0.9309605979047335,0.7694638572990184,0.9835487808860922,1.3174863710468783,1.3207637624167288,1.3743791455235477,1.3372814600353533,1.0644125689617865,0.7052852336462385,1.0024483853095938,1.4350034875456792,1.4378281942115494,1.402398938270136,0.9154969717343576,1.0,0.8209260773774739,1.0,0.8890703963388252,1.084541574878339,1.3459835809849074,1.4602284124368263,1.2194703457945628,1.4331674033195574,1.198734965991951,0.7699203845969514,1.23716684131986,1.0580576522772287,0.510750635542561,0.9685404393940821,1.2405113534231704,0.5215322459183812,1.1736325636556346,0.9088472420597411,0.8879883818272999,0.8310408588481089,0.9951597104745079,1.15710547053016,1.003802826038016,1.0,0.9511815184833389,1.279742595232145,1.2425685895794085,1.0,0.9509537826751524,1.3890851550146313,1.5587566535660704,1.4454168361543822,1.3812827618612782,0.8493710749755904,0.9730700422673927,1.0005057028250728,1.3019441528488693,1.275275001465837,1.170148723123446,1.3669399833904832,1.5865620277075196,0.9386115573854712,1.2206249432384042,0.7905943668439225,0.5972988485083209,0.6832803526952527,0.8947190456846081,1.3622407710407438,0.949009498571091,0.8942343052245941,0.8235170676647323,1.0007204500304352,0.7925460525494883,1.0,1.4132551247681728,1.188810339464772,0.9983339155438119,1.0020066112554342,1.28952881960719,1.1499566862883905,1.1455962387511962,0.7175144062752955,0.6844372853090175,0.5671271966876712,0.8668994226192568,1.1942014884183059,0.8228149576857584,1.1252033063897309,1.3685627654487045,1.5977013164993052,0.84372140219157,0.8940990105472683,0.9176431024619894,0.7874091863996779,0.8638665682368484,0.8600763842631842,0.8966844361147132,0.8893456159057906
2021-07-30,1.4543301918825662,1.4008954129179034,0.9096464043538393,1.080076966464401,1.5423966372401865,1.0,1.1076126819677112,1.2300486413681564,1.290806725662074,0.8482059424661721,1.1789704257734481,0.8447293434770168,1.3681193670802263,1.3130923915151897,1.3176942848248343,1.100464440600214,1.390976708508905,0.949591758583286,1.040427543204866,1.0338171182788811,1.3928924998245367,0.9755377247738239,1.3917723158899413,1.1654163666857111,1.0193323637669163,1.1322763499046986,1.5678643106641195,1.1760145042164019,0.9765940045860007,1.0,0.649709323291036,0.833138225650284,1.1735335298048257,0.9717725464129405,0.9666107125685173,1.3775566703237079,1.1818179841110505,1.2732351265776283,0.9479509877861049,1.3902009758483442,0.9974587638031012,0.7728060474154206,0.9900624895619098,0.7815108660235173,0.9145124029803684,1.1748547312644533,1.1148125097601926,1.4279666139999398,1.2339972579419312,1.0187097075834397,1.1200854461317316,1.4519445186634072,1.2756277413122268,1.2132070121643392,1.0495320004918376,0.8429215599779644,1.2796326737329755,1.4904705305389245,1.493874372212087,0.9577823941576565,0.8389036160549628,1.1969569682555394,0.8380751993165556,1.0458399748663607,0.7411408953612526,0.808012474335299,1.0438573815297891,0.9999146453509484,1.2221038337549208,0.9344429130631665,0.7426401187393266,0.9838963484398499,1.3280726827882856,1.386466925190303,1.441793586874827,1.3307729653581943,1.0646329665749492,0.7039303504681697,1.0027962722872503,1.3904055315147832,1.4684276459185808,1.3975444299244684,0.9191733621096368,1.0,0.8214703795236439,1.0,0.8789588624501555,1.0651093854843952,1.3387307767194583,1.3741772686845513,1.2763177644513628,1.4304946499060804,1.1540017455663678,0.887174808082257,1.2572167689802562,1.0799324301490056,0.58933523736481,0.9969586673258977,1.149493896410103,0.5082482968662976,1.1934926441060576,0.8915624868499173,0.9159469440181588,0.8757942697724603,1.003815824590611,1.1468987628392668,1.0035319292776976,1.0,1.0092886079558112,1.1920041288956877,1.2329698613644497,1.0,0.9516333005758454,1.3888708615414673,1.5411315198231528,1.4403946874395583,1.349096416880095,0.8325375740465262,0.950532608734898,0.970712917714515,1.301955817590311,1.2709659229060408,1.1415809728548707,1.3657012551827943,1.5866664490413198,0.9344619962324365,1.0670474253350535,0.8023717700594238,0.6455355856219973,0.6843074688540627,0.9695188384989635,1.3711528458071005,0.9460504761345615,0.9018603520643366,0.8680061105686294,1.004965362261072,0.794704950929852,1.0,1.4116044087561606,1.1746022845632913,0.9231391596631218,0.9201530971408203,1.2884284481618562,1.1781540156500037,1.1455829331566574,0.9731436503823421,0.6845883546840204,0.628920919997384,0.8841179331802377,1.2808281496919929,0.8214536947132678,1.0242411020186963,1.3194725452769114,1.5706749740478712,0.8320815886335232,0.9410091567378307,0.8931822407309129,0.8016130612748943,0.8586697186293897,0.8607014883097471,0.8965549699928917,0.8894502220348385
2021-08-31,1.4482795979599667,1.4295718888170637,0.8703498417302533,1.0795209812638469,1.5253020824889767,1.0,1.213128693088771,1.2130160244231978,1.2861669083939384,0.9341896101086542,1.1823255999488043,0.8490106106263202,1.299883560675744,1.3135475513822532,1.3175075309682969,1.1207483224701218,1.390993088790159,0.94900911854113,0.9798439524767147,1.03639754696082,1.3926274339535412,0.9754844470786406,1.3917259226862961,1.1559158225068569,1.0187398672521468,1.2899049836213443,1.5692952072135493,1.3337844672153687,0.9784990506443592,1.0,0.6639649743483333,0.8269940423195407,1.1735991388403617,0.9734580730149168,0.993331908728568,1.4035157109564216,1.183799996395034,1.2732408001609796,0.9450606778335868,1.380383431574481,0.9983195854590842,0.7718530526180625,1.0384888353434236,0.7988950985071956,0.9505844877192974,1.174777983780595,1.0167468662038137,1.4231526485533685,1.2391687814205443,1.0000071376865785,1.1622978577785978,1.451564997002528,1.302538082879285,1.1308259885615648,1.0572197065823796,0.8438163227636943,1.2720182758281995,1.4219893989541226,1.488811009006283,0.7876980303713808,0.8153314169875003,1.183456119271604,0.8369323605789095,1.0658412006884763,0.7614200764259182,0.810289058040699,1.1540557823497444,0.9980018997343962,1.203662964825368,0.9384261474969579,0.720940124014755,0.9785875685870411,1.3065111539498084,1.2951489964862715,1.4028188849879448,1.3193789044959459,1.0734124617271985,0.7075930213765247,1.003895421877273,1.3978389307315913,1.4597388216790734,1.3994596040471072,0.9342049968927643,1.0,0.8217094259857904,1.0,0.8865007192794647,1.0599999387746366,1.3265860840849604,1.3446446250311204,1.3242797196929534,1.438161760893873,1.1732089625501438,0.8446908230125001,1.1940804631698356,1.0792671226215582,0.5222049989402616,1.0186692712701295,1.220884519801674,0.5586286137462272,1.2170666650767588,0.9022527497836808,0.901464355346133,0.8292045460759333,1.013515224407205,1.1407027568066899,0.9992206397293113,1.0,1.017218448746942,1.1498560361232046,1.293824473513595,1.0,0.9523195138882529,1.38890892158773,1.5307984844954627,1.4387707968244725,1.3805611485300144,0.9114239601841504,1.0556379992707074,0.9928464871233333,1.301950487075366,1.2717504670117514,1.144875811068233,1.3660325041011603,1.586274235488983,0.9970507171801082,1.1337255281094358,0.7539275287598105,0.6201992763447871,0.7687201960776723,0.9726636162170466,1.3494367933162084,0.9409301088811659,0.8979898530768855,0.8408267760831298,1.0033725446521506,0.7965936702807714,1.0,1.4120522252460872,1.1748931843290074,1.0349996242710282,0.8723766277395563,1.2893461015535053,1.1494517524017456,1.1455794707978733,0.9868138272244279,0.6847841929330643,0.6380344989250084,0.8854894690332733,1.231680592561303,0.832994414430653,1.0532695480581598,1.343741087308488,1.5798123987563344,0.8400908456819841,0.9364305674458666,0.9318446712241244,0.8040360979051429,0.8670791830363579,0.8610682580039387,0.8965097820394464,0.8895574496035898
2021-09-30,1.450366803896248,1.44326533537146,0.9028470225406614,1.0801466428403637,1.5128147775664575,1.0,1.228173804751283,1.2643470977945646,1.2885249785173412,0.8073006784574548,1.1815343471405084,0.8442317624376632,1.3404334294385625,1.314018947629973,1.3173073002146372,1.0507640373935496,1.3909167904011346,0.9739041185001345,0.8839117489386511,1.0303998686911384,1.3927272496323506,0.9755180132666015,1.3968683772048425,1.0634134955161543,1.021351446765957,1.318733765988202,1.5680442031339197,1.262334978322901,0.9750999305220481,1.0,0.6405248104411787,0.811718116969827,1.1720357587858388,0.9611433485978353,0.9355526990950839,1.4187112169262428,1.1772361544312135,1.2733566628320707,0.9447570307832813,1.385207370181258,0.9984581674106643,0.7866938867662807,1.0292628400455142,0.7845727453379477,0.9218348281189183,1.1771620092246697,1.0270593521770794,1.423747561507259,1.245674653358091,0.9901874182220894,1.1300530389232373,1.451552921982608,1.2690097618847995,1.0523527396106587,1.0356114982131082,0.8025667767999264,1.2579788332220954,1.4678284655024214,1.5230595811798135,0.8370421399983106,0.7849066952365105,1.1996470719617334,0.7781443730120529,0.9525928179404118,0.7182204454028163,0.8122330999902342,1.1258291200139356,0.9844993430978728,1.2479866629917278,0.9257201935237737,0.6703090153016688,0.9792081348493545,1.3033995028568874,1.2416174498289785,1.333424578825266,1.324045206751169,1.104509369658468,0.7124915974886301,1.0039445767775483,1.4101432561958667,1.4718264235535177,1.405064449939446,0.9289302574459917,1.0,0.82228749251107,1.0,0.8855282988502569,1.031490686598339,1.3405274974316133,1.387173386434176,1.2140112335269653,1.440154302201858,1.1632067861228936,0.885899176196262,1.1362598703207465,1.0660443452800277,0.5975156323205859,0.961524390495679,1.214310208941132,0.5229401364392503,1.2376606619707382,0.872920152087763,0.9021607775898414,0.8179692270458986,1.0147691867666964,1.1302663020216117,0.9988335718933177,1.0,1.0271756022471692,1.1355571586917523,1.3518778970135177,1.0,0.9511302625978421,1.3888451839191047,1.5711674528635955,1.4391967419315423,1.3754567183808484,0.8212865179379086,0.9278177480632508,0.987756096207837,1.3019613630924696,1.2729334085805215,1.1578505751580443,1.3631546241228094,1.58306862150845,0.9917951793084111,1.079855335899206,0.7129967511480635,0.6115784126686244,0.7330865648153277,0.9313223742106997,1.3319474884720945,0.9400843895442221,0.8977463600699067,0.8228652370021944,1.0027591627818504,0.7977132880907286,1.0,1.411569308326452,1.1470981312719752,0.9897069276650655,0.870172788152261,1.2893733912852132,1.1622432986589846,1.1455816090109323,0.9929413069166073,0.684705969252952,0.6462824216374303,0.8951342141141195,1.238037046749787,0.8558315469917526,1.1232573199972313,1.351774154379871,1.5778818839077613,0.8179357792699904,0.9265695506260194,0.8879129271178917,0.7954517329108092,0.8375654548619796,0.8607423167675619,0.8965438994852355,0.8895560649446784
2021-10-29,1.4354134825335536,1.4428615737949393,0.8756051053709394,1.0797384238273688,1.4975554003434708,1.0,1.231914308687369,1.263359061769176,1.2806089308290818,0.7778745524301887,1.1811330153141193,0.8415688955881031,1.355112527464108,1.3140287520707497,1.3169585539941009,1.0844604112870564,1.390778257298827,1.0036779341280304,0.8883672465427959,1.0305873348877095,1.3921794345340173,0.9756682089882976,1.397074166657014,1.0585437631721066,1.0216062639762602,1.2917089555977732,1.556377919684047,1.263061708144366,0.9813315317321711,1.0,0.6099726411020354,0.8325233017792957,1.1653065539493375,0.9584986751009001,0.9261575997059603,1.384192104238426,1.1664271154092272,1.2733625662746144,0.9460486138942208,1.3808204245053672,0.9977701517361959,0.8349968054717318,1.0249067596155292,0.7693531832800796,0.8450340123847636,1.1475352310085367,1.0021418333279488,1.4203155518629607,1.2685098196788418,0.9822305687068,1.149608401135092,1.4510527931009063,1.323624095964005,1.0098489202592262,1.027884555378597,0.8789601944923047,1.2266332927410384,1.5235251588289982,1.4893292156983295,0.8735621130268475,0.7863833901702013,1.198457729030032,0.7910500346120417,0.981179271754968,0.7172320294211334,0.8269284639151565,1.1243459758436127,0.9904259998510528,1.2408717838416545,0.9582972798039027,0.662288774003519,0.9802477235398714,1.2889197756173252,1.2038870805354172,1.277179941930942,1.3143158483676696,1.1047777017926832,0.7156867687080117,1.0039109500686623,1.405263698481039,1.4548394384329697,1.4015333444963753,0.9129530492787891,1.0,0.8219095461900179,1.0,0.8929626531053253,1.0369009109835887,1.3345151233965966,1.3830692672088882,1.2016164647135326,1.4342580715232909,1.1642605944578475,0.896128606458865,1.1242877235677993,1.05594823551204,0.5754657735560965,0.9648743579855252,1.2379957822952563,0.5146713426451278,1.217185088736124,0.865849928551904,0.9009432143192225,0.8188180404233074,1.038110842600606,1.1281572666089272,0.998359935098503,1.0,1.0382196461072197,1.1577185668887366,1.3375932476381858,1.0,0.9509648003388544,1.3888981590180374,1.572208716491704,1.4367491324110886,1.346996675391328,0.8260197153142179,0.9162985040980025,0.9911260297967729,1.3019742353720183,1.2706364309560574,1.078788639099264,1.3626539891802096,1.5792086331213104,0.9739490352851443,1.069418252335149,0.720125733592795,0.6084208499681509,0.7741079495660257,0.9706176598574069,1.325930530988014,0.939643016525576,0.8974466994173733,0.8127280790102083,1.0028836146714424,0.7983065072615628,1.0,1.4106825884249488,1.1510583467718831,0.947489546153076,0.874708967898538,1.2894428462449188,1.1839969758956972,1.1455793088676862,0.9925837291070627,0.684654357072493,0.6605503529258612,0.902772086315348,1.2419674209944467,0.8499847416062586,1.139988656639429,1.3587346100612334,1.5809267968480907,0.8273326573814213,0.93347135725109,0.8821328396517495,0.7954610956295901,0.8391621900543376,0.8606266550671529,0.8965375969810531,0.889650375236061
2021-11-30,1.4146239854063563,1.4189184117727947,0.8484981739749826,1.0716112960431472,1.4473988935154452,1.0,1.1596143598703368,1.1999845120429855,1.2493990427025694,0.7478041889563114,1.1892357625073005,0.8737413890592143,1.3419433486341903,1.3060425905599913,1.3110535213125012,1.1127637087360438,1.3905036140604374,1.1421365049951864,0.9074384626111146,1.0308608886631896,1.3912746354776748,0.9756824525681469,1.3668764227943737,0.9450423007285031,1.0206870903394332,1.3040365192659373,1.567761484343093,1.4287917984597747,0.9826921528398863,1.0,0.6484811814884225,0.7756199569149248,1.1041811010232354,0.9711079313160913,0.9859826673686181,1.312904853201798,1.1147560057411365,1.272855420041477,0.9502033190917017,1.3151804751721514,0.9984955217551748,0.8841530282058163,0.8932048896676745,0.7648481740441131,0.8540377820927224,1.1765768732772364,0.9356526411626453,1.401309446729552,1.314582055345544,1.0076533354472512,1.1784702560148212,1.4499375237700156,1.267613279797486,0.9116369159043347,1.1249064743178991,0.9120998497350775,1.1713458746076302,1.5776453034768274,1.4803581423887684,0.8083463908807719,0.7743140715820992,1.1884271252001581,0.7791904618350108,0.9591368523583571,0.7101723785697209,0.8787970734356947,1.231899559772214,1.0550793087750527,1.2408692851946368,0.970886284147288,0.703431190754648,0.9880238668167279,1.2532828881587532,1.11863193591168,1.2111151851726327,1.266470598251737,1.095572371053115,0.7215402084446003,1.0022668446918614,1.3357276418630217,1.4228672710546981,1.3825984799510742,0.9427530775118842,1.0,0.8205087572238055,1.0,0.8992103966134564,1.0609713763134179,1.2515650776988587,1.3337989593081885,1.262197153885728,1.4355057519884526,1.1540328749059945,0.8781296806776057,1.2025014353977024,1.0806355678909765,0.6522910173178864,0.9305091454021353,1.2822225351265524,0.545781265517365,1.2071189692463484,0.9058889382360938,0.9289705131608778,0.8478399399620339,1.1304267774429122,1.1241180889007034,1.013571033439838,1.0,1.0918481998802647,1.222048972741661,1.4225511438596088,1.0,0.9521354460768384,1.3875407899271384,1.5576029949166905,1.4182635077491714,1.3055414168515016,1.0031908957432014,1.0937462015752333,0.9975536342136555,1.3019449971583996,1.2587617103275701,0.9892737318817698,1.366498672719429,1.5827559861399898,1.0613676244422714,1.0614562157890333,0.7980749939579181,0.6519208954855247,1.0467397548622577,1.06686737995337,1.2938732628321725,0.9260022850498862,0.905558564083917,0.8655421388742974,1.004214248454291,0.8212741164162771,1.0,1.4023093504456974,1.084053202714113,0.912211301362512,0.8729979223413105,1.28735763144114,1.194215063246241,1.1455066178225781,1.1209891528757636,0.6863762179800006,0.8315797137061713,0.9031793567213185,1.2355895294232444,0.8379615115969444,1.021607361524076,1.282074878725969,1.3361137997355477,0.81897324621728,1.014783580464357,0.8362744463655557,0.8483601309310235,0.8628654075408476,0.8641203013833356,0.8961599111645464,0.8912251168008708
2021-12-31,1.4379837204886077,1.4446365479798013,0.8385084059289329,1.0764580229590457,1.463860746797907,1.0,1.112663373659176,1.1241764540085994,1.2621643248075345,0.6651951682513888,1.190705429187383,0.8892150374214168,1.2714521181042253,1.2917121595785583,1.2896471049347598,1.0738169182046517,1.388196831245161,1.1814934986153693,0.9411268739056495,1.0232995737354802,1.3917763979710591,0.9755981297980039,1.3708255901973474,0.9582743934823278,0.994620821863652,1.3470471835041438,1.5704453989279048,1.4365881289287594,0.9851120412014505,1.0,0.7561281000984154,0.7644294064612017,1.1046924584865663,0.9683091097175989,0.972542817793072,1.3694129035571243,1.1046986087777333,1.272772097197432,0.9510441199953519,1.2715811841174995,0.9982890619362038,0.9733522565253128,0.80805350067469,0.7553928505647822,0.880226111999195,1.1866640586278956,0.8667554368986427,1.3752173330244561,1.2760914398382934,1.0866677488920757,1.1836264098341889,1.4485467045380522,1.3325600229335672,0.937129941409615,1.3294154068947721,0.8554793642831574,1.1514545957501519,1.5807634501751566,1.5652308335082425,0.8029710770900325,0.7717589038367201,1.1723081898183096,0.7270687661099076,0.7806501960446611,0.6204957183027404,0.9263179270849892,1.3321294585628694,1.1003467739501558,1.1951593606929238,1.0329874686021836,0.6540411088961475,0.9880459328108248,1.2450611667469333,1.110887483681021,1.157751887893145,1.2419248462068475,1.1009662745753575,0.702636609763759,0.9990098938812819,1.2783130996223875,1.4569004556846528,1.3805379894442564,0.9893105725575747,1.0,0.8230566230167726,1.0,0.9147482445118,1.0567051528437752,1.2513037055230434,1.24316220116785,1.36525176093973,1.4328636506959538,1.1278281841800037,0.9032531073928955,1.2464002131220724,1.054706295764272,0.8757649884708911,0.8907846282572461,1.3088083475924823,0.4884102328105331,1.1572983575934335,0.8994996939660236,0.9885881391185316,0.9147580909127749,1.1661886013591745,1.113013845826717,1.0189220871248912,1.0,1.1014516755508927,1.2873796496884546,1.4460943013957726,1.0,0.9530289221161479,1.3875669673125237,1.5836199496159629,1.379614394896523,1.1830367137288382,0.8535129941210635,0.9487155633617339,0.9586827102780953,1.3019658617421543,1.2451485791563237,0.924477546340978,1.3667972757384461,1.5842945602738143,1.1265415389142088,1.1103713616503466,0.9062196091106953,0.7330295772010345,1.2301003976970164,1.1531182551244976,1.3288482244624003,0.9255994747535907,0.9412101403632911,0.9120324615308498,1.007473856145559,0.8245140257305424,1.0,1.3829518130626888,1.0554062204779133,0.8191613449342224,0.8831787099457928,1.28262609179603,1.2079847873779137,1.1452753463130987,1.2206585558902352,0.6899142208616049,0.958458906180106,0.9781393827206012,1.3202312227035922,0.8361256506343596,0.976554796014948,1.2326290937158404,1.2838155578149586,0.8154855156839643,1.0988779986067507,0.8084188007856434,0.8921698474691361,0.8054074671458813,0.8689150644325948,0.8957946787478512,0.8942742223880374
2022-01-31,1.4597026798534958,1.3902111228018539,0.8680857524766881,1.0791120710120583,1.358401232539098,1.0,0.9620312933033273,1.1088541164521086,1.2666383203036211,0.6403319132476839,1.183747782825809,0.8959690649510788,1.188309558996421,1.306113935586739,1.0522570192077707,0.9309946291653326,1.2946634516462672,1.1906444022784544,0.9277037352298867,1.003007269964033,1.3928528565038027,0.9780031693589271,1.293500836452877,0.9880782057476167,0.9699461709689692,1.326343429155572,1.5710393722319798,1.4346861467070242,0.9970461523255176,1.0,1.0607462649612975,0.8155904933887134,1.1679862033124535,0.9560862663441414,0.7996818237255883,1.4333734068179793,1.1375934492750595,1.2665538147213182,0.9426704004728764,1.1432719596007717,1.000090081533536,1.1592910815459823,0.7573336970567756,0.7545121046905079,0.9619110122915149,1.159996238556522,0.7861166419665468,1.2964155323026387,1.2108674895412355,1.239662546816216,1.1836776755340457,1.4361225703742824,1.3843633553251093,0.9726745035721831,1.379602133658219,0.8660123811363386,1.0447197407442093,1.5835835126178774,1.5990628548314736,0.8482001194854225,0.7664221199050585,1.1696781891996864,0.6691891393039028,0.6253615683306091,0.5917357131558103,0.9994667090218105,1.3986872854030135,1.1340103299475368,1.0745181138597246,1.036723362159897,0.6093738450717712,0.9885163541293431,1.2645036735494102,1.175167347280971,1.123445026296261,1.1807660241529778,1.0795884472620472,0.6971443431877544,0.9971861729950446,1.105238313254714,1.4770885115078314,1.336529262724906,1.141541629712692,1.0,0.8317108598783292,1.0,0.9532530098264522,0.9689038304995006,1.184568410351698,1.136642727143993,1.3515364539593402,1.3338436920117138,1.0234077001329625,0.8888614023519311,1.2772509211164689,1.0055627347829115,1.0171052747626028,0.9284124324584568,1.3007042268845619,0.41794152801232076,1.1519108201387356,0.7565087753695883,1.101249702589907,1.0076529266424419,1.1707474073231865,1.0298787056020857,1.03966887673242,1.0,1.1019859008927129,1.156113243343807,1.4434169916677633,1.0,0.957116110722011,1.3791394717920618,1.5753668349559558,1.163226345853871,0.8443951660992166,0.765541843530551,0.652427856470621,0.8926087675296457,1.3019481733912064,1.1263539453524982,0.8964785638405204,1.364804801168777,1.5563912748069575,1.2668376959337038,0.9763288863904617,1.0111509337559639,1.125290107783195,1.2672509791523594,1.2206583853117554,1.3203744749336845,0.9122491990995012,1.1390540352934515,1.0234480398239634,1.0170423998064355,0.8179375006837843,1.0,1.153973390391427,0.9541002716191976,0.7716971921916064,0.9283792887335297,1.0954835632510362,1.2068402920040922,1.1406235255766521,1.311446362283669,0.6960051973890113,1.0724133499337896,1.0559772964302185,1.3730045169444907,0.8290959897789411,0.8840756393962066,1.0107340708284165,1.2467855937369143,0.8140498450435739,1.264929870706432,0.8502021436504495,0.938152334390429,0.7287619134604648,0.9036140477611491,0.8970382666478578,0.9200774951011892
2022-02-28,1.4517910046098865,1.3948170072460884,0.8741276060353429,1.0778429404234708,1.3151728442225852,1.0,0.9919027621186064,1.0898820678229486,1.2601496232850975,0.6363995063654156,1.1654955511940366,0.9088691654951486,0.9152464051754381,1.2939082871822072,0.8703912369267948,0.912750500932251,1.162317561423055,1.1680834082455354,0.8698769676830628,0.9897332311524542,1.3927908839854837,0.9826742479630834,1.3126399612907744,0.9746713623615466,0.9680384552890449,1.1884983480825357,1.5711026442427105,1.4405013870864114,0.9913229730766075,1.0,0.9508729461570007,0.7684409872715768,1.1470279299489528,0.9565913876116108,0.7634420438143874,1.4406061946981377,1.1671230300217224,1.269598188129243,0.9421117686973675,1.1458125551927076,1.0002625012562398,1.200538842290325,0.7359508840510565,0.7531319673926742,0.9583487808605935,1.1428350183468297,0.7877271287695825,1.2021918357161123,1.2213762662959229,1.2122072053199031,1.1849346395119684,1.417458193033402,1.3226458145587192,0.9487172740291824,1.366658690737343,0.9371551438822037,0.9965373189975604,1.5830543774262877,1.5988249491342779,0.8058808616730998,0.7631727802904809,1.2052524764122476,0.6471986323083903,0.5911669408221049,0.5858529797636041,1.0483683908835788,1.4027290212806636,1.1365543625858718,1.0859219109739626,0.9855812397645359,0.6381083555293361,1.007202392687539,1.255928411830551,1.1368691977040724,1.0291663763171939,1.1653879301445889,0.996242116383147,0.6973680718967481,0.9988489268649415,1.0844413707583815,1.4733417394386756,1.3525059221485105,1.1703743182123336,1.0,0.9018546885568268,1.0,0.9758285385327495,0.9598971478763353,1.1887584992232187,1.1313443023798393,1.2921463020914403,1.3011959546352496,1.0332609622588065,0.7959905468277636,1.2082618272285068,1.0529832638102654,1.0196180894165618,1.0423693164234804,1.3206969685238619,0.408060568158644,1.1364748437138164,0.7356079233542432,1.120462282808348,1.054298282791682,1.172621348708387,1.0164479940427,1.042123763028072,1.0,1.1010674679183143,1.0627939272493099,1.3942660140553849,1.0,0.9570090226225282,1.3806933550178389,1.5646144383808096,1.0932014674136399,0.7857376834372928,0.7660220359702461,0.6467418665676029,0.8342146684297815,1.3003322709002807,1.0999508267964178,0.9081565153151688,1.3652162942930832,1.554297571572456,1.283544885895979,0.9645113686413427,1.0426960167235533,1.1572789590251955,1.319129465095355,1.2151831428454622,1.308525708511769,0.8994387719918184,1.1543685390038227,1.051799346672368,1.0189335704443372,0.8394249896938136,1.0,1.0907271267023129,0.9664517238041039,0.7697565225751959,0.9858119174929546,1.040047575234438,1.1214974317918622,1.1370474830745902,1.3248714900745047,0.6960173468283227,1.110359109334652,1.074245469782843,1.38253357581952,0.840358200730825,0.9291412010607422,1.0056503675508535,1.249059919778603,0.8211112233236386,1.3071383583586311,0.8140443263245577,0.9564616824878449,0.6838305468454403,0.9143359755218694,0.8991981361627555,0.9358812610000055
2022-03-31,1.2814573457981728,1.2993143591283638,0.8728721840636203,1.075774157953349,0.8865238148273875,1.0,1.0272840491353668,1.0754195746931414,1.196518087310137,0.637617321016241,1.1160265012962691,0.8853473129479134,0.7424431911877067,1.1685099425258685,0.8408149218875001,0.8986520725578523,1.2536015339046473,0.9775505381119513,0.8263261438550521,0.9992762130201616,1.3831083028808018,0.9979935279864909,1.3003420665684429,0.9637011219478956,0.9717790136148681,1.3084385904874456,1.5699028683734801,1.441067145109301,0.9903085063505401,1.0,0.8366000373392476,0.738920119598763,1.1153110591617323,0.9573872632023691,0.7541790860780215,1.4109254041138715,1.1275900826300576,1.2683915882636263,0.9432896055182507,1.1552839699488233,0.9992151808361238,0.8979600560995787,0.727224310420741,0.8097926699363238,0.9290492679374944,1.1277683067082198,0.7206610562170814,0.8984048854433854,1.1054967962067823,1.108329578511631,1.1847060533696483,0.9549160069528226,1.104583199483562,0.9054069758425319,1.2888874374716037,0.9906492388666276,0.9040408534094178,1.5793797397997336,1.596362668646624,0.7700114057760755,0.7630856344617464,1.1988475289669065,0.6700788382367979,0.6298676819513148,0.5892638514330615,1.0305631442312726,1.369459066413328,1.129324209353321,1.1191063462093525,1.0096942562687383,0.6203774001300413,1.0051842722221427,1.168420301140546,0.9223929856061609,0.8157759734921005,1.112821184069418,0.9868029004718203,0.6976978418319846,0.9958489506000612,1.0528888154544598,1.2634177139265725,1.3448762737396531,1.0800404024117547,1.0,0.8846241873610786,1.0,0.9587318437060112,0.9629699406219878,1.119720123806662,1.23009189674888,1.205830194215018,1.2304136291184862,1.0577329208349315,0.6783365916695252,1.162447953703753,1.0334895510401236,1.0517051788894065,0.9063701406226399,1.2630454212720896,0.4055337954104633,1.1440341437664694,0.7053146773776104,1.0937419407970754,0.980179604067514,1.1713501582296872,1.009284553629011,1.0327865694870906,1.0,1.085936498899356,1.1118184502921022,1.3357055109112417,1.0,0.9564864506328523,1.3731242846006089,1.5603512733244638,1.091651190092922,0.8140646728323961,0.7659868358585412,0.6527905516486802,0.8956154817014065,1.2987530652190729,1.088534804527671,0.7964247117186681,1.3533174116996947,1.5340178876272796,1.1949537028885677,0.9758597220402667,1.0053614555055337,1.09341430644087,1.3235861209514737,1.1805203289820279,1.1943471169628426,0.8985577908030012,1.0905975668480967,0.9722237882187577,1.0144940043435215,0.8037113006809917,1.0,1.1003028423467025,0.903055369520975,0.7732280662468033,0.93627911148479,1.0546164291099422,1.0332464404835586,1.1251570095997594,1.291776737827556,0.6886278685877398,1.0276663251837672,1.0500398205742336,1.2898693444041587,0.8421576235422807,0.88421851591053,1.009493075702616,1.166995258233032,0.7712310905514936,1.273676418713764,0.7883030818031063,0.9207492417821596,0.7177428075858419,0.8824117223024706,0.89636379568792,0.9144796320784754
2022-04-29,1.3112692456073964,0.9025987973217713,0.8692075641643975,1.079031853825607,0.8725785396079851,1.0,1.0876033143781483,1.0221242302253166,1.2312549955550418,0.6364149767147014,1.0093486889469312,0.8745359648766131,0.6795784374334529,1.0223194427886286,0.7374226964151962,0.8669501272721563,1.1866163760853017,0.9448544513564339,0.7895128339465171,1.0007948169538117,1.3827127080919035,0.9889256519858168,1.334504835934319,1.0442345270527476,0.9601603110906624,1.3358239863697599,1.5706082338693643,1.4417610142097963,0.9845862330223448,1.0,0.9291511047182464,0.7593997049804921,1.1214461521051664,0.9624497322969101,0.752398875698402,1.4349581792492951,1.1493995380216573,1.2706473807576275,0.943412785835631,1.1799723102317794,0.9983464980026026,0.890987522366262,0.7264137790374136,0.8491922487569851,0.6693115235676459,1.0976005649359621,0.723951153318642,0.7943022428488389,1.0957036893325358,1.1012519958068687,1.1846308223815483,0.9186912156942852,1.08212807599345,0.9185776315991425,1.24825030776161,1.2334473967558208,0.9229517947183181,1.5765244260889486,1.600826413626347,0.7153804890036364,0.7631034148542444,1.1159579070540957,0.6530431208595828,0.6090847841622838,0.587518478582209,1.0684432835273356,1.3283391842272718,1.1190802029430849,1.110217832951926,1.0173777600504654,0.5972267237840133,1.0046680224603974,1.1650160536765908,0.9257957792015342,0.8642984846011547,1.1005505499666774,1.0000444128872257,0.6963456513595448,0.9960336960629106,1.0407282454881384,1.2690631487966444,1.3707365741865887,1.0425217484694471,1.0,0.9412409968198334,1.0,1.0150646949021467,0.963795400752772,1.129737297430483,1.1052889862491653,1.06332915616527,1.1760567282713317,1.128864570748845,0.4361883540498679,1.095449904900296,0.9972427084739167,0.9731599854899087,0.8211339284572117,1.2313526743229328,0.407664432965008,1.1016220056944028,0.6903909554041763,1.1024880443024225,1.0442448198674108,1.17083257967575,0.9791669786386915,1.0319406041659551,1.0,1.0769942677212354,0.961869012474268,1.3603127900442544,1.0,0.9561100284871515,1.3796773839563694,1.550118875980931,1.0495285615236172,0.8244673568908616,0.7648956917610921,0.6420246626861011,0.9160751280713623,1.3004824109309037,1.096360406012445,0.8473013289447927,1.3586648431113262,1.555326748488882,1.2264665290517314,0.9488956197309247,0.992103912419406,1.1004837549114677,1.3271324389998558,1.1973374552107707,1.2107834199126506,0.8754210530404379,1.1200367520298888,0.9737820219338055,1.0160940192224708,0.795521995902013,1.0,1.1327187853714273,0.9248030814999842,0.7732000156420256,0.9246565279166488,1.0458987583589399,1.0806753031766356,1.0962647994771864,1.1610433811577034,0.6860317349113872,1.0570955803288615,1.0573813911130174,1.3140706974678085,0.8417732880180889,0.861142261385003,1.0100730989822004,1.2492477666985227,0.7523514970016066,1.2681391217476254,0.7555055048891971,0.8651572102251115,0.7262318621038419,0.866616197760372,0.8959480641125088,0.8961029278674344
2022-05-31,1.1629377991527539,0.8709453053186613,0.8746264996299704,1.0765741331329746,0.81759806351645,1.0,1.0621866758447354,0.9719330478255727,1.2056322471569296,0.6354676733510389,0.9814150279891642,0.8907779264998816,0.6592504390062541,0.995592089192478,0.7042132603218514,0.7882698490835192,1.1258090412035264,0.9076587402697225,0.7867205879859998,0.975368516084832,1.3396117038621334,0.9776156851597234,1.31934967280247,1.0142501242455015,0.9598682963732323,1.328573147002302,1.5707336488380932,1.4413702866248803,0.9878940755798471,1.0,1.0604328823082771,0.8090894485319613,1.1175311125424878,0.9620013642687966,0.7371798357281436,1.4364482686027846,1.136105094662721,1.2697935034992138,0.9321607658645183,1.1485142008596794,0.9990938598727035,0.9279288093569653,0.716892204503472,0.7580030790573801,0.6722430707338822,1.0370458660016806,0.7304008413716367,0.7821684815264165,1.1166274421871223,1.1506812821269692,1.1842766315392668,0.8098922679772343,1.023378820283392,0.8798491127583012,1.2535838735451967,1.252438960288195,0.8270771027648165,1.5757521460054185,1.5962683626256218,0.7154518126923383,0.763034005741934,1.122094843215816,0.6057915766288335,0.5385101887246821,0.5815317229043846,1.153938504973257,1.3447235573634757,1.1217884300040917,1.1057937370121376,0.9840226428268402,0.6106390564877875,1.0108225454295434,1.154869691498294,0.9269262443687755,0.8581732722768518,1.0921729612293318,0.9942202877978966,0.6962861293261483,0.9976140518381399,1.010921457828199,1.1519235036132658,1.3737560731502576,1.0658618723510236,1.0,1.1062910800020174,1.0,1.1276984659124847,0.9652245314940048,1.0761802819788997,1.0599431437485565,1.0328590910485926,1.1925656560674938,1.1610112129958938,0.43897292088882445,1.1099255497001164,0.9703309770339424,0.9752587168427798,0.8599948500179353,1.253624358594383,0.39583109037156294,1.1624959159955335,0.6510090910737414,1.1121976435836922,1.030316054330772,1.171464765876501,0.9545178921081637,1.0279809512273668,1.0,1.0541489044166674,0.9422342956929014,1.3182473505831558,1.0,0.9623519498193337,1.3734090788318463,1.4751817359931407,1.0013234887246487,0.7706209362146453,0.7635014932361746,0.6261978139419204,0.8071774750487966,1.3013352797398017,1.0817187490039708,0.7932800380916877,1.3580111112416966,1.560239628978135,1.2475132106379634,0.9632443299253025,1.0282475980167203,1.1830613869340254,1.330294170106568,1.2102132456048014,1.1842730403187063,0.8754255365151109,1.117344713576555,1.005997226612423,1.0175368754014373,0.7972154320870684,1.0,1.075881703757853,0.8701925915994972,0.755255253005575,0.9308961949465421,0.8720384178477858,1.098784188742488,1.0552272616552072,1.1753332441039879,0.6882400417607892,1.1417350019845003,1.0668747969836727,1.3138340583685575,0.8357894446949389,0.8361165301862565,0.9897549290775309,1.136832920870558,0.7239270807053173,1.312261166741264,0.7370938346190623,0.9107951749543708,0.6364124823169504,0.876378536228679,0.8958792397157552,0.9051108112595846
2022-06-30,1.2001108623782748,0.7911170631163807,0.8723657641436565,1.0756545355422011,0.8155636294472645,1.0,1.0162188962634693,0.9510675625110557,1.2113413347499682,0.6370750009441317,0.94695538413457,0.9050948955093977,0.6554207478263501,0.9615522169584086,0.6888752741648523,0.7764719140303709,0.7886931115804381,0.9294127119156835,0.7762833694634037,0.9823679749885953,1.3618290204082812,0.9762334471214245,1.2728423835554836,1.0188854690793578,0.9593501277971015,1.2085202865907936,1.570911077669762,1.4409371987439143,0.9841196232643095,1.0,1.074271592786302,0.8437653606038527,1.1330944092955078,0.9611343586210156,0.7384029037497944,1.4409005912105481,1.1365611530026687,1.2641964074720518,0.9283006183991829,1.1113603514138102,0.9990896603178048,0.9313834188934367,0.7140740807289669,0.7484653457169745,0.6715721509385277,0.9787635007740116,0.7529339727483388,0.7975251786562074,1.1129053501825332,1.210792411544492,1.1840175266660222,0.9128976750957815,1.0423036698759043,0.9389803220066484,1.271505192686494,1.3123106939356293,0.8024731947651869,1.5780192314610537,1.5907556635382973,0.6906867185225172,0.7630601912160768,1.110036872629884,0.6047792071666357,0.5284770522286504,0.5816012638541342,1.1481395578874314,1.36868673968613,1.1240175208879637,1.069036047504546,0.9844869830991768,0.6216873858810223,1.0089022226044764,1.1657580925527853,0.9533509544511999,0.8953051876696171,1.0745557498131952,0.9377323522963409,0.6962611204925884,0.9977100919405968,0.9849549142234022,1.1895630067706748,1.3620030399503436,1.1275279365685926,1.0,1.0379070187421813,1.0,1.071514493372476,0.9592964842998233,1.0684939485586076,1.025785564775889,1.0165475773444883,1.1980442446605628,1.137501861617947,0.43919624659969236,1.0767290368115836,0.964777472878095,0.9680211546023082,0.8823046596239759,1.236388039565465,0.39757461453488885,1.130966764991587,0.6983324896608132,1.1077414000665762,1.0089656630231862,1.1714773384979944,0.9481152269218549,1.0285520993858739,1.0,1.0696727278331613,0.8873255097396935,1.3266761048652351,1.0,0.9645221869429049,1.3730792158875884,1.3150866520917184,0.9482719441186857,0.6650298826089054,0.7625531606986622,0.6150244508754481,0.8179041025024452,1.3010869127579832,1.05763728841172,0.7326249243070244,1.3637819156369706,1.5716756627167685,1.2891892198731325,0.960573986435639,1.0170914373837485,1.1319488633956805,1.330061930243031,1.221230926132007,1.195999540317346,0.8754527618605308,1.1259991109315464,1.0130169461782106,1.015062016754876,0.7953541218146493,1.0,0.9991511090562791,0.8124752579208617,0.7553273903017497,0.9594894434826388,0.7765367177044892,1.1417645946811779,0.999819713072614,1.1996515282376439,0.6935089731068484,1.1736469203479092,1.0671265127090854,1.3037419285266036,0.8318082546258918,0.8285023140537834,0.9774730405020838,1.1183143360202377,0.7106861430389737,1.305395398301362,0.7048230795399065,0.9446153775022695,0.6367662034948525,0.8913669280084959,0.8972102506571978,0.922142438375418
2022-07-29,1.1613143352803534,0.790511002881606,0.8755843853806118,1.070374853367995,0.8139510765699782,1.0,1.010302083202466,0.9660633589964117,1.2110779720023024,0.6392122853303749,1.0055511159412847,0.8853866723792878,0.6517248991038767,1.0606417889715423,0.7003426243003072,0.7751237695548224,0.8039928924937625,0.8651592180689254,0.7478159205337738,0.9905379653475147,1.3222936111916817,0.977805225777924,1.2718223808624078,1.0547202761749057,0.9594487531812832,1.173422542814091,1.5702011417571882,1.4377336985140121,0.9776198005194479,1.0,0.8974818034984714,0.8640956465165436,1.0971539590272836,0.9608090698911571,0.7394751284212521,1.4283541473561767,1.1430002930481875,1.2642411866035437,0.930909064726628,1.150115928322692,0.9989353490805,0.9117670810766516,0.7179743140123335,0.7563945754127439,0.6692041652794706,0.8772957392673474,0.7361528872496536,0.8178263825216884,1.09852318033474,1.127026621350892,1.1822745444825544,0.687869950151496,1.025283122851677,0.9109515862684169,1.2620013513969925,1.213968782158366,0.822092707765179,1.5462637770121446,1.5923150280269194,0.6565000871211744,0.7629687026507546,1.1317909840123708,0.61216857325763,0.5441382116524611,0.5827903568741761,1.069405813502968,1.3520156029330637,1.113335820553623,1.0648998096786595,0.956457229697532,0.6273829063157215,1.0074195951900167,1.1508696756908172,0.9154132166016549,0.8143047556981635,1.077646368523958,0.9425690800105079,0.6964252359566632,0.9962369974569654,0.9972493571554906,1.1439317167581522,1.3619569205275268,1.052697919289551,1.0,1.0500122535447869,1.0,1.0528611572928481,0.9587196832982817,1.0808709754493675,0.896080138122696,1.00142294883498,1.1767172210574128,1.1330593868365564,0.4399135779650455,1.016414822194019,0.9299979391210805,0.9277521130867699,0.8490557025681056,1.2219657644898818,0.3988446662342974,1.1015037047293477,0.6914953693370501,1.0894072715013965,0.950690816783871,1.1680979054244678,0.9348740099671162,1.0272180873091072,1.0,1.0251393586459498,0.8218521448561296,1.3446356069985592,1.0,0.9560231410393909,1.370713163025189,1.2179802930650445,0.9622208811285093,0.6705905930091288,0.7625080506218135,0.613829023079734,0.8049246254507219,1.3012062009731435,1.0648408394589186,0.8859875647888901,1.3632158982669431,1.5734087865576312,1.231215492975931,0.9458875210482864,1.0005371470153952,1.0941635674413261,1.330001019525505,1.192473161497442,1.1831572556467258,0.8756435196098575,1.069797717932438,0.9766473880549499,1.0119755350994868,0.7933473903073178,1.0,0.9953197394456845,0.8526085021378433,0.7543668538303765,0.8852333436495305,0.7873390161468473,1.1151175503325093,1.044584859896735,1.1004641542707703,0.6886962690078943,1.0831846772211564,1.0555892344467317,1.2482128096197604,0.8350787315313215,0.8364347990329051,0.9792003839610819,1.1463121857270457,0.7244807283579098,1.2672528214030978,0.7186472072877172,0.9046165291960113,0.6458313737340067,0.8755651775224275,0.8959233727413775,0.9037462208308412
2022-08-31,1.1682911173450425,0.7653085026136318,0.8942035795571182,1.0728359316846254,0.8189786403261875,1.0,0.9790824177676385,0.977025760013628,1.2100161857402054,0.6372725798388119,1.0034829293867917,0.8856065263460561,0.6293182096817816,1.0570032099532647,0.7001943551678382,0.7876793383513933,0.7881805149963365,0.8423397235570966,0.740786094356876,0.9939657239199086,1.3323413623898253,0.9801543089561814,1.303736273793318,1.1194157864539405,0.9595520175073143,1.1054001767982624,1.5708115117769688,1.430252930192261,0.9765938978565354,1.0,0.8786204608513214,0.8499190056337359,1.0727933539977599,0.9613237410675878,0.7410390761418081,1.406182484942039,1.1609583184947545,1.267991150795968,0.9353009231914533,1.1725941985469321,0.9984416268414651,0.9171636104644636,0.7257025068340229,0.7439417574398727,0.6674329081504317,0.9646022827844176,0.7563379791476854,0.8165088750136742,1.0950136292938133,1.0832835865685992,1.1797339277019874,0.7197689378320854,1.0143941291854137,0.9862969178239592,1.2339912390256076,1.2166148535609593,0.8577164997638973,1.5186665419200336,1.5896464862675803,0.6419020277684268,0.7630150110437475,1.147225150233957,0.6165186710854009,0.5507649245587776,0.5834324780699992,1.073586047013053,1.285285434891365,1.109022690893983,1.1242836521399462,0.9583022104626914,0.637415351814449,0.9958029721246258,1.155519425988963,0.914769581502315,0.8132783768947895,1.0907013701895965,0.9474616403542087,0.6963554779584549,0.99702203026918,1.0090655629451533,1.1515365504862765,1.368828641788982,1.0438016510989239,1.0,1.0363393639231773,1.0,1.0364141246761747,0.9586886479602155,1.0826270568935195,0.897004771481877,1.0075374265868744,1.136201102301427,1.112166257501851,0.4363143970409047,1.0114242711649015,0.9127693195442087,0.8873001861734844,0.8622868220907396,1.126444590357897,0.4017338038749181,1.04721916386008,0.6961391731235789,1.0856798589779246,0.9404811297072019,1.1642598410016929,0.9387019306101311,1.0229001851417523,1.0,1.0029122751159918,0.8145309665945262,1.255267515617645,1.0,0.9531711213622529,1.3713481387592554,1.2178941738748028,0.9742959866596717,0.6817452855163839,0.7625164696165481,0.6141224278713758,0.8176464678631966,1.301523904700249,1.0714876010078587,1.0453245639161484,1.3642417765838453,1.5763945594900697,1.182287857630775,0.9526293465667384,1.0038331261578906,1.0574045796382425,1.3277414354221093,1.1895369541458627,1.1869363063719554,0.8756692888909675,1.061865114175233,0.9479305871326035,1.0112759986997062,0.7933318101418905,1.0,1.0164196806946098,0.8557274730661774,0.7682929000997678,0.9009394935436731,0.7974607233887127,1.1378124383506165,1.0555317693763582,1.1033551460635054,0.6885878958979001,1.0663662085280654,1.0519440013433679,1.2300216576246994,0.8174703445569774,0.8253022795842655,0.9691029085297176,1.1056046824879804,0.7142995653888359,1.2585518712859654,0.6594593388565233,0.8979805677704472,0.6557056779928381,0.8741634088862207,0.8959573718407846,0.9038626257040139
2022-09-30,1.1169657217881221,0.7531155541784619,0.8772666134156312,1.0649234595043453,0.7813454896250325,1.0,0.9655613329479337,0.928376652683046,1.1903523512349545,0.639591324474332,0.9793353386492375,0.8969859634994491,0.6307304681392818,1.0327707565458684,0.6940974244886391,0.7796445256282596,0.7680004089969836,0.8540597689972508,0.7601650496916799,0.994730800266252,1.2465207441116424,0.9787904889707304,1.2790917260095385,1.1000931991205762,0.9595530470135526,1.1373330215275008,1.5709113767416136,1.4332534447634602,0.9781859028376443,1.0,0.9015179876034052,0.8641407813876965,1.0631647144982288,0.9603247029392137,0.745140267164851,1.3895127837401815,1.1502795662143366,1.2626667705359873,0.9397885028429386,1.138309992440902,0.9983743504237357,0.9155223599547725,0.7792541993120083,0.7429241242057358,0.664503877480755,0.9202452986378217,0.7241815793423753,0.7768012914188995,1.0534850475653896,1.165478238763701,1.1752737656478314,0.6553416870975901,1.014146113406764,0.9969545977256774,1.2170258326976924,1.1882092611156678,0.8353525424675183,1.5136647389056264,1.5848257749675017,0.6400907249075862,0.7639610037891936,1.1162258309031652,0.6169724316696931,0.5464078701676498,0.5833948896489984,1.1385808885957238,1.2984015909382631,1.1127599031467656,1.0871098143423672,0.9413414248556411,0.6720453109541221,0.9960545525776117,1.1385637085309215,0.893129848204931,0.7995466629683731,1.0797298262585528,0.9269257562640723,0.6962602510959455,0.9965244967628644,0.9837277288512003,1.0937219754284682,1.3471613026817029,1.075630614680957,1.0,1.1072418705352367,1.0,1.0603872261951317,0.9609247350044692,1.0428970903389652,0.8076644476323193,1.0329930605145934,1.1314152928203158,1.116221217805161,0.428652888548008,1.0270513696988472,0.9364599238300012,0.8377487735802744,0.8817986227424752,1.128655774950959,0.40022220602918746,0.98247060177182,0.7116429801528645,1.0981050953447309,0.9575772273330635,1.1616043787759232,0.9388810043813219,1.0191188970470295,1.0,1.0179598460091839,0.7874937535296855,1.245770555032539,1.0,0.9572154059211471,1.3637138067309387,1.117385701739663,0.9545358226293906,0.6860814796390706,0.7625427219438541,0.6147506071755393,0.804929686438062,1.3008407631005208,1.044105544304728,1.038470256208916,1.3633671482579959,1.577444619584254,1.1969271692520016,0.9687007906857695,1.020337073930256,1.095609248276063,1.3287995709684033,1.1924658582443228,1.174449508368077,0.8756625539547807,1.082950342292096,0.9718501117809158,1.0110738116012117,0.8016900820770025,1.0,1.000075054506649,0.8234113875573603,0.7737817156534086,0.8891604813366902,0.7779268885127079,1.13189236424584,1.0145775969982282,1.1150384530186328,0.6902500669495697,1.0992675170208313,1.0508150838020773,1.210576335276599,0.8066291211674713,0.8208916052641736,0.9565639013789957,1.0698712567054756,0.7163779041213842,1.2617532100550546,0.6542761630661795,0.9153850360788113,0.6554844791513652,0.8824318937829487,0.8963613827278388,0.9151268328400188
2022-10-31,1.119476627511261,0.7752141080584123,0.8966606348160773,1.0730165497611899,0.8030049068311303,1.0,0.975383252116739,0.9602848575498536,1.1983443421389732,0.6408318881730022,1.0002727789619337,0.89647238573659,0.6277213310726923,1.0919554822962725,0.6937679033937167,0.7634060402044498,0.7018554407912396,0.8445984283061738,0.7659106451402806,0.9981996699469745,1.2685227900081317,0.9767527054275108,1.2957664729385696,1.179227851435894,0.9594426996520129,1.2720226998042072,1.57078294370772,1.4387304609837859,0.9741043861636289,1.0,0.9944214724062328,0.8637997817516634,1.062006304772206,0.96014438138923,0.7467763498824644,1.4015768459768005,1.1579033976727964,1.2664683231158036,0.9287432192547311,1.206047944029231,0.9981758512600091,0.9195480357381731,0.837740806181292,0.7438449991547951,0.6711652229525616,0.9325777457359244,0.7446098647418882,0.8068046358634973,1.0650539783719213,1.1271132824444865,1.179305309718968,0.679744327617768,1.0052521644936914,0.9989534946738883,1.2656541163077792,1.1042321939934163,0.8352440353324908,1.4702328429566385,1.5960966019152265,0.6316769472928125,0.7636873633022855,1.1134004014055965,0.6143242699213103,0.5366865635751152,0.5824907881813963,1.1279547094336084,1.2827386344784404,1.1146025863519082,1.116389900745355,0.9639727874680144,0.6611233474358125,1.0056442668846515,1.15391953877752,0.9281335881033661,0.841110499618568,1.0865023154092346,0.9721111970551181,0.6964471373263406,1.0036045885301141,0.9918576166436179,1.0981238962433528,1.3385467840466694,1.0799088586709977,1.0,1.1629479074914264,1.0,1.0705432755226876,0.961125176726711,1.0508892505586311,0.8115771282867055,1.0202057701673315,1.1525195931172516,1.1286949703286222,0.4226270563764757,1.0343085760516464,0.9373012774406303,0.808292618678191,0.9022949112309536,1.1215197906433365,0.4041152955830516,1.0906533440954878,0.7021327612427226,1.1079547470143758,1.0029636481181576,1.164467556987093,0.937585201888416,1.0299933373255314,1.0,1.0000433510673359,0.8702546650437926,1.2639663904392455,1.0,0.9623415614628756,1.366408617701391,1.3175086397876536,0.9504279621728536,0.6894853396408365,0.7625314429509178,0.61479872127688,0.8151362352857648,1.2962924591690865,1.0501511315594794,1.0617043302371834,1.3642072745974139,1.5806842720574497,1.1869457321995498,1.0409923318373,1.0289896312002489,1.1208587012831448,1.3296392132888424,1.187332730688778,1.183974259983651,0.8756224680917354,1.0961796524594336,0.9888819954315248,1.0130412984961537,0.7985915916776256,1.0,1.00020047963623,0.8498689918673208,0.7698011093075239,0.8989114557959905,0.8168989568717228,1.1183932722067558,1.0191289894107471,1.1084058803810917,0.6897160676992378,1.1305699838464647,1.0581175004977832,1.2581677822040827,0.832470324186723,0.8847901925347893,0.9775322955849177,1.1160716805191278,0.7116237978430542,1.2730903242429044,0.650488789595782,0.9128848379171444,0.6582989892586657,0.8860773102925331,0.89652318112224,0.9147429676293607
2022-11-30,1.1002786182871094,0.7640998525050304,0.8793380645897998,1.0281784623424697,0.7223817825592697,1.0,0.9899725062019538,0.9674380394202695,1.1860740995602583,0.640931909550712,0.9536464507565982,0.863608613530291,0.6249241974217958,1.0724974822163507,0.6857512130960602,0.7624663471866151,0.6901788349948366,0.8120549714936743,0.7879505064976547,0.9999414275594827,1.239477928874412,0.979714816441577,1.2182904094489888,1.1022004831567422,0.9593884347918096,1.321359766151155,1.5689394971040556,1.1974301648227839,0.9735895910946062,1.0,0.9180620983668979,0.867422382933109,1.0456559396097147,0.9637424516385821,0.7385764707954189,1.348910459949353,1.1448136867810543,1.2614321893902598,0.9252253032082387,1.0770354548785435,0.9977461982855884,0.9004497815623643,0.7764887964121716,0.743293634893086,0.6690812688328163,0.7809861693045216,0.7363820336723528,0.770084531207718,1.0511417193638313,1.150623743253112,1.1003411074536416,0.6132474117331743,1.0095047469093572,0.9805124323337723,1.2699326016162207,1.0173894751800268,0.7844031855207579,1.2293691971799852,1.5930271533738687,0.5839174018395967,0.7632797947221086,1.1059383077328018,0.6105717156628548,0.538777371678014,0.5831109319980567,1.0387422137445734,1.167445697502597,1.0651589320728507,1.0540161562567014,0.9911601139063946,0.6556691550999828,0.9900709698912603,1.1418223047935712,0.8943768663506111,0.8104943999602456,1.0283358086311982,0.972422165014589,0.6965947964411412,1.0057250126885589,0.9684934721317213,1.080091334031384,1.286156501818512,1.0091812723239753,1.0,1.1063448538635297,1.0,1.0777647935672414,0.9574249788178181,0.9955672286356162,0.8236794458610701,1.0048283986718585,1.105043594142855,1.1209389795682971,0.4205548108090875,0.9067023458537217,0.9083293541761078,0.759699996969939,0.9969714880742993,1.0641287061045093,0.40632804663444144,1.095125576828353,0.6720678498704282,1.1100517396881102,1.0305923072269918,1.1365122341641656,0.9362810788408952,1.0259005514429405,1.0,0.9492552254134337,0.71459305911261,1.220338458405049,1.0,0.9683139808121561,1.3558199597898792,1.329678697844063,0.9016412831284155,0.6439642810560879,0.762505198988189,0.6141962982338276,0.7788033307543023,1.2951221274027291,1.010304958957943,0.9827521731685861,1.3408726796328123,1.5783761885414194,1.0649055218122747,1.03057644953369,1.0043127911638687,1.1387778075817452,1.2975046505257302,1.1386794850980475,1.179219075160121,0.8756489880933006,1.0930385628530512,0.9969476248968452,1.0141872523060897,0.7924920988062131,1.0,0.9192244302165822,0.7896718744495478,0.7686627390466064,0.975853251609714,0.8007404762140328,1.1047869319829258,0.9469855692118181,1.0112001714850671,0.6858492838588763,1.0509027558145616,1.066272952056649,1.3014326912694898,0.8372272394839808,0.8784654182343218,0.9720237651964776,1.069368553850173,0.7171754914478035,1.2169195084267193,0.6265793395421917,0.8527379949430881,0.6513141458787834,0.8662500315108048,0.8959550632673604,0.8946918800092896
2022-12-30,1.0741179126295248,0.7678710627865978,0.8869493619048888,1.0151276384485475,0.698600689888558,1.0,1.0219316294927256,0.9661540485701167,1.1740396639029822,0.6534482076054917,0.9399146361681041,0.8679302819892197,0.6267218283476568,1.0621625522230276,0.6860537302445222,0.7866645552045263,0.7249115184660964,0.8097849492615693,0.795043100118833,1.0138198212236282,1.1503659413104232,0.9834575728416557,1.232234617972453,1.102053584998923,0.9608821608129168,1.3389806274805074,1.5664124414580807,1.1510896820732182,0.972267437590331,1.0,0.9445197901214818,0.8552844116814617,1.020282519144719,0.9629743773024086,0.7528609163030953,1.3149638988151555,1.146668448949488,1.264993675570755,0.923180534899172,1.0486860664750979,0.9977123776252237,0.8569867648578345,0.769489173739313,0.7435998817900367,0.6689170517978276,0.8168430688635906,0.7405491943323876,0.750951532893426,1.0411149983377084,1.0697776121615399,1.034341539833024,0.606300358515804,0.9695612520270653,0.9467457427111748,1.1267473424794012,1.0155692861171062,0.7626081026712614,1.1959024757002612,1.5770945405042736,0.5827446407114031,0.7634308065220188,1.0952000951954826,0.620246922190292,0.5679502220039,0.5873338534995216,1.0237154356034615,1.0749613257646427,1.0489945163192058,1.1917826061649768,0.9579824427640337,0.6447415768252134,0.9933149133842463,1.140995859556143,0.8840806503448231,0.8032655765398001,1.0267851649093775,1.0276653178153996,0.698169489998693,1.005791028713148,0.9899761412587299,1.0499621170755764,1.2788735619684992,1.017673368448875,1.0,1.0751959645549807,1.0,1.0470051766008976,0.9594656784978981,0.9847540613240299,0.85071551989696,0.9741904606595585,1.1326605297883492,1.1446160645678956,0.41957561822225564,0.8597075343823224,0.907959871211503,0.6752917059927075,1.118856590802777,1.0199496676669773,0.43164391216608056,1.0999939388786395,0.7006263853019686,1.0793770274875936,0.9503786052467604,1.087532033714538,0.9391149225826589,1.0171354130126795,1.0,0.9436897549655445,0.682281042004962,1.1727550504113726,1.0,0.9675419389240786,1.3507267733175488,1.1834075485980555,0.9124892477601301,0.6984817666295066,0.7627092251359524,0.6198989489566865,0.8041975354175037,1.2946679071587726,1.0289559389352805,0.9292363028359772,1.3016700263277725,1.5670701662839388,1.0485608134961968,1.0482875959990825,0.964642058002502,1.105395615195238,1.2683967705566248,1.0786369868094434,1.1472857845262894,0.875629594316937,1.029677824907379,0.9382464172156357,1.010011873519493,0.7930560411515001,1.0,0.9638106218722584,0.8093581456882242,0.7999459146934182,0.9154966677160736,0.8318355180205712,1.09856542315274,0.9602893407880349,0.9782281942725044,0.6868584993776323,0.9902191532903296,1.0432449174274059,1.2451967862508526,0.8564169964911208,0.9693849665962532,0.9874068789095645,1.0794302516765748,0.7377051338478964,1.141904222123722,0.5994473044688062,0.8572901957426787,0.6673300368199945,0.8685517923977706,0.8959441244785582,0.8958340924588203
2023-01-31,1.0295163945497847,0.7465873770745095,0.8619378178844684,1.0268730624272497,0.631346664557321,1.0,0.8897153285211203,0.9041213278720195,1.133148702905414,0.6970045458467629,1.007732743880082,0.8578178969865389,0.6283746624465656,1.1533116485710517,0.6909934776827145,0.8517268134950353,0.651916296813011,0.8090411833721154,0.7316745679359646,1.030284200368453,1.0151600809353374,1.0686426056563143,0.9052860625499936,1.0302752427939759,0.9618823183342385,1.3614275430695995,1.559673768198472,1.0642142148797349,0.9722673386459281,1.0,0.8565452755763274,0.8277872069951479,0.9910420784445902,0.9626175852439022,0.7393021096267824,1.167088625507903,1.1034246822497646,0.8317848218636819,0.9441044104680528,1.0763116273175326,0.9961316932020415,0.784011092129366,0.7505137671339244,0.743993372581841,0.6617628488590709,0.922666916883454,0.7164709442852166,0.7666076626230804,0.9878730480237425,0.9243661625357498,1.015489494630055,0.5690559636754573,0.8543960322251201,0.9268414237164981,1.0426257958510488,0.958848148981264,0.7850299427540146,1.0738812595074592,1.5417277696499765,0.5729376262843267,0.7639744167949585,1.0837826497459266,0.6403924458505366,0.5885391353646117,0.6078355658528478,0.9857380516307033,0.9368220570637183,0.983715726570899,1.1436339273959741,0.9697580082885753,0.6776237196452175,0.9912768603006598,1.1341080188847918,0.8570275677850336,0.749183603499594,0.9147447036175156,1.0245723014413006,0.6975758247057595,1.0059309347430323,0.7329169063558363,1.003862363372741,1.0314279328403297,0.9357947517390224,1.0,1.0155690859151552,1.0,1.0215854534917133,0.9579691035966676,0.8554505778188284,0.7750464236434762,0.9797786509423243,0.6489716966042549,0.9912098630257465,0.4250328316052304,0.8396589264849754,0.9162725618860488,0.6111133682152445,1.113145707256526,0.9637279650639731,0.4138878146728373,1.0540622421137942,0.7637228787350892,0.9731271860431803,0.8872716403258913,1.0412597169687863,0.8971305095139201,0.9966212334201882,1.0,0.9448460205423967,0.7522889038235172,1.181109393398118,1.0,0.9582550700262203,1.1436992862792734,1.1176629271063028,0.8893888553919473,0.5718616275600138,0.7625302082546426,0.6157146253628611,0.8669919029318333,1.2955451902145088,0.7584472873358048,0.9459403413440866,0.7838162838849991,1.2808908838274078,0.9538230468519193,0.9628632369523437,0.8537318668766651,0.6171731204975309,1.2202530670151603,0.9335807280228652,1.1012807102325197,0.8959594193447554,0.9178405563475586,0.8681156371257519,0.9974576862937474,0.7927184804610983,1.0,0.7207132196195849,0.9081321041509858,0.7917153466672944,0.9353024270459795,0.7066039175142846,1.1191704686980537,0.8697069608702106,0.8198763139849665,0.6859326290685315,0.8434590962797262,1.0040227978194192,1.0496665471512565,0.8287372861305269,0.8561358428892254,0.759855541726308,0.8941285141723934,0.8073514355293954,0.9874262579495497,0.575877094418269,0.8266097457075974,0.6906107970604938,0.86106587241619,0.8964475191805413,0.8904791361643275
2023-02-28,0.9744083051047053,0.7379253575810467,0.8568901491026597,1.0114815431968438,0.615594954426038,1.0,0.8728177894608714,0.83103318369306,1.1102937627272524,0.7216121379149033,0.9593964563448552,0.868233507891573,0.6278033360584845,0.9862946026530671,0.684609282808943,0.8219195984921862,0.6288619479773453,0.8257384186534371,0.772753168942703,1.029509463740993,0.7672622526338629,1.0556508692030482,0.8803974501772683,0.9705064554602606,0.9609904609147568,1.3742071496734218,1.5620795930966618,0.9824340597608305,0.9729068332792125,1.0,0.9465720716438248,0.8443920508395463,0.972202193924676,0.9612659404261543,0.7357201976853889,1.119742480440847,1.0773483055060171,0.7862205838946581,0.94476535562049,0.9865922822281761,0.9961900498059801,0.8342297935770225,0.8621094757978827,0.7464685556189871,0.6641126955028096,0.8059356273221051,0.698059683695812,0.6791574014395441,0.979834915411675,0.9604141580811372,0.919996013642044,0.5651931926152596,0.8423495056224451,0.9463656418543606,1.0550742821751615,0.9577835571765886,0.8309566924236529,1.129486879128342,1.517996368819857,0.5797404453239714,0.7687592699839407,1.0744512800935964,0.6284399912272814,0.5680910278823753,0.6015069461923626,1.018608395239546,0.9635561281212279,1.004812134406472,1.1330207894541147,1.0128562980358276,0.6226695155509296,0.9875775121943488,1.1033656598424617,0.8283005438649154,0.7163021133617145,0.8314849398196962,1.003252184283839,0.6977974030559388,1.0060459512499966,0.683869010756444,0.9816361814576781,0.9711454104673634,0.9451598360656948,1.0,1.0825688721613431,1.0,1.1237878632452298,0.9574394467022972,0.7851595960416065,0.6369154587498373,0.9919721927315873,0.7254910367529546,1.0206569677890618,0.43142821451010227,0.8046137087282556,0.9055196079335254,0.5668235873664805,1.076559359561697,0.9955870655095906,0.41744528382497603,1.0593535810766,0.7638377677975627,1.0056129226879411,0.9110351902487566,1.0209827079483627,0.8932558127134993,0.9934952366997671,1.0,0.9718810122151974,0.7289853198238687,1.212204375365104,1.0,0.9709455254554693,1.1266434718037235,1.0819762506625341,0.7939267150126095,0.563756743143023,0.762651220973033,0.6214826709730863,0.8014890639892494,0.9919084809501268,0.7381726632101466,0.8952748447452865,0.7597888735692343,1.244717239494538,0.9622896326561978,0.9819903806906857,0.8480987565376326,0.6526713876432637,1.1143213055885102,0.9495034294806446,1.0816304177806666,0.8958864591195185,0.9303915809699431,0.8840499686817742,0.9995867976457247,0.7926978983663548,1.0,0.6282486310904483,0.8657952890171262,0.7807647477226303,0.8928388823117716,0.7065186648279334,1.031758125976417,0.8615175942637239,0.8977447654455237,0.6876622997105772,0.8920320143516377,1.0187320338574066,1.1305941017474241,0.8296567704641015,0.8878330531225602,0.765700546799854,0.8676369703347413,0.7988784367489922,0.9985491932508093,0.568411532945301,0.8552830593324088,0.6662070857235765,0.8621105590598495,0.8963297777560953,0.8911821300863411
2023-03-31,0.9448136362447368,0.7421133914568157,0.848936672743209,1.0091695331051036,0.6138253782012046,1.0,0.8551683601426228,0.7547573226220103,1.09815693051763,0.6897546619739324,0.9299695034830805,0.8800041249648123,0.6272070776424747,0.9779436260094851,0.6830553997191665,0.8264613380779211,0.6209771149657644,0.8493245164303204,0.8091751625747992,1.020824864020168,0.7139080089182523,1.0730160473418173,0.8625313712618028,0.9148455970896794,0.9602185552074124,1.3509226957547342,1.5629022254962375,0.9671100683309755,0.974560169626353,1.0,0.9201568711070374,0.8728348066513907,0.9822234429234352,0.958863783075128,0.7316252666397274,1.063820993275481,1.0614966128419232,0.7734035122896086,0.9480639557278353,1.0365738831256863,0.9961468597467135,0.8269460866310561,0.8482093175115273,0.8995377283574048,0.6611259462315076,0.7557983110236978,0.6871937425892062,0.6663981401003083,0.9870061972076541,0.964630565166977,0.9003090928724827,0.5686814610166717,0.8272847440147049,0.9543028497280293,1.009789197272069,0.9416534042812383,0.8590360523182353,1.21748522856903,1.4704773369690236,0.5766757216972443,0.7652279106004858,1.073329078855124,0.613863457773347,0.5407930630307214,0.5927993373439451,1.0382079868977874,0.9173532736310698,1.0153980655368184,1.1033046181409938,1.0051626357390133,0.6055400693384153,0.9871876805120648,1.0822204647660412,0.8035429282852503,0.6997456610782169,0.7935522442971259,0.9527560530220914,0.6972870085892726,1.0060153304751605,0.6528449056386303,0.9550761412409545,0.9754028491233386,0.940656511808363,1.0,1.169366445348741,1.0,1.1863752446645925,0.9579714540607404,0.7512107783318009,0.5758497508846778,0.9989144313465685,0.7940305760144417,1.0093036989665132,0.44008410105344864,0.8390463167914145,0.905906626880168,0.4832997939514093,1.074274945991505,1.0570353410858593,0.4134626056973224,0.9959889430727499,0.7661286152504998,1.0307489084062669,0.9359553759343133,1.023388407489415,0.8989206449910787,0.9955957548330056,1.0,1.0148797573234187,0.7475443666020275,1.263957284992077,1.0,0.972265854952154,1.0885845847174702,1.0451856168851883,0.7314378112685699,0.5594849567579756,0.7629077899727572,0.628118488218268,0.7491410973431335,1.0050830960401644,0.7334271470536546,0.861183250920023,0.7354389602688244,0.9801911588521616,0.9397963483896824,0.9715842785739548,0.8627085516913746,0.6627623628484995,1.0378525756374943,0.95714136975168,1.072533422658277,0.8920873268641333,0.943200018025448,0.8965084738540923,1.0012011892138053,0.7934210981978138,1.0,0.6062578229259494,0.887556309821941,0.7649644264936111,0.9993263495269805,0.7064471129648016,1.0061177938126975,0.8602372063798138,0.8836350040666618,0.6902034564462552,0.9155939514842119,1.024224846292157,1.1682171859173398,0.81929764222794,0.8701856023768062,0.741891566792799,0.8665277304105126,0.8209260856444938,1.0249819430030815,0.5624566680597771,0.8895948837369958,0.65355010836127,0.8630457237639052,0.8962640080269243,0.8916147716555678
2023-04-28,0.8775292338068106,0.7290278651461962,0.8210269539096957,0.9956797649848181,0.6133587532224392,1.0,0.8269570693827271,0.7007299009848353,1.0685922608259357,0.7901751478085705,0.958150074816056,0.8719677845069174,0.6292064856639616,1.0314119843587548,0.6851714241833371,0.8597569387311812,0.6239977007715058,0.8469359225078381,0.8062874450185264,1.032007350177789,0.6980178331789986,1.071852252629382,0.83984705089436,0.8875279706435935,0.9630342837290299,1.3317711722165575,1.549196489081127,0.9119303511114871,0.974314761014534,1.0,0.9247529800361699,0.859456473100381,0.9802009784883898,0.9597381273994475,0.7374275367360674,1.0272244680652542,1.0594343777289144,0.747970305617371,0.9493930901737712,1.0299307540448182,0.9961537531414534,0.8000958534818372,0.842648400986968,0.7991115138451113,0.6584084834920235,0.7508264512956208,0.6845173070115516,0.6609066363981526,0.972268918904386,0.965160993649193,0.8739366749638215,0.5640467272105603,0.8142917527497698,0.9348814027763281,1.0222678069094757,0.8829565350156828,0.8778797451303465,1.179639771326257,1.4081491951965728,0.5550690574387361,0.7662550652649717,1.073178910302958,0.6376945736221347,0.5850717592724386,0.6124715384302003,1.004543474958528,0.9116645406648062,1.0056221123305895,1.0547417130764787,1.0067041628331372,0.6089066030758574,0.9873349633712346,1.0710135678438641,0.7860077050402741,0.6656613726446501,0.7716626079021105,0.9293426021679323,0.697601967558509,1.0059849307812143,0.6483946486817982,0.9095155082641284,0.9493647596987763,0.9321521693880214,1.0,1.053017990666768,1.0,1.076979346984009,0.9591833424756762,0.7061336735990689,0.5782192062457256,0.9458648283565809,0.7459888704846374,0.9485049757411057,0.43744361642237284,0.7361833316097146,0.9067412152700247,0.5056564714748719,1.0713644314128585,1.0049883904323966,0.4232344015632805,0.889037442521898,0.8100817066744948,0.9885631900657512,0.8951831751199965,1.007255181601248,0.9009806033647624,0.9909566299621533,1.0,1.0102545553277178,0.7375479819008566,1.2398795231614554,1.0,0.9741782548028886,1.0072045667911849,1.0084509978260097,0.7723731350922158,0.562660718597362,0.7632193046871634,0.6369377228378099,0.7879398584849235,0.915397061272416,0.732223225703297,0.8862154034164049,0.7436063204905922,0.9700135188208965,0.9136507858354532,0.9546352326514929,0.83067877093403,0.6354742066847834,0.9515607714017368,0.921709540883757,0.9774114013615082,0.8913442002921377,0.9241945929949018,0.874435734587931,0.9969836568739799,0.7951571078210249,1.0,0.6110902304485542,0.8769790419401016,0.7763380575218172,0.9363281435020986,0.7064986999082827,0.9463870236783196,0.860918504714221,0.8334930461516745,0.6902709983343137,0.8594741789190116,1.0072585091691748,1.055162877756052,0.8165785250395338,0.8860925127798421,0.7636720969094294,0.8340650658048151,0.8233006676948245,0.9573443262617539,0.5599777608575373,0.8786807393404479,0.6787423768321982,0.8622073608984161,0.8963553971139331,0.8910499589097367
2023-05-31,0.7466733545202455,0.7339527740354059,0.7946812448990569,0.9855465778552303,0.6133883787416115,1.0,0.8090181174432537,0.61283638894324,1.0083724229149391,1.057122197483292,0.9688149045025827,0.8636720032630236,0.6313151855745813,1.0650676138995157,0.6883031330934781,0.9228435429860598,0.6365867149548932,0.8556130717787803,0.7859764285149878,1.0369647531234973,0.6461824810212666,1.112766480684171,0.8352092404249933,0.8500441854339358,0.9657260352392953,1.3001778190788977,1.529338169058994,0.9211389095773342,0.9742264152907044,1.0,0.8441702318263141,0.8304587543698689,0.9757422255626668,0.9547233208824104,0.7472934112427554,0.9953711354981478,1.015884401720033,0.7437991747845807,0.9510039515733708,1.0533149454362536,0.9960950367921847,0.7757088891325788,1.072480595497543,0.8345739442537982,0.6563242626751933,0.8368760530093852,0.6998394980373301,0.6062157064721803,0.9657149530761057,0.9627751859794714,0.8367755665875165,0.5577541463376459,0.7297796571635559,0.9438715478749213,0.9894735768858907,0.8645094807035237,0.8954945051637124,1.171425568223615,1.357557338797947,0.565628608559417,0.7638641032108533,1.0731892076434089,0.669556114468203,0.6379542274734485,0.6418119564211016,0.9825685912332791,0.8706608950558363,1.0018225591758279,1.0317134971550048,1.0124884556133498,0.5861360268391594,0.9864353656057332,1.0003538427447662,0.7479124301704102,0.6373817030410258,0.7605755817214134,0.9081818456167365,0.697504353909447,1.0057708337022795,0.6558797096839639,0.8170716610679597,0.9513857115449198,0.9216570552086579,1.0,0.9911108512841152,1.0,1.025752134484207,0.9601757333739369,0.7052926991470085,0.570158684314944,0.9350975443656709,0.7676001525471251,0.9316348401609351,0.4408769113722236,0.8605754715804057,0.906429743803831,0.702685999389524,1.0294906777666955,0.9818710786694695,0.4302055827930409,0.7721048145861158,0.8431465838461506,0.9748687023546919,0.8726678306017124,0.9986850105606973,0.909544839598022,0.9898221951031743,1.0,1.0065615231473302,0.7218734305602859,1.2200160205487791,1.0,0.9632611915842058,0.8988996693951021,0.9952257984703147,0.8196190272755102,0.5669937550021628,0.7631360471147023,0.6384297612832668,0.8444167405961649,0.7957304700401113,0.7311523061340719,0.8690454161221042,0.7688702048236705,1.0012591260761474,0.8859519054093351,0.9461132404008709,0.82620959395093,0.6552338898614223,0.8682088294903131,0.8973215908656434,0.8436054247947884,0.8959595647188281,0.9147857440478977,0.8555516546920716,0.9931705735352923,0.8130155205771696,1.0,0.6290748130528239,0.8611994237455409,0.7908347582914402,0.9085085425302507,0.7067112986539292,0.9023088515389123,0.8609207098101457,0.785168214293215,0.6901651291160742,0.8076700375361083,0.9958642915168266,0.9681892384171777,0.8101513068043863,0.865904490766179,0.7662158716552138,0.8170805004582227,0.8137870043742585,0.9207125980185724,0.5610632487001381,0.8747205462826815,0.7231297318336067,0.8618587200977768,0.8963833262755115,0.8909372136004531
2023-06-30,0.7890358868871983,0.7199757240448619,0.8478718465829197,0.986818851517713,0.6131609071886028,1.0,0.8348269135449456,0.6609500579319999,1.0480232494207071,0.7970770554337983,1.0158239487707135,0.853189502349868,0.6235054418388606,1.1799918942239844,0.6882713773550861,0.870819548382226,0.6196209064268073,0.8457079334703116,0.8135553499989274,1.031625983827765,0.6433317239115871,1.1159085612855235,0.8671609904415719,0.8755563173835685,0.963348798238554,1.351861345993575,1.5367997664887585,0.9212953138795847,0.9767509567622727,1.0,0.7857668518129312,0.8189618986769983,0.9709919577296655,0.9586470747142536,0.7291265025043177,1.012096823370691,1.0459325104239448,0.7726951124751629,0.9508911547979054,1.0775332754287166,0.9960884120105397,0.8537354633801016,1.150195093532972,0.8736023753505928,0.6583032932919535,0.6866774460011524,0.7318942177682783,0.671170439953011,0.9678209531436053,0.9503741981753101,0.8477945822067798,0.5567933232173735,0.7261941497899906,0.8132591379505499,0.9971094406001858,0.8587054804850418,0.8967203196983462,1.152225329438704,1.4114532788673413,0.5584764672534601,0.7635084370129951,1.0709778837004975,0.6325856021222938,0.5797728771710835,0.6108892972766606,0.9797540015060398,0.8294116065181818,0.9826025912237359,0.9791127023272104,1.0392488125280934,0.5840809418374451,0.9871891259432292,1.0113850235441315,0.761515340452645,0.6485884798633217,0.7527389990398003,0.9878991744417672,0.6978875676040471,1.0055928917697377,0.6365671038411591,0.8904068892866943,0.96432783819895,0.9063535896738077,1.0,1.0792817615049146,1.0,1.0841313727278177,0.9602808758983772,0.6930964005134741,0.5785083977557101,0.9331704082013607,0.6693143668857522,0.9423793111169678,0.44197677561151305,0.7813745665325749,0.911060228903749,0.699875592611141,1.02392163689346,0.9769671620776654,0.4132143008512884,0.7653317046438689,0.7886165195971989,0.9956870092528871,0.9036384333829403,1.0054035011264377,0.9052409055414242,1.005593682964271,1.0,0.9939494346129851,0.6935676506630366,1.3348529528823094,1.0,0.9626649968004081,0.9184858662351235,1.0173550877078001,0.7712695266558203,0.5574619229242606,0.762730914319692,0.6256141596527625,0.7626824490779851,0.9090876549185195,0.7297897128371478,0.8743205641750662,0.713065684948642,0.9339093793086546,0.8486709144833053,0.980627506106693,0.835697471042005,0.6525900921851988,0.8720538778344834,0.8997133264769674,1.0081214334477537,0.8934427721950632,0.9172266309598112,0.8774866691461671,0.9968563828714092,0.805639969993379,1.0,0.5976430691689729,0.9372445720673505,0.7667762479090214,0.9747984687091364,0.7066335196971539,0.8078951754168433,0.8604928782213593,0.7450188938288629,0.6873873215448842,0.840187551070086,1.0085427849748636,1.0354034602302773,0.820611016410884,0.9717369491998841,0.7945611144673922,0.8531557575696618,0.8187969340231965,0.9614049706579926,0.5602500480435597,0.847505596203791,0.6851155359495609,0.8608410971557322,0.8965260896191924,0.890107444848979
2023-07-31,0.8956617891438412,0.715293235033837,0.8393765929475191,0.994113669914412,0.6205674382774419,1.0,0.8482257980581616,0.7046429890400261,1.0852736681474153,0.7463000864335285,1.0142621034401356,0.8532142387419035,0.6228072292650983,1.156738241612346,0.6874620875971138,0.8651426196799944,0.6190589453182815,0.8282450812924005,0.7927179954822132,1.0272666007885194,0.6978677287521402,1.1192021263189478,0.8725875806863558,0.9493683567064155,0.9651441644172903,1.3488830293427583,1.4934940596592348,0.8653947571702725,0.9729697285800116,1.0,0.7838098552975781,0.7690859608348571,0.9693865411021275,0.9592689246012058,0.7314768591238316,1.0191070596431742,1.0783316364687645,0.7820695551073983,0.9507340511530342,1.0265576453243648,0.9960795612518389,0.822470345810318,1.0428077479597098,0.823464216022755,0.6647196958430115,0.7319154648137807,0.8001926857697921,0.7406747650968856,0.981836844591746,0.9284578454957902,0.8483540596380026,0.5618454283051426,0.7361291103385549,0.853926316381837,0.9790804249789611,0.8911936590565939,0.8472494497482003,1.1361158851172863,1.4083653234247415,0.6108338487731474,0.7720417000409463,1.0711645406053212,0.6306056414753843,0.5769812161983472,0.6115284126756824,0.9849068044071108,0.7956049135753046,0.9689660361421311,1.0229741263200378,1.0018059099657304,0.6048484572196446,0.9862617489321406,1.1010817363159169,0.8254560266405132,0.7495327571094592,0.8100489042851371,1.0191528231061409,0.6989513025490227,1.0056937959053627,0.6316229154871534,0.9474276167731601,0.9793572993322839,0.9025993066093856,1.0,1.0383403071678243,1.0,1.0597982985188568,0.9605701095990118,0.7137209973020433,0.5777497534559852,0.9769533902455075,0.6608403588257052,0.9336052119025084,0.43127303139570605,0.7632374047789721,0.9102586892115214,0.6997731028512744,1.0626754223773625,0.9479615729626003,0.41122198701493906,0.7399820723265083,0.7863388103933088,0.9893993719682834,0.90443400807424,0.9931343632841492,0.9010133028179435,0.996515971788727,1.0,0.9665792842706729,0.6967385403523101,1.2640090567376758,1.0,0.9620407552877515,0.9791583749812129,1.0348817708575753,0.7897138407173853,0.5587835863268203,0.7627711706845931,0.6282175628644906,0.777069133483673,0.8831703140150088,0.7316416093345518,0.7889479407672478,0.7027185275112771,0.8670114127080082,0.850399470085649,0.9652416872580775,0.8073881275548793,0.5979027558210253,0.8365487137505895,0.8797328020209686,1.0305158643012537,0.8877905420504685,0.9152076831328528,0.8677766067343596,0.9958498091354261,0.818525905079008,1.0,0.6154551556874848,0.9210213402391627,0.7864031840308788,1.0253077219462037,0.7066445816161196,0.9025655725144263,0.860536406199757,0.7156637243474449,0.6869176637776253,0.808675161487932,1.0044166300076434,1.027285823082328,0.8221485068146971,0.9874482557595589,0.8000281697791183,0.8594529968091312,0.8191828977876698,0.9297020031405869,0.5594906133275972,0.834566942685716,0.6751191086824928,0.8607034963592998,0.8965455046564732,0.8899697050283422
2023-08-31,0.8259499382923009,0.7098333708367983,0.8574980412001645,0.9894131188968073,0.6142114599617585,1.0,0.8267233050827555,0.6728679354444745,1.0805151527697001,0.6761124116545099,0.9876526350132715,0.8718273603967093,0.6228996318279135,1.1352272390043878,0.6843128570474688,0.8453712216684826,0.61659176653659,0.8736042521811934,0.8609912925609866,1.0194783823170863,0.6611921701004371,1.0994592524589109,0.8452341857246672,0.9237525738088449,0.966787889614775,1.3618936931487635,1.461052928007967,0.9200472233856369,0.9751657148668159,1.0,0.889956342039344,0.7901392230357192,0.9704502678469521,0.9573334099541131,0.7277156218351769,1.0122703681814456,1.0548250878192922,0.7499916190036472,0.9497175922081457,1.0040215229133378,0.9961073374925756,0.8229261057944359,0.943028129845008,0.8440245954301613,0.6629120152316197,0.6820311918049419,0.8072332985109539,0.7155795302559319,0.977580068409581,0.9636196366568316,0.8444721132055951,0.5619320388229636,0.8558479044305738,0.7992231528404855,1.0071044058189542,0.9007119365769303,0.8941416852756865,1.1946006454612816,1.3738690301461278,0.5966898544788746,0.7705278854682334,1.0719970014659774,0.612835469767419,0.5408185115524413,0.5953194965811133,1.0095058719873244,0.8597928977260139,1.007860071869432,1.0218509931085877,0.9992438265718341,0.5970943624550942,0.9884394355845294,1.0747707149713293,0.8084143893647993,0.7191450453405279,0.7464977373249555,1.0349724853145639,0.6989953576113874,1.0058806604700872,0.6133640731237089,0.9147436100788994,0.9554254694952854,0.9228286463645954,1.0,1.1010696816316785,1.0,1.1043057896872448,0.9606384927081919,0.6991918977031988,0.5858653565321035,0.9577339999180804,0.6826566800670999,0.9555457656610127,0.4360396194269194,0.8113690044902844,0.9104612566466864,0.8612777250131641,1.0389999031433947,1.0466586008110819,0.4017053239711119,0.9725088157070573,0.7779935649393985,1.0162285469789176,0.9231595210756423,0.9996431220809785,0.8983531795927203,1.0077358247310222,1.0,1.0138438896630249,0.6884903706325566,1.3209694386935942,1.0,0.973587851741856,0.9908842314092049,1.0458247373194904,0.7283777723609164,0.5546334689840442,0.7631432827969906,0.6431760646948221,0.7170505742907125,1.0216357724643215,0.728002870347,0.6501996477177867,0.7129666366830558,0.8960872516109497,0.8809915787012386,0.9797992637110797,0.8541913158409572,0.6371978005059011,0.876684282377177,0.9006453885877087,1.0403396090359267,0.8867862492313173,0.9245341940198324,0.896401953891131,0.9995818037106905,0.8642615039326341,1.0,0.5936284323801755,0.9004243731244508,0.7580616840720835,1.0564481553970881,0.706473965259941,0.8581943308049504,0.8595220666352821,0.7633464213827676,0.6909729537086559,0.8365462195424036,1.0138838379738881,1.1055297130269572,0.8197464295488732,1.1227661142341288,0.8246271771164295,0.8656621554558985,0.8182611545014066,0.9867641299236869,0.5514083469723753,0.8758040350809697,0.6469407479450826,0.8619055932350108,0.8963784953095097,0.8905157407363999
2023-09-29,0.7941684251602866,0.7084674566041231,0.817994849307405,0.9901855486455495,0.6141153155563819,1.0,0.8050428974197814,0.6613354956408097,1.0819489149105275,0.6680354317220041,0.9979182837524054,0.8767748602683809,0.6223018007696698,1.1142107505613752,0.6852180923662905,0.8496411043941279,0.618041537489062,0.8732585624307958,0.9083196519414152,1.0179485442740328,0.6522831514156582,1.0249738257873857,0.8193657653507126,0.912316963254546,0.9663210999055107,1.3707358116171913,1.4127214182385128,0.9194996326487593,0.9761268537619784,1.0,0.9411802600561774,0.7949691608574436,0.9740187009908428,0.9571007862191754,0.7291649355759141,0.9754655062034561,1.0324024162333163,0.7309314084768077,0.9481650990732988,1.0521160896112411,0.9961379689959659,0.8360607762593105,0.7981543643084907,0.8185006683251084,0.6627340794270051,0.674831879679832,0.7768518800163972,0.7700078007209756,0.9831122890974807,0.956292674314778,0.8433743856020129,0.5635049539795638,0.9026456969149481,0.8157687506206246,1.0197580415764032,0.9342477672305287,0.8962869708691967,1.1841596394801899,1.3362910486844193,0.5770806750900357,0.766990559644633,1.0738536199909243,0.607959953197576,0.5338995175635481,0.5920747936911893,0.9994292765051185,0.860480151555827,1.0093139819518233,1.0278771184745756,0.9954783504523246,0.5942752895541765,0.9888240654189625,1.0652535080428067,0.8199207508177705,0.731049447267022,0.7577858848232195,1.0154553331851446,0.7016163994609668,1.0058592755421207,0.6038732097958524,0.9002609472711041,0.9238980499442921,0.9177280437238218,1.0,1.1102219791023198,1.0,1.1292377808323562,0.9609264100746417,0.6701381209431114,0.5756491921146265,0.9314292628648422,0.6265074970726594,0.9857459108859749,0.44879558628352223,0.7884831112405202,0.9136009072621134,0.8843005721921058,1.0625854974903484,1.0591713651656764,0.39980380088408274,1.0764035212801621,0.7738651622220534,1.0143048840428408,0.9120612471357933,1.002567500095551,0.8998512834712197,1.0114886330783872,1.0,1.0095085281698446,0.6903918706490593,1.3131661173973619,1.0,0.9756070025171903,0.9907557307185662,1.0289909640136472,0.7324096428546021,0.5526146106590819,0.7631978238081111,0.6462649091927006,0.704753663900054,1.1642435354420606,0.7276410482821691,0.6697150826456223,0.7367012501099571,0.8746815147633156,0.8799962965615992,0.9881085245955749,0.8527205854652706,0.6313938111879029,0.8332311588704286,0.9128821109904536,1.0691669197052505,0.8854836273178773,0.9225349879855813,0.893958646767643,1.000023014570831,0.8233674445572731,1.0,0.5892381778512384,0.8678724555220805,0.7480123007585334,1.0746715366538093,0.7064084791263021,0.8304239359306274,0.8595915685037738,0.7224421766958595,0.692197032552504,0.8104508253455467,1.0152205233260145,1.1156106959638277,0.8075695308790061,1.0885504355991298,0.8019620763454198,0.8502032561856954,0.8163277069382734,0.9992132390430911,0.5509594841596327,0.8762786068873937,0.6457334494108238,0.8618778879822955,0.89642011174352,0.8903296777397329
2023-10-31,0.7708562472782363,0.6911735808776749,0.7798090645393102,0.9712453808128576,0.6127079944844711,1.0,0.7981236355929616,0.6329959565115926,1.0799190352871415,0.6644299520045099,0.9527376545925145,0.8938730511436138,0.6230066237459002,1.0350008624083635,0.6841525250359454,0.8572808279623073,0.6173996035597751,0.907798748583974,0.9290972246067816,1.0160407706210286,0.6407358581965019,1.0220509505877338,0.7960031183327809,0.8885040967263222,0.9671622661967872,1.3438113943197385,1.4220513358249047,0.8595056736948277,0.9752478318646738,1.0,0.9759622924129866,0.7712907792922507,0.974388445797505,0.9569160598465679,0.73169631020142,0.9652471077706902,1.0668401368719806,0.7225365026647931,0.9484583058642376,1.0092489348499039,0.9961814271104495,0.8425660713706379,0.7803562023136019,0.8529903647432008,0.6667372459048231,0.7578155564639841,0.7541812395095937,0.7571024989616206,0.9707938093183593,0.9600066451974961,0.8245681380069855,0.5676159875633491,0.9467666934690002,0.7612037532681972,1.0169086223487143,0.9263452757589566,0.9074197124807409,1.1826974714560055,1.2798753707795112,0.5668487027889177,0.7794301152035601,1.0720115840399917,0.6124292523247862,0.5388049751503592,0.5935391125167501,1.0119023281803468,0.9191789207676501,1.0180331840349774,1.0462630250287777,0.9524739888271638,0.6287379355375935,0.9885796201285908,1.0092703635242484,0.7912155442207447,0.7068774769435068,0.7268648688094203,0.9755364235948405,0.6989709508635268,1.0034164436748514,0.5984939438979551,0.8631552045341295,0.9400027665848913,0.9714635568306194,1.0,1.0687119301805492,1.0,1.0996488418887322,0.9613430029998876,0.665194593577612,0.5906106930577982,0.9653203738306417,0.6165767168261708,0.9659750309219832,0.46165933234460865,0.7464104390430493,0.9138746190393628,0.9685437925151005,1.0523782752945572,1.0304564230863458,0.397209217840756,1.2051711902126585,0.7915599247355676,1.010096949544097,0.8904475720686127,0.9946725095346337,0.8990303431546561,1.0041201917002402,1.0,1.0303645752395152,0.6451719884009033,1.3388445470041868,1.0,0.9737652070173709,0.9661300149693738,0.9808660499049268,0.7438475411650811,0.5534168293261179,0.7641268165434805,0.6698468417697728,0.713304440065589,1.145075942095165,0.7276013467206566,0.6340234326816241,0.7283862786849247,0.8659898502571309,0.9347258191071328,0.9594745790312585,0.8393911202008494,0.6144714758750904,0.7789767682667093,0.914718476612822,1.0175127897584981,0.8861441225932452,0.920686090889955,0.8885169133549413,0.9983170173029196,0.840697111135083,1.0,0.6025654614261093,0.8221780224678246,0.7573886867747737,1.0072749117704634,0.706371393195093,0.8209592120659903,0.8594714235462166,0.7554521939167915,0.6975272738826652,0.7846594914023605,1.0127190960685997,1.105895898142557,0.7932645286139173,0.9664136944574946,0.7543239011698346,0.8352284525551203,0.8167501196044342,0.9807587139993654,0.5495270475704941,0.9053013718685335,0.6528976124450294,0.862339140748445,0.8963617481147284,0.890688538337682
2023-11-30,0.7387683572397654,0.739255065820559,0.825474040752494,0.9651362953827451,0.6128870871493086,1.0,0.803283915759144,0.6688164880918365,1.068276549570051,0.7181373520769121,0.9909618558174914,0.8830901776321529,0.6242041265754996,1.1496534553507833,0.6866067627162628,0.8611417728833645,0.6193135604967321,0.8627071313743637,0.8754453395778319,1.0235097402008495,0.6367850781221369,1.0229192263189448,0.8209726183234389,0.9202662676248542,0.9709847435250138,1.3080848898290833,1.3671692551641574,0.9413995693095635,0.9736888440938922,1.0,0.9545548577403071,0.7371322130694725,0.9704992161498778,0.956323476279135,0.7408822006574569,0.971331707806026,1.0546699303629201,0.7280068748181145,0.949232896935746,1.0387902365069506,0.9961460812624502,0.820064411727634,0.8189806234206487,0.849163360401178,0.6682477228492532,0.7489566177170377,0.7636931926607519,0.7342816578632576,0.970347280970934,0.9380215673567076,0.8341381487151556,0.5636705686161716,0.9218095599106719,0.7189643001011219,0.9816535893811249,0.9454303463400822,0.8865296345953134,1.147323126664326,1.27988131813333,0.6180608961901435,0.7849655854840046,1.0667788789813923,0.6246981741943372,0.5413848734720643,0.6027143094767918,0.9999326239765751,0.8828586670539966,1.006814950121604,1.0995668541870545,0.9419472182161113,0.6189067368105653,0.9887469453802334,0.995029662446603,0.7732001744290665,0.6858368147113407,0.7511801524840439,0.9967561064170675,0.6983919385545005,1.0025198529482198,0.6167614364368115,0.8239724423479924,0.9764492512699561,0.9494344958953223,1.0,1.043818317810782,1.0,1.1068301798839544,0.960938014708327,0.6948566192396386,0.5938246865648452,0.9628968912698618,0.941270261643195,1.0017394584058479,0.4758013778451502,0.7565976070522586,0.9137427546473181,0.9028025490521449,1.0101933450606597,1.1011499859409797,0.3983874714958521,1.169152564090326,0.805753575755285,0.9867633828272593,0.8687427143562285,0.9782797745439414,0.9004457419403473,1.0014873710319363,1.0,0.9860242351258396,0.6265266015591169,1.2805090761299884,1.0,0.9698706073928859,0.9955094448464321,0.9758141451506404,0.7881565716668647,0.5542231181225741,0.7630406430060834,0.6390121825503277,0.757737314496352,1.2928861997565122,0.7301208616913322,0.6775427035162707,0.8007572569267078,0.9064769651454099,0.9080678911402357,0.9877556748238487,0.8491753264007926,0.6206270596163558,0.8449629135494884,0.8866289616021932,0.9606903208471553,0.8936143047228884,0.9109346510926659,0.8662006236648603,0.9953046155687503,0.8320514828594392,1.0,0.6125148765655528,0.8931971901117082,0.774256798322476,0.9491109599485105,0.7064465823035082,0.8398798470071431,0.85997891792273,0.7416542689525745,0.6955381704697132,0.7294073848330753,0.9971433865545004,1.0143775146334775,0.7961778555318163,0.9549348531654434,0.7475979386776435,0.820128877555405,0.8171191569928569,0.9362480795411421,0.5541649114501623,0.8834846753977081,0.6634383097175203,0.8620740392603022,0.8963805100048546,0.8905808550644017
2023-12-29,0.7132460209224804,0.8222324608985174,0.7734713384854073,0.9501304340556856,0.6111869836690196,1.0,0.7524773665659508,0.6283835695599127,1.0661488709851927,0.7763875789770547,1.0654894367231957,0.8678014019298185,0.6294154481608356,1.2477378632760474,0.6915563710054642,0.8345850917316157,0.6169599109056771,0.8489714194572247,0.8486970551838773,1.0241810313623343,0.6441778473604164,1.0289619943914534,0.788157058047669,0.909264201138218,0.967008956291869,1.241771254234243,1.2522497873949523,0.9322649017883781,0.9732304942085567,1.0,0.8606551989981011,0.7238040354252484,0.9688040530530483,0.9577279689633731,0.7342362842882174,0.9508648137907207,1.0504881946872147,0.7240848423614931,0.9505732005354293,1.02500498822864,0.9961344361496326,0.976907025614618,0.9356987188289075,0.8531804201794628,0.6745574491657256,0.662722657356037,0.8075271181731318,0.8125359190444679,0.9840910853777697,0.9482067099880209,0.8235844148069438,0.5621356619122536,0.8819990286660184,0.5696677379704398,0.9653283097925622,0.9349796529890172,0.8712659764038335,1.1131953036274778,1.223576947861306,0.6107435612751859,0.9295531678979971,1.0667099375856801,0.6170034777037542,0.5493432166355738,0.6076515676983745,0.9785341914956248,0.8363310236705435,0.971133148162431,0.9867644712217603,0.9267633840621942,0.7251825701937056,0.9882262448672249,1.0429178355211228,0.7892527645351708,0.6929352596546967,0.7538884080822,0.9688344934871345,0.6971790092096206,1.0012834324530198,0.6204859805076124,0.7867905238803173,0.9977696253726928,0.9196707602353638,1.0,1.0710565084914145,1.0,1.1072703016534562,0.961860067964443,0.6971757488933421,0.5736254599289141,0.9391522300359545,1.0744771905717077,0.9635851933316739,0.47375965515421625,0.6803344753381851,0.9088822185995467,0.8712789145971646,0.9440323798979108,1.075990188389481,0.394082787407776,1.138348716208031,0.8030299395479142,0.9757935794847802,0.8561688458619043,0.9652766297200572,0.8959721294114553,1.0188581533548682,1.0,0.9737991887029719,0.6229577308532497,1.292169770017597,1.0,0.968304832284784,0.9354517030355967,0.9164826088045288,0.7935569825121241,0.5517372036909685,0.7625315448812798,0.6178796999263139,0.753711989521054,1.2899303134844755,0.7305725087336807,0.9001820587206808,1.0080751443669003,0.9945201022750092,0.8677936682846605,0.9663265188206938,0.8338767058841956,0.6460099870561032,0.8038886699830172,0.8879333493972442,0.872471676685801,0.8954659546920322,0.9054948423475013,0.8441558504606852,0.9913477750411908,0.823445610987616,1.0,0.5879261729638814,0.9470240145221894,0.7993033799971552,0.9976235482632957,0.7064742483054138,0.8856772286642507,0.8598010129704601,0.6677044618976202,0.6917513977349665,0.6555794514149023,0.9860472339055908,0.9922204899660876,0.7922860046851937,0.8565407102612849,0.7115143361137944,0.7976607095171314,0.8167855435681034,0.9310869931710417,0.5576782116163946,0.8717007195907908,0.6577954693463429,0.8610940600099197,0.8964669904687771,0.890103651925738
2024-01-31,0.5913481669995311,0.8356110575269475,0.8173767664869133,0.9220670384444133,0.6138707773905963,1.0,0.7677686418268896,0.608488804104671,1.0156977779961183,0.697963715177643,1.0023061752925155,0.8982851420259719,0.6381517237267527,1.1820633216969023,0.6832027367121158,0.7591604814848227,0.6152741161902613,0.882493807352583,0.9169262068766575,1.0180944623978,0.6138009974094836,1.0146009867130703,0.7861791429210642,0.9260100146175234,0.9667622258752592,1.3401547686726694,1.2626029557394733,1.054333128419109,0.9731984550699995,1.0,1.1399045191577382,0.7551241560925167,0.96711575352404,0.9557392015327936,0.7289902846719389,0.9141852837928818,0.9825174562237147,0.7244437347785162,0.950172681664471,0.950018419818906,0.9962387220292779,1.0196432708705363,0.9820178427887057,0.8912353613115677,0.6659603532098053,0.6056757359141836,0.747495113178164,0.7662250956438708,0.9882618258229938,0.9544490318572186,0.9024745003835002,0.5605643948541894,0.8938560365778837,0.531359664228177,0.990511340810234,0.9712895806775674,0.9396356623876793,1.13949926487621,1.1672075247604359,0.6256170845842226,1.0539502309627435,1.067481647195486,0.6029928941822069,0.5294370968597419,0.5957833886012429,1.0498077886838741,0.9137587874886706,0.9990284276472815,1.0126541182045166,0.9272395132409266,0.6640343903916774,0.9958140948942461,0.8913331013873588,0.7540880305029862,0.6686597463219384,0.6812031646559611,0.9896829353707542,0.6981977834500162,1.0024806144944072,0.6081676672293923,0.7018149805189438,0.9518555783258038,0.9414241606328076,1.0,1.2676600153341422,1.0,1.2324411253391114,0.9603255113355894,0.655557529601142,0.5617293268320348,0.9412572290014969,1.085226602955501,1.0507313023787526,0.44238832495932456,0.6803340072346006,0.9108578824344117,0.8304552299856297,1.0088538439794295,1.2398533113202275,0.3975732801326425,1.18398793672865,0.8052535970655672,1.010523001976447,0.8974621120518338,0.9718384057215,0.8881038555969932,1.0121782193475175,1.0,1.0307324385382668,0.5969455991054717,1.2668769111950382,1.0,0.9975101523806602,0.9660441719300613,0.9406348071974198,0.6763217065873768,0.5509322477146548,0.7628435889426471,0.6347426424849332,0.7294139563718307,1.2889498560627572,0.7254682124662946,0.867704031225256,0.9252605853438041,0.9738289483180917,0.9388468903832361,1.046299003793163,0.8671468083041489,0.6502278924481559,0.9174058210538599,0.8867797903277098,0.7968443161295232,0.8816525397157616,0.9168684674977666,0.8753503025067298,0.9952032129430594,0.8449086088913667,1.0,0.5781694953632077,0.8510779662963315,0.78798740509474,0.9067349482614101,0.706468359882428,0.7965940732128043,0.8591692267271852,0.7595442568610125,0.7081018401934153,0.7172632519705132,1.00442821032858,1.0855421844766167,0.791597717701776,1.032138192808734,0.7617005694153961,0.8151231737855689,0.8104117791302465,0.94953853911596,0.5556066003609534,0.9552109477257872,0.6640171956297614,0.8638552453034012,0.8962682152398768,0.8914402829740916
2024-02-29,0.5522269336947014,0.8382819993461801,0.8345441396046456,0.9262091678900785,0.6133150134853718,1.0,0.7800232236848231,0.5740947377027474,1.0116116530516912,0.7637147944574766,1.0398967523073879,0.8880374255530475,0.6631199422923262,1.2142805750563381,0.6859341894411497,0.8567199919829078,0.615350822218375,0.8642812488153704,0.8911141456950704,1.032215248164111,0.6125501340283361,1.019560868426958,0.8209267329224572,0.8984784828717349,0.9732122113607721,1.315592365391497,1.3811664533075332,1.1703081654343075,0.9732336295139666,1.0,1.1416998184150562,0.7618409940853704,0.9678890968253018,0.9548827594506918,0.7437763859207571,0.9009835747636659,0.9008814527051457,0.738224202443562,0.9506704879905556,1.0199246252888214,0.9962421667615418,0.9817572142809439,0.9289785487839988,0.8879655451215852,0.6604141555300148,0.6124992362371441,0.8054999963582725,0.7523373583894799,0.9779743788564371,0.9357207630802742,1.1308808209677137,0.5590221515604346,0.8596932436323451,0.5207865325841672,0.9819921414836063,0.9260505372305349,0.935322271563016,1.1098704245661586,1.13391912622278,0.6311624079311584,0.9623197353919594,1.0729022197205358,0.6236587702140096,0.5725285026963398,0.6190678371780471,1.0382547848320531,0.9056512686378643,0.9811321480178568,0.9500977512234715,0.9050433429046171,0.6596212562497037,0.9999655353423054,0.8540044669653925,0.7365220067424971,0.6465066979415965,0.7070178175542712,0.9401317350825023,0.7042776439560108,1.0022731237329978,0.6508269466064283,0.6356444278396858,0.9919936876479085,0.9190914085231037,1.0,1.2469439684490382,1.0,1.215257140358132,0.958859415828045,0.6569960125481786,0.5381317709399838,0.9094675252549966,1.046863879834799,1.054367333598549,0.4251150003674906,0.6753316331037647,0.9114556282501776,0.6765972502388884,0.9909501319539429,1.2477408897714621,0.42007291509024813,1.1859121071486745,0.8546636084581917,0.9896513290865964,0.8760567038492634,0.9732039448794298,0.9082345032364392,1.0057109054937359,1.0,1.018973960806782,0.5865006316114643,1.2969914316376574,1.0,0.9891941894832134,0.9651416770237314,0.9236142328830157,0.7288883020789814,0.5514040545790044,0.7625950669844763,0.6223939593344646,0.8102223209072711,1.2820435088844957,0.7431027037206149,0.9742435857280294,1.1210050684505408,1.0068914632149566,0.9324924921735995,1.0402431811218509,0.8399544779861282,0.5949168139453884,0.9034772948974895,0.8790926347110477,0.7002527152146873,0.8802075388869597,0.9107011663668714,0.8570880752151422,0.9916809173468821,0.8438944681380421,1.0,0.5867078773400365,0.906609602792378,0.8511303466988793,0.8653091563552006,0.7067654160853905,0.7650238808360148,0.8595983888951046,0.710623587119395,0.7009623737364328,0.6806452382434021,0.9935448609587473,1.00761389900593,0.7947538798004886,1.0447161761469763,0.800292055274544,0.7854046074270893,0.8111452198788331,0.9160341682161921,0.5541697522053046,0.9369898651135253,0.7256566400216806,0.8623753519567308,0.8963896993160698,0.8907943213142107
2024-03-28,0.6328856580498842,0.8340869579658052,0.8505680390314521,0.9483666655423946,0.6138528108743653,1.0,0.7806534921437076,0.6527567471417964,1.0426647367434947,0.7885986250018397,1.0626915507067949,0.8817574710429962,0.6630284277695602,1.2367074736703945,0.6879805329167863,0.8320649427964499,0.6163883476843263,0.8414008781921883,0.8648704263579129,1.032114667415529,0.6207725202537824,1.0091631372014906,0.8115369959415014,0.9060723622330041,0.9719831904983469,1.3267007235539134,1.352173971290968,1.129244396004926,0.9720886257145462,1.0,1.1629349463272591,0.7469810554890942,0.9658737964307322,0.9583697893350256,0.7407121873910183,0.920267475142595,0.9106218696492019,0.7365355637383393,0.9508074275702064,0.9689009496133898,0.9962991629721428,1.017083863173904,0.8842890662378643,0.7805473645274099,0.6624079910609659,0.619105534767366,0.823008471104355,0.8089825636730474,0.9675729904013857,0.9201421977769185,1.1003605639560852,0.5757489815008705,0.9494708132414638,0.5189138085818135,0.9820257870549689,0.9373609142957877,0.9115677373716692,1.0525597762153907,1.1390397334012055,0.6228547948664238,1.1145962812829826,1.0721106725492349,0.6236774809318647,0.5721602543556437,0.620024176883307,1.0234887960256238,0.9500936551821995,0.9775686842145219,0.9965409150561806,0.9141572658271111,0.6706964926008618,0.9990143992176955,0.9655224527157432,0.7848920812253936,0.6944099696792221,0.7373684120693884,0.9551137986197467,0.707126506608298,1.0036896644823434,0.6353991862484546,0.7204791351746139,0.9670652242203132,0.9258971027727981,1.0,1.213101024438601,1.0,1.1975569228302603,0.9596467593130742,0.6591635114340553,0.5348974056320983,0.9735519228065777,1.0171931894422785,1.0341915315165198,0.4237201520497603,0.7047314084327202,0.9106929674375985,0.5810926400768042,1.0167691668762573,1.2552730902855171,0.4210125518171943,1.1858978273623786,0.8516669779155976,0.9785414053343189,0.8652806045168456,0.9703622250464539,0.9008449401014935,1.0068546661371682,1.0,0.995399773396172,0.5692315938805027,1.2792284738822768,1.0,1.0024109963112469,1.0666047883197574,0.8994204066564496,0.7479563394967279,0.552698690346097,0.7625187874449101,0.6173564197901373,0.8210834829066903,1.2916778496989765,0.7428859165693084,0.9838825933240564,0.9887023694457922,1.0296854448083625,0.9430477263121232,0.9915441840050203,0.8456743914448768,0.5996570863476209,0.897884881099313,0.8777577330928439,0.7280532342479906,0.8823848014101014,0.9070789096643934,0.8445495831698708,0.9901075068044196,0.8210492464311582,1.0,0.5895649297598118,0.914983824934945,0.8316679549598388,0.8586639025343595,0.7069941488490792,0.762721591092465,0.8602729102050487,0.7239778839706916,0.6966697581653709,0.6664550221527645,0.9954010203295518,0.9964265914183038,0.7945690076418999,1.0351230487679668,0.7942912581055155,0.7924352224995529,0.7945930598205504,0.9005553736393722,0.5572865664275418,0.9027839394638678,0.7236598698365823,0.8622125748317025,0.8964584749302349,0.8905113477591877
2024-04-30,0.5918763741734308,0.8156495566906918,0.8397141241454584,0.9424129958208431,0.6161749783688191,1.0,0.7554993668355389,0.6311649583313899,1.0091497894522035,0.7068531558108762,1.0446138867066963,0.888196644095874,0.8214194326127109,1.2063697007141359,0.6850911845678772,0.8045435666881527,0.6169857634190763,0.8498759883760796,0.8662045142992856,1.020594975622421,0.6179648163573526,1.0016899005371689,0.7882849510928677,0.8827618587271595,0.9667806169565996,1.3439004069154912,1.2822751715124179,1.111159444123432,0.9723039935068233,1.0,1.122939245195803,0.7358429446220316,0.9639417228127938,0.9581520167949483,0.7404112503933584,0.8893495783089201,0.8074717914134565,0.7273083561660614,0.9502031299611842,0.9094291672492004,0.9966874644420464,0.9901805726919028,0.8882387532628517,0.8190976688239053,0.666742146450829,0.6265128144333665,0.8203610293514874,0.79323128077241,0.9662909249428739,0.9196625076959655,1.0832182045716592,0.5821568889396214,0.9594460234716738,0.5335707755662182,0.9860743919633828,0.8727623900494795,0.9168727434563376,1.0669095905895973,1.1228613917559882,0.6081866433130023,1.1061295787896908,1.0742013312587013,0.6094373904329727,0.5436942824718111,0.6019030323329306,1.015414530714115,0.9473291872908742,0.9739700993336202,1.0052102463553911,0.9270537705624955,0.7146411654200002,1.0007585762650753,0.9475342964063622,0.7773286263616732,0.6774282794605206,0.7112318003300375,0.9497422427168573,0.7072432010131321,1.0030630644032326,0.6204840699978321,0.6921740769119167,0.9281259600206011,0.9192723266606316,1.0,1.1799770540690817,1.0,1.1854662335923913,0.9602926547490587,0.6531709429951009,0.5481780307997548,0.9773303786056385,1.0292074851593247,0.9678859947490276,0.4269728212698497,0.840548528390789,0.911547599121274,0.5530866677981284,0.9828527350199244,1.2333826577443088,0.4115484533282868,1.2028141968641404,0.8216306822907614,0.9748482133024668,0.8486648090642475,0.9612022331436978,0.8980877231413513,1.0103668299090272,1.0,0.9986788693998263,0.5725057838666541,1.3008945444678452,1.0,1.0073075897956338,1.072325669873393,0.9027524386932755,0.7423602732230259,0.5520992360202417,0.7624960001288335,0.6154684821540815,0.7803519109315402,1.29236923392053,0.7364280133364569,0.8778853575054166,0.9298054036626765,0.9495515603125708,0.9254245067264965,0.9637808257754674,0.8272686368019067,0.577792591989775,0.8382391310678974,0.8757453817564285,0.6970258562473508,0.8828586373239885,0.902801689052517,0.832790318709332,0.9877077314601652,0.8174643245402379,1.0,0.5893709027492511,0.9211969306859578,0.8145734619324031,0.8636098387657076,0.7068425919623483,0.7358263123681015,0.8598533228662218,0.7079665243515817,0.6968971857654525,0.6360153613645966,0.9931284834298545,0.9969151533225107,0.7919766648183577,1.0076831421578738,0.76651424750364,0.7822772056816552,0.7640547134786972,0.9005008713595608,0.552871631287771,0.9124998379294513,0.6878085724370742,0.8616868893669494,0.896481948878579,0.8904602094518574
2024-05-31,0.6889598452390467,0.9263022375400766,0.8483190689701278,1.0070512934154154,0.6676384904632753,1.0,0.7574557236989723,0.7035915017117452,1.045949562448349,0.6506506660149189,1.0582272147107934,0.8844814628956934,1.2055132032433264,1.2130700298437456,0.6858796706751566,0.7529172033275469,0.6154991318569933,0.8562227307527388,0.8990187121162452,1.0096312048660137,0.6513169633568767,1.01654659253133,0.7762722685489527,0.8813855222873548,0.9636368577204047,1.351103794459129,1.1974619588069744,1.0098114823993698,0.9730101935173838,1.0,1.1116522695449513,0.7212390098724021,0.9676391703273087,0.961697243596541,0.7288940632121598,0.8848734655996409,0.8001794183211904,0.7258119530830076,0.9507207736910431,0.8733095051848435,0.99664383181133,1.0151448310376427,0.8661317974431334,0.7893759568945764,0.6704142602610983,0.6004850713089036,0.7921297704405407,0.8199117916378639,0.9580642233893747,0.9477452724122021,1.0965103429218888,0.5938366285038005,0.9978598711164439,0.5540891942139916,1.000080566020994,0.8724859951325507,0.7877052970590142,1.1041149585293992,1.1716478587736412,0.5979044027874857,1.126105986993207,1.0741189112048117,0.595724614359038,0.5180225029130159,0.5921945427329687,1.0165617951978383,0.9743804867746939,0.9816398778554373,0.9717569719039205,0.9335506427848562,0.6944673341711312,1.007766996815423,1.0028985415175724,0.7961207545650713,0.712253712564789,0.7930310845754298,0.9584009594398039,0.7125718972911511,1.0040712880200302,0.6274941230733369,0.8325530440854317,0.8975203845370159,0.9297658249062446,1.0,1.1572903763681752,1.0,1.1750906799350007,0.9596941927849623,0.6452314676387865,0.602748370993385,1.0400595138294175,0.9434600840620541,0.9526055647887619,0.42758117373107085,1.114737728572571,0.9118013716853396,0.4708689629830176,0.9852983717946436,1.2402195523849435,0.40618251145153217,1.2032785947648774,0.7880523523209594,0.9825631496573453,0.846234063546607,0.970264601674171,0.8972521325348906,1.0171657505638776,1.0,1.024106656033407,0.5604514726919554,1.3615235778655712,1.0,1.0249960917268046,1.0836768879910779,0.9246130614093482,0.7439766116502716,0.5513887673451034,0.7624836724359983,0.6141380596607924,0.7347002072974125,1.2994112688888504,0.7371366754560023,1.1088067368398462,1.0498628865548485,1.0216914826438783,0.9188605875900052,0.9623108882497124,0.856005102590846,0.6059366531632279,0.8530220957029268,0.8787856793697029,0.8351948199332497,0.8881705392576558,0.9047104921565755,0.845652443175137,0.992294884121388,0.7976253660656183,1.0,0.5839089665730792,1.0034302527056218,0.7888152992275232,0.86451160514273,0.7065662306653857,0.7233455431114877,0.8614159905577937,0.7091755459667923,0.6940517212555157,0.6488833109492456,1.0031607944674135,1.0452936636696408,0.805730392090823,1.016406469755642,0.7679353815515728,0.7896772381813962,0.7391614176162904,0.9237600722074114,0.5684173829422379,0.8741253964628295,0.6568668419010538,0.8611443974064449,0.8965571107661112,0.8901131732154466
2024-06-28,0.6521911548441319,0.9002050792881353,0.8046738400603208,1.0018830280439421,0.6400360547351271,1.0,0.7435815991623993,0.6663807090880633,1.0188093352165286,0.6436718432818843,1.0277387971095076,0.8949794264980101,1.2429190860327586,1.1610297992983187,0.6847835780522931,0.7663130743205248,0.6159290275983149,0.8717585021124419,0.8801434847719211,1.0106732278133146,0.6420811436317407,1.0334767446105193,0.7533420705285867,0.9195667347337114,0.9688729943065221,1.3040453396894733,1.196744103797103,1.0390445545988527,0.9717607985162398,1.0,1.1551440858137192,0.737852738597536,0.9670472849260063,0.9610149860978879,0.7328787265465799,0.8865655474094108,0.8005880251719737,0.7210273081417689,0.9495073778747986,0.8694079057987032,0.9968208716141208,1.0184905639757054,0.7553344918719964,0.7615134874681084,0.6643818363675216,0.6026381374416145,0.7514027475121939,0.7731080440756636,0.9583369759373397,0.9405179601915787,1.0853276553986984,0.6018317804587284,0.9875996746528047,0.555547234751002,0.9857258035445131,0.8750484409115911,0.7507975237482187,1.1564950738780484,1.1257870086441613,0.6589004441752782,1.2170415351625299,1.0776923895682755,0.593735704843493,0.518162982524093,0.5911631135460653,1.0373139321886578,0.9915385871639574,0.9947690007280134,1.0340874275189178,0.9123072451929116,0.6831072347069329,1.0119682301536617,0.9961356276973476,0.7954958850075736,0.6988318154572364,0.77373680767799,0.9399002147462825,0.7251743030219682,1.0044007339383558,0.6378469592995382,0.7625714389548537,0.9080518222391973,0.9518254748394497,1.0,1.1345863190542322,1.0,1.1490014334078436,0.9595637492616024,0.6593080333544361,0.5877675245809053,1.0643310093274527,1.0077975458496966,0.9728360506051381,0.43468301879667404,1.1531261156930128,0.9080526038724155,0.4566793982413371,1.028014004549873,1.2771991305002817,0.4046519998305034,1.2119216422663037,0.7789642513695041,0.9696069340696676,0.8172292227817766,0.9588777364046337,0.8962189323069147,1.0059843919042595,1.0,1.041567120671854,0.5682626852831291,1.27754743510852,1.0,1.0600734921727721,1.0903866027963323,0.9361280113096131,0.7405510883238257,0.5511928025496166,0.7624966966731407,0.6152758514848851,0.7203353860286565,1.2987924019000376,0.7392244551128142,1.083269102769258,0.9607692464878083,0.9827187025067368,0.9277206215282869,0.9406649589504221,0.8520860913078876,0.6180709360858497,0.9762066871609655,0.8741725005777259,0.7368930405485691,0.8891584083575532,0.901754574702079,0.8366279001294346,0.9903000460585903,0.8158516393777696,1.0,0.584357012024478,0.9242016250759504,0.7997623689827508,0.858280670231118,0.7065311399137026,0.7545057664040271,0.861260525519344,0.7616952788340262,0.7016530846452962,0.6165208460320544,0.994923749922997,1.031678414414038,0.8024646838269324,1.0308458581240878,0.8393967505248966,0.7771376628433486,0.7539808589456428,0.91517401907268,0.5697341646603422,0.9019190082793539,0.6612867269306373,0.8625091812739816,0.8964711320957884,0.8906223803878334
2024-07-31,0.650967910431851,0.8451982162866583,0.8115542837750851,0.9977503690113805,0.6172372337657083,1.0,0.7296196319837369,0.6340458094669903,0.9841285708410669,0.6432620100852824,1.0260073111127919,0.8977843039383607,1.2770423222971181,1.1565114686477431,0.6840445444114462,0.7510215144953795,0.6150624133863292,0.8651209793821383,0.8987057958900138,1.0097057399095544,0.6387638770457806,1.0490521370086645,0.7420736305874963,0.8111624360284823,0.9651428728302482,1.308544930346209,1.36043344804746,0.9671843590985733,0.9714455607357853,1.0,1.324657678192998,0.722119767603514,0.9666652229283286,0.9603251567886183,0.7267006139722509,0.8797103863503548,0.7468898439774617,0.718396234654472,0.9478923347878464,0.9390772500606541,0.9972940173564857,1.0315980095731954,0.7379834507286691,0.7523826348392703,0.666978739536717,0.5861389412204703,0.7578780186237808,0.7525194271857871,0.956758897997366,0.943263046297603,1.1172859128193247,0.6553784232907223,0.9943376298430846,0.60900401195387,1.0269175792302425,0.868844837848942,0.7365147666512145,1.1447611615315765,1.1491671690647096,0.6041945706579972,1.1897894265837305,1.0742622373550301,0.5883390033110503,0.5065134894469974,0.5892938586802585,1.0305735932153766,1.0150794225039301,0.9991892001341357,0.9692687655086513,0.9242900755814821,0.6372489540859732,1.0124837495624328,1.0619301470564706,0.8038737878770531,0.7051065878698086,0.7650399496500366,0.8400522373996582,0.7006839927805947,1.003425316690703,0.6237036159852405,0.7675257984969452,0.8827925429953485,0.9806019722783782,1.0,1.2118218550820563,1.0,1.1967521556594714,0.9586726763225814,0.6517928586884375,0.6135299507828164,0.9741091857281501,1.04959849683807,1.0200332984851466,0.4531379402449125,1.1778185375026111,0.91191888440813,0.6161306063478598,0.9949205094477213,1.3263091535517235,0.40398433764657016,1.2316345402793216,0.7890933474978045,0.9820881390118237,0.8299465299258266,0.9581000747859211,0.8980240161407097,1.002924973924675,1.0,1.0347859855982178,0.6566095423558209,1.2264765216455655,1.0,1.0398083693574036,1.0503576609343268,0.909442183437775,0.698913821996926,0.550230516473526,0.7625138968520276,0.6165545353690205,0.6842870683070277,1.3000709801574768,0.7347808165474043,1.2118869445138238,1.0040459264760202,1.250663622587342,0.9461555788672276,0.9547185513377476,0.8737459942275924,0.7093799087500459,0.9278562852508299,0.8739161515729685,0.7277502173618229,0.8895998204481503,0.9068866582442301,0.8429894441984875,0.9907983092773619,0.8359565603134246,1.0,0.5714004236179836,0.9018499405970709,0.7866162816089846,0.8570728385233498,0.7064460682923233,0.6675377490557974,0.8600607407466141,0.7503851194015178,0.7058923064165555,0.6011185253828963,0.9984050858594263,1.071083951807501,0.8014887989220124,0.9792777331452235,0.7831397416459698,0.7721399358527068,0.7496087460080212,0.9204622355077959,0.5878327100792066,0.9284979757038947,0.6375572304258963,0.8635601690692722,0.8964118131473702,0.8907785181099379
2024-08-30,0.6408910420036924,0.8611285202536125,0.7540763975547848,0.9955289590756395,0.6156619696191972,1.0,0.7182945239813243,0.624236043601436,0.9909610171568163,0.6433035140443326,1.0339289441601565,0.8971339955902273,1.3401169154613721,1.158815175199674,0.6840009992296896,0.7502790180580989,0.6150763395760057,0.8490987662480259,0.8668825000327345,1.0084962025863635,0.6371143265256529,1.074588031475615,0.7425599422810609,0.8024010044924503,0.9622576684512525,1.252976555277875,1.258534199342897,1.0368219794060465,0.9710999562282713,1.0,1.2540715043212796,0.7159955054378173,0.9662693020419862,0.960090571868927,0.7265510816615937,0.8826210220243778,0.7928286009490199,0.7187363713033048,0.9492050002220634,0.8855471956970805,0.9974336597481206,1.066012806118762,0.739162782099057,0.75323218040425,0.6661831614529575,0.582733111888371,0.7494927178527087,0.7373379624884726,0.9686838945865468,0.9345008122180666,1.137004570096823,0.6108205431047067,0.9747637566179419,0.5780255979675343,1.02944598172451,0.8723635178786426,0.735822241478685,1.1396181955135445,1.15835173123573,0.6638920914950142,1.1759347923897325,1.0754995866445736,0.5864527076614712,0.5181293903813186,0.5893962624595106,1.0361714161014501,1.015667001679927,1.0035061513896566,0.8972815234353745,0.9454980070081979,0.6492820276391733,1.0112986973412061,1.036513349855914,0.8012714468119503,0.7019103647675513,0.755101154150836,0.8767596909293904,0.6988741605794745,1.0026629358075356,0.6176438520216232,0.7558260521043476,0.9020367265662603,0.9391191003570662,1.0,1.241006980562038,1.0,1.2133429878710635,0.9577679464256632,0.6685617086997808,0.5789940412132026,0.9774214312687741,1.0979496558371415,0.9960593974078937,0.4572039816381882,1.1777373206753112,0.9095253404906726,0.7337261369302195,1.0248132030457617,1.3301099364386928,0.3997663044283152,1.1929550455458193,0.7939620652234076,0.9815272939983035,0.8153794381558166,0.9772878810238909,0.8965794674689345,0.997268968859931,1.0,1.0204632771524298,0.6574810363735253,1.4219678871951067,1.0,1.0291791191060693,0.9911376657812825,0.9107630193283114,0.6930985744812039,0.5499379488394285,0.7624968717404448,0.6151652951201632,0.6712868078794947,1.2953340740034487,0.7342954297789238,1.1805157972630687,0.9735838104105087,1.1205263578668443,0.939491779447192,0.9402783491305854,0.8834358961044873,0.7841271664081846,1.045960051507392,0.8694471883719459,0.7123392622206774,0.8871951371318552,0.9070787796428367,0.8241814312042313,0.9872003377780213,0.831460925321525,1.0,0.5694388734361004,0.8735143880235396,0.7979993636861247,0.8570085233553368,0.7064128951443198,0.7186563126344954,0.859772963162367,0.8070779240899021,0.707698263052466,0.5944965550865138,0.9957912939333338,1.0586942038814635,0.7960370576599526,0.9011546033737323,0.7733464226596696,0.7671803034220652,0.7570485100319992,0.8868622946963626,0.5788807340281164,0.93641887062707,0.6292886185648692,0.8641335964858914,0.8964461459147056,0.8910119425213171
2024-09-30,0.643338140041902,0.9075447386366492,0.7621460029093186,0.9960164254470564,0.6206892705926559,1.0,0.7334475153529758,0.6274214782706575,1.0377987366077255,0.6397861400024591,1.0510475177012313,0.8822508348895781,1.3441617051316666,1.1750594076443712,0.6843998027173408,0.7577931235732598,0.6148349960173801,0.8466597017281466,0.8221970961783537,1.0115339684174325,0.6345431233492627,1.111006147666316,0.7472916384007262,0.8414097932789453,0.9619122673685967,1.178569296510804,1.3008934352803132,1.0365039108575373,0.9716448753542193,1.0,1.1577439410122838,0.7116144850744649,0.9656524641999971,0.9615155236023655,0.7264714040126887,0.9038607914163298,0.9501384132392775,0.7200579370608495,0.9493970687234721,0.8726892108298543,0.9976460106842878,1.0720168818567486,0.7240468969641731,0.7576130616688046,0.6686167686355562,0.5817988006173119,0.7796978767312263,0.6775295032617143,0.965945895226667,0.918208340241393,1.1448215796627135,0.5879749973458012,0.9348347103878718,0.5849840968510499,1.019564400099775,0.8779918199837328,0.7366480830031514,1.1470738768199207,1.1550879319698009,0.7016519929109639,1.0892767941193917,1.0730003170039923,0.5863470384995322,0.530902226543756,0.5902182152309188,1.014843761511794,0.9825664346037177,0.9900516893699407,0.8272123040979644,0.9525623533623906,0.6382820268343001,1.009558753413782,1.0334768668836192,0.7905562250268796,0.6922364732501329,0.7545235239980131,0.8914663057343262,0.6988472383517551,1.0029758435481493,0.6227616580821433,0.744520401158775,0.9223324395668204,0.9198327696243013,1.0,1.230565939419607,1.0,1.209485134720941,0.9572572849016389,0.6959116485742507,0.5674253932876122,0.955859720359089,1.1211750318625753,0.9823351441225328,0.4394999444305082,1.157589776315575,0.9085911277861911,0.6737286581086646,1.0001209421983253,1.3676271060794547,0.399295610949739,1.1838208613146037,0.7945761041589711,0.9751282529779955,0.8037636595911098,0.9724291272235304,0.8968019518910879,0.9937881553948941,1.0,1.0125300542126903,0.6821010410300794,1.4074726120702523,1.0,1.011155204653974,0.9978284430435511,0.9266221692784373,0.6981282820810615,0.5499102110554401,0.7624882624101228,0.614453097705675,0.672716905742508,1.2860696123403828,0.7351003504432242,1.1856414046252666,0.9496801077101669,1.0812180363362818,0.9139270493444959,0.930937382257128,0.8867238604009412,0.8392194126690756,1.00353102817642,0.8685175098860564,0.7159582368978398,0.8898656822334051,0.904103456407515,0.824355238797143,0.9845541091827787,0.8773728121402355,1.0,0.5689618293890407,1.0507576832130678,0.7951761375548448,0.8569114548606154,0.7064344057876828,0.7929859820547802,0.8597039457796094,0.7747649122643808,0.7008632889747363,0.590599840304517,0.9916156690987604,1.031499074831694,0.7962178826545845,0.8845063570015955,0.7608530885881302,0.7757823982814374,0.7789555779934341,0.8847403226969767,0.6118277308702562,0.9230390022725221,0.6286288506825298,0.862449709347879,0.8965084043076446,0.8903172952711172
2024-10-31,0.6549423277477286,0.9540947455472059,0.7673452078330113,0.9941918010656362,0.6254965574049565,1.0,0.7268534156353621,0.6325722459307022,1.0254941895368557,0.6477097883835691,1.078544148568385,0.8708463714216147,1.3230323496891057,1.2274173959716397,0.6885605486606239,0.7628113384023949,0.6151277605838785,0.8282667341938827,0.7916588506589004,1.0175245113520364,0.6336485581195859,1.1129651813633672,0.7545351427720449,0.8364757837156064,0.9628655468606628,1.1731645564073852,1.3314319628607367,1.0832423923251127,0.9710013221230103,1.0,1.0599711419332813,0.7177941875238609,0.9666515928879552,0.961251619357909,0.734074129398245,0.9060453306030936,0.828885459809076,0.7211345538537548,0.9513024676632503,0.8380806362593951,0.9972466907822602,1.0343415040358825,0.7293985521551858,0.7537458087175473,0.6659836889014233,0.58430624812671,0.7815168025032856,0.6623443695047295,0.9649347139072895,0.9155760309946018,1.1577028754943692,0.5789720243853843,0.8683466497561947,0.6602604764015712,0.9822416458264993,0.8828656109273328,0.7376061297452565,1.1278007452728218,1.1555231764399876,0.693670457592676,1.1324672099318223,1.0697143216863834,0.5884396239953207,0.5284229915338505,0.5961135466342218,0.9972088497807176,0.935053461405402,0.9702319480560752,0.8279199217227302,0.9495783966602894,0.6182633936254128,1.0072778773421067,1.0285335852913098,0.7961122924680634,0.7051478261458595,0.8080521230687443,0.8913930362102965,0.6984278980791361,1.0009564093269188,0.6441173731776564,0.7191963416291243,0.9651112556908841,0.9017380413621343,1.0,1.228275060758255,1.0,1.2144246588049636,0.9554478131615063,0.713848951726427,0.5549118183225947,0.9304505170550063,1.1469534809097033,0.9862878867348359,0.43306448583637835,1.168400366211214,0.9069469217586499,0.6490874529542192,0.9905977629712874,1.3688871416352895,0.4093909011195478,1.0997406597003572,0.81611606637331,0.9496342415162868,0.7628893070476096,0.9467724361011184,0.9018446295780375,0.9807546706046207,1.0,0.9900003508499581,0.6566977755539094,1.4242460951846403,1.0,1.0187484383312735,0.9173862405111245,0.8683418065716401,0.7532876172659548,1.0,1.0,1.0,0.6940994094141778,1.2687117015945868,0.7382964272449125,1.2284812987598412,0.938449571122679,1.067682241331223,0.88195734827795,0.922384165876023,0.8718801407163128,0.8439518190089997,0.9906991924778276,0.8684685101391687,0.6619141997327987,0.8910163386866309,0.8995248921281045,0.8022921488600563,0.9771726568588023,0.8522356323531444,1.0,0.5711037404588881,1.104004354774053,0.8509251376180759,0.8570565864428537,0.7067112736248276,0.8744699691610397,0.8602787299946976,0.7372328753712369,0.6957679504148775,0.5797137306006093,0.9639755853813295,0.9607313525610943,0.7914228952767268,0.8467901625154243,0.7623232143322743,0.7689648206721786,0.7810280639823438,0.8461696309896924,0.620699475362604,0.9083444825043222,0.6295750083869929,0.8616633127676658,0.896539692069364,0.8900365490728996
2024-11-29,0.686648581584075,0.9551476940866759,0.7186093109383,0.9952052331607384,0.6161562641532266,1.0,0.7183037145416116,0.5906811468995838,1.0045133282358134,0.6404899651077309,1.1106397181335592,0.8706245029741528,1.330613527447979,1.2527098065414792,0.6897876254133064,0.7709801717146252,0.615534935701245,0.8306763444511768,0.7726105951152182,1.0130011323970995,0.6344318719163038,1.1042333354056428,0.7161456850907663,0.8480489116732575,0.9629620890794807,1.1285557259934125,1.1781078607303703,1.0274378397475081,0.9712860327768292,1.0,1.0710854041529787,0.7913188744268307,0.9628014898102606,0.9606795790894664,0.7293185424339745,0.8939245259921073,0.8426965463145114,0.7167571604334145,0.9454093500411154,0.9913214910594254,0.9976956003611718,1.006498555728626,0.7316859625245394,0.7548524649392311,0.6633944270637666,0.5827097378562265,0.7667172613912133,0.6487732883792926,1.0261337857158959,0.9211280315777176,1.1466602050954773,0.573873036159251,0.8380907128013662,0.7585576899254165,0.9696328644787018,0.8811604431553847,0.7365031774365229,1.1126172903098548,1.1934781895757571,0.6408758031907653,1.0807958465440286,1.050177130698712,0.5861327635962275,0.5320690937765009,0.5916083469389593,0.9916853009555865,0.9351266599712157,0.9816117319554454,0.8236118534512422,0.9374741389708237,0.6218555535341821,1.0025427383698835,1.0018527012157523,0.7859792108095665,0.7230178383169736,0.7825815752941674,0.8668110643922812,0.698940330095388,1.0019807700924896,0.6443056431274218,0.767307892731293,0.9325965503187696,0.902089007295627,1.0,1.2335782150214232,1.0,1.2047797496444383,0.9554453855996206,0.7003707436300577,0.591200618811209,0.9778430452533903,1.098422846760311,0.9461084417537282,0.426100856164391,1.1615861822908007,0.9069727062510837,0.6168622644703541,1.0096157319847208,1.3388395854544168,0.40597434607651395,1.213590712652401,0.8000720655578802,0.9434329819692828,0.7384534216851207,0.9574288370342404,0.9015309370991905,0.9877560258536972,1.0,0.9955271932643083,0.6667849001258324,1.451361862402128,1.0,1.0113981283083386,0.7498388617150753,0.8780278583968251,0.728045935194263,1.0,1.0,1.0,0.6783832783209991,1.155819839324873,0.7359416023765835,1.2489396965093882,0.9392771850933518,0.9798559241219845,0.8836339248547391,0.9097060837868637,0.8552380603321423,0.7756742335700949,0.9187496000987044,0.8680965726214429,0.6945393730829572,0.8853615947909497,0.895388801356113,0.8065366669582292,0.9826580759788909,0.8471443203259004,1.0,0.5698220386125118,1.0919803985476653,0.8243556693622517,0.8567815832543153,0.7066560595865106,0.8981455969616834,0.8599753183234415,0.7218308027669997,0.6926736148422219,0.5638935706915258,0.9602362781576669,0.9525418580141849,0.7872379556081708,0.8502335480047436,0.7664649581645491,0.7628422539867799,0.774579831744731,0.8379493018892115,0.5985128350199835,0.8905528443730387,0.6292019866910065,0.8615147639161203,0.8965718651350906,0.8899957998388673
2024-12-31,0.6166746307301518,0.8741069689057459,0.8227326025218323,1.0016051037513263,0.6318604462587133,1.0,0.7329757001520547,0.5901397452375787,0.9966343789479523,0.63839230013035,1.0612122966233943,0.8961652699949992,1.3547273672838254,1.1871602592499975,0.69213913858756,0.8009370423006081,0.6429636705498449,0.8956366832603526,0.7806986313998516,1.016463727673062,0.6231311563028497,1.1175954241428534,0.7673145297877968,0.7851768898042428,0.9628378527564317,1.0868551335121344,1.3923244020457664,1.1508554336786303,0.971176684230281,1.0,1.0461818826364593,0.8232755114533912,0.9643362569442813,0.9556697197100616,0.7355697420040105,0.8901402849350123,0.7623741803094298,0.7211453441468823,0.9491046051813433,0.99577422197206,0.997986416394004,0.9085828611326742,0.7281922395973279,0.756651857578332,0.6618703642809856,0.6588973552793812,0.7533170595218356,0.5931582652111342,1.0154294466853937,0.9190426892720959,1.1438200328176409,0.5726264561923506,0.9234583637834118,0.8929285451247371,0.9686645362027891,0.8788145555003557,0.7334820971884505,1.1623088817645608,1.1985930194902583,0.7454862259753086,0.9554682036036444,1.0261641921285978,0.589652794866911,0.5205986498434172,0.5894411526294727,0.9959778416482608,0.9514430685452497,1.0190640643537963,0.8904150643378153,0.9338514837020618,0.636188375469648,1.0095578226122137,0.9442192125501396,0.7797985858418485,0.7114438467517943,0.8171979505692547,0.8135631330699926,0.6968094957984079,1.0011141197908775,0.6470217616201213,0.711850122569512,0.9115583247892596,0.9120237377663715,1.0,1.1635796762387158,1.0,1.138552872614286,0.9552945212381118,0.7547620719223117,0.588167673216722,1.0289322749748344,1.0479764166452672,0.936334132670629,0.4302367631733265,1.151215099157288,0.9117518937381798,0.7500954340207397,0.9561609430513426,1.3463110909466685,0.429101686298776,1.1790561350294735,0.8097213116252806,0.9516612042739859,0.7598806507299993,0.9720771630547983,0.9308139737535068,0.966581708270394,1.0,1.0491185087649113,0.6179256917685159,1.4515040825332137,1.0,1.0166207523377289,0.9296338856716114,0.9004203203492376,0.9053032018932546,1.0,1.0,1.0,0.7301824855124581,1.2528371709609178,0.7541773961646101,1.1422665948414168,0.7825033495707027,0.8615091375140924,0.890279457678684,0.9083106464084748,0.8860657209437932,0.7596085939201523,1.0899457184718409,0.8681364910315027,0.6959290461894766,0.8859963877191327,0.8953662019885559,0.8078870388266466,0.9824506135156518,0.8708486935671096,1.0,0.683396083602712,1.0676563047217196,0.8162026988012475,0.857238273641592,0.7073655881577805,0.8081894142256387,0.8601177076587578,0.7478916966554319,0.6966132488776489,0.5660182079148606,0.9477768884953847,0.9301712135242202,0.7831149486063472,0.8459225731704165,0.7798959170100959,0.7676035856738368,0.7606704774595924,0.8404183613890869,0.6265149325823951,0.9206684958510596,0.642063262933996,0.8628124893231967,0.8963676634612718,0.8907112745211496
